Tên_mặt_hàng,Ngày,Actual_Giá,Forecasted_Giá
0,2020-01-08,32286.0,78790.125
0,2020-01-08,32202.0,66615.75
0,2020-01-09,32038.0,78945.4765625
0,2020-01-09,32133.0,79091.546875
0,2020-01-10,32035.0,66706.6484375
0,2020-01-10,32131.0,79227.15625
0,2020-01-13,31750.0,66792.4140625
0,2020-01-13,32019.0,79586.3203125
0,2020-01-14,31050.0,67015.796875
0,2020-01-14,31619.0,79694.1171875
0,2020-01-15,31250.0,67078.9921875
0,2020-01-15,31631.0,79795.5546875
0,2020-01-16,31450.0,67136.6640625
0,2020-01-16,31703.0,79891.046875
0,2020-01-17,31819.0,67188.6640625
0,2020-01-17,31550.0,67235.0234375
0,2020-01-20,31200.0,79979.5078125
0,2020-01-20,31700.0,80205.2890625
0,2020-01-21,30900.0,67340.2109375
0,2020-01-21,31400.0,80267.1875
0,2020-01-22,31400.0,67363.8359375
0,2020-01-22,31900.0,80322.578125
0,2020-01-23,31500.0,67381.78125
0,2020-01-23,32000.0,80371.4765625
0,2020-01-24,32500.0,67394.0703125
0,2020-01-24,32000.0,67400.6796875
0,2020-01-27,31000.0,80413.515625
0,2020-01-27,31500.0,80498.2109375
0,2020-01-28,31100.0,67386.3203125
0,2020-01-28,31600.0,80512.5859375
0,2020-01-29,31500.0,67370.0390625
0,2020-01-29,31000.0,67347.9609375
0,2020-01-30,31000.0,80520.015625
0,2020-01-30,30500.0,67319.96875
0,2020-01-31,30400.0,80520.2578125
0,2020-01-31,30900.0,80513.296875
0,2020-02-03,31250.0,67286.1484375
0,2020-02-03,31281.0,80448.4921875
0,2020-02-04,30750.0,67149.25
0,2020-02-04,31282.0,80411.9609375
0,2020-02-05,30550.0,67091.6171875
0,2020-02-05,30719.0,80368.1015625
0,2020-02-06,30450.0,67028.03125
0,2020-02-06,30631.0,80316.578125
0,2020-02-07,30750.0,66958.28125
0,2020-02-07,30886.0,80257.3046875
0,2020-02-10,30650.0,66882.3515625
0,2020-02-10,30797.0,80032.25
0,2020-02-11,30750.0,66617.3828125
0,2020-02-11,30697.0,79941.1796875
0,2020-02-12,30906.0,66516.03125
0,2020-02-12,30650.0,66409.1640625
0,2020-02-13,30550.0,79842.3359375
0,2020-02-13,30706.0,79735.4296875
0,2020-02-14,30950.0,66296.296875
0,2020-02-14,31114.0,79618.3046875
0,2020-02-17,31450.0,66177.1796875
0,2020-02-17,31481.0,79206.6953125
0,2020-02-18,31550.0,65779.7421875
0,2020-02-18,31481.0,79047.8671875
0,2020-02-19,31481.0,65633.7890625
0,2020-02-19,31067.0,65481.20703125
0,2020-02-20,31250.0,78877.2734375
0,2020-02-20,30981.0,78693.5390625
0,2020-02-21,31050.0,65322.24609375
0,2020-02-21,31025.0,78497.0546875
0,2020-02-24,31281.0,65155.72265625
0,2020-02-24,31450.0,64613.11328125
0,2020-02-25,31069.0,77823.015625
0,2020-02-25,31050.0,64415.92578125
0,2020-02-26,31250.0,77569.9296875
0,2020-02-26,31281.0,77299.9375
0,2020-02-27,31550.0,64212.046875
0,2020-02-27,31481.0,77012.421875
0,2020-02-28,31450.0,64000.71875
0,2020-02-28,31419.0,76707.7578125
0,2020-03-02,31250.0,63782.83984375
0,2020-03-02,31367.0,75719.1640625
0,2020-03-03,31450.0,63091.35546875
0,2020-03-03,31567.0,75351.5390625
0,2020-03-04,32133.0,62845.35546875
0,2020-03-04,32567.0,74966.4453125
0,2020-03-05,31450.0,62591.59375
0,2020-03-05,31767.0,74562.3984375
0,2020-03-06,30750.0,62330.59765625
0,2020-03-06,30883.0,74148.921875
0,2020-03-09,30650.0,62059.234375
0,2020-03-09,30714.0,72797.2421875
0,2020-03-10,30714.0,61195.0546875
0,2020-03-10,30450.0,60890.4375
0,2020-03-11,31250.0,72312.9765625
0,2020-03-11,31314.0,71811.875
0,2020-03-12,30950.0,60575.0390625
0,2020-03-12,31383.0,71273.9375
0,2020-03-13,30517.0,60253.79296875
0,2020-03-13,30614.0,70716.2265625
0,2020-03-16,30250.0,59923.6015625
0,2020-03-16,30519.0,68801.9921875
0,2020-03-17,30131.0,58872.7421875
0,2020-03-17,29750.0,58502.73046875
0,2020-03-18,30450.0,68071.4140625
0,2020-03-18,29914.0,67305.4453125
0,2020-03-19,30250.0,58126.27734375
0,2020-03-19,30214.0,66476.75
0,2020-03-20,30014.0,57745.73046875
0,2020-03-20,30250.0,57358.19140625
0,2020-03-23,30467.0,65584.546875
0,2020-03-23,30250.0,56133.0234375
0,2020-03-24,30250.0,62569.94921875
0,2020-03-24,30567.0,61447.90234375
0,2020-03-25,30650.0,55709.59375
0,2020-03-25,30767.0,60261.24609375
0,2020-03-26,30800.0,55283.73046875
0,2020-03-26,30767.0,59034.00390625
0,2020-03-27,30250.0,54851.55859375
0,2020-03-27,30367.0,57739.55078125
0,2020-03-30,29750.0,54411.48046875
0,2020-03-30,29725.0,53432.84765625
0,2020-03-31,29750.0,53050.66796875
0,2020-03-31,29719.0,51826.52734375
0,2020-04-01,29250.0,52563.7109375
0,2020-04-01,29419.0,50096.46484375
0,2020-04-02,28900.0,52059.94140625
0,2020-04-02,29200.0,48565.66015625
0,2020-04-03,30000.0,51542.1015625
0,2020-04-03,29700.0,51013.3203125
0,2020-04-06,29467.0,47444.73046875
0,2020-04-06,29833.0,44036.23046875
0,2020-04-07,29467.0,49353.17578125
0,2020-04-07,29833.0,42633.81640625
0,2020-04-08,29667.0,48795.36328125
0,2020-04-08,30033.0,41107.91796875
0,2020-04-09,29567.0,48262.41796875
0,2020-04-09,30067.0,39418.42578125
0,2020-04-10,29967.0,47750.10546875
0,2020-04-10,29467.0,47296.50390625
0,2020-04-13,29467.0,37643.46875
0,2020-04-13,29933.0,32101.365234375
0,2020-04-14,29467.0,46156.78515625
0,2020-04-14,29933.0,30309.71875
0,2020-04-15,29733.0,45822.53515625
0,2020-04-15,29167.0,45505.16015625
0,2020-04-16,30033.0,28565.8203125
0,2020-04-16,29467.0,45180.94921875
0,2020-04-17,29567.0,26973.8515625
0,2020-04-17,30133.0,25474.0703125
0,2020-04-20,29367.0,44843.4609375
0,2020-04-20,29933.0,21514.91796875
0,2020-04-21,29267.0,43725.08984375
0,2020-04-21,29833.0,20420.447265625
0,2020-04-22,28767.0,43326.79296875
0,2020-04-22,29400.0,19537.50390625
0,2020-04-23,28367.0,42919.109375
0,2020-04-23,29000.0,18928.26171875
0,2020-04-24,28667.0,42490.2578125
0,2020-04-24,29300.0,18948.263671875
0,2020-04-27,29167.0,42046.49609375
0,2020-04-27,29633.0,19212.69921875
0,2020-04-28,29267.0,40654.68359375
0,2020-04-28,29733.0,19653.287109375
0,2020-04-29,29867.0,40176.01953125
0,2020-04-29,30367.0,20080.484375
0,2020-04-30,29967.0,39683.875
0,2020-04-30,30467.0,20455.77734375
0,2020-05-01,30567.0,39186.30078125
0,2020-05-01,30067.0,38689.57421875
0,2020-05-04,30467.0,20789.00390625
0,2020-05-04,30933.0,21553.73828125
0,2020-05-05,30367.0,37190.69921875
0,2020-05-05,30867.0,21747.65625
0,2020-05-06,30567.0,36705.75390625
0,2020-05-06,31067.0,21916.06640625
0,2020-05-07,30567.0,36225.62109375
0,2020-05-07,31067.0,22061.203125
0,2020-05-08,30767.0,35746.63671875
0,2020-05-08,30267.0,35265.61328125
0,2020-05-11,30367.0,22185.2578125
0,2020-05-11,30867.0,22454.802734375
0,2020-05-12,30567.0,33823.83984375
0,2020-05-12,31067.0,22517.921875
0,2020-05-13,30767.0,33345.98828125
0,2020-05-13,30267.0,32878.38671875
0,2020-05-14,30533.0,22570.48828125
0,2020-05-14,29967.0,32417.9140625
0,2020-05-15,30367.0,22614.640625
0,2020-05-15,31033.0,22649.857421875
0,2020-05-18,30367.0,31957.85546875
0,2020-05-18,30867.0,22720.9375
0,2020-05-19,30567.0,30636.5859375
0,2020-05-19,31067.0,22734.869140625
0,2020-05-20,30267.0,30208.0625
0,2020-05-20,30767.0,22745.177734375
0,2020-05-21,29967.0,29785.43359375
0,2020-05-21,30533.0,22752.154296875
0,2020-05-22,30367.0,29367.142578125
0,2020-05-22,31033.0,22756.25
0,2020-05-25,31167.0,28959.58203125
0,2020-05-25,31667.0,22754.76171875
0,2020-05-26,31567.0,27792.58203125
0,2020-05-26,32067.0,22750.41015625
0,2020-05-27,31867.0,27425.609375
0,2020-05-27,31367.0,27066.31640625
0,2020-05-28,30867.0,22744.6171875
0,2020-05-28,31367.0,22737.39453125
0,2020-05-29,30667.0,26726.822265625
0,2020-05-29,31167.0,22728.984375
0,2020-06-01,30667.0,26401.078125
0,2020-06-01,31167.0,22697.736328125
0,2020-06-02,30467.0,25465.06640625
0,2020-06-02,30967.0,22686.01171875
0,2020-06-03,31533.0,25167.51171875
0,2020-06-03,30867.0,24877.078125
0,2020-06-04,31267.0,22673.89453125
0,2020-06-04,31933.0,22661.40625
0,2020-06-05,31167.0,24597.17578125
0,2020-06-05,31867.0,22648.66015625
0,2020-06-08,32567.0,24324.3828125
0,2020-06-08,31867.0,23552.01953125
0,2020-06-09,32700.0,22609.490234375
0,2020-06-09,32067.0,23307.787109375
0,2020-06-10,31667.0,22596.5234375
0,2020-06-10,32267.0,22583.57421875
0,2020-06-11,31167.0,23070.80859375
0,2020-06-11,31767.0,22570.65625
0,2020-06-12,30867.0,22841.20703125
0,2020-06-12,31433.0,22557.876953125
0,2020-06-15,30867.0,22620.08984375
0,2020-06-15,31467.0,22521.341796875
0,2020-06-16,30567.0,22002.84375
0,2020-06-16,31167.0,22509.63671875
0,2020-06-17,30267.0,21812.998046875
0,2020-06-17,30867.0,22498.1953125
0,2020-06-18,30367.0,21631.8125
0,2020-06-18,30967.0,22487.060546875
0,2020-06-19,30067.0,21460.197265625
0,2020-06-19,30667.0,22476.26953125
0,2020-06-22,30167.0,21295.58984375
0,2020-06-22,30767.0,22445.056640625
0,2020-06-23,30967.0,20854.54296875
0,2020-06-23,30367.0,20719.205078125
0,2020-06-24,30367.0,22435.15625
0,2020-06-24,30967.0,22425.619140625
0,2020-06-25,30167.0,20589.939453125
0,2020-06-25,30767.0,22416.427734375
0,2020-06-26,29967.0,20467.9921875
0,2020-06-26,30633.0,22407.615234375
0,2020-06-29,29967.0,20352.203125
0,2020-06-29,30633.0,22384.189453125
0,2020-06-30,31033.0,20042.294921875
0,2020-06-30,30367.0,19952.787109375
0,2020-07-01,30567.0,22377.294921875
0,2020-07-01,31300.0,22370.798828125
0,2020-07-02,30967.0,19868.306640625
0,2020-07-02,31733.0,22364.69921875
0,2020-07-03,31733.0,19788.8828125
0,2020-07-03,30967.0,19714.53125
0,2020-07-06,31767.0,22358.974609375
0,2020-07-06,30967.0,19525.349609375
0,2020-07-07,30567.0,22343.76953125
0,2020-07-07,31333.0,22339.37109375
0,2020-07-08,30867.0,19474.94140625
0,2020-07-08,31633.0,22335.37890625
0,2020-07-09,30867.0,19430.43359375
0,2020-07-09,31633.0,22331.78515625
0,2020-07-10,30967.0,19390.1015625
0,2020-07-10,31667.0,22328.58984375
0,2020-07-13,30967.0,19354.37109375
0,2020-07-13,31667.0,22321.41015625
0,2020-07-14,32067.0,19273.59765625
0,2020-07-14,31467.0,19254.50390625
0,2020-07-15,31167.0,22319.8046875
0,2020-07-15,31767.0,22318.615234375
0,2020-07-16,31367.0,19239.125
0,2020-07-16,31967.0,22317.828125
0,2020-07-17,32033.0,19227.44140625
0,2020-07-17,31467.0,19219.42578125
0,2020-07-20,32567.0,22317.43359375
0,2020-07-20,31967.0,19217.2578125
0,2020-07-21,31467.0,22318.5390625
0,2020-07-21,32133.0,22319.662109375
0,2020-07-22,32067.0,19223.78515625
0,2020-07-22,32633.0,22321.15625
0,2020-07-23,32267.0,19233.90234375
0,2020-07-23,32833.0,22323.0234375
0,2020-07-24,32167.0,19247.64453125
0,2020-07-24,32767.0,22325.251953125
0,2020-07-27,32167.0,19264.96875
0,2020-07-27,32767.0,19340.28125
0,2020-07-28,32567.0,22334.08984375
0,2020-07-28,31967.0,22337.73828125
0,2020-07-29,32367.0,19374.80859375
0,2020-07-29,31767.0,22341.7421875
0,2020-07-30,31967.0,19413.890625
0,2020-07-30,32600.0,19457.115234375
0,2020-07-31,32567.0,22346.076171875
0,2020-07-31,31967.0,22350.7421875
0,2020-08-03,32067.0,19505.9453125
0,2020-08-03,32667.0,22366.716796875
0,2020-08-04,32167.0,19686.4609375
0,2020-08-04,32667.0,22372.677734375
0,2020-08-05,32967.0,19756.8671875
0,2020-08-05,33467.0,22378.943359375
0,2020-08-06,32267.0,19831.79296875
0,2020-08-06,32667.0,22385.51953125
0,2020-08-07,32067.0,19911.8125
0,2020-08-07,32467.0,22392.38671875
0,2020-08-10,32267.0,19996.765625
0,2020-08-10,32667.0,22414.5859375
0,2020-08-11,32167.0,20286.0546875
0,2020-08-11,32567.0,22422.470703125
0,2020-08-12,32067.0,20394.83203125
0,2020-08-12,32467.0,22430.625
0,2020-08-13,32167.0,20508.73046875
0,2020-08-13,32667.0,22439.05859375
0,2020-08-14,32567.0,20629.3125
0,2020-08-14,33067.0,22447.677734375
0,2020-08-17,33067.0,20755.591796875
0,2020-08-17,32567.0,21166.796875
0,2020-08-18,32467.0,22474.7109375
0,2020-08-18,33000.0,22484.169921875
0,2020-08-19,32667.0,21315.37890625
0,2020-08-19,33233.0,22493.775390625
0,2020-08-20,32467.0,21471.212890625
0,2020-08-20,33033.0,22503.48046875
0,2020-08-21,32567.0,21633.376953125
0,2020-08-21,33167.0,22513.30859375
0,2020-08-24,33500.0,21803.623046875
0,2020-08-24,32867.0,22355.783203125
0,2020-08-25,32867.0,22543.423828125
0,2020-08-25,33467.0,22553.654296875
0,2020-08-26,33067.0,22552.55078125
0,2020-08-26,33667.0,22563.900390625
0,2020-08-27,33800.0,22755.203125
0,2020-08-27,33167.0,22965.65234375
0,2020-08-28,33467.0,22574.177734375
0,2020-08-28,32867.0,23181.59765625
0,2020-08-31,33167.0,22584.4453125
0,2020-08-31,33633.0,22614.59375
0,2020-09-01,33167.0,23868.494140625
0,2020-09-01,33667.0,22624.41796875
0,2020-09-03,33367.0,24109.689453125
0,2020-09-03,33900.0,22643.28125
0,2020-09-04,33267.0,24610.84375
0,2020-09-04,33800.0,22652.224609375
0,2020-09-07,33367.0,24870.11328125
0,2020-09-07,33867.0,22676.64453125
0,2020-09-08,33167.0,25699.83203125
0,2020-09-08,33667.0,22683.791015625
0,2020-09-09,32867.0,25991.46484375
0,2020-09-09,33367.0,22690.265625
0,2020-09-10,32767.0,26292.8203125
0,2020-09-10,33233.0,22696.078125
0,2020-09-11,33467.0,26601.4375
0,2020-09-11,32967.0,26917.390625
0,2020-09-14,33267.0,22701.146484375
0,2020-09-14,33800.0,22711.5234375
0,2020-09-15,32467.0,27944.55078125
0,2020-09-15,32967.0,22712.75
0,2020-09-16,32467.0,28303.0859375
0,2020-09-16,32933.0,22712.55859375
0,2020-09-17,32467.0,28669.19921875
0,2020-09-17,32967.0,22710.7421875
0,2020-09-18,32867.0,29044.44140625
0,2020-09-18,32367.0,29422.4296875
0,2020-09-21,31867.0,22707.0390625
0,2020-09-21,32467.0,22682.18359375
0,2020-09-22,31667.0,30590.30078125
0,2020-09-22,32267.0,22668.599609375
0,2020-09-23,32167.0,30991.373046875
0,2020-09-23,31567.0,31399.783203125
0,2020-09-24,32267.0,22652.00390625
0,2020-09-24,31667.0,31815.107421875
0,2020-09-25,31667.0,22632.033203125
0,2020-09-25,32267.0,22607.8515625
0,2020-09-28,31867.0,32232.728515625
0,2020-09-28,32467.0,22506.6640625
0,2020-09-29,31267.0,33505.42578125
0,2020-09-29,31867.0,22462.09375
0,2020-09-30,31067.0,33943.08203125
0,2020-09-30,31667.0,22410.59375
0,2020-10-01,31067.0,34384.50390625
0,2020-10-01,31667.0,22349.390625
0,2020-10-02,30967.0,34828.97265625
0,2020-10-02,31567.0,22276.27734375
0,2020-10-05,31467.0,35273.9375
0,2020-10-05,32067.0,21987.21875
0,2020-10-06,31367.0,36609.00390625
0,2020-10-06,31933.0,21865.287109375
0,2020-10-07,31267.0,37057.65234375
0,2020-10-07,31867.0,21727.826171875
0,2020-10-08,31667.0,37506.5234375
0,2020-10-08,31067.0,37956.515625
0,2020-10-09,31167.0,21574.580078125
0,2020-10-09,31767.0,21401.298828125
0,2020-10-12,31267.0,38406.27734375
0,2020-10-12,31767.0,20746.20703125
0,2020-10-13,30767.0,39753.5703125
0,2020-10-13,31267.0,20471.38671875
0,2020-10-14,30667.0,40186.74609375
0,2020-10-14,31167.0,20162.3828125
0,2020-10-15,31733.0,40606.91015625
0,2020-10-15,31167.0,41022.62109375
0,2020-10-16,31367.0,19823.845703125
0,2020-10-16,31933.0,19453.24609375
0,2020-10-19,31467.0,41429.21484375
0,2020-10-19,32067.0,18811.626953125
0,2020-10-20,32167.0,42587.28125
0,2020-10-20,31567.0,42951.63671875
0,2020-10-21,31867.0,18781.40234375
0,2020-10-21,31267.0,43303.97265625
0,2020-10-22,31067.0,18726.859375
0,2020-10-22,31667.0,18742.52734375
0,2020-10-23,31667.0,43648.6015625
0,2020-10-23,32267.0,19243.8671875
0,2020-10-26,31567.0,43986.22265625
0,2020-10-26,32267.0,21821.623046875
0,2020-10-27,31767.0,44935.82421875
0,2020-10-27,32467.0,22905.140625
0,2020-10-28,32367.0,45228.640625
0,2020-10-28,33067.0,24056.296875
0,2020-10-29,33067.0,45515.51171875
0,2020-10-29,32367.0,45801.64453125
0,2020-10-30,32467.0,25277.2890625
0,2020-10-30,33100.0,26552.26171875
0,2020-11-02,32467.0,46097.8359375
0,2020-11-02,33067.0,30838.37109375
0,2020-11-03,33000.0,47091.59765625
0,2020-11-03,32367.0,47486.97265625
0,2020-11-04,32867.0,32333.54296875
0,2020-11-04,32167.0,47915.11328125
0,2020-11-05,32067.0,33841.25390625
0,2020-11-05,32767.0,35341.7265625
0,2020-11-06,32567.0,48378.66015625
0,2020-11-06,33267.0,36835.93359375
0,2020-11-09,32767.0,48850.87890625
0,2020-11-09,33367.0,41058.07421875
0,2020-11-10,32767.0,50322.609375
0,2020-11-10,33367.0,42330.64453125
0,2020-11-11,33567.0,50798.69140625
0,2020-11-11,32967.0,51264.80859375
0,2020-11-12,33267.0,43488.16796875
0,2020-11-12,33867.0,44564.28125
0,2020-11-13,33467.0,51720.97265625
0,2020-11-13,34067.0,45556.89453125
0,2020-11-16,33967.0,52180.07421875
0,2020-11-16,33367.0,53489.53515625
0,2020-11-17,33867.0,48398.85546875
0,2020-11-17,34500.0,49742.22265625
0,2020-11-18,33267.0,53905.1640625
0,2020-11-18,33900.0,51210.38671875
0,2020-11-19,32867.0,54314.3671875
0,2020-11-19,33567.0,52621.1015625
0,2020-11-20,32567.0,54716.5859375
0,2020-11-20,33167.0,53928.6640625
0,2020-11-23,32467.0,55111.93359375
0,2020-11-23,33067.0,57523.64453125
0,2020-11-24,32267.0,56282.22265625
0,2020-11-24,32867.0,58624.78515625
0,2020-11-25,31767.0,56661.125
0,2020-11-25,32367.0,59678.58984375
0,2020-11-26,31967.0,57032.2890625
0,2020-11-26,32567.0,60683.08984375
0,2020-11-27,32667.0,57393.4140625
0,2020-11-27,33267.0,61651.03515625
0,2020-11-30,32667.0,57746.36328125
0,2020-11-30,33267.0,64292.94921875
0,2020-12-01,33067.0,58761.5390625
0,2020-12-01,32467.0,59088.58203125
0,2020-12-02,32267.0,65111.10546875
0,2020-12-02,32867.0,65896.5546875
0,2020-12-03,31467.0,59408.26171875
0,2020-12-03,32067.0,66627.71875
0,2020-12-04,31567.0,59716.41015625
0,2020-12-04,32167.0,67308.9921875
0,2020-12-07,31367.0,60018.57421875
0,2020-12-07,31967.0,69155.0390625
0,2020-12-08,31867.0,60894.01171875
0,2020-12-08,31267.0,61170.6953125
0,2020-12-09,31167.0,69710.0546875
0,2020-12-09,31767.0,70237.0078125
0,2020-12-10,32367.0,61441.34375
0,2020-12-10,32967.0,70735.78125
0,2020-12-11,32967.0,61705.36328125
0,2020-12-11,32467.0,61962.14453125
0,2020-12-14,32867.0,71209.0859375
0,2020-12-14,32467.0,62692.203125
0,2020-12-15,32467.0,72476.71875
0,2020-12-15,32867.0,72860.4921875
0,2020-12-16,32567.0,62921.98046875
0,2020-12-16,32967.0,73233.3046875
0,2020-12-17,32667.0,63148.74609375
0,2020-12-17,33067.0,73603.6953125
0,2020-12-18,32567.0,63370.26171875
0,2020-12-18,32967.0,73966.1484375
0,2020-12-21,32367.0,63583.2578125
0,2020-12-21,32867.0,74987.3828125
0,2020-12-22,32867.0,64189.67578125
0,2020-12-22,32367.0,64380.05859375
0,2020-12-23,32367.0,75302.375
0,2020-12-23,32867.0,75609.1875
0,2020-12-24,32367.0,64564.87109375
0,2020-12-24,32867.0,75905.21875
0,2020-12-25,32967.0,64743.88671875
0,2020-12-25,32467.0,64915.78125
0,2020-12-28,32967.0,76189.203125
0,2020-12-28,32467.0,65396.703125
0,2020-12-29,32467.0,76972.1796875
0,2020-12-29,32967.0,77215.5546875
0,2020-12-30,32467.0,65545.0703125
0,2020-12-30,32967.0,77446.8515625
0,2020-12-31,32367.0,65687.6328125
0,2020-12-31,32867.0,77670.234375
0,2021-01-01,31542.0,65824.8203125
0,2021-01-01,31793.0,77670.234375
0,2021-01-04,32967.0,65824.8203125
0,2021-01-04,32467.0,66197.984375
0,2021-01-05,32167.0,78272.75
0,2021-01-05,32667.0,78453.9453125
0,2021-01-06,32067.0,66310.296875
0,2021-01-06,32567.0,78626.5703125
0,2021-01-07,32367.0,66417.46875
0,2021-01-07,31867.0,66519.3203125
0,2021-01-08,31567.0,78790.125
0,2021-01-08,32067.0,78945.4765625
0,2021-01-11,31267.0,66615.75
0,2021-01-11,31767.0,79353.546875
0,2021-01-12,31167.0,66872.5859375
0,2021-01-12,31667.0,79473.0546875
0,2021-01-13,30967.0,66947.1328125
0,2021-01-13,31467.0,79586.3203125
0,2021-01-14,31567.0,67015.796875
0,2021-01-14,32067.0,79694.1171875
0,2021-01-15,31467.0,67078.9921875
0,2021-01-15,31967.0,79795.5546875
0,2021-01-18,32267.0,67136.6640625
0,2021-01-18,31767.0,67275.8125
0,2021-01-19,31367.0,80061.4140625
0,2021-01-19,31867.0,80136.7265625
0,2021-01-20,31467.0,67310.8984375
0,2021-01-20,31967.0,80205.2890625
0,2021-01-21,31867.0,67340.2109375
0,2021-01-21,31367.0,67363.8359375
0,2021-01-22,31600.0,80267.1875
0,2021-01-22,31067.0,67381.78125
0,2021-01-25,31367.0,80322.578125
0,2021-01-25,30867.0,80448.6796875
0,2021-01-26,31367.0,67401.6015625
0,2021-01-26,30867.0,80476.921875
0,2021-01-27,31567.0,67396.84375
0,2021-01-27,31067.0,80498.2109375
0,2021-01-28,31567.0,67386.3203125
0,2021-01-28,31067.0,80512.5859375
0,2021-01-29,30867.0,67370.0390625
0,2021-01-29,31367.0,67347.9609375
0,2021-02-01,31177.5,80520.015625
0,2021-02-01,31740.5,80499.1015625
0,2021-02-02,31267.0,67246.4921875
0,2021-02-02,31767.0,80477.5390625
0,2021-02-03,31367.0,67200.8359375
0,2021-02-03,30767.0,67149.25
0,2021-02-04,30967.0,80448.4921875
0,2021-02-04,31567.0,80411.9609375
0,2021-02-05,31067.0,67091.6171875
0,2021-02-05,31767.0,80368.1015625
0,2021-02-08,31067.0,67028.03125
0,2021-02-08,31767.0,80190.375
0,2021-02-09,31267.0,66800.265625
0,2021-02-09,31967.0,80115.4140625
0,2021-02-10,31367.0,66712.0546875
0,2021-02-10,32067.0,80032.25
0,2021-02-11,31867.0,66617.3828125
0,2021-02-11,31167.0,66516.03125
0,2021-02-12,31300.0,79941.1796875
0,2021-02-12,31967.0,79842.3359375
0,2021-02-16,31033.0,66409.1640625
0,2021-02-16,31767.0,79354.2890625
0,2021-02-17,31667.0,65919.3359375
0,2021-02-17,31067.0,65779.7421875
0,2021-02-18,31867.0,79206.6953125
0,2021-02-18,31267.0,65633.7890625
0,2021-02-19,31367.0,79047.8671875
0,2021-02-19,31967.0,78877.2734375
0,2021-02-22,31267.0,65481.20703125
0,2021-02-22,31867.0,78287.109375
0,2021-02-23,31967.0,64983.05859375
0,2021-02-23,32567.0,78063.4609375
0,2021-02-24,32367.0,64802.3203125
0,2021-02-24,32967.0,77823.015625
0,2021-02-25,32367.0,64613.11328125
0,2021-02-25,32967.0,77569.9296875
0,2021-02-26,32467.0,64415.92578125
0,2021-02-26,33067.0,77299.9375
0,2021-03-01,32718.0,64212.046875
0,2021-03-01,33200.0,63558.93359375
0,2021-03-01,33100.0,22543.42578125
0,2021-03-01,33100.0,21026.826171875
0,2021-03-01,32800.0,22482.75
0,2021-03-01,32800.0,20056.890625
0,2021-03-01,32400.0,20272.373046875
0,2021-03-01,32800.0,19884.251953125
0,2021-03-01,32059.5,20616.7265625
0,2021-03-01,32500.0,76391.5703125
0,2021-03-02,32250.0,21020.619140625
0,2021-03-02,32300.0,76064.2421875
0,2021-03-02,32400.0,19882.13671875
0,2021-03-02,32600.0,21011.470703125
0,2021-03-02,32600.0,20054.140625
0,2021-03-02,32700.0,20269.033203125
0,2021-03-02,33000.0,20612.87890625
0,2021-03-02,32900.0,22474.03125
0,2021-03-02,33000.0,63329.82421875
0,2021-03-02,33100.0,21022.24609375
0,2021-03-03,33000.0,22551.189453125
0,2021-03-03,32900.0,22558.5859375
0,2021-03-03,32800.0,21017.650390625
0,2021-03-03,32600.0,63091.35546875
0,2021-03-03,32900.0,20608.97265625
0,2021-03-03,32500.0,22465.037109375
0,2021-03-03,32300.0,20051.37890625
0,2021-03-03,32200.0,21002.26171875
0,2021-03-03,32600.0,19880.02734375
0,2021-03-03,32150.0,20265.755859375
0,2021-03-04,32500.0,75719.1640625
0,2021-03-04,32050.0,20605.048828125
0,2021-03-04,32100.0,75351.5390625
0,2021-03-04,32200.0,19877.92578125
0,2021-03-04,32500.0,20993.01953125
0,2021-03-04,32500.0,20048.60546875
0,2021-03-04,32800.0,20262.46875
0,2021-03-04,32700.0,22455.82421875
0,2021-03-04,32800.0,62845.35546875
0,2021-03-04,32900.0,21013.029296875
0,2021-03-05,32700.0,22565.53125
0,2021-03-05,32600.0,21008.529296875
0,2021-03-05,32800.0,62591.59375
0,2021-03-05,32400.0,22572.130859375
0,2021-03-05,32700.0,20601.1171875
0,2021-03-05,31950.0,22446.400390625
0,2021-03-05,32000.0,74966.4453125
0,2021-03-05,32400.0,19875.822265625
0,2021-03-05,32400.0,20259.115234375
0,2021-03-05,32100.0,20045.83203125
0,2021-03-08,31650.0,20983.75390625
0,2021-03-08,32400.0,73714.3359375
0,2021-03-08,32500.0,19869.5859375
0,2021-03-08,32800.0,20955.673828125
0,2021-03-08,32800.0,20037.484375
0,2021-03-08,33100.0,20248.888671875
0,2021-03-08,32500.0,22417.33203125
0,2021-03-08,33100.0,61778.6015625
0,2021-03-08,33200.0,20994.841796875
0,2021-03-08,32800.0,22589.3984375
0,2021-03-09,33000.0,20589.181640625
0,2021-03-09,33100.0,22407.412109375
0,2021-03-09,33000.0,22594.263671875
0,2021-03-09,32200.0,20990.16015625
0,2021-03-09,32700.0,61490.72265625
0,2021-03-09,32400.0,20585.1171875
0,2021-03-09,32300.0,20946.251953125
0,2021-03-09,31250.0,19867.5
0,2021-03-09,32600.0,73263.7890625
0,2021-03-09,32600.0,20245.46484375
0,2021-03-10,31900.0,20034.736328125
0,2021-03-10,32200.0,72797.2421875
0,2021-03-10,32300.0,19865.43359375
0,2021-03-10,32500.0,20936.828125
0,2021-03-10,32600.0,20032.015625
0,2021-03-10,32600.0,20242.044921875
0,2021-03-10,32900.0,20581.07421875
0,2021-03-10,32800.0,22397.25
0,2021-03-10,32900.0,61195.0546875
0,2021-03-10,33000.0,20985.47265625
0,2021-03-11,32800.0,22598.681640625
0,2021-03-11,32900.0,20980.779296875
0,2021-03-11,32900.0,60890.4375
0,2021-03-11,32800.0,22602.625
0,2021-03-11,32100.0,22386.80859375
0,2021-03-11,32500.0,19863.46484375
0,2021-03-11,32500.0,20238.63671875
0,2021-03-11,31950.0,20577.009765625
0,2021-03-11,32200.0,72312.9765625
0,2021-03-11,32500.0,20927.373046875
0,2021-03-12,32050.0,20029.29296875
0,2021-03-12,32000.0,71811.875
0,2021-03-12,32100.0,19861.494140625
0,2021-03-12,32400.0,20917.453125
0,2021-03-12,32400.0,20026.580078125
0,2021-03-12,32400.0,20235.2109375
0,2021-03-12,32700.0,20572.83984375
0,2021-03-12,33000.0,22375.966796875
0,2021-03-12,32700.0,60575.0390625
0,2021-03-12,32800.0,20976.041015625
0,2021-03-15,32700.0,22606.109375
0,2021-03-15,32600.0,22613.841796875
0,2021-03-15,32600.0,20961.44140625
0,2021-03-15,32733.0,22343.26171875
0,2021-03-15,32000.0,59584.29296875
0,2021-03-15,32300.0,20018.48828125
0,2021-03-15,31800.0,20224.904296875
0,2021-03-15,32300.0,70121.328125
0,2021-03-15,31800.0,20560.3671875
0,2021-03-15,31700.0,20887.45703125
0,2021-03-16,31700.0,19855.6328125
0,2021-03-16,31300.0,69485.4140625
0,2021-03-16,31400.0,19853.7421875
0,2021-03-16,32000.0,20878.201171875
0,2021-03-16,32000.0,20221.498046875
0,2021-03-16,32300.0,20556.216796875
0,2021-03-16,32567.0,22332.03515625
0,2021-03-16,32300.0,59234.79296875
0,2021-03-16,32400.0,20956.5625
0,2021-03-16,32000.0,22615.521484375
0,2021-03-17,32900.0,20015.859375
0,2021-03-17,31800.0,20951.62890625
0,2021-03-17,32967.0,19851.90625
0,2021-03-17,33000.0,58872.7421875
0,2021-03-17,32900.0,22616.728515625
0,2021-03-17,32000.0,22320.439453125
0,2021-03-17,32600.0,68801.9921875
0,2021-03-17,32600.0,20218.1015625
0,2021-03-17,31900.0,20013.27734375
0,2021-03-17,32600.0,20868.927734375
0,2021-03-18,33100.0,20552.109375
0,2021-03-18,33000.0,22617.4921875
0,2021-03-18,33067.0,20946.703125
0,2021-03-18,33000.0,58502.73046875
0,2021-03-18,32700.0,22308.6796875
0,2021-03-18,32700.0,20548.037109375
0,2021-03-18,32600.0,20214.724609375
0,2021-03-18,32100.0,20010.91015625
0,2021-03-18,32000.0,20859.52734375
0,2021-03-18,32100.0,19850.087890625
0,2021-03-19,33200.0,68071.4140625
0,2021-03-19,33100.0,22617.86328125
0,2021-03-19,32567.0,20941.7421875
0,2021-03-19,33100.0,58126.27734375
0,2021-03-19,31600.0,22296.783203125
0,2021-03-19,32800.0,67305.4453125
0,2021-03-19,32700.0,20211.357421875
0,2021-03-19,32200.0,20008.56640625
0,2021-03-19,32100.0,20850.17578125
0,2021-03-19,32800.0,19848.2421875
0,2021-03-22,32900.0,20544.041015625
0,2021-03-22,32800.0,22616.39453125
0,2021-03-22,31567.0,20927.00390625
0,2021-03-22,32800.0,56960.8359375
0,2021-03-22,32500.0,22260.056640625
0,2021-03-22,32500.0,20532.20703125
0,2021-03-22,31900.0,20001.4140625
0,2021-03-22,31800.0,20822.392578125
0,2021-03-22,31567.0,19842.912109375
0,2021-03-22,32500.0,64631.80078125
0,2021-03-23,32800.0,20201.4296875
0,2021-03-23,32700.0,22615.109375
0,2021-03-23,31767.0,20922.1875
0,2021-03-23,32700.0,56551.16015625
0,2021-03-23,32400.0,22247.515625
0,2021-03-23,32400.0,20528.32421875
0,2021-03-23,32400.0,20198.203125
0,2021-03-23,31800.0,19998.984375
0,2021-03-23,31700.0,20813.21875
0,2021-03-23,31767.0,19841.21484375
0,2021-03-24,33200.0,63629.87890625
0,2021-03-24,33100.0,22613.44921875
0,2021-03-24,31467.0,20917.421875
0,2021-03-24,33000.0,56133.0234375
0,2021-03-24,32700.0,22235.033203125
0,2021-03-24,32700.0,20524.4609375
0,2021-03-24,32700.0,20194.98828125
0,2021-03-24,32100.0,19996.580078125
0,2021-03-24,32000.0,20803.96484375
0,2021-03-24,31467.0,19839.546875
0,2021-03-25,33300.0,62569.94921875
0,2021-03-25,33200.0,22611.3828125
0,2021-03-25,31267.0,20912.62890625
0,2021-03-25,33100.0,55709.59375
0,2021-03-25,32800.0,22222.44140625
0,2021-03-25,32800.0,20520.62109375
0,2021-03-25,32700.0,20191.791015625
0,2021-03-25,32200.0,19994.1875
0,2021-03-25,32100.0,20794.453125
0,2021-03-25,31267.0,19837.896484375
0,2021-03-26,32800.0,61447.90234375
0,2021-03-26,32700.0,22608.94140625
0,2021-03-26,31267.0,20907.8515625
0,2021-03-26,32600.0,55283.73046875
0,2021-03-26,32300.0,22209.5390625
0,2021-03-26,32200.0,20516.806640625
0,2021-03-26,32200.0,20188.611328125
0,2021-03-26,31700.0,19991.53125
0,2021-03-26,31600.0,20784.65234375
0,2021-03-26,31267.0,19836.26171875
0,2021-03-29,32600.0,60261.24609375
0,2021-03-29,32500.0,22599.68359375
0,2021-03-29,32767.0,20893.6640625
0,2021-03-29,32700.0,53965.01171875
0,2021-03-29,32400.0,22170.5859375
0,2021-03-29,32400.0,20505.3984375
0,2021-03-29,32300.0,20180.025390625
0,2021-03-29,31600.0,19983.7421875
0,2021-03-29,31500.0,20755.236328125
0,2021-03-29,31767.0,19831.248046875
0,2021-03-30,32800.0,56382.39453125
0,2021-03-30,32700.0,22595.9921875
0,2021-03-30,32367.0,20889.0
0,2021-03-30,32900.0,53514.88671875
0,2021-03-30,32600.0,22157.58203125
0,2021-03-30,32600.0,20501.5859375
0,2021-03-30,32500.0,20177.28125
0,2021-03-30,31800.0,19981.197265625
0,2021-03-30,31700.0,20746.265625
0,2021-03-30,31467.0,19829.58203125
0,2021-03-31,32700.0,54952.52734375
0,2021-03-31,32600.0,22591.986328125
0,2021-03-31,32267.0,20884.390625
0,2021-03-31,32600.0,53050.66796875
0,2021-03-31,32300.0,22144.517578125
0,2021-03-31,32300.0,20497.7578125
0,2021-03-31,32200.0,20174.55859375
0,2021-03-31,31600.0,19978.701171875
0,2021-03-31,31500.0,20737.3984375
0,2021-03-31,31367.0,19827.95703125
0,2021-04-01,32500.0,53432.84765625
0,2021-04-01,32400.0,22587.72265625
0,2021-04-01,32453.0,20879.82421875
0,2021-04-01,32400.0,52563.7109375
0,2021-04-01,31710.0,22131.42578125
0,2021-04-01,32100.0,51826.52734375
0,2021-04-01,32000.0,20171.740234375
0,2021-04-01,31400.0,19976.197265625
0,2021-04-01,31300.0,20728.609375
0,2021-04-01,32100.0,19826.388671875
0,2021-04-02,32500.0,20493.9453125
0,2021-04-02,32400.0,22583.15234375
0,2021-04-02,32067.0,20875.294921875
0,2021-04-02,32400.0,52059.94140625
0,2021-04-02,32100.0,22118.5078125
0,2021-04-02,32100.0,20490.16796875
0,2021-04-02,32100.0,20168.921875
0,2021-04-02,31400.0,19973.68359375
0,2021-04-02,31300.0,20719.875
0,2021-04-02,31167.0,19824.85546875
0,2021-04-05,33000.0,50096.46484375
0,2021-04-05,32900.0,22568.771484375
0,2021-04-05,32167.0,20862.1875
0,2021-04-05,32900.0,50470.296875
0,2021-04-05,32600.0,22079.716796875
0,2021-04-05,32500.0,20478.40625
0,2021-04-05,32600.0,20160.8125
0,2021-04-05,31800.0,19966.3828125
0,2021-04-05,31700.0,20694.390625
0,2021-04-05,31267.0,19820.427734375
0,2021-04-06,32600.0,46419.57421875
0,2021-04-06,32500.0,22563.671875
0,2021-04-06,32167.0,20857.943359375
0,2021-04-06,32500.0,49915.546875
0,2021-04-06,32200.0,22066.77734375
0,2021-04-06,32200.0,20474.556640625
0,2021-04-06,32200.0,20158.34375
0,2021-04-06,31500.0,19964.046875
0,2021-04-06,31400.0,20686.107421875
0,2021-04-06,31267.0,19818.921875
0,2021-04-07,32500.0,45290.91796875
0,2021-04-07,32400.0,22558.38671875
0,2021-04-07,32267.0,20853.771484375
0,2021-04-07,32400.0,49353.17578125
0,2021-04-07,31367.0,22053.84375
0,2021-04-07,32100.0,44036.23046875
0,2021-04-07,32100.0,20155.798828125
0,2021-04-07,31500.0,19961.73046875
0,2021-04-07,31400.0,20677.943359375
0,2021-04-07,32100.0,19817.40234375
0,2021-04-08,32400.0,20470.7578125
0,2021-04-08,32300.0,22552.7421875
0,2021-04-08,32167.0,20849.642578125
0,2021-04-08,32300.0,48795.36328125
0,2021-04-08,32000.0,22040.912109375
0,2021-04-08,32000.0,20467.00390625
0,2021-04-08,32000.0,20153.26953125
0,2021-04-08,31400.0,19959.455078125
0,2021-04-08,31300.0,20669.9453125
0,2021-04-08,31267.0,19815.91015625
0,2021-04-09,32300.0,42633.81640625
0,2021-04-09,32200.0,22546.90625
0,2021-04-09,32567.0,20845.55859375
0,2021-04-09,32200.0,48262.41796875
0,2021-04-09,31667.0,22027.5546875
0,2021-04-09,31900.0,41107.91796875
0,2021-04-09,31800.0,20150.783203125
0,2021-04-09,31200.0,19957.20703125
0,2021-04-09,31100.0,20662.03515625
0,2021-04-09,31900.0,19814.431640625
0,2021-04-12,32400.0,20463.44140625
0,2021-04-12,32300.0,22528.1796875
0,2021-04-12,32467.0,20833.4609375
0,2021-04-12,32000.0,46880.19921875
0,2021-04-12,32300.0,20453.19140625
0,2021-04-12,31900.0,21987.900390625
0,2021-04-12,31567.0,19950.583984375
0,2021-04-12,32000.0,35786.40234375
0,2021-04-12,31400.0,20143.69140625
0,2021-04-12,31300.0,20638.87890625
0,2021-04-13,31667.0,19810.171875
0,2021-04-13,31300.0,33913.91796875
0,2021-04-13,31400.0,19808.8046875
0,2021-04-13,31900.0,20631.025390625
0,2021-04-13,32000.0,19948.404296875
0,2021-04-13,32000.0,20141.40234375
0,2021-04-13,32300.0,20449.869140625
0,2021-04-13,32567.0,21974.90234375
0,2021-04-13,32300.0,46503.359375
0,2021-04-13,32400.0,20829.525390625
0,2021-04-14,32500.0,22521.5859375
0,2021-04-14,32400.0,22514.857421875
0,2021-04-14,32567.0,20825.6484375
0,2021-04-14,32100.0,46156.78515625
0,2021-04-14,32400.0,20446.58984375
0,2021-04-14,32000.0,21962.140625
0,2021-04-14,31400.0,19946.2578125
0,2021-04-14,31300.0,20623.166015625
0,2021-04-14,32100.0,19807.455078125
0,2021-04-14,31667.0,20139.22265625
0,2021-04-15,32000.0,32101.365234375
0,2021-04-15,32067.0,20443.3359375
0,2021-04-15,31200.0,30309.71875
0,2021-04-15,31300.0,19806.029296875
0,2021-04-15,32000.0,20615.29296875
0,2021-04-15,32000.0,19944.078125
0,2021-04-15,32300.0,20137.072265625
0,2021-04-15,32967.0,21949.447265625
0,2021-04-15,32300.0,45822.53515625
0,2021-04-15,32400.0,20821.78125
0,2021-04-16,32700.0,22507.978515625
0,2021-04-16,32867.0,20817.96484375
0,2021-04-16,32800.0,45505.16015625
0,2021-04-16,32400.0,22500.9765625
0,2021-04-16,32700.0,20440.125
0,2021-04-16,31967.0,21936.88671875
0,2021-04-16,31700.0,28565.8203125
0,2021-04-16,32400.0,19804.46875
0,2021-04-16,32400.0,20134.8359375
0,2021-04-16,31800.0,19941.96875
0,2021-04-19,31767.0,20607.43359375
0,2021-04-19,31800.0,24064.4765625
0,2021-04-19,31900.0,19799.90234375
0,2021-04-19,32500.0,20584.47265625
0,2021-04-19,32500.0,19936.5625
0,2021-04-19,32800.0,20128.37109375
0,2021-04-19,32667.0,21900.48828125
0,2021-04-19,32800.0,44487.34765625
0,2021-04-19,32900.0,20807.189453125
0,2021-04-19,32500.0,22479.689453125
0,2021-04-20,32900.0,20430.666015625
0,2021-04-20,33000.0,21888.96875
0,2021-04-20,32900.0,22472.517578125
0,2021-04-20,32767.0,20803.703125
0,2021-04-20,32600.0,44113.98046875
0,2021-04-20,32000.0,20427.609375
0,2021-04-20,31900.0,20576.9921875
0,2021-04-20,31867.0,19798.375
0,2021-04-20,32600.0,22736.189453125
0,2021-04-20,32500.0,20126.26953125
0,2021-04-21,33100.0,19934.830078125
0,2021-04-21,32167.0,22465.13671875
0,2021-04-21,32100.0,21514.91796875
0,2021-04-21,32200.0,19796.88671875
0,2021-04-21,32800.0,20568.970703125
0,2021-04-21,32900.0,19933.125
0,2021-04-21,32800.0,20124.1953125
0,2021-04-21,33100.0,20424.4296875
0,2021-04-21,33067.0,21877.546875
0,2021-04-21,33000.0,43725.08984375
0,2021-04-22,32967.0,20800.328125
0,2021-04-22,33200.0,43326.79296875
0,2021-04-22,33100.0,22457.6484375
0,2021-04-22,33100.0,20797.01953125
0,2021-04-22,32200.0,21866.22265625
0,2021-04-22,32800.0,20560.8515625
0,2021-04-22,32800.0,20122.083984375
0,2021-04-22,32067.0,20421.296875
0,2021-04-22,32100.0,20420.447265625
0,2021-04-22,32600.0,19795.42578125
0,2021-04-23,32067.0,19931.46484375
0,2021-04-23,32100.0,19537.50390625
0,2021-04-23,32200.0,19793.984375
0,2021-04-23,32600.0,20552.923828125
0,2021-04-23,32800.0,19929.8359375
0,2021-04-23,32800.0,20119.8046875
0,2021-04-23,33100.0,20418.37890625
0,2021-04-23,32967.0,21855.509765625
0,2021-04-23,33100.0,42919.109375
0,2021-04-23,33200.0,20793.826171875
0,2021-04-26,33300.0,22450.09765625
0,2021-04-26,33200.0,22427.173828125
0,2021-04-26,33200.0,20784.88671875
0,2021-04-26,32900.0,21824.87890625
0,2021-04-26,33067.0,20410.3359375
0,2021-04-26,32700.0,41592.00390625
0,2021-04-26,32167.0,19924.3828125
0,2021-04-26,32300.0,18991.78125
0,2021-04-26,32200.0,20528.6484375
0,2021-04-26,32900.0,19789.65625
0,2021-04-27,33600.0,20113.22265625
0,2021-04-27,33500.0,22419.484375
0,2021-04-27,33367.0,20782.048828125
0,2021-04-27,33500.0,41129.13671875
0,2021-04-27,33200.0,21815.080078125
0,2021-04-27,33000.0,20407.7734375
0,2021-04-27,32600.0,19922.58984375
0,2021-04-27,32500.0,20520.580078125
0,2021-04-27,32467.0,19788.265625
0,2021-04-27,33200.0,19000.17578125
0,2021-04-28,33800.0,20111.10546875
0,2021-04-28,33567.0,22411.849609375
0,2021-04-28,33700.0,40654.68359375
0,2021-04-28,33700.0,20779.259765625
0,2021-04-28,33400.0,21805.43359375
0,2021-04-28,33400.0,19920.833984375
0,2021-04-28,33400.0,20108.994140625
0,2021-04-28,32667.0,20405.2578125
0,2021-04-28,32700.0,19212.69921875
0,2021-04-28,32800.0,19786.880859375
0,2021-04-29,32667.0,20512.97265625
0,2021-04-29,32700.0,19653.287109375
0,2021-04-29,32800.0,19785.52734375
0,2021-04-29,33400.0,20505.8671875
0,2021-04-29,33400.0,19919.12109375
0,2021-04-29,33400.0,20106.9296875
0,2021-04-29,33700.0,20402.8046875
0,2021-04-29,33567.0,21796.115234375
0,2021-04-29,33700.0,40176.01953125
0,2021-04-29,33800.0,20776.52734375
0,2021-04-30,33300.0,22404.3671875
0,2021-04-30,33200.0,22396.8046875
0,2021-04-30,33267.0,20773.87890625
0,2021-04-30,33300.0,39683.875
0,2021-04-30,33100.0,21786.9140625
0,2021-04-30,33100.0,19917.431640625
0,2021-04-30,32400.0,20104.919921875
0,2021-04-30,32367.0,20498.87109375
0,2021-04-30,33000.0,20080.484375
0,2021-04-30,32300.0,20400.39453125
0,2021-05-01,32437.0,19784.205078125
0,2021-05-01,33189.0,20455.77734375
0,2021-05-03,33400.0,39186.30078125
0,2021-05-03,33400.0,21759.66015625
0,2021-05-03,33300.0,22374.21875
0,2021-05-03,33367.0,20766.435546875
0,2021-05-03,33200.0,38194.74609375
0,2021-05-03,33200.0,20098.697265625
0,2021-05-03,32500.0,19912.61328125
0,2021-05-03,32400.0,20478.84375
0,2021-05-03,32433.0,19780.5
0,2021-05-03,33100.0,21080.14453125
0,2021-05-04,33500.0,20393.44140625
0,2021-05-04,33400.0,22366.748046875
0,2021-05-04,33267.0,20764.19140625
0,2021-05-04,33400.0,37691.97265625
0,2021-05-04,33100.0,21750.93359375
0,2021-05-04,33100.0,20391.232421875
0,2021-05-04,33100.0,20096.7109375
0,2021-05-04,32400.0,19911.107421875
0,2021-05-04,32300.0,20472.421875
0,2021-05-04,32367.0,19779.32421875
0,2021-05-05,33800.0,21333.26171875
0,2021-05-05,33700.0,22359.181640625
0,2021-05-05,33567.0,20762.00390625
0,2021-05-05,33700.0,37190.69921875
0,2021-05-05,33400.0,21742.34375
0,2021-05-05,33400.0,20389.078125
0,2021-05-05,33200.0,20094.837890625
0,2021-05-05,32800.0,19909.74609375
0,2021-05-05,32700.0,20466.109375
0,2021-05-05,32667.0,19778.20703125
0,2021-05-06,34500.0,21553.73828125
0,2021-05-06,34400.0,22351.65625
0,2021-05-06,34267.0,20759.82421875
0,2021-05-06,34400.0,36705.75390625
0,2021-05-06,34100.0,21733.828125
0,2021-05-06,34100.0,20386.9765625
0,2021-05-06,33900.0,20093.06640625
0,2021-05-06,33500.0,19908.4140625
0,2021-05-06,33400.0,20459.99609375
0,2021-05-06,33367.0,19777.1875
0,2021-05-07,34600.0,21747.65625
0,2021-05-07,34500.0,22344.17578125
0,2021-05-07,34367.0,20757.638671875
0,2021-05-07,34500.0,36225.62109375
0,2021-05-07,34200.0,21725.42578125
0,2021-05-07,34200.0,20385.15625
0,2021-05-07,34000.0,20091.28515625
0,2021-05-07,33500.0,19907.119140625
0,2021-05-07,33400.0,20454.08984375
0,2021-05-07,33367.0,19776.1953125
0,2021-05-10,34300.0,21916.06640625
0,2021-05-10,34200.0,22321.8828125
0,2021-05-10,33067.0,20751.4921875
0,2021-05-10,34200.0,34785.73046875
0,2021-05-10,33900.0,21701.201171875
0,2021-05-10,33900.0,20380.55078125
0,2021-05-10,33900.0,20086.404296875
0,2021-05-10,33200.0,19903.40625
0,2021-05-10,33100.0,20437.314453125
0,2021-05-10,33067.0,19773.611328125
0,2021-05-11,33900.0,22289.8984375
0,2021-05-11,33800.0,22314.5703125
0,2021-05-11,32667.0,20749.5859375
0,2021-05-11,33800.0,34306.0234375
0,2021-05-11,33500.0,21693.44921875
0,2021-05-11,33500.0,20379.134765625
0,2021-05-11,33500.0,20085.00390625
0,2021-05-11,32800.0,19902.150390625
0,2021-05-11,32700.0,20431.947265625
0,2021-05-11,32667.0,19772.8046875
0,2021-05-12,34200.0,22378.89453125
0,2021-05-12,34100.0,22307.259765625
0,2021-05-12,32967.0,20747.71484375
0,2021-05-12,34100.0,33823.83984375
0,2021-05-12,33800.0,21685.84375
0,2021-05-12,33800.0,20377.7578125
0,2021-05-12,33800.0,20083.619140625
0,2021-05-12,33000.0,19900.8125
0,2021-05-12,32900.0,20426.546875
0,2021-05-12,32967.0,19772.025390625
0,2021-05-13,33800.0,22454.802734375
0,2021-05-13,33700.0,22299.97265625
0,2021-05-13,32567.0,20746.01953125
0,2021-05-13,33700.0,33345.98828125
0,2021-05-13,32567.0,21678.4609375
0,2021-05-13,33400.0,22517.921875
0,2021-05-13,33400.0,20082.240234375
0,2021-05-13,32700.0,19899.357421875
0,2021-05-13,32600.0,20421.2734375
0,2021-05-13,33400.0,19771.275390625
0,2021-05-14,33500.0,20376.4375
0,2021-05-14,33400.0,22292.71484375
0,2021-05-14,32267.0,20744.625
0,2021-05-14,33400.0,32878.38671875
0,2021-05-14,33100.0,21671.234375
0,2021-05-14,33100.0,20375.16015625
0,2021-05-14,32900.0,20080.908203125
0,2021-05-14,32400.0,19897.96875
0,2021-05-14,32300.0,20416.1640625
0,2021-05-14,32267.0,19770.55078125
0,2021-05-17,32700.0,22570.48828125
0,2021-05-17,32600.0,22271.47265625
0,2021-05-17,32467.0,20740.712890625
0,2021-05-17,32600.0,31510.712890625
0,2021-05-17,32300.0,21650.494140625
0,2021-05-17,32300.0,20371.64453125
0,2021-05-17,32300.0,20077.1953125
0,2021-05-17,31600.0,19894.314453125
0,2021-05-17,31500.0,20402.1796875
0,2021-05-17,31467.0,19768.53125
0,2021-05-18,32700.0,22678.63671875
0,2021-05-18,32600.0,22264.6171875
0,2021-05-18,32467.0,20739.60546875
0,2021-05-18,32600.0,31071.38671875
0,2021-05-18,32300.0,21643.8359375
0,2021-05-18,32300.0,20370.5625
0,2021-05-18,32300.0,20076.171875
0,2021-05-18,31600.0,19893.0625
0,2021-05-18,31500.0,20397.9296875
0,2021-05-18,31467.0,19767.890625
0,2021-05-19,33400.0,22702.7578125
0,2021-05-19,33300.0,22257.86328125
0,2021-05-19,33167.0,20738.556640625
0,2021-05-19,33300.0,30636.5859375
0,2021-05-19,32167.0,21637.30859375
0,2021-05-19,33000.0,22720.9375
0,2021-05-19,32900.0,20075.267578125
0,2021-05-19,32300.0,19891.828125
0,2021-05-19,32200.0,20393.83984375
0,2021-05-19,33000.0,19767.19140625
0,2021-05-20,33000.0,20369.5234375
0,2021-05-20,32900.0,22251.205078125
0,2021-05-20,32767.0,20737.67578125
0,2021-05-20,32900.0,30208.0625
0,2021-05-20,32600.0,21630.927734375
0,2021-05-20,32600.0,20368.53515625
0,2021-05-20,32700.0,20074.41796875
0,2021-05-20,31900.0,19890.634765625
0,2021-05-20,31800.0,20389.85546875
0,2021-05-20,31767.0,19766.4921875
0,2021-05-21,33000.0,22734.869140625
0,2021-05-21,32900.0,22244.6640625
0,2021-05-21,32767.0,20736.875
0,2021-05-21,32900.0,29785.43359375
0,2021-05-21,31767.0,21624.693359375
0,2021-05-21,32600.0,22745.177734375
0,2021-05-21,32500.0,20073.615234375
0,2021-05-21,31900.0,19889.498046875
0,2021-05-21,31800.0,20385.98046875
0,2021-05-21,32600.0,19765.8203125
0,2021-05-24,33100.0,20367.59765625
0,2021-05-24,33000.0,22226.05078125
0,2021-05-24,32867.0,20734.8125
0,2021-05-24,33000.0,28560.609375
0,2021-05-24,31900.0,21606.796875
0,2021-05-24,32700.0,20374.91796875
0,2021-05-24,32700.0,20071.453125
0,2021-05-24,31867.0,20365.052734375
0,2021-05-24,31800.0,22757.943359375
0,2021-05-24,32500.0,19763.794921875
0,2021-05-25,33200.0,19886.287109375
0,2021-05-25,33100.0,22220.16015625
0,2021-05-25,32967.0,20734.2421875
0,2021-05-25,33100.0,28169.380859375
0,2021-05-25,31967.0,21601.203125
0,2021-05-25,32800.0,22757.365234375
0,2021-05-25,32000.0,20070.880859375
0,2021-05-25,32800.0,19763.05078125
0,2021-05-25,32700.0,20364.296875
0,2021-05-25,32100.0,19885.30078125
0,2021-05-26,32167.0,20371.53125
0,2021-05-26,32200.0,22754.76171875
0,2021-05-26,32300.0,19762.3046875
0,2021-05-26,32900.0,20368.203125
0,2021-05-26,32900.0,19884.34375
0,2021-05-26,33000.0,20070.37109375
0,2021-05-26,33300.0,20363.58984375
0,2021-05-26,33167.0,21595.78515625
0,2021-05-26,33300.0,27792.58203125
0,2021-05-26,33400.0,20733.734375
0,2021-05-27,33800.0,22214.37890625
0,2021-05-27,33700.0,22208.72265625
0,2021-05-27,33600.0,20733.265625
0,2021-05-27,33400.0,27425.609375
0,2021-05-27,33700.0,20362.93359375
0,2021-05-27,33200.0,21590.533203125
0,2021-05-27,32700.0,19883.431640625
0,2021-05-27,32600.0,20364.740234375
0,2021-05-27,33400.0,19761.59765625
0,2021-05-27,32567.0,20070.0
0,2021-05-28,33700.0,22750.41015625
0,2021-05-28,32867.0,20362.31640625
0,2021-05-28,32900.0,22744.6171875
0,2021-05-28,33000.0,19760.9140625
0,2021-05-28,33500.0,20361.43359375
0,2021-05-28,33700.0,19882.5546875
0,2021-05-28,34000.0,20069.7421875
0,2021-05-28,33900.0,21585.421875
0,2021-05-28,34000.0,27066.31640625
0,2021-05-28,34100.0,20732.85546875
0,2021-05-31,34600.0,22203.16796875
0,2021-05-31,34467.0,20731.849609375
0,2021-05-31,34700.0,26081.5703125
0,2021-05-31,34300.0,22187.283203125
0,2021-05-31,34600.0,20360.748046875
0,2021-05-31,33367.0,21570.896484375
0,2021-05-31,33400.0,22719.38671875
0,2021-05-31,34300.0,19759.2109375
0,2021-05-31,34200.0,20069.21875
0,2021-05-31,33500.0,19880.193359375
0,2021-06-01,33662.5,20352.130859375
0,2021-06-01,33600.0,22708.8984375
0,2021-06-01,33700.0,19758.69921875
0,2021-06-01,34300.0,20349.314453125
0,2021-06-01,34400.0,19879.478515625
0,2021-06-01,34700.0,20069.126953125
0,2021-06-01,34436.0,21566.30078125
0,2021-06-01,34700.0,25768.91796875
0,2021-06-01,34800.0,20731.34375
0,2021-06-01,34400.0,22182.25390625
0,2021-06-02,34900.0,20360.310546875
0,2021-06-02,35000.0,21561.82421875
0,2021-06-02,34900.0,22177.3515625
0,2021-06-02,34767.0,20730.89453125
0,2021-06-02,34600.0,25465.06640625
0,2021-06-02,33900.0,20359.923828125
0,2021-06-02,33800.0,20346.59375
0,2021-06-02,33767.0,19758.2265625
0,2021-06-02,34600.0,22697.736328125
0,2021-06-02,34400.0,20069.072265625
0,2021-06-03,33567.0,19878.81640625
0,2021-06-03,33600.0,22686.01171875
0,2021-06-03,33700.0,19757.794921875
0,2021-06-03,34300.0,20343.970703125
0,2021-06-03,34400.0,19878.1953125
0,2021-06-03,34400.0,20069.0546875
0,2021-06-03,34700.0,20359.57421875
0,2021-06-03,34567.0,21557.431640625
0,2021-06-03,34700.0,25167.51171875
0,2021-06-03,34800.0,20730.4921875
0,2021-06-04,35000.0,22172.703125
0,2021-06-04,34900.0,20730.15234375
0,2021-06-04,35100.0,24877.078125
0,2021-06-04,35000.0,22168.251953125
0,2021-06-04,33900.0,21553.05078125
0,2021-06-04,34700.0,19757.39453125
0,2021-06-04,34500.0,20069.07421875
0,2021-06-04,34000.0,19877.623046875
0,2021-06-04,33867.0,20341.43359375
0,2021-06-04,34700.0,22673.89453125
0,2021-06-07,35100.0,20359.27734375
0,2021-06-07,35000.0,22155.33984375
0,2021-06-07,33867.0,20729.427734375
0,2021-06-07,35000.0,24059.6171875
0,2021-06-07,34700.0,21540.705078125
0,2021-06-07,34700.0,20358.681640625
0,2021-06-07,34500.0,20069.341796875
0,2021-06-07,34000.0,19876.09375
0,2021-06-07,33900.0,20334.3828125
0,2021-06-07,33867.0,19756.267578125
0,2021-06-08,35200.0,22635.734375
0,2021-06-08,35100.0,22151.330078125
0,2021-06-08,33967.0,20729.29296875
0,2021-06-08,35100.0,23802.34375
0,2021-06-08,34800.0,21536.884765625
0,2021-06-08,34700.0,20358.509765625
0,2021-06-08,34700.0,20069.50390625
0,2021-06-08,34100.0,19875.595703125
0,2021-06-08,34000.0,20332.23046875
0,2021-06-08,33967.0,19755.86328125
0,2021-06-09,34700.0,22622.65625
0,2021-06-09,34600.0,22147.587890625
0,2021-06-09,33467.0,20729.203125
0,2021-06-09,34600.0,23552.01953125
0,2021-06-09,34300.0,21533.224609375
0,2021-06-09,34300.0,20358.3828125
0,2021-06-09,34000.0,20069.7109375
0,2021-06-09,33600.0,19875.130859375
0,2021-06-09,33500.0,20330.16796875
0,2021-06-09,33467.0,19755.49609375
0,2021-06-10,34500.0,22609.490234375
0,2021-06-10,34400.0,22143.98828125
0,2021-06-10,33267.0,20729.16796875
0,2021-06-10,34400.0,23307.787109375
0,2021-06-10,33267.0,21529.94921875
0,2021-06-10,34100.0,22596.5234375
0,2021-06-10,33900.0,20069.943359375
0,2021-06-10,33400.0,19874.703125
0,2021-06-10,33300.0,20327.990234375
0,2021-06-10,34100.0,19755.15234375
0,2021-06-11,34500.0,20358.28515625
0,2021-06-11,34400.0,22140.541015625
0,2021-06-11,33267.0,20729.171875
0,2021-06-11,34400.0,23070.80859375
0,2021-06-11,34100.0,21526.8515625
0,2021-06-11,34100.0,20358.23046875
0,2021-06-11,34000.0,20070.20703125
0,2021-06-11,33400.0,19874.3046875
0,2021-06-11,33300.0,20325.779296875
0,2021-06-11,33267.0,19754.837890625
0,2021-06-14,34600.0,22583.57421875
0,2021-06-14,34500.0,22131.0390625
0,2021-06-14,33367.0,20729.4609375
0,2021-06-14,34500.0,22406.75
0,2021-06-14,33367.0,21518.095703125
0,2021-06-14,34200.0,22545.501953125
0,2021-06-14,34100.0,20071.21875
0,2021-06-14,33500.0,19873.60546875
0,2021-06-14,33400.0,20319.666015625
0,2021-06-14,34200.0,19754.060546875
0,2021-06-15,34300.0,20358.49609375
0,2021-06-15,34200.0,22128.1640625
0,2021-06-15,33067.0,20729.640625
0,2021-06-15,34200.0,22200.80078125
0,2021-06-15,33800.0,21515.55859375
0,2021-06-15,33900.0,19873.4609375
0,2021-06-15,33900.0,20071.615234375
0,2021-06-15,33067.0,20358.69921875
0,2021-06-15,33100.0,22533.30859375
0,2021-06-15,33200.0,19753.837890625
0,2021-06-16,33167.0,20317.81640625
0,2021-06-16,33100.0,22521.341796875
0,2021-06-16,33200.0,19753.625
0,2021-06-16,33800.0,20316.0625
0,2021-06-16,34000.0,19873.34375
0,2021-06-16,34000.0,20072.046875
0,2021-06-16,34300.0,20358.9375
0,2021-06-16,33167.0,21513.220703125
0,2021-06-16,34300.0,22002.84375
0,2021-06-16,34400.0,20729.876953125
0,2021-06-17,34900.0,22125.38671875
0,2021-06-17,34800.0,22122.69921875
0,2021-06-17,34800.0,20730.15234375
0,2021-06-17,34500.0,21511.0234375
0,2021-06-17,33667.0,20359.21875
0,2021-06-17,34400.0,21812.998046875
0,2021-06-17,33667.0,19873.26171875
0,2021-06-17,33800.0,22509.63671875
0,2021-06-17,33700.0,20314.41015625
0,2021-06-17,34500.0,19753.462890625
0,2021-06-18,34400.0,20072.515625
0,2021-06-18,34300.0,22120.228515625
0,2021-06-18,33167.0,20730.4765625
0,2021-06-18,34300.0,21631.8125
0,2021-06-18,34000.0,21508.96875
0,2021-06-18,34000.0,20359.541015625
0,2021-06-18,33300.0,19873.208984375
0,2021-06-18,33200.0,20312.84375
0,2021-06-18,33167.0,19753.330078125
0,2021-06-18,34000.0,22498.1953125
0,2021-06-21,34500.0,20073.01171875
0,2021-06-21,35300.0,21503.53515625
0,2021-06-21,34800.0,22113.8671875
0,2021-06-21,34667.0,20731.7265625
0,2021-06-21,34400.0,21141.591796875
0,2021-06-21,35900.0,20360.75
0,2021-06-21,34400.0,19651.857421875
0,2021-06-21,33800.0,19873.2265625
0,2021-06-21,33700.0,20308.6640625
0,2021-06-21,34500.0,19753.0703125
0,2021-06-21,33667.0,20074.6953125
0,2021-06-22,34900.0,22465.71875
0,2021-06-22,35400.0,20732.24609375
0,2021-06-22,34767.0,22112.03515625
0,2021-06-22,34600.0,20995.12890625
0,2021-06-22,34500.0,21501.8984375
0,2021-06-22,36000.0,20361.2265625
0,2021-06-22,34600.0,19652.0859375
0,2021-06-22,33900.0,19873.296875
0,2021-06-22,33800.0,20307.44921875
0,2021-06-22,33767.0,19753.0390625
0,2021-06-22,34600.0,22455.294921875
0,2021-06-23,34300.0,20075.31640625
0,2021-06-23,35100.0,21500.67578125
0,2021-06-23,34600.0,22110.33203125
0,2021-06-23,34467.0,20732.66015625
0,2021-06-23,34200.0,20854.54296875
0,2021-06-23,33467.0,20361.74609375
0,2021-06-23,35800.0,22445.056640625
0,2021-06-23,34300.0,19652.326171875
0,2021-06-23,33600.0,19873.39453125
0,2021-06-23,33500.0,20306.32421875
0,2021-06-23,34300.0,19752.982421875
0,2021-06-24,34867.0,20075.974609375
0,2021-06-24,34700.0,20719.205078125
0,2021-06-24,35500.0,21499.619140625
0,2021-06-24,35000.0,22108.74609375
0,2021-06-24,34600.0,20733.09765625
0,2021-06-24,34700.0,20362.3046875
0,2021-06-24,36200.0,20076.66796875
0,2021-06-24,33867.0,19652.5859375
0,2021-06-24,34500.0,22435.15625
0,2021-06-24,34000.0,19873.51171875
0,2021-06-24,33900.0,20305.28515625
0,2021-06-25,35900.0,19752.94140625
0,2021-06-25,35400.0,22107.30078125
0,2021-06-25,35267.0,20733.6484375
0,2021-06-25,35000.0,20589.939453125
0,2021-06-25,35100.0,20362.90625
0,2021-06-25,36600.0,21498.7109375
0,2021-06-25,35000.0,19652.87890625
0,2021-06-25,34400.0,19873.66015625
0,2021-06-25,34300.0,20304.328125
0,2021-06-25,34267.0,19752.93359375
0,2021-06-25,35100.0,22425.619140625
0,2021-06-28,35600.0,20077.38671875
0,2021-06-28,36400.0,21496.8046875
0,2021-06-28,35900.0,22103.875
0,2021-06-28,35767.0,20735.87890625
0,2021-06-28,35500.0,20241.36328125
0,2021-06-28,34800.0,20364.990234375
0,2021-06-28,37100.0,19753.13671875
0,2021-06-28,35500.0,19654.0078125
0,2021-06-28,34900.0,19874.515625
0,2021-06-28,34767.0,20301.98828125
0,2021-06-28,35600.0,22399.390625
0,2021-06-29,36000.0,20079.736328125
0,2021-06-29,36900.0,20365.7578125
0,2021-06-29,36267.0,22103.0390625
0,2021-06-29,36100.0,20138.2734375
0,2021-06-29,36400.0,20080.583984375
0,2021-06-29,36000.0,20736.74609375
0,2021-06-29,37600.0,19874.859375
0,2021-06-29,35267.0,19654.404296875
0,2021-06-29,36100.0,22391.568359375
0,2021-06-29,35400.0,21496.443359375
0,2021-06-29,35300.0,20301.3828125
0,2021-06-30,36200.0,19753.265625
0,2021-06-30,35700.0,22102.322265625
0,2021-06-30,35567.0,20737.65625
0,2021-06-30,35300.0,20042.294921875
0,2021-06-30,35400.0,20366.599609375
0,2021-06-30,36900.0,21496.21484375
0,2021-06-30,35300.0,19654.81640625
0,2021-06-30,34700.0,19875.224609375
0,2021-06-30,34600.0,20300.8515625
0,2021-06-30,34567.0,19753.41015625
0,2021-06-30,35400.0,22384.189453125
0,2021-07-01,36000.0,20081.4609375
0,2021-07-01,36800.0,21496.125
0,2021-07-01,36300.0,22101.74609375
0,2021-07-01,36413.5,20738.609375
0,2021-07-01,35900.0,19952.787109375
0,2021-07-01,35900.0,20367.494140625
0,2021-07-01,37500.0,19875.623046875
0,2021-07-01,35300.0,19655.25390625
0,2021-07-01,35396.5,20300.408203125
0,2021-07-01,36000.0,22377.294921875
0,2021-07-01,35200.0,20082.359375
0,2021-07-02,35067.0,19753.58984375
0,2021-07-02,36100.0,22370.798828125
0,2021-07-05,35067.0,19868.306640625
0,2021-07-05,36067.0,22353.640625
0,2021-07-06,34667.0,19645.724609375
0,2021-07-06,35667.0,22348.56640625
0,2021-07-07,35567.0,19582.8046875
0,2021-07-07,34567.0,19525.349609375
0,2021-07-08,34967.0,22343.76953125
0,2021-07-08,35967.0,22339.37109375
0,2021-07-09,35067.0,19474.94140625
0,2021-07-09,36067.0,22335.37890625
0,2021-07-12,36367.0,19430.43359375
0,2021-07-12,35367.0,19323.033203125
0,2021-07-13,36367.0,22325.80078125
0,2021-07-13,35367.0,19296.375
0,2021-07-14,35867.0,22323.40625
0,2021-07-14,34867.0,19273.59765625
0,2021-07-15,36367.0,22321.41015625
0,2021-07-15,35367.0,19254.50390625
0,2021-07-16,35267.0,22319.8046875
0,2021-07-16,36267.0,22318.615234375
0,2021-07-19,35367.0,19239.125
0,2021-07-19,36367.0,22317.423828125
0,2021-07-20,34967.0,19215.06640625
0,2021-07-20,35967.0,22317.78125
0,2021-07-21,35267.0,19214.3515625
0,2021-07-21,36233.0,22318.5390625
0,2021-07-22,35667.0,19217.2578125
0,2021-07-22,36667.0,22319.662109375
0,2021-07-23,36567.0,19223.78515625
0,2021-07-23,37567.0,22321.15625
0,2021-07-26,37867.0,19233.90234375
0,2021-07-26,36867.0,19285.876953125
0,2021-07-27,37567.0,22327.837890625
0,2021-07-27,38567.0,22330.78515625
0,2021-07-28,37067.0,19310.5390625
0,2021-07-28,38067.0,22334.08984375
0,2021-07-29,37067.0,19340.28125
0,2021-07-29,38067.0,22337.73828125
0,2021-07-30,36567.0,19374.80859375
0,2021-07-30,37567.0,22341.7421875
0,2021-08-01,37168.0,19413.890625
0,2021-08-01,38145.0,22350.7421875
0,2021-08-02,35767.0,19505.9453125
0,2021-08-02,36767.0,22355.75
0,2021-08-03,35667.0,19561.296875
0,2021-08-03,36667.0,22361.06640625
0,2021-08-04,37067.0,19621.55859375
0,2021-08-04,36067.0,19686.4609375
0,2021-08-05,36067.0,22366.716796875
0,2021-08-05,37067.0,22372.677734375
0,2021-08-06,35967.0,19756.8671875
0,2021-08-06,36967.0,22378.943359375
0,2021-08-09,35567.0,19831.79296875
0,2021-08-09,36567.0,22399.49609375
0,2021-08-10,36267.0,20086.875
0,2021-08-10,37267.0,22406.912109375
0,2021-08-11,36867.0,20183.12109375
0,2021-08-11,37867.0,22414.5859375
0,2021-08-12,36967.0,20286.0546875
0,2021-08-12,37967.0,22422.470703125
0,2021-08-13,36867.0,20394.83203125
0,2021-08-13,37867.0,22430.625
0,2021-08-16,36567.0,20508.73046875
0,2021-08-16,37567.0,22456.4453125
0,2021-08-17,37967.0,20887.2734375
0,2021-08-17,36967.0,21024.54296875
0,2021-08-18,36867.0,22465.435546875
0,2021-08-18,37867.0,22474.7109375
0,2021-08-19,37167.0,21166.796875
0,2021-08-19,38167.0,22484.169921875
0,2021-08-20,36867.0,21315.37890625
0,2021-08-20,37867.0,22493.775390625
0,2021-08-23,38500.0,21471.212890625
0,2021-08-23,39900.0,22523.21484375
0,2021-08-24,39900.0,21981.98828125
0,2021-08-24,38500.0,22165.041015625
0,2021-08-25,38500.0,22533.2421875
0,2021-08-25,39900.0,22543.423828125
0,2021-08-26,38500.0,22355.783203125
0,2021-08-26,38200.0,22553.654296875
0,2021-08-27,40000.0,22552.55078125
0,2021-08-27,39200.0,22755.203125
0,2021-08-30,39900.0,22563.900390625
0,2021-08-30,39000.0,23404.3125
0,2021-08-31,39000.0,22594.62109375
0,2021-08-31,39900.0,22604.6796875
0,2021-09-01,39211.5,23633.51171875
0,2021-09-01,40084.0,22614.59375
0,2021-09-02,39400.0,23868.494140625
0,2021-09-02,40300.0,22624.41796875
0,2021-09-03,39200.0,24109.689453125
0,2021-09-03,40100.0,22633.998046875
0,2021-09-06,39200.0,24357.205078125
0,2021-09-06,40000.0,22660.796875
0,2021-09-07,39400.0,25138.181640625
0,2021-09-07,40233.0,22668.96484375
0,2021-09-08,39400.0,25415.38671875
0,2021-09-08,40233.0,22676.64453125
0,2021-09-09,39100.0,25699.83203125
0,2021-09-09,39933.0,22683.791015625
0,2021-09-10,37800.0,25991.46484375
0,2021-09-10,39533.0,22690.265625
0,2021-09-13,40933.0,26292.8203125
0,2021-09-13,40100.0,27253.62109375
0,2021-09-14,38700.0,22705.56640625
0,2021-09-14,39533.0,22709.10546875
0,2021-09-15,38900.0,27595.89453125
0,2021-09-15,39733.0,22711.5234375
0,2021-09-16,39300.0,27944.55078125
0,2021-09-16,40133.0,22712.75
0,2021-09-17,39400.0,28303.0859375
0,2021-09-17,40233.0,22712.55859375
0,2021-09-20,40933.0,28669.19921875
0,2021-09-20,40100.0,29807.8046875
0,2021-09-21,40000.0,22701.087890625
0,2021-09-21,40833.0,22693.005859375
0,2021-09-22,40000.0,30197.30859375
0,2021-09-22,40833.0,22682.18359375
0,2021-09-23,40433.0,30590.30078125
0,2021-09-23,39600.0,30991.373046875
0,2021-09-24,40433.0,22668.599609375
0,2021-09-24,39600.0,31399.783203125
0,2021-09-27,39800.0,22652.00390625
0,2021-09-27,40633.0,22579.109375
0,2021-09-28,39400.0,32652.642578125
0,2021-09-28,40233.0,22545.50390625
0,2021-09-29,40600.0,33077.23046875
0,2021-09-29,40633.0,22506.6640625
0,2021-09-30,39300.0,33505.42578125
0,2021-09-30,40133.0,22462.09375
0,2021-10-01,39482.5,33943.08203125
0,2021-10-01,40284.0,22410.59375
0,2021-10-04,39900.0,34384.50390625
0,2021-10-04,40733.0,22191.80859375
0,2021-10-05,39600.0,35720.09765625
0,2021-10-05,40433.0,22094.97265625
0,2021-10-06,39200.0,36162.81640625
0,2021-10-06,40033.0,21987.21875
0,2021-10-07,40033.0,36609.00390625
0,2021-10-07,39300.0,37057.65234375
0,2021-10-08,39300.0,21865.287109375
0,2021-10-08,40133.0,21727.826171875
0,2021-10-11,39800.0,37506.5234375
0,2021-10-11,40133.0,21207.09375
0,2021-10-12,39000.0,38860.453125
0,2021-10-12,39933.0,20989.3203125
0,2021-10-13,39600.0,39315.19921875
0,2021-10-13,40133.0,20746.20703125
0,2021-10-14,40633.0,39753.5703125
0,2021-10-14,39800.0,40186.74609375
0,2021-10-15,39800.0,20471.38671875
0,2021-10-15,40633.0,20162.3828125
0,2021-10-18,40000.0,40606.91015625
0,2021-10-18,40833.0,19085.740234375
0,2021-10-19,40233.0,41826.921875
0,2021-10-19,39400.0,42211.89453125
0,2021-10-20,40233.0,18827.64453125
0,2021-10-20,39367.0,42587.28125
0,2021-10-21,39500.0,18811.626953125
0,2021-10-21,40333.0,18781.40234375
0,2021-10-22,39700.0,42951.63671875
0,2021-10-22,40533.0,18726.859375
0,2021-10-25,40000.0,43303.97265625
0,2021-10-25,40833.0,19944.19140625
0,2021-10-26,40300.0,44314.85546875
0,2021-10-26,40467.0,20831.13671875
0,2021-10-27,41500.0,44631.03515625
0,2021-10-27,42333.0,21821.623046875
0,2021-10-28,41433.0,44935.82421875
0,2021-10-28,42333.0,22905.140625
0,2021-10-29,39367.0,45228.640625
0,2021-10-29,40233.0,24056.296875
0,2021-11-01,40708.5,45515.51171875
0,2021-11-01,41178.5,27908.84375
0,2021-11-02,39800.0,46404.53515625
0,2021-11-02,42033.0,29354.291015625
0,2021-11-03,41400.0,46736.234375
0,2021-11-03,42167.0,30838.37109375
0,2021-11-04,41733.0,47091.59765625
0,2021-11-04,40900.0,47486.97265625
0,2021-11-05,40200.0,32333.54296875
0,2021-11-05,41033.0,33841.25390625
0,2021-11-08,40633.0,47915.11328125
0,2021-11-08,39800.0,38292.2421875
0,2021-11-09,40433.0,49344.78125
0,2021-11-09,39600.0,39701.63671875
0,2021-11-10,41133.0,49835.953125
0,2021-11-10,40300.0,41058.07421875
0,2021-11-11,40833.0,50322.609375
0,2021-11-11,40000.0,42330.64453125
0,2021-11-12,41733.0,50798.69140625
0,2021-11-12,40900.0,43488.16796875
0,2021-11-15,41233.0,51264.80859375
0,2021-11-15,40400.0,46478.58203125
0,2021-11-16,40200.0,52628.36328125
0,2021-11-16,41033.0,53064.2734375
0,2021-11-17,40733.0,47364.125
0,2021-11-17,39900.0,48398.85546875
0,2021-11-18,41133.0,53489.53515625
0,2021-11-18,40300.0,49742.22265625
0,2021-11-19,40533.0,53905.1640625
0,2021-11-19,39700.0,51210.38671875
0,2021-11-22,40200.0,54314.3671875
0,2021-11-22,40633.0,55168.71484375
0,2021-11-23,40400.0,55503.69140625
0,2021-11-23,41133.0,56362.58203125
0,2021-11-24,41100.0,55894.9375
0,2021-11-24,41733.0,57523.64453125
0,2021-11-25,40400.0,56282.22265625
0,2021-11-25,41533.0,58624.78515625
0,2021-11-26,40500.0,56661.125
0,2021-11-26,41233.0,59678.58984375
0,2021-11-29,41533.0,57032.2890625
0,2021-11-29,40733.0,58089.97265625
0,2021-11-30,40000.0,62558.13671875
0,2021-11-30,40733.0,63438.58203125
0,2021-12-01,40387.0,58428.41015625
0,2021-12-01,41116.0,64292.94921875
0,2021-12-02,40500.0,58761.5390625
0,2021-12-02,41233.0,65111.10546875
0,2021-12-03,40800.0,59088.58203125
0,2021-12-03,41533.0,65896.5546875
0,2021-12-06,41933.0,59408.26171875
0,2021-12-06,41200.0,60315.16015625
0,2021-12-07,41500.0,67962.5703125
0,2021-12-07,42233.0,68576.9921875
0,2021-12-08,40600.0,60608.671875
0,2021-12-08,41233.0,69155.0390625
0,2021-12-09,41333.0,60894.01171875
0,2021-12-09,40600.0,61170.6953125
0,2021-12-10,41533.0,69710.0546875
0,2021-12-10,40800.0,61441.34375
0,2021-12-13,40800.0,70237.0078125
0,2021-12-13,41533.0,71653.7265625
0,2021-12-14,40800.0,62212.64453125
0,2021-12-14,41533.0,72074.6484375
0,2021-12-15,41100.0,62456.19140625
0,2021-12-15,41833.0,72476.71875
0,2021-12-16,41100.0,62692.203125
0,2021-12-16,41833.0,72860.4921875
0,2021-12-17,40500.0,62921.98046875
0,2021-12-17,41233.0,73233.3046875
0,2021-12-20,40800.0,63148.74609375
0,2021-12-20,41533.0,74319.2109375
0,2021-12-21,40500.0,63791.05078125
0,2021-12-21,41233.0,74661.3828125
0,2021-12-22,40500.0,63993.06640625
0,2021-12-22,41233.0,74987.3828125
0,2021-12-23,40900.0,64189.67578125
0,2021-12-23,41633.0,75302.375
0,2021-12-24,41733.0,64380.05859375
0,2021-12-24,41100.0,64564.87109375
0,2021-12-27,40700.0,75609.1875
0,2021-12-27,41433.0,76461.7109375
0,2021-12-28,40800.0,65081.97265625
0,2021-12-28,41533.0,76721.9296875
0,2021-12-29,40600.0,65242.08984375
0,2021-12-29,41333.0,76972.1796875
0,2021-12-30,40800.0,65396.703125
0,2021-12-30,41533.0,77215.5546875
0,2021-12-31,41533.0,65545.0703125
0,2021-12-31,40800.0,65687.6328125
0,2022-01-01,39490.0,77446.8515625
0,2022-01-01,40217.0,77670.234375
0,2022-01-03,40600.0,65824.8203125
0,2022-01-03,41333.0,78081.4296875
0,2022-01-04,41333.0,66080.796875
0,2022-01-04,40600.0,66197.984375
0,2022-01-05,41333.0,78272.75
0,2022-01-05,40500.0,66310.296875
0,2022-01-06,40200.0,78453.9453125
0,2022-01-06,41033.0,78626.5703125
0,2022-01-07,39600.0,66417.46875
0,2022-01-07,40333.0,78790.125
0,2022-01-10,40000.0,66519.3203125
0,2022-01-10,40733.0,79227.15625
0,2022-01-11,39400.0,66792.4140625
0,2022-01-11,40133.0,79353.546875
0,2022-01-12,39500.0,66872.5859375
0,2022-01-12,40100.0,79473.0546875
0,2022-01-13,39600.0,66947.1328125
0,2022-01-13,40333.0,79586.3203125
0,2022-01-14,39100.0,67015.796875
0,2022-01-14,39833.0,79694.1171875
0,2022-01-17,38900.0,67078.9921875
0,2022-01-17,39633.0,79979.5078125
0,2022-01-18,39633.0,67235.0234375
0,2022-01-18,38900.0,67275.8125
0,2022-01-19,38800.0,80061.4140625
0,2022-01-19,39533.0,80136.7265625
0,2022-01-20,39200.0,67310.8984375
0,2022-01-20,39933.0,80205.2890625
0,2022-01-21,39400.0,67340.2109375
0,2022-01-21,40133.0,80267.1875
0,2022-01-24,39100.0,67363.8359375
0,2022-01-24,39833.0,80413.515625
0,2022-01-25,39733.0,67400.6796875
0,2022-01-25,39000.0,67401.6015625
0,2022-01-26,39300.0,80448.6796875
0,2022-01-26,40033.0,80476.921875
0,2022-01-27,39300.0,67396.84375
0,2022-01-27,40033.0,80498.2109375
0,2022-01-28,39733.0,67386.3203125
0,2022-01-28,39000.0,67370.0390625
0,2022-01-31,39300.0,80512.5859375
0,2022-01-31,39833.0,80513.296875
0,2022-02-01,39847.5,67286.1484375
0,2022-02-01,40379.0,80499.1015625
0,2022-02-02,39200.0,67246.4921875
0,2022-02-02,39733.0,80477.5390625
0,2022-02-03,39600.0,67200.8359375
0,2022-02-03,40133.0,80448.4921875
0,2022-02-04,40100.0,67149.25
0,2022-02-04,40633.0,80411.9609375
0,2022-02-07,39900.0,67091.6171875
0,2022-02-07,40433.0,80257.3046875
0,2022-02-08,40100.0,66882.3515625
0,2022-02-08,40633.0,80190.375
0,2022-02-09,40400.0,66800.265625
0,2022-02-09,40933.0,80115.4140625
0,2022-02-10,40800.0,66712.0546875
0,2022-02-10,41333.0,80032.25
0,2022-02-11,40900.0,66617.3828125
0,2022-02-11,41433.0,79941.1796875
0,2022-02-14,40900.0,66516.03125
0,2022-02-14,41433.0,79618.3046875
0,2022-02-15,40900.0,66177.1796875
0,2022-02-15,41433.0,79491.0859375
0,2022-02-16,41333.0,66051.828125
0,2022-02-16,40900.0,65919.3359375
0,2022-02-17,41200.0,79354.2890625
0,2022-02-17,41733.0,79206.6953125
0,2022-02-18,41200.0,65779.7421875
0,2022-02-18,41733.0,79047.8671875
0,2022-02-21,40800.0,65633.7890625
0,2022-02-21,41333.0,78497.0546875
0,2022-02-22,40800.0,65155.72265625
0,2022-02-22,41333.0,78287.109375
0,2022-02-23,41400.0,64983.05859375
0,2022-02-23,41833.0,78063.4609375
0,2022-02-24,41000.0,64802.3203125
0,2022-02-24,41667.0,77823.015625
0,2022-02-25,40200.0,64613.11328125
0,2022-02-25,40733.0,77569.9296875
0,2022-02-28,40933.0,64415.92578125
0,2022-02-28,40400.0,63782.83984375
0,2022-03-01,40030.5,76707.7578125
0,2022-03-01,40563.0,76391.5703125
0,2022-03-02,39300.0,63558.93359375
0,2022-03-02,39833.0,76064.2421875
0,2022-03-03,38900.0,63329.82421875
0,2022-03-03,39433.0,75719.1640625
0,2022-03-04,38700.0,63091.35546875
0,2022-03-04,39233.0,75351.5390625
0,2022-03-07,39100.0,62845.35546875
0,2022-03-07,39633.0,74148.921875
0,2022-03-08,39200.0,62059.234375
0,2022-03-08,39733.0,73714.3359375
0,2022-03-09,39800.0,61778.6015625
0,2022-03-09,40333.0,73263.7890625
0,2022-03-10,40500.0,61490.72265625
0,2022-03-10,41000.0,72797.2421875
0,2022-03-11,40733.0,61195.0546875
0,2022-03-11,40200.0,60890.4375
0,2022-03-14,40200.0,72312.9765625
0,2022-03-14,40733.0,70716.2265625
0,2022-03-15,40400.0,59923.6015625
0,2022-03-15,40933.0,70121.328125
0,2022-03-16,40000.0,59584.29296875
0,2022-03-16,40533.0,69485.4140625
0,2022-03-17,40500.0,59234.79296875
0,2022-03-17,41033.0,68801.9921875
0,2022-03-18,41333.0,58872.7421875
0,2022-03-18,40800.0,58502.73046875
0,2022-03-21,41200.0,68071.4140625
0,2022-03-21,41733.0,65584.546875
0,2022-03-22,41400.0,57358.19140625
0,2022-03-22,41933.0,64631.80078125
0,2022-03-23,41733.0,56960.8359375
0,2022-03-23,41200.0,56551.16015625
0,2022-03-24,41433.0,63629.87890625
0,2022-03-24,40900.0,56133.0234375
0,2022-03-25,40500.0,62569.94921875
0,2022-03-25,41033.0,61447.90234375
0,2022-03-28,40800.0,55709.59375
0,2022-03-28,41333.0,57739.55078125
0,2022-03-29,40800.0,54411.48046875
0,2022-03-29,41333.0,56382.39453125
0,2022-03-30,40800.0,53965.01171875
0,2022-03-30,41333.0,54952.52734375
0,2022-03-31,41000.0,53514.88671875
0,2022-03-31,41533.0,53432.84765625
0,2022-04-01,40847.5,53050.66796875
0,2022-04-01,41359.5,51826.52734375
0,2022-04-04,40900.0,52563.7109375
0,2022-04-04,41433.0,47444.73046875
0,2022-04-05,40900.0,51013.3203125
0,2022-04-05,41433.0,46419.57421875
0,2022-04-06,40700.0,50470.296875
0,2022-04-06,41233.0,45290.91796875
0,2022-04-07,40833.0,49915.546875
0,2022-04-07,40300.0,49353.17578125
0,2022-04-08,40100.0,44036.23046875
0,2022-04-08,40633.0,42633.81640625
0,2022-04-11,40700.0,48795.36328125
0,2022-04-11,41233.0,37643.46875
0,2022-04-12,40900.0,47296.50390625
0,2022-04-12,41433.0,35786.40234375
0,2022-04-13,40600.0,46880.19921875
0,2022-04-13,41133.0,33913.91796875
0,2022-04-14,41033.0,46503.359375
0,2022-04-14,40500.0,46156.78515625
0,2022-04-15,40400.0,32101.365234375
0,2022-04-15,40933.0,30309.71875
0,2022-04-18,40400.0,45822.53515625
0,2022-04-18,40933.0,25474.0703125
0,2022-04-19,40933.0,44843.4609375
0,2022-04-19,40400.0,44487.34765625
0,2022-04-20,40733.0,24064.4765625
0,2022-04-20,40200.0,44113.98046875
0,2022-04-21,40300.0,22736.189453125
0,2022-04-21,40833.0,21514.91796875
0,2022-04-22,40700.0,43725.08984375
0,2022-04-22,41233.0,20420.447265625
0,2022-04-25,40900.0,43326.79296875
0,2022-04-25,41433.0,18948.263671875
0,2022-04-26,39900.0,42046.49609375
0,2022-04-26,40433.0,18991.78125
0,2022-04-27,39900.0,41592.00390625
0,2022-04-27,40433.0,19000.17578125
0,2022-04-28,39500.0,41129.13671875
0,2022-04-28,40033.0,19212.69921875
0,2022-04-29,41000.0,40654.68359375
0,2022-04-29,40633.0,19653.287109375
0,2022-05-01,40827.0,40176.01953125
0,2022-05-01,41370.0,20455.77734375
0,2022-05-02,41633.0,39186.30078125
0,2022-05-02,41100.0,38689.57421875
0,2022-05-03,41200.0,20789.00390625
0,2022-05-03,41733.0,21080.14453125
0,2022-05-04,41300.0,38194.74609375
0,2022-05-04,41833.0,21333.26171875
0,2022-05-05,41600.0,37691.97265625
0,2022-05-05,42133.0,21553.73828125
0,2022-05-06,41500.0,37190.69921875
0,2022-05-06,42033.0,21747.65625
0,2022-05-09,41033.0,36705.75390625
0,2022-05-09,40500.0,35265.61328125
0,2022-05-10,39400.0,22185.2578125
0,2022-05-10,40033.0,22289.8984375
0,2022-05-11,39400.0,34785.73046875
0,2022-05-11,40033.0,22378.89453125
0,2022-05-12,41033.0,34306.0234375
0,2022-05-12,40500.0,33823.83984375
0,2022-05-13,40933.0,22454.802734375
0,2022-05-13,40400.0,33345.98828125
0,2022-05-16,40200.0,22517.921875
0,2022-05-16,40733.0,22649.857421875
0,2022-05-17,41100.0,31957.85546875
0,2022-05-17,41633.0,22678.63671875
0,2022-05-18,41400.0,31510.712890625
0,2022-05-18,41933.0,22702.7578125
0,2022-05-19,40600.0,31071.38671875
0,2022-05-19,41133.0,22720.9375
0,2022-05-20,41000.0,30636.5859375
0,2022-05-20,41533.0,22734.869140625
0,2022-05-23,40600.0,30208.0625
0,2022-05-23,41133.0,22756.25
0,2022-05-24,40400.0,28959.58203125
0,2022-05-24,40933.0,22757.943359375
0,2022-05-25,40500.0,28560.609375
0,2022-05-25,41033.0,22757.365234375
0,2022-05-26,41100.0,28169.380859375
0,2022-05-26,41633.0,22754.76171875
0,2022-05-27,41500.0,27792.58203125
0,2022-05-27,42033.0,22750.41015625
0,2022-05-30,41933.0,27425.609375
0,2022-05-30,41400.0,26401.078125
0,2022-05-31,41500.0,22728.984375
0,2022-05-31,42033.0,22719.38671875
0,2022-06-01,41863.5,26081.5703125
0,2022-06-01,42374.0,22708.8984375
0,2022-06-02,42500.0,25768.91796875
0,2022-06-02,43033.0,22697.736328125
0,2022-06-03,42500.0,25465.06640625
0,2022-06-03,43033.0,22686.01171875
0,2022-06-06,43033.0,25167.51171875
0,2022-06-06,42500.0,24324.3828125
0,2022-06-07,42200.0,22648.66015625
0,2022-06-07,42633.0,22635.734375
0,2022-06-08,42000.0,24059.6171875
0,2022-06-08,42533.0,22622.65625
0,2022-06-09,42533.0,23802.34375
0,2022-06-09,42000.0,23552.01953125
0,2022-06-10,42333.0,22609.490234375
0,2022-06-10,41800.0,23307.787109375
0,2022-06-13,41500.0,22596.5234375
0,2022-06-13,42033.0,22557.876953125
0,2022-06-14,41100.0,22620.08984375
0,2022-06-14,41633.0,22545.501953125
0,2022-06-15,41000.0,22406.75
0,2022-06-15,41433.0,22533.30859375
0,2022-06-16,41000.0,22200.80078125
0,2022-06-16,41433.0,22521.341796875
0,2022-06-17,42200.0,22002.84375
0,2022-06-17,42633.0,22509.63671875
0,2022-06-20,42300.0,21812.998046875
0,2022-06-20,42733.0,22476.26953125
0,2022-06-21,42300.0,21295.58984375
0,2022-06-21,42733.0,22465.71875
0,2022-06-22,42700.0,21141.591796875
0,2022-06-22,43233.0,22455.294921875
0,2022-06-23,43633.0,20995.12890625
0,2022-06-23,43100.0,20854.54296875
0,2022-06-24,42800.0,22445.056640625
0,2022-06-24,43333.0,22435.15625
0,2022-06-27,42500.0,20719.205078125
0,2022-06-27,42933.0,22407.615234375
0,2022-06-28,42600.0,20352.203125
0,2022-06-28,43033.0,22399.390625
0,2022-06-29,42100.0,20241.36328125
0,2022-06-29,42533.0,22391.568359375
0,2022-06-30,42933.0,20138.2734375
0,2022-06-30,42500.0,20042.294921875
0,2022-07-01,42200.0,22384.189453125
0,2022-07-01,42619.5,22377.294921875
0,2022-07-04,41900.0,19952.787109375
0,2022-07-04,42333.0,22358.974609375
0,2022-07-05,42333.0,19714.53125
0,2022-07-05,41900.0,19645.724609375
0,2022-07-06,41633.0,22353.640625
0,2022-07-06,41200.0,19582.8046875
0,2022-07-07,41300.0,22348.56640625
0,2022-07-07,41733.0,22343.76953125
0,2022-07-08,41100.0,19525.349609375
0,2022-07-08,41533.0,22339.37109375
0,2022-07-11,41700.0,19474.94140625
0,2022-07-11,42133.0,22328.58984375
0,2022-07-12,41300.0,19354.37109375
0,2022-07-12,41833.0,22325.80078125
0,2022-07-13,41200.0,19323.033203125
0,2022-07-13,41633.0,22323.40625
0,2022-07-14,41800.0,19296.375
0,2022-07-14,42233.0,22321.41015625
0,2022-07-15,40800.0,19273.59765625
0,2022-07-15,41233.0,22319.8046875
0,2022-07-18,41000.0,19254.50390625
0,2022-07-18,41433.0,22317.43359375
0,2022-07-19,42000.0,19219.42578125
0,2022-07-19,42433.0,22317.423828125
0,2022-07-20,42833.0,19215.06640625
0,2022-07-20,42400.0,19214.3515625
0,2022-07-21,42500.0,22317.78125
0,2022-07-21,42933.0,22318.5390625
0,2022-07-22,42300.0,19217.2578125
0,2022-07-22,42733.0,22319.662109375
0,2022-07-25,42100.0,19223.78515625
0,2022-07-25,42533.0,22325.251953125
0,2022-07-26,42400.0,19264.96875
0,2022-07-26,42833.0,22327.837890625
0,2022-07-27,42933.0,19285.876953125
0,2022-07-27,42500.0,19310.5390625
0,2022-07-28,43000.0,22330.78515625
0,2022-07-28,43100.0,22334.08984375
0,2022-07-29,43000.0,19340.28125
0,2022-07-29,43100.0,22337.73828125
0,2022-08-01,45769.5,19374.80859375
0,2022-08-01,45365.0,19505.9453125
0,2022-08-02,44433.0,22350.7421875
0,2022-08-02,44000.0,19561.296875
0,2022-08-03,43900.0,22355.75
0,2022-08-03,44333.0,22361.06640625
0,2022-08-04,44000.0,19621.55859375
0,2022-08-04,44433.0,22366.716796875
0,2022-08-05,44300.0,19686.4609375
0,2022-08-05,43100.0,22372.677734375
0,2022-08-08,44400.0,19756.8671875
0,2022-08-08,44833.0,22392.38671875
0,2022-08-09,44700.0,19996.765625
0,2022-08-09,45133.0,22399.49609375
0,2022-08-10,45400.0,20086.875
0,2022-08-10,45833.0,22406.912109375
0,2022-08-11,44700.0,20183.12109375
0,2022-08-11,45133.0,22414.5859375
0,2022-08-12,47800.0,20286.0546875
0,2022-08-12,48233.0,22422.470703125
0,2022-08-15,48933.0,20394.83203125
0,2022-08-15,48500.0,20755.591796875
0,2022-08-16,48600.0,22447.677734375
0,2022-08-16,49033.0,22456.4453125
0,2022-08-17,48200.0,20887.2734375
0,2022-08-17,48633.0,22465.435546875
0,2022-08-18,47900.0,21024.54296875
0,2022-08-18,48333.0,22474.7109375
0,2022-08-19,47800.0,21166.796875
0,2022-08-19,48233.0,22484.169921875
0,2022-08-22,48533.0,21315.37890625
0,2022-08-22,48100.0,21803.623046875
0,2022-08-23,48400.0,22513.30859375
0,2022-08-23,48833.0,22523.21484375
0,2022-08-24,48700.0,21981.98828125
0,2022-08-24,49133.0,22533.2421875
0,2022-08-25,50633.0,22165.041015625
0,2022-08-25,50200.0,22355.783203125
0,2022-08-26,49633.0,22543.423828125
0,2022-08-26,49200.0,22552.55078125
0,2022-08-29,48300.0,22553.654296875
0,2022-08-29,48833.0,22584.4453125
0,2022-08-30,48200.0,23181.59765625
0,2022-08-30,48733.0,22594.62109375
0,2022-08-31,47900.0,23404.3125
0,2022-08-31,48433.0,22604.6796875
0,2022-09-01,47700.0,23633.51171875
0,2022-09-01,48051.0,22614.59375
0,2022-09-02,47500.0,23868.494140625
0,2022-09-02,48033.0,22624.41796875
0,2022-09-05,47300.0,24109.689453125
0,2022-09-05,47833.0,22652.224609375
0,2022-09-06,47200.0,24870.11328125
0,2022-09-06,47733.0,22660.796875
0,2022-09-07,47500.0,25138.181640625
0,2022-09-07,48033.0,22668.96484375
0,2022-09-08,47500.0,25415.38671875
0,2022-09-08,48033.0,22676.64453125
0,2022-09-09,47500.0,25699.83203125
0,2022-09-09,48033.0,22683.791015625
0,2022-09-12,48333.0,25991.46484375
0,2022-09-12,47800.0,26917.390625
0,2022-09-13,47700.0,22701.146484375
0,2022-09-13,48233.0,22705.56640625
0,2022-09-14,47200.0,27253.62109375
0,2022-09-14,47733.0,22709.10546875
0,2022-09-15,47100.0,27595.89453125
0,2022-09-15,47633.0,22711.5234375
0,2022-09-16,47100.0,27944.55078125
0,2022-09-16,47633.0,22712.75
0,2022-09-19,47433.0,28303.0859375
0,2022-09-19,46900.0,29422.4296875
0,2022-09-20,46900.0,22707.0390625
0,2022-09-20,47433.0,22701.087890625
0,2022-09-21,47200.0,29807.8046875
0,2022-09-21,47733.0,22693.005859375
0,2022-09-22,47733.0,30197.30859375
0,2022-09-22,47200.0,30590.30078125
0,2022-09-23,47899.67,22682.18359375
0,2022-09-23,47400.0,30991.373046875
0,2022-09-26,47300.0,22668.599609375
0,2022-09-26,47333.0,22607.8515625
0,2022-09-27,46800.0,32232.728515625
0,2022-09-27,46933.0,22579.109375
0,2022-09-28,46400.0,32652.642578125
0,2022-09-28,47333.0,22545.50390625
0,2022-09-29,46800.0,33077.23046875
0,2022-09-29,46833.0,22506.6640625
0,2022-09-30,46500.0,33505.42578125
0,2022-09-30,46433.0,22462.09375
0,2022-10-03,46100.0,33943.08203125
0,2022-10-03,46833.0,22276.27734375
0,2022-10-04,46500.0,35273.9375
0,2022-10-04,46833.0,22191.80859375
0,2022-10-05,46500.0,35720.09765625
0,2022-10-05,46833.0,22094.97265625
0,2022-10-06,46833.0,36162.81640625
0,2022-10-06,46500.0,36609.00390625
0,2022-10-07,46500.0,21987.21875
0,2022-10-07,46733.0,21865.287109375
0,2022-10-10,46400.0,37057.65234375
0,2022-10-10,46767.0,21401.298828125
0,2022-10-11,46400.0,38406.27734375
0,2022-10-11,46967.0,21207.09375
0,2022-10-12,46600.0,38860.453125
0,2022-10-12,46467.0,20989.3203125
0,2022-10-13,45667.0,39315.19921875
0,2022-10-13,46100.0,39753.5703125
0,2022-10-14,45300.0,20746.20703125
0,2022-10-14,44867.0,20471.38671875
0,2022-10-17,44500.0,40186.74609375
0,2022-10-17,44867.0,19453.24609375
0,2022-10-18,44767.0,41429.21484375
0,2022-10-18,44400.0,41826.921875
0,2022-10-19,44767.0,19085.740234375
0,2022-10-19,44300.0,42211.89453125
0,2022-10-20,44300.0,18827.64453125
0,2022-10-20,44233.0,18811.626953125
0,2022-10-21,43900.0,42587.28125
0,2022-10-21,43533.0,18781.40234375
0,2022-10-24,43200.0,42951.63671875
0,2022-10-24,42933.0,19243.8671875
0,2022-10-25,42400.0,43986.22265625
0,2022-10-25,42833.0,19944.19140625
0,2022-10-26,42300.0,44314.85546875
0,2022-10-26,41433.0,20831.13671875
0,2022-10-27,40900.0,44631.03515625
0,2022-10-27,41567.0,21821.623046875
0,2022-10-28,41000.0,44935.82421875
0,2022-10-28,40933.0,22905.140625
0,2022-10-31,40400.0,45228.640625
0,2022-10-31,41033.0,26552.26171875
0,2022-11-01,40500.0,46097.8359375
0,2022-11-01,41033.0,27908.84375
0,2022-11-02,41433.0,46404.53515625
0,2022-11-02,40500.0,46736.234375
0,2022-11-03,40900.0,29354.291015625
0,2022-11-03,40733.0,30838.37109375
0,2022-11-04,40200.0,47091.59765625
0,2022-11-04,41233.0,32333.54296875
0,2022-11-07,40700.0,47486.97265625
0,2022-11-07,41233.0,36835.93359375
0,2022-11-08,40700.0,48850.87890625
0,2022-11-08,40433.0,38292.2421875
0,2022-11-09,40233.0,49344.78125
0,2022-11-09,39900.0,49835.953125
0,2022-11-10,39700.0,39701.63671875
0,2022-11-10,40433.0,41058.07421875
0,2022-11-11,39900.0,50322.609375
0,2022-11-11,40633.0,42330.64453125
0,2022-11-14,40033.0,50798.69140625
0,2022-11-14,40100.0,52180.07421875
0,2022-11-15,39533.0,45556.89453125
0,2022-11-15,39600.0,52628.36328125
0,2022-11-16,39100.0,46478.58203125
0,2022-11-16,39400.0,47364.125
0,2022-11-17,38900.0,53064.2734375
0,2022-11-17,39633.0,48398.85546875
0,2022-11-18,39200.0,53489.53515625
0,2022-11-18,39433.0,49742.22265625
0,2022-11-21,39000.0,53905.1640625
0,2022-11-21,39533.0,53928.6640625
0,2022-11-22,39100.0,55111.93359375
0,2022-11-22,40133.0,55168.71484375
0,2022-11-23,39700.0,55503.69140625
0,2022-11-23,39633.0,56362.58203125
0,2022-11-24,39200.0,55894.9375
0,2022-11-24,40133.0,57523.64453125
0,2022-11-25,39700.0,56282.22265625
0,2022-11-25,40433.0,58624.78515625
0,2022-11-28,40433.0,56661.125
0,2022-11-28,40000.0,57746.36328125
0,2022-11-29,40000.0,61651.03515625
0,2022-11-29,40633.0,62558.13671875
0,2022-11-30,40200.0,58089.97265625
0,2022-11-30,40933.0,63438.58203125
0,2022-12-01,40500.0,58428.41015625
0,2022-12-01,41033.0,64292.94921875
0,2022-12-02,40600.0,58761.5390625
0,2022-12-02,40933.0,65111.10546875
0,2022-12-05,40933.0,59088.58203125
0,2022-12-05,40500.0,60018.57421875
0,2022-12-06,40500.0,67308.9921875
0,2022-12-06,41133.0,67962.5703125
0,2022-12-07,40700.0,60315.16015625
0,2022-12-07,41433.0,68576.9921875
0,2022-12-08,40933.0,60608.671875
0,2022-12-08,41000.0,60894.01171875
0,2022-12-09,40633.0,69155.0390625
0,2022-12-09,40500.0,61170.6953125
0,2022-12-12,40000.0,69710.0546875
0,2022-12-12,41033.0,71209.0859375
0,2022-12-13,40400.0,61962.14453125
0,2022-12-13,40833.0,71653.7265625
0,2022-12-14,40200.0,62212.64453125
0,2022-12-14,40933.0,72074.6484375
0,2022-12-15,40300.0,62456.19140625
0,2022-12-15,41233.0,72476.71875
0,2022-12-16,40600.0,62692.203125
0,2022-12-16,40733.0,72860.4921875
0,2022-12-19,40100.0,62921.98046875
0,2022-12-19,40533.0,73966.1484375
0,2022-12-20,39900.0,63583.2578125
0,2022-12-20,40733.0,74319.2109375
0,2022-12-21,40100.0,63791.05078125
0,2022-12-21,40833.0,74661.3828125
0,2022-12-22,40300.0,63993.06640625
0,2022-12-22,40733.0,74987.3828125
0,2022-12-23,40633.0,64189.67578125
0,2022-12-23,40200.0,64380.05859375
0,2022-12-26,40100.0,75302.375
0,2022-12-26,40633.0,76189.203125
0,2022-12-27,40100.0,64915.78125
0,2022-12-27,40633.0,76461.7109375
0,2022-12-28,40100.0,65081.97265625
0,2022-12-28,40433.0,76721.9296875
0,2022-12-29,39900.0,65242.08984375
0,2022-12-29,39633.0,76972.1796875
0,2022-12-30,39133.0,65396.703125
0,2022-12-30,39100.0,65545.0703125
0,2023-01-02,38600.0,77215.5546875
0,2023-01-02,39133.0,77881.3046875
0,2023-01-03,38600.0,65956.3828125
0,2023-01-03,39933.0,78081.4296875
0,2023-01-04,40133.0,66080.796875
0,2023-01-04,39400.0,66197.984375
0,2023-01-05,39533.0,78272.75
0,2023-01-05,39600.0,66310.296875
0,2023-01-06,39000.0,78453.9453125
0,2023-01-06,39333.0,78626.5703125
0,2023-01-09,38900.0,66417.46875
0,2023-01-09,39733.0,79091.546875
0,2023-01-10,39300.0,66706.6484375
0,2023-01-10,39433.0,79227.15625
0,2023-01-11,39000.0,66792.4140625
0,2023-01-11,38933.0,79353.546875
0,2023-01-12,38500.0,66872.5859375
0,2023-01-12,39933.0,79473.0546875
0,2023-01-13,40933.0,66947.1328125
0,2023-01-13,39500.0,67015.796875
0,2023-01-16,40400.0,79586.3203125
0,2023-01-16,40933.0,79891.046875
0,2023-01-17,40400.0,67188.6640625
0,2023-01-17,40833.0,79979.5078125
0,2023-01-18,41033.0,67235.0234375
0,2023-01-18,40300.0,67275.8125
0,2023-01-19,41033.0,80061.4140625
0,2023-01-19,40500.0,67310.8984375
0,2023-01-20,40500.0,80136.7265625
0,2023-01-20,41133.0,80205.2890625
0,2023-01-23,40600.0,67340.2109375
0,2023-01-23,41033.0,80371.4765625
0,2023-01-24,40500.0,67394.0703125
0,2023-01-24,41033.0,80413.515625
0,2023-01-25,40500.0,67400.6796875
0,2023-01-25,41633.0,80448.6796875
0,2023-01-26,41933.0,67401.6015625
0,2023-01-26,41100.0,67396.84375
0,2023-01-27,41400.0,80476.921875
0,2023-01-27,42733.0,80498.2109375
0,2023-01-30,42200.0,67386.3203125
0,2023-01-30,42433.0,80520.2578125
0,2023-01-31,42433.0,67319.96875
0,2023-01-31,41900.0,67286.1484375
0,2023-02-01,41900.0,80513.296875
0,2023-02-01,43633.0,80499.1015625
0,2023-02-02,42900.0,67246.4921875
0,2023-02-02,43133.0,80477.5390625
0,2023-02-03,42800.0,67200.8359375
0,2023-02-03,42733.0,80448.4921875
0,2023-02-06,42400.0,67149.25
0,2023-02-06,43133.0,80316.578125
0,2023-02-07,42700.0,66958.28125
0,2023-02-07,43833.0,80257.3046875
0,2023-02-08,43400.0,66882.3515625
0,2023-02-08,43433.0,80190.375
0,2023-02-09,43833.0,66800.265625
0,2023-02-09,43000.0,66712.0546875
0,2023-02-10,43400.0,80115.4140625
0,2023-02-10,43933.0,80032.25
0,2023-02-13,43500.0,66617.3828125
0,2023-02-13,44333.0,79735.4296875
0,2023-02-14,44833.0,66296.296875
0,2023-02-14,43700.0,66177.1796875
0,2023-02-15,44833.0,79618.3046875
0,2023-02-15,44200.0,66051.828125
0,2023-02-16,44200.0,79491.0859375
0,2023-02-16,44833.0,79354.2890625
0,2023-02-17,44200.0,65919.3359375
0,2023-02-17,45633.0,79206.6953125
0,2023-02-20,44900.0,65779.7421875
0,2023-02-20,45833.0,78693.5390625
0,2023-02-21,45100.0,65322.24609375
0,2023-02-21,46233.0,78497.0546875
0,2023-02-22,47233.0,65155.72265625
0,2023-02-22,45300.0,64983.05859375
0,2023-02-23,46300.0,78287.109375
0,2023-02-23,47433.0,78063.4609375
0,2023-02-24,46800.0,64802.3203125
0,2023-02-24,47233.0,77823.015625
0,2023-02-27,47133.0,64613.11328125
0,2023-02-27,46800.0,64000.71875
0,2023-02-28,46700.0,77012.421875
0,2023-02-28,47833.0,76707.7578125
0,2023-03-01,47400.0,63782.83984375
0,2023-03-01,47833.0,76391.5703125
0,2023-03-02,47400.0,63558.93359375
0,2023-03-02,48200.0,76064.2421875
0,2023-03-03,47700.0,63329.82421875
0,2023-03-03,47933.0,75719.1640625
0,2023-03-06,47600.0,63091.35546875
0,2023-03-06,47733.0,74562.3984375
0,2023-03-07,47833.0,62330.59765625
0,2023-03-07,47400.0,62059.234375
0,2023-03-08,47500.0,74148.921875
0,2023-03-08,47933.0,73714.3359375
0,2023-03-09,47600.0,61778.6015625
0,2023-03-09,48133.0,73263.7890625
0,2023-03-10,47733.0,61490.72265625
0,2023-03-10,47800.0,61195.0546875
0,2023-03-13,47333.0,72797.2421875
0,2023-03-13,47400.0,60253.79296875
0,2023-03-14,47000.0,71273.9375
0,2023-03-14,46833.0,70716.2265625
0,2023-03-15,46500.0,59923.6015625
0,2023-03-15,46633.0,70121.328125
0,2023-03-16,46300.0,59584.29296875
0,2023-03-16,47133.0,69485.4140625
0,2023-03-17,46800.0,59234.79296875
0,2023-03-17,46333.0,68801.9921875
0,2023-03-20,46000.0,58872.7421875
0,2023-03-20,46733.0,66476.75
0,2023-03-21,46400.0,57745.73046875
0,2023-03-21,47333.0,65584.546875
0,2023-03-22,47000.0,57358.19140625
0,2023-03-22,47033.0,64631.80078125
0,2023-03-23,46700.0,56960.8359375
0,2023-03-23,47333.0,63629.87890625
0,2023-03-24,47000.0,56551.16015625
0,2023-03-24,48333.0,62569.94921875
0,2023-03-27,48000.0,56133.0234375
0,2023-03-27,48733.0,59034.00390625
0,2023-03-28,48400.0,54851.55859375
0,2023-03-28,48233.0,57739.55078125
0,2023-03-29,47900.0,54411.48046875
0,2023-03-29,47933.0,56382.39453125
0,2023-03-30,47600.0,53965.01171875
0,2023-03-30,47933.0,54952.52734375
0,2023-03-31,47600.0,53514.88671875
0,2023-03-31,48533.0,53432.84765625
0,2023-04-03,48200.0,53050.66796875
0,2023-04-03,48933.0,48565.66015625
0,2023-04-04,49333.0,51542.1015625
0,2023-04-04,48600.0,51013.3203125
0,2023-04-05,49000.0,47444.73046875
0,2023-04-05,49933.0,46419.57421875
0,2023-04-06,49600.0,50470.296875
0,2023-04-06,49933.0,45290.91796875
0,2023-04-07,49533.0,49915.546875
0,2023-04-07,49600.0,49353.17578125
0,2023-04-10,50333.0,44036.23046875
0,2023-04-10,49200.0,47750.10546875
0,2023-04-11,50000.0,39418.42578125
0,2023-04-11,50333.0,37643.46875
0,2023-04-12,50000.0,47296.50390625
0,2023-04-12,51033.0,35786.40234375
0,2023-04-13,50700.0,46880.19921875
0,2023-04-13,50633.0,33913.91796875
0,2023-04-14,50200.0,46503.359375
0,2023-04-14,50333.0,32101.365234375
0,2023-04-17,50333.0,46156.78515625
0,2023-04-17,49900.0,45180.94921875
0,2023-04-18,49900.0,26973.8515625
0,2023-04-18,50933.0,25474.0703125
0,2023-04-19,50500.0,44843.4609375
0,2023-04-19,51033.0,24064.4765625
0,2023-04-20,50833.0,44487.34765625
0,2023-04-20,50600.0,44113.98046875
0,2023-04-21,50933.0,22736.189453125
0,2023-04-21,50400.0,43725.08984375
0,2023-04-24,50500.0,21514.91796875
0,2023-04-24,51633.0,18928.26171875
0,2023-04-25,51200.0,42490.2578125
0,2023-04-25,51533.0,18948.263671875
0,2023-04-26,51100.0,42046.49609375
0,2023-04-26,51533.0,18991.78125
0,2023-04-27,51000.0,41592.00390625
0,2023-04-27,51433.0,19000.17578125
0,2023-04-28,50900.0,41129.13671875
0,2023-04-28,51433.0,19212.69921875
0,2023-05-01,51433.0,40654.68359375
0,2023-05-01,50900.0,39186.30078125
0,2023-05-02,50900.0,20455.77734375
0,2023-05-02,51633.0,20789.00390625
0,2023-05-03,51100.0,38689.57421875
0,2023-05-03,52533.0,21080.14453125
0,2023-05-04,52333.0,38194.74609375
0,2023-05-04,51800.0,37691.97265625
0,2023-05-05,53833.0,21333.26171875
0,2023-05-05,51600.0,37190.69921875
0,2023-05-08,53200.0,21553.73828125
0,2023-05-08,53833.0,22061.203125
0,2023-05-09,53200.0,35746.63671875
0,2023-05-09,53733.0,22185.2578125
0,2023-05-10,53100.0,35265.61328125
0,2023-05-10,54333.0,22289.8984375
0,2023-05-11,53800.0,34785.73046875
0,2023-05-11,53133.0,22378.89453125
0,2023-05-12,55233.0,34306.0234375
0,2023-05-12,52800.0,33823.83984375
0,2023-05-15,54900.0,22454.802734375
0,2023-05-15,56233.0,22614.640625
0,2023-05-16,55900.0,32417.9140625
0,2023-05-16,56233.0,22649.857421875
0,2023-05-17,57433.0,31957.85546875
0,2023-05-17,55900.0,31510.712890625
0,2023-05-18,57000.0,22678.63671875
0,2023-05-19,57500.0,22702.7578125
0,2023-05-22,59500.0,22720.9375
0,2023-05-22,59333.0,22752.154296875
0,2023-05-23,60700.0,29367.142578125
0,2023-05-23,61033.0,22756.25
0,2023-05-24,59900.0,28959.58203125
0,2023-05-24,60233.0,22757.943359375
0,2023-05-26,60000.0,28560.609375
0,2023-05-26,60450.0,22754.76171875
0,2023-05-29,61033.0,27792.58203125
0,2023-05-29,60500.0,26726.822265625
0,2023-05-30,60500.0,22737.39453125
0,2023-05-30,61033.0,22728.984375
0,2023-05-31,60100.0,26401.078125
0,2023-05-31,60633.0,22719.38671875
0,2023-06-01,60633.0,26081.5703125
0,2023-06-01,60100.0,25768.91796875
0,2023-06-02,61333.0,22708.8984375
0,2023-06-02,60800.0,25465.06640625
0,2023-06-05,60700.0,22697.736328125
0,2023-06-05,61133.0,22661.40625
0,2023-06-06,61200.0,24597.17578125
0,2023-06-06,61633.0,22648.66015625
0,2023-06-07,61300.0,24324.3828125
0,2023-06-07,61733.0,22635.734375
0,2023-06-08,62300.0,24059.6171875
0,2023-06-08,62733.0,22622.65625
0,2023-06-09,64500.0,23802.34375
0,2023-06-09,65033.0,22609.490234375
0,2023-06-12,64400.0,23552.01953125
0,2023-06-12,64600.0,22570.65625
0,2023-06-12,64533.0,22673.853515625
0,2023-06-12,65050.0,21876.2890625
0,2023-06-12,64933.0,18578.92578125
0,2023-06-13,64650.0,22841.20703125
0,2023-06-13,64533.0,18631.462890625
0,2023-06-13,64200.0,22620.08984375
0,2023-06-13,64133.0,22675.263671875
0,2023-06-13,64000.0,21912.859375
0,2023-06-14,64200.0,22557.876953125
0,2023-06-14,64700.0,22545.501953125
0,2023-06-14,64467.0,22676.1484375
0,2023-06-14,64850.0,21947.365234375
0,2023-06-14,64733.0,18697.1484375
0,2023-06-15,64833.0,22406.75
0,2023-06-15,64950.0,22200.80078125
0,2023-06-15,64800.0,18769.6875
0,2023-06-15,64300.0,22676.55078125
0,2023-06-15,64567.0,22533.30859375
0,2023-06-16,66100.0,21978.796875
0,2023-06-16,66600.0,22521.341796875
0,2023-06-16,66367.0,22676.568359375
0,2023-06-16,66750.0,22008.119140625
0,2023-06-16,66633.0,18855.296875
0,2023-06-19,66433.0,22002.84375
0,2023-06-19,66650.0,21460.197265625
0,2023-06-19,66133.0,19096.6953125
0,2023-06-19,66000.0,22084.892578125
0,2023-06-19,66000.0,22487.060546875
0,2023-06-20,66500.0,22674.734375
0,2023-06-20,66600.0,22476.26953125
0,2023-06-20,66633.0,22673.576171875
0,2023-06-20,67150.0,22106.857421875
0,2023-06-20,66933.0,19168.408203125
0,2023-06-21,66100.0,21295.58984375
0,2023-06-21,66750.0,21141.591796875
0,2023-06-21,66300.0,19240.8203125
0,2023-06-21,66100.0,22672.1875
0,2023-06-21,66233.0,22465.71875
0,2023-06-22,65500.0,22127.39453125
0,2023-06-22,65700.0,22455.294921875
0,2023-06-22,65633.0,22670.6328125
0,2023-06-22,66150.0,22146.5546875
0,2023-06-22,65933.0,19312.845703125
0,2023-06-23,66233.0,20995.12890625
0,2023-06-23,66450.0,20854.54296875
0,2023-06-23,65800.0,19380.798828125
0,2023-06-23,66000.0,22445.056640625
0,2023-06-23,65933.0,22668.9296875
0,2023-06-26,65700.0,22164.37890625
0,2023-06-26,65633.0,22663.3125
0,2023-06-26,66150.0,22210.33203125
0,2023-06-26,65833.0,19559.095703125
0,2023-06-26,65500.0,20467.9921875
0,2023-06-27,66000.0,22416.427734375
0,2023-06-27,66100.0,22407.615234375
0,2023-06-27,66033.0,22661.36328125
0,2023-06-27,66550.0,22222.865234375
0,2023-06-27,66333.0,19611.330078125
0,2023-06-28,66300.0,20352.203125
0,2023-06-28,66400.0,22399.390625
0,2023-06-28,66333.0,22659.375
0,2023-06-28,66750.0,22234.498046875
0,2023-06-28,66533.0,19660.25390625
0,2023-06-29,65950.0,20241.36328125
0,2023-06-29,65733.0,19705.96484375
0,2023-06-29,65700.0,20138.2734375
0,2023-06-29,65600.0,22657.38671875
0,2023-06-29,65633.0,22391.568359375
0,2023-06-30,65100.0,22245.27734375
0,2023-06-30,65200.0,22384.189453125
0,2023-06-30,65133.0,22655.41796875
0,2023-06-30,65450.0,22255.25
0,2023-06-30,65233.0,19748.640625
0,2023-07-03,64433.0,20042.294921875
0,2023-07-03,64650.0,19788.8828125
0,2023-07-03,64333.0,19858.623046875
0,2023-07-03,64200.0,22280.73828125
0,2023-07-03,64400.0,22364.69921875
0,2023-07-04,64800.0,22649.7734375
0,2023-07-04,65000.0,22358.974609375
0,2023-07-04,64933.0,22648.046875
0,2023-07-04,65350.0,22287.91796875
0,2023-07-04,65133.0,19889.04296875
0,2023-07-05,65033.0,19714.53125
0,2023-07-05,65250.0,19645.724609375
0,2023-07-05,64900.0,19916.04296875
0,2023-07-05,64700.0,22646.416015625
0,2023-07-05,64833.0,22353.640625
0,2023-07-06,64500.0,22294.435546875
0,2023-07-06,64700.0,22348.56640625
0,2023-07-06,64633.0,22644.853515625
0,2023-07-06,65050.0,22300.28515625
0,2023-07-06,64833.0,19940.591796875
0,2023-07-07,64733.0,19582.8046875
0,2023-07-07,64950.0,19525.349609375
0,2023-07-07,64600.0,19962.79296875
0,2023-07-07,64500.0,22643.3984375
0,2023-07-07,64533.0,22343.76953125
0,2023-07-10,66300.0,22305.517578125
0,2023-07-10,66400.0,22331.78515625
0,2023-07-10,66333.0,22639.62109375
0,2023-07-10,66750.0,22317.693359375
0,2023-07-10,66633.0,20015.7421875
0,2023-07-11,65933.0,19390.1015625
0,2023-07-11,66050.0,19354.37109375
0,2023-07-11,65700.0,20028.98046875
0,2023-07-11,65700.0,22328.58984375
0,2023-07-11,65733.0,22638.5859375
0,2023-07-12,65600.0,22320.62109375
0,2023-07-12,65600.0,22325.80078125
0,2023-07-12,65633.0,22637.607421875
0,2023-07-12,65950.0,22322.984375
0,2023-07-12,65833.0,20040.08203125
0,2023-07-13,64700.0,19323.033203125
0,2023-07-13,65100.0,22323.40625
0,2023-07-13,65033.0,22636.74609375
0,2023-07-13,65350.0,22324.826171875
0,2023-07-13,65233.0,20049.080078125
0,2023-07-14,65033.0,19296.375
0,2023-07-14,65250.0,19273.59765625
0,2023-07-14,64900.0,20055.9921875
0,2023-07-14,64600.0,22636.01953125
0,2023-07-14,64833.0,22321.41015625
0,2023-07-17,64900.0,22326.142578125
0,2023-07-17,65200.0,22317.828125
0,2023-07-17,65133.0,22634.578125
0,2023-07-17,65550.0,22327.009765625
0,2023-07-17,65333.0,20064.427734375
0,2023-07-18,65533.0,19227.44140625
0,2023-07-18,65750.0,19219.42578125
0,2023-07-18,65333.0,20063.15625
0,2023-07-18,65400.0,22326.291015625
0,2023-07-18,65100.0,22634.359375
0,2023-07-19,64800.0,22317.43359375
0,2023-07-19,65200.0,22317.423828125
0,2023-07-19,65133.0,22634.265625
0,2023-07-19,65550.0,22325.0625
0,2023-07-19,65333.0,20059.87109375
0,2023-07-20,66633.0,19215.06640625
0,2023-07-20,66850.0,19214.3515625
0,2023-07-20,66433.0,20054.587890625
0,2023-07-20,66500.0,22323.3359375
0,2023-07-20,66100.0,22634.294921875
0,2023-07-21,65300.0,22317.78125
0,2023-07-21,65300.0,22318.5390625
0,2023-07-21,65233.0,22634.4453125
0,2023-07-21,65650.0,22321.099609375
0,2023-07-21,65433.0,20047.30078125
0,2023-07-24,66633.0,19217.2578125
0,2023-07-24,66950.0,19247.64453125
0,2023-07-24,66500.0,20013.2578125
0,2023-07-24,66200.0,22635.62109375
0,2023-07-24,66433.0,22323.0234375
0,2023-07-25,67000.0,22311.30859375
0,2023-07-25,67300.0,22325.251953125
0,2023-07-25,67233.0,22636.232421875
0,2023-07-25,67650.0,22307.001953125
0,2023-07-25,67433.0,19997.84765625
0,2023-07-26,66833.0,19264.96875
0,2023-07-26,67050.0,19285.876953125
0,2023-07-26,66400.0,19980.34765625
0,2023-07-26,66700.0,22327.837890625
0,2023-07-26,66733.0,22636.9375
0,2023-07-27,66700.0,22302.142578125
0,2023-07-27,66500.0,22330.78515625
0,2023-07-27,67033.0,22637.75390625
0,2023-07-27,67350.0,22296.73828125
0,2023-07-27,67133.0,19960.755859375
0,2023-07-28,67533.0,19310.5390625
0,2023-07-28,67750.0,19340.28125
0,2023-07-28,67400.0,19939.033203125
0,2023-07-28,67100.0,22638.69921875
0,2023-07-28,67433.0,22334.08984375
0,2023-07-31,67100.0,22290.751953125
0,2023-07-31,67400.0,22346.076171875
0,2023-07-31,67433.0,22642.068359375
0,2023-07-31,67750.0,22269.25
0,2023-07-31,67533.0,19860.66796875
0,2023-08-01,66833.0,19457.115234375
0,2023-08-01,67050.0,19505.9453125
0,2023-08-01,66400.0,19829.3984375
0,2023-08-01,66800.0,22350.7421875
0,2023-08-01,66733.0,22643.34765625
0,2023-08-02,66900.0,22260.837890625
0,2023-08-02,67400.0,22355.75
0,2023-08-02,67333.0,22644.6640625
0,2023-08-02,67850.0,22251.77734375
0,2023-08-02,67633.0,19795.5390625
0,2023-08-03,66600.0,19561.296875
0,2023-08-03,67000.0,22361.06640625
0,2023-08-03,66933.0,22646.041015625
0,2023-08-03,67550.0,22242.0390625
0,2023-08-03,67233.0,19759.248046875
0,2023-08-04,66733.0,19621.55859375
0,2023-08-04,67000.0,19686.4609375
0,2023-08-04,66400.0,19720.53125
0,2023-08-04,66100.0,22647.455078125
0,2023-08-04,66333.0,22366.716796875
0,2023-08-07,66400.0,22231.609375
0,2023-08-07,66733.0,22651.65625
0,2023-08-07,66100.0,19911.8125
0,2023-08-07,66333.0,22385.51953125
0,2023-08-07,67000.0,22195.794921875
0,2023-08-08,67400.0,19589.05078125
0,2023-08-08,67333.0,22652.9921875
0,2023-08-08,68000.0,22182.23046875
0,2023-08-08,67733.0,19539.46875
0,2023-08-08,67100.0,19996.765625
0,2023-08-09,68000.0,22392.38671875
0,2023-08-09,67733.0,19487.0390625
0,2023-08-09,67300.0,20086.875
0,2023-08-09,67200.0,22654.27734375
0,2023-08-09,67333.0,22399.49609375
0,2023-08-10,67000.0,22167.79296875
0,2023-08-10,67200.0,22406.912109375
0,2023-08-10,67133.0,22655.48828125
0,2023-08-10,67800.0,22152.455078125
0,2023-08-10,67533.0,19431.677734375
0,2023-08-11,67433.0,20183.12109375
0,2023-08-11,67650.0,20286.0546875
0,2023-08-11,67000.0,19372.953125
0,2023-08-11,66933.0,22656.603515625
0,2023-08-11,66900.0,22135.982421875
0,2023-08-14,66600.0,22414.5859375
0,2023-08-14,66700.0,22439.05859375
0,2023-08-14,66633.0,22659.162109375
0,2023-08-14,67450.0,22078.65234375
0,2023-08-14,67233.0,19176.5546875
0,2023-08-15,65000.0,20629.3125
0,2023-08-15,65200.0,22447.677734375
0,2023-08-15,65133.0,22659.673828125
0,2023-08-15,65800.0,22056.96484375
0,2023-08-15,65533.0,19110.859375
0,2023-08-16,65800.0,20755.591796875
0,2023-08-16,65533.0,19041.71875
0,2023-08-16,65133.0,20887.2734375
0,2023-08-16,65000.0,22033.9921875
0,2023-08-16,65200.0,22456.4453125
0,2023-08-17,64100.0,22659.98046875
0,2023-08-17,64033.0,22660.04296875
0,2023-08-17,64650.0,22009.67578125
0,2023-08-17,64433.0,18968.27734375
0,2023-08-17,63900.0,21024.54296875
0,2023-08-18,64850.0,22465.435546875
0,2023-08-18,64633.0,18890.97265625
0,2023-08-18,64300.0,21166.796875
0,2023-08-18,64100.0,22659.83984375
0,2023-08-18,64233.0,22474.7109375
0,2023-08-21,63600.0,21983.92578125
0,2023-08-21,63600.0,22503.48046875
0,2023-08-21,63633.0,22657.23828125
0,2023-08-21,64350.0,21897.05078125
0,2023-08-21,64233.0,18666.21875
0,2023-08-22,64333.0,21633.376953125
0,2023-08-22,64550.0,21803.623046875
0,2023-08-22,63700.0,18604.203125
0,2023-08-22,63733.0,22655.5546875
0,2023-08-22,63700.0,21864.875
0,2023-08-23,64100.0,22513.30859375
0,2023-08-23,64000.0,22523.21484375
0,2023-08-23,64133.0,22653.33203125
0,2023-08-23,64950.0,21831.314453125
0,2023-08-23,64733.0,18556.6171875
0,2023-08-24,64400.0,21981.98828125
0,2023-08-24,64400.0,22533.2421875
0,2023-08-24,64433.0,22650.625
0,2023-08-24,65250.0,21795.908203125
0,2023-08-24,65033.0,18526.63671875
0,2023-08-25,65133.0,22165.041015625
0,2023-08-25,65350.0,22355.783203125
0,2023-08-25,64500.0,18521.484375
0,2023-08-25,64533.0,22647.3671875
0,2023-08-25,64500.0,21758.5703125
0,2023-08-28,64900.0,22543.423828125
0,2023-08-28,65000.0,22574.177734375
0,2023-08-28,65033.0,22633.86328125
0,2023-08-28,65750.0,21633.546875
0,2023-08-28,65533.0,18504.140625
0,2023-08-29,65633.0,22965.65234375
0,2023-08-29,65850.0,23181.59765625
0,2023-08-29,65200.0,18495.2890625
0,2023-08-29,65000.0,22627.935546875
0,2023-08-29,65233.0,22584.4453125
0,2023-08-30,65100.0,21587.2421875
0,2023-08-30,65300.0,22594.62109375
0,2023-08-30,65333.0,22621.16015625
0,2023-08-30,65950.0,21538.400390625
0,2023-08-30,65733.0,18484.6484375
0,2023-08-31,66533.0,23404.3125
0,2023-08-31,66650.0,23633.51171875
0,2023-08-31,65800.0,18472.1875
0,2023-08-31,66100.0,22604.6796875
0,2023-08-31,66133.0,22613.44140625
0,2023-09-01,65800.0,21486.97265625
0,2023-09-01,66100.0,22614.59375
0,2023-09-01,66133.0,22604.77734375
0,2023-09-01,66650.0,21432.783203125
0,2023-09-01,66533.0,18457.69921875
0,2023-09-04,65700.0,23868.494140625
0,2023-09-04,66000.0,22643.28125
0,2023-09-04,65933.0,22571.515625
0,2023-09-04,66550.0,21251.7578125
0,2023-09-04,66333.0,18400.28125
0,2023-09-05,66650.0,24610.84375
0,2023-09-05,66433.0,18375.75
0,2023-09-05,66100.0,24870.11328125
0,2023-09-05,66033.0,22557.7421875
0,2023-09-05,65800.0,21184.21484375
0,2023-09-06,65933.0,22652.224609375
0,2023-09-06,66150.0,25138.181640625
0,2023-09-06,65300.0,18359.328125
0,2023-09-06,65600.0,22660.796875
0,2023-09-06,65533.0,22542.51953125
0,2023-09-07,65300.0,21112.53125
0,2023-09-07,65700.0,22668.96484375
0,2023-09-07,65633.0,22525.607421875
0,2023-09-07,66250.0,21035.453125
0,2023-09-07,66033.0,18382.91015625
0,2023-09-08,64500.0,25415.38671875
0,2023-09-08,64900.0,22676.64453125
0,2023-09-08,64833.0,22506.8671875
0,2023-09-08,65450.0,20952.033203125
0,2023-09-08,65233.0,18470.734375
0,2023-09-11,65233.0,25699.83203125
0,2023-09-11,65450.0,26601.4375
0,2023-09-11,64833.0,18968.78515625
0,2023-09-11,64900.0,20671.3046875
0,2023-09-11,64500.0,22437.572265625
0,2023-09-12,65233.0,22696.078125
0,2023-09-12,65450.0,26917.390625
0,2023-09-12,64500.0,19173.052734375
0,2023-09-12,64900.0,22701.146484375
0,2023-09-12,64833.0,22409.98046875
0,2023-09-13,65100.0,20566.556640625
0,2023-09-13,65500.0,22705.56640625
0,2023-09-13,65950.0,22379.998046875
0,2023-09-13,65867.0,19385.6171875
0,2023-09-13,65433.0,27253.62109375
0,2023-09-14,65600.0,20455.9296875
0,2023-09-14,66000.0,22709.10546875
0,2023-09-14,65933.0,22347.306640625
0,2023-09-14,66450.0,20339.134765625
0,2023-09-14,66233.0,19628.201171875
0,2023-09-15,66533.0,27595.89453125
0,2023-09-15,66850.0,27944.55078125
0,2023-09-15,66400.0,19893.634765625
0,2023-09-15,66333.0,22311.2578125
0,2023-09-15,65900.0,20214.43359375
0,2023-09-18,67733.0,22711.5234375
0,2023-09-18,68150.0,29044.44140625
0,2023-09-18,67200.0,20768.318359375
0,2023-09-18,67600.0,22710.7421875
0,2023-09-18,67533.0,22183.46875
0,2023-09-19,67900.0,19775.875
0,2023-09-19,67833.0,22133.4296875
0,2023-09-19,68450.0,19613.30859375
0,2023-09-19,68033.0,21087.234375
0,2023-09-19,67500.0,29422.4296875
0,2023-09-20,68050.0,22707.0390625
0,2023-09-20,67833.0,21422.5625
0,2023-09-20,67700.0,29807.8046875
0,2023-09-20,67300.0,22079.22265625
0,2023-09-20,67633.0,22701.087890625
0,2023-09-21,66800.0,19439.560546875
0,2023-09-21,67200.0,22693.005859375
0,2023-09-21,67133.0,22019.048828125
0,2023-09-21,67550.0,19253.048828125
0,2023-09-21,67333.0,21774.44921875
0,2023-09-22,67333.0,30197.30859375
0,2023-09-22,67550.0,30590.30078125
0,2023-09-22,67200.0,22136.412109375
0,2023-09-22,67133.0,21950.9921875
0,2023-09-22,66800.0,19074.5703125
0,2023-09-25,66100.0,22682.18359375
0,2023-09-25,66400.0,22632.033203125
0,2023-09-25,66333.0,21708.2109375
0,2023-09-25,66750.0,18617.669921875
0,2023-09-25,66533.0,23272.1875
0,2023-09-26,65800.0,31815.107421875
0,2023-09-26,66100.0,22607.8515625
0,2023-09-26,66033.0,21611.130859375
0,2023-09-26,66450.0,18599.53515625
0,2023-09-26,66233.0,23670.73046875
0,2023-09-27,66750.0,32232.728515625
0,2023-09-27,66533.0,24077.52734375
0,2023-09-27,66333.0,32652.642578125
0,2023-09-27,66100.0,18589.30078125
0,2023-09-27,66400.0,22579.109375
0,2023-09-28,66100.0,21505.05859375
0,2023-09-28,66400.0,22545.50390625
0,2023-09-28,66333.0,21388.953125
0,2023-09-28,66750.0,18572.85546875
0,2023-09-28,66533.0,24492.87109375
0,2023-09-29,66533.0,33077.23046875
0,2023-09-29,66750.0,33505.42578125
0,2023-09-29,66400.0,24918.7421875
0,2023-09-29,66000.0,21263.16015625
0,2023-09-29,66400.0,22506.6640625
0,2023-10-02,66100.0,18549.17578125
0,2023-10-02,66400.0,22349.390625
0,2023-10-02,66333.0,20817.302734375
0,2023-10-02,66750.0,18444.283203125
0,2023-10-02,66533.0,26280.974609375
0,2023-10-03,66533.0,34828.97265625
0,2023-10-03,66750.0,35273.9375
0,2023-10-03,66000.0,26754.8828125
0,2023-10-03,66400.0,22276.27734375
0,2023-10-03,66333.0,20641.421875
0,2023-10-04,64800.0,18537.005859375
0,2023-10-04,65200.0,22191.80859375
0,2023-10-04,65133.0,20450.58984375
0,2023-10-04,65550.0,18785.44921875
0,2023-10-04,65333.0,27247.02734375
0,2023-10-05,64800.0,35720.09765625
0,2023-10-05,65200.0,22094.97265625
0,2023-10-05,65133.0,20244.73828125
0,2023-10-05,65550.0,19107.47265625
0,2023-10-05,65333.0,27764.546875
0,2023-10-06,64433.0,36162.81640625
0,2023-10-06,64550.0,36609.00390625
0,2023-10-06,64300.0,28291.15625
0,2023-10-06,64333.0,20025.197265625
0,2023-10-06,64000.0,19456.94140625
0,2023-10-09,63700.0,21987.21875
0,2023-10-09,64000.0,21574.580078125
0,2023-10-09,64033.0,19254.501953125
0,2023-10-09,64250.0,20812.51953125
0,2023-10-09,64167.0,29932.818359375
0,2023-10-10,64167.0,37956.515625
0,2023-10-10,64250.0,38406.27734375
0,2023-10-10,64000.0,30484.29296875
0,2023-10-10,63700.0,18976.05078125
0,2023-10-10,64033.0,21401.298828125
0,2023-10-11,63400.0,21329.74609375
0,2023-10-11,63800.0,21207.09375
0,2023-10-11,63733.0,18745.88671875
0,2023-10-11,63950.0,21870.01953125
0,2023-10-11,63833.0,31045.171875
0,2023-10-12,63833.0,38860.453125
0,2023-10-12,63950.0,39315.19921875
0,2023-10-12,63400.0,31613.37109375
0,2023-10-12,63800.0,20989.3203125
0,2023-10-12,63733.0,18680.23828125
0,2023-10-13,62900.0,22435.625
0,2023-10-13,63300.0,20746.20703125
0,2023-10-13,63233.0,18665.328125
0,2023-10-13,63450.0,23013.28515625
0,2023-10-13,63333.0,32184.99609375
0,2023-10-16,63200.0,39753.5703125
0,2023-10-16,63600.0,19823.845703125
0,2023-10-16,63533.0,18538.1171875
0,2023-10-16,63750.0,24832.46875
0,2023-10-16,63633.0,33877.29296875
0,2023-10-17,63950.0,41022.62109375
0,2023-10-17,63833.0,34460.953125
0,2023-10-17,63800.0,41429.21484375
0,2023-10-17,63733.0,18656.544921875
0,2023-10-17,63400.0,25470.76953125
0,2023-10-18,64033.0,19453.24609375
0,2023-10-18,64150.0,41826.921875
0,2023-10-18,63600.0,35045.98046875
0,2023-10-18,63900.0,19085.740234375
0,2023-10-18,63933.0,19052.658203125
0,2023-10-19,56400.0,26128.890625
0,2023-10-19,57000.0,18827.64453125
0,2023-10-19,56933.0,19538.8515625
0,2023-10-19,56950.0,26803.2265625
0,2023-10-19,57133.0,35631.3984375
0,2023-10-20,57400.0,42211.89453125
0,2023-10-20,58000.0,18811.626953125
0,2023-10-20,57933.0,20126.23046875
0,2023-10-20,57950.0,27501.244140625
0,2023-10-20,58133.0,36220.72265625
0,2023-10-23,59833.0,42587.28125
0,2023-10-23,59650.0,43648.6015625
0,2023-10-23,59567.0,37994.4375
0,2023-10-23,59600.0,29755.748046875
0,2023-10-23,59100.0,22244.8203125
0,2023-10-24,61233.0,18742.52734375
0,2023-10-24,60400.0,43986.22265625
0,2023-10-24,60966.5,19243.8671875
0,2023-10-24,61050.0,30540.90234375
0,2023-10-25,60200.0,38582.86328125
0,2023-10-25,60766.5,19944.19140625
0,2023-10-25,60750.0,31345.0234375
0,2023-10-25,60933.0,39159.0546875
0,2023-10-26,59400.0,44314.85546875
0,2023-10-26,60066.5,20831.13671875
0,2023-10-26,60150.0,32162.736328125
0,2023-10-26,60133.0,39730.97265625
0,2023-10-27,59733.0,44631.03515625
0,2023-10-27,59000.0,44935.82421875
0,2023-10-27,59666.5,21821.623046875
0,2023-10-27,59650.0,32989.05078125
0,2023-10-30,59433.0,40298.3125
0,2023-10-30,59450.0,45801.64453125
0,2023-10-30,58700.0,41917.08203125
0,2023-10-30,59400.0,25277.2890625
0,2023-10-30,59433.0,28554.8046875
0,2023-10-31,58500.0,35458.94140625
0,2023-10-31,58533.0,29618.0546875
0,2023-10-31,57800.0,46097.8359375
0,2023-10-31,58533.0,26552.26171875
0,2023-10-31,58550.0,36273.05078125
0,2023-11-01,59500.0,42422.61328125
0,2023-11-01,59533.0,30698.35546875
0,2023-11-01,59550.0,37078.265625
0,2023-11-01,59533.0,42905.3671875
0,2023-11-01,58800.0,46404.53515625
0,2023-11-02,57600.0,27908.84375
0,2023-11-02,57733.0,43360.85546875
0,2023-11-02,57600.0,46736.234375
0,2023-11-02,56900.0,31784.015625
0,2023-11-02,57633.0,29354.291015625
0,2023-11-03,57000.0,37875.62890625
0,2023-11-03,57700.0,30838.37109375
0,2023-11-03,57733.0,32868.94140625
0,2023-11-03,57700.0,38651.04296875
0,2023-11-03,57833.0,43800.60546875
0,2023-11-06,58133.0,47091.59765625
0,2023-11-06,57950.0,48378.66015625
0,2023-11-06,57900.0,45013.46875
0,2023-11-06,57933.0,36125.66015625
0,2023-11-06,57200.0,40909.80078125
0,2023-11-07,57600.0,35341.7265625
0,2023-11-07,58400.0,36835.93359375
0,2023-11-07,58333.0,37192.5703125
0,2023-11-07,58350.0,41621.94921875
0,2023-11-07,58533.0,45379.92578125
0,2023-11-08,56700.0,48850.87890625
0,2023-11-08,57200.0,38292.2421875
0,2023-11-08,57233.0,38250.80859375
0,2023-11-08,57250.0,42308.55859375
0,2023-11-08,57333.0,45735.07421875
0,2023-11-09,57850.0,49344.78125
0,2023-11-09,57933.0,46086.60546875
0,2023-11-09,57833.0,49835.953125
0,2023-11-09,56700.0,42965.25
0,2023-11-09,57800.0,39701.63671875
0,2023-11-10,57800.0,39282.30859375
0,2023-11-10,58300.0,41058.07421875
0,2023-11-10,58333.0,40278.484375
0,2023-11-10,58350.0,43573.26171875
0,2023-11-10,58433.0,46456.4453125
0,2023-11-13,58233.0,50322.609375
0,2023-11-13,58150.0,51720.97265625
0,2023-11-13,58100.0,47789.42578125
0,2023-11-13,57600.0,42978.9453125
0,2023-11-13,58133.0,44564.28125
0,2023-11-14,58700.0,45195.19921875
0,2023-11-14,59100.0,45556.89453125
0,2023-11-14,59133.0,43782.49609375
0,2023-11-14,59250.0,45679.27734375
0,2023-11-14,59333.0,48342.08984375
0,2023-11-15,59133.0,52180.07421875
0,2023-11-15,59050.0,52628.36328125
0,2023-11-15,58500.0,48929.69921875
0,2023-11-15,59000.0,46478.58203125
0,2023-11-15,58933.0,44528.29296875
0,2023-11-16,59300.0,46148.91015625
0,2023-11-16,59800.0,47364.125
0,2023-11-16,59733.0,45222.73046875
0,2023-11-16,59850.0,46629.8515625
0,2023-11-16,59933.0,49537.35546875
0,2023-11-17,59500.0,53064.2734375
0,2023-11-17,60000.0,48398.85546875
0,2023-11-17,59933.0,45880.15234375
0,2023-11-17,60050.0,47156.34765625
0,2023-11-17,60133.0,50143.828125
0,2023-11-20,57733.0,53489.53515625
0,2023-11-20,57450.0,54716.5859375
0,2023-11-20,57500.0,51884.31640625
0,2023-11-20,57100.0,47954.18359375
0,2023-11-20,57433.0,52621.1015625
0,2023-11-21,57600.0,49251.84765625
0,2023-11-21,58000.0,53928.6640625
0,2023-11-21,57933.0,48907.5234375
0,2023-11-21,57950.0,50057.49609375
0,2023-11-21,58233.0,52433.12109375
0,2023-11-22,57100.0,55111.93359375
0,2023-11-22,57500.0,55168.71484375
0,2023-11-22,57433.0,49970.87890625
0,2023-11-22,57450.0,50836.68359375
0,2023-11-22,57733.0,52974.640625
0,2023-11-23,57650.0,55503.69140625
0,2023-11-23,57833.0,53494.25
0,2023-11-23,57700.0,55894.9375
0,2023-11-23,57200.0,51028.453125
0,2023-11-23,57633.0,56362.58203125
0,2023-11-24,57000.0,51594.34765625
0,2023-11-24,57500.0,57523.64453125
0,2023-11-24,57433.0,52024.39453125
0,2023-11-24,57450.0,52327.26171875
0,2023-11-24,57633.0,53991.92578125
0,2023-11-27,58433.0,56282.22265625
0,2023-11-27,58250.0,57393.4140625
0,2023-11-27,58133.0,55431.68359375
0,2023-11-27,57700.0,54341.0078125
0,2023-11-27,58200.0,60683.08984375
0,2023-11-28,57700.0,54717.51171875
0,2023-11-28,58200.0,61651.03515625
0,2023-11-28,58133.0,55531.51171875
0,2023-11-28,58250.0,54967.6171875
0,2023-11-28,58433.0,55905.29296875
0,2023-11-29,58750.0,57746.36328125
0,2023-11-29,58833.0,56377.39453125
0,2023-11-29,58700.0,58089.97265625
0,2023-11-29,58633.0,56338.62890625
0,2023-11-29,57800.0,55582.01953125
0,2023-11-30,57800.0,62558.13671875
0,2023-11-30,58600.0,63438.58203125
0,2023-11-30,58600.0,57158.30859375
0,2023-11-30,59450.0,56189.85546875
0,2023-11-30,58833.0,56838.94140625
0,2023-12-01,59633.0,58428.41015625
0,2023-12-01,58750.0,58761.5390625
0,2023-12-01,59400.0,57289.5859375
0,2023-12-01,58600.0,57958.90625
0,2023-12-01,59467.0,64292.94921875
0,2023-12-04,58500.0,56792.2265625
0,2023-12-04,59300.0,66627.71875
0,2023-12-04,59233.0,60230.640625
0,2023-12-04,59450.0,58521.98046875
0,2023-12-04,59433.0,58592.54296875
0,2023-12-05,59633.0,59716.41015625
0,2023-12-05,59650.0,60018.57421875
0,2023-12-05,59433.0,59012.55859375
0,2023-12-05,58700.0,59072.08984375
0,2023-12-05,59500.0,67308.9921875
0,2023-12-06,59100.0,60939.19140625
0,2023-12-06,59900.0,67962.5703125
0,2023-12-06,59833.0,61602.65234375
0,2023-12-06,60050.0,59606.0234375
0,2023-12-06,60033.0,59424.46484375
0,2023-12-07,59933.0,60315.16015625
0,2023-12-07,59950.0,60608.671875
0,2023-12-07,59733.0,59823.30859375
0,2023-12-07,59000.0,60120.640625
0,2023-12-07,59800.0,68576.9921875
0,2023-12-08,59500.0,62233.41015625
0,2023-12-08,60200.0,69155.0390625
0,2023-12-08,60233.0,62853.8203125
0,2023-12-08,60350.0,60618.61328125
0,2023-12-08,60333.0,60217.91015625
0,2023-12-11,60533.0,60894.01171875
0,2023-12-11,60550.0,61705.36328125
0,2023-12-11,60500.0,61339.58203125
0,2023-12-11,60433.0,64593.58984375
0,2023-12-11,59700.0,62021.44140625
0,2023-12-12,61533.0,70735.78125
0,2023-12-12,61550.0,61962.14453125
0,2023-12-12,60700.0,61693.05859375
0,2023-12-12,61500.0,71209.0859375
0,2023-12-12,61466.0,65125.9453125
0,2023-12-13,63600.0,62455.16015625
0,2023-12-13,63633.0,65629.90625
0,2023-12-13,63750.0,62878.88671875
0,2023-12-13,63733.0,62036.51953125
0,2023-12-13,63000.0,62212.64453125
0,2023-12-14,64350.0,71653.7265625
0,2023-12-14,64333.0,62369.51171875
0,2023-12-14,64300.0,62456.19140625
0,2023-12-14,63600.0,66116.0703125
0,2023-12-14,64233.0,72074.6484375
0,2023-12-15,65200.0,63287.82421875
0,2023-12-15,65700.0,72476.71875
0,2023-12-15,65633.0,66578.078125
0,2023-12-15,65750.0,63682.37109375
0,2023-12-15,65733.0,62692.11328125
0,2023-12-18,67233.0,62692.203125
0,2023-12-18,67250.0,63370.26171875
0,2023-12-18,67200.0,63600.11328125
0,2023-12-18,67133.0,67864.6171875
0,2023-12-18,66600.0,64785.44921875
0,2023-12-19,66000.0,73603.6953125
0,2023-12-19,66600.0,73966.1484375
0,2023-12-19,66533.0,68266.1953125
0,2023-12-19,66650.0,65124.42578125
0,2023-12-19,66633.0,63884.74609375
0,2023-12-20,67700.0,63583.2578125
0,2023-12-20,68300.0,74319.2109375
0,2023-12-20,68266.0,68650.1484375
0,2023-12-20,68350.0,65450.76171875
0,2023-12-20,68333.0,64161.625
0,2023-12-25,67950.0,63791.05078125
0,2023-12-25,67933.0,65405.44140625
0,2023-12-25,67733.0,64743.88671875
0,2023-12-25,67200.0,66941.5234375
0,2023-12-25,67700.0,75905.21875
0,2023-12-26,67200.0,70285.8984375
0,2023-12-26,67700.0,76189.203125
0,2023-12-26,67733.0,70556.8203125
0,2023-12-26,67950.0,67214.8828125
0,2023-12-26,67933.0,65625.46875
0,2023-12-27,67933.0,64915.78125
0,2023-12-27,67950.0,65081.97265625
0,2023-12-27,67700.0,65834.1484375
0,2023-12-27,67200.0,70815.3359375
0,2023-12-27,67733.0,76461.7109375
0,2023-12-28,67400.0,67479.1640625
0,2023-12-28,67900.0,76721.9296875
0,2023-12-28,67933.0,71062.4609375
0,2023-12-28,68150.0,67732.53125
0,2023-12-28,68133.0,66033.21875
0,2023-12-29,69833.0,65242.08984375
0,2023-12-29,69850.0,65396.703125
0,2023-12-29,69100.0,66225.9375
0,2023-12-29,69800.0,76972.1796875
0,2023-12-29,69733.0,71300.96875
0,2024-01-01,67500.0,67973.3984375
0,2024-01-01,68300.0,77670.234375
0,2024-01-01,68233.0,71949.7890625
0,2024-01-01,68350.0,68610.0703125
0,2024-01-01,68333.0,66761.015625
0,2024-01-02,67400.0,65824.8203125
0,2024-01-02,68200.0,77881.3046875
0,2024-01-02,68133.0,72142.9375
0,2024-01-02,68250.0,68801.625
0,2024-01-02,68233.0,66924.8828125
0,2024-01-03,68133.0,65956.3828125
0,2024-01-03,68150.0,66080.796875
0,2024-01-03,68000.0,67082.0078125
0,2024-01-03,67933.0,72323.3046875
0,2024-01-03,67300.0,68984.3359375
0,2024-01-04,66500.0,78081.4296875
0,2024-01-04,67200.0,78272.75
0,2024-01-04,67133.0,72495.1953125
0,2024-01-04,67400.0,69156.875
0,2024-01-04,67333.0,67231.3671875
0,2024-01-05,67733.0,66197.984375
0,2024-01-05,67750.0,66310.296875
0,2024-01-05,67600.0,67374.109375
0,2024-01-05,66900.0,72660.3671875
0,2024-01-05,67533.0,78453.9453125
0,2024-01-08,67200.0,69321.0546875
0,2024-01-08,67800.0,78945.4765625
0,2024-01-08,67833.0,73114.75
0,2024-01-08,67950.0,69761.6015625
0,2024-01-08,68133.0,67754.7890625
0,2024-01-09,69433.0,66615.75
0,2024-01-09,69550.0,66706.6484375
0,2024-01-09,68700.0,67866.6015625
0,2024-01-09,69400.0,79091.546875
0,2024-01-09,69333.0,73247.5390625
0,2024-01-10,69700.0,69891.4765625
0,2024-01-10,70300.0,79227.15625
0,2024-01-10,70233.0,73373.3515625
0,2024-01-10,70450.0,70012.5078125
0,2024-01-10,70333.0,67970.9609375
0,2024-01-11,70000.0,66792.4140625
0,2024-01-11,70600.0,79353.546875
0,2024-01-11,70533.0,73491.7734375
0,2024-01-11,70600.0,70124.7890625
0,2024-01-11,70433.0,68068.3984375
0,2024-01-12,70650.0,66872.5859375
0,2024-01-12,70533.0,68158.7265625
0,2024-01-12,70600.0,66947.1328125
0,2024-01-12,70533.0,73601.5234375
0,2024-01-12,70000.0,70229.625
0,2024-01-15,70533.0,79473.0546875
0,2024-01-15,70650.0,67136.6640625
0,2024-01-15,70000.0,68389.6171875
0,2024-01-15,70500.0,79795.5546875
0,2024-01-15,70533.0,73883.8359375
0,2024-01-16,70600.0,70495.1953125
0,2024-01-16,71100.0,79891.046875
0,2024-01-16,71133.0,73963.109375
0,2024-01-16,71250.0,70567.5234375
0,2024-01-16,71133.0,68452.96875
0,2024-01-17,72100.0,67188.6640625
0,2024-01-17,72600.0,79979.5078125
0,2024-01-17,72633.0,74034.7890625
0,2024-01-17,72750.0,70632.2890625
0,2024-01-17,72633.0,68509.046875
0,2024-01-18,72333.0,67235.0234375
0,2024-01-18,70600.0,67275.8125
0,2024-01-18,72233.0,68557.875
0,2024-01-18,72200.0,70689.5625
0,2024-01-18,71700.0,74099.3984375
0,2024-01-19,70933.0,80061.4140625
0,2024-01-19,70950.0,67310.8984375
0,2024-01-19,70400.0,68600.125
0,2024-01-19,70900.0,80136.7265625
0,2024-01-19,70833.0,74156.8984375
0,2024-01-22,71800.0,70739.7734375
0,2024-01-22,72300.0,80322.578125
0,2024-01-22,72350.0,74288.5546875
0,2024-01-22,72433.0,68687.3828125
0,2024-01-22,72233.0,67381.78125
0,2024-01-23,73600.0,70846.8828125
0,2024-01-23,74100.0,80371.4765625
0,2024-01-23,74033.0,74318.8671875
0,2024-01-23,74350.0,70868.328125
0,2024-01-23,74433.0,68703.2578125
0,2024-01-24,73833.0,67394.0703125
0,2024-01-24,73750.0,67400.6796875
0,2024-01-24,73500.0,68712.3984375
0,2024-01-24,73433.0,74342.0703125
0,2024-01-24,73000.0,70882.625
0,2024-01-25,74433.0,80413.515625
0,2024-01-25,74550.0,67401.6015625
0,2024-01-25,73900.0,68714.8671875
0,2024-01-25,74400.0,80448.6796875
0,2024-01-25,74333.0,74358.0859375
0,2024-01-26,75400.0,70889.7578125
0,2024-01-26,75333.0,74367.1640625
0,2024-01-26,75550.0,70889.7109375
0,2024-01-26,75500.0,68710.7421875
0,2024-01-26,74900.0,67396.84375
0,2024-01-29,76850.0,80476.921875
0,2024-01-29,76533.0,68658.5859375
0,2024-01-29,76600.0,67347.9609375
0,2024-01-29,76100.0,74352.125
0,2024-01-29,76533.0,80520.015625
0,2024-01-30,77000.0,70847.375
0,2024-01-30,77400.0,80520.2578125
0,2024-01-30,77333.0,74332.8828125
0,2024-01-30,77950.0,70818.90625
0,2024-01-30,77433.0,68627.734375
0,2024-01-31,78733.0,67319.96875
0,2024-01-31,79150.0,67286.1484375
0,2024-01-31,78600.0,68590.0859375
0,2024-01-31,78533.0,74306.8046875
0,2024-01-31,78100.0,70783.0859375
0,2024-02-01,77900.0,80513.296875
0,2024-02-01,78400.0,80499.1015625
0,2024-02-01,78433.0,74273.4453125
0,2024-02-01,79150.0,70739.8203125
0,2024-02-01,78633.0,68545.59375
0,2024-02-02,77900.0,67246.4921875
0,2024-02-02,78400.0,80477.5390625
0,2024-02-02,78433.0,74232.2421875
0,2024-02-02,79150.0,70689.4921875
0,2024-02-02,78633.0,68493.9296875
0,2024-02-05,78850.0,67200.8359375
0,2024-02-05,78433.0,68293.5
0,2024-02-05,78233.0,67028.03125
0,2024-02-05,77700.0,70493.4609375
0,2024-02-05,78200.0,80368.1015625
0,2024-02-06,77500.0,74063.671875
0,2024-02-06,78200.0,80316.578125
0,2024-02-06,78133.0,73991.5703125
0,2024-02-06,78550.0,70412.2578125
0,2024-02-06,78233.0,68211.5390625
0,2024-02-07,78333.0,66958.28125
0,2024-02-07,78650.0,66882.3515625
0,2024-02-07,78300.0,68122.2109375
0,2024-02-07,77600.0,73911.390625
0,2024-02-07,78233.0,80257.3046875
0,2024-02-08,78200.0,70322.2578125
0,2024-02-08,78900.0,80190.375
0,2024-02-08,78833.0,73822.7890625
0,2024-02-08,79250.0,70222.1484375
0,2024-02-08,78933.0,68025.0859375
0,2024-02-09,78933.0,66800.265625
0,2024-02-09,79250.0,66712.0546875
0,2024-02-09,78200.0,67920.4609375
0,2024-02-09,78900.0,80115.4140625
0,2024-02-09,78833.0,73725.3203125
0,2024-02-12,78900.0,70112.6875
0,2024-02-12,79600.0,79842.3359375
0,2024-02-12,79533.0,73381.265625
0,2024-02-12,79950.0,69729.7890625
0,2024-02-12,79633.0,67557.375
0,2024-02-13,78700.0,66409.1640625
0,2024-02-13,79400.0,79735.4296875
0,2024-02-13,79333.0,73248.7265625
0,2024-02-13,79750.0,69583.5859375
0,2024-02-13,79433.0,67419.7109375
0,2024-02-14,78667.0,66296.296875
0,2024-02-14,78850.0,66177.1796875
0,2024-02-14,78500.0,67273.9609375
0,2024-02-14,78433.0,73105.875
0,2024-02-14,77800.0,69426.375
0,2024-02-15,77733.0,79618.3046875
0,2024-02-15,78050.0,66051.828125
0,2024-02-15,77000.0,67119.5390625
0,2024-02-15,77700.0,79491.0859375
0,2024-02-15,77633.0,72953.3125
0,2024-02-16,77200.0,69258.5703125
0,2024-02-16,78900.0,79354.2890625
0,2024-02-16,78833.0,72790.6328125
0,2024-02-16,78933.0,69080.5
0,2024-02-16,79250.0,65919.3359375
0,2024-02-19,79500.0,66957.34375
0,2024-02-19,80000.0,78877.2734375
0,2024-02-19,80033.0,72247.734375
0,2024-02-19,80550.0,68478.9765625
0,2024-02-19,80133.0,66420.5078125
0,2024-02-20,81933.0,65481.20703125
0,2024-02-20,82050.0,65322.24609375
0,2024-02-20,81800.0,66225.2578125
0,2024-02-20,81300.0,72045.9453125
0,2024-02-20,81833.0,78693.5390625
0,2024-02-21,80900.0,68253.9609375
0,2024-02-21,81400.0,78497.0546875
0,2024-02-21,81433.0,71834.0546875
0,2024-02-21,81650.0,68015.96875
0,2024-02-21,81533.0,66021.5078125
0,2024-02-22,82333.0,65155.72265625
0,2024-02-22,82450.0,64983.05859375
0,2024-02-22,82233.0,65808.9453125
0,2024-02-22,81900.0,67761.7421875
0,2024-02-22,82200.0,78287.109375
0,2024-02-23,81900.0,71606.6328125
0,2024-02-23,82200.0,78063.4609375
0,2024-02-23,82233.0,71365.8203125
0,2024-02-23,82450.0,67492.1640625
0,2024-02-23,82333.0,65585.9453125
0,2024-02-26,82033.0,64802.3203125
0,2024-02-26,82250.0,64212.046875
0,2024-02-26,81900.0,64845.69140625
0,2024-02-26,81500.0,70565.890625
0,2024-02-26,81933.0,77299.9375
0,2024-02-27,81600.0,66603.359375
0,2024-02-27,82100.0,77012.421875
0,2024-02-27,82033.0,70268.2421875
0,2024-02-27,82350.0,66285.1171875
0,2024-02-27,82233.0,64573.76953125
0,2024-02-28,83633.0,64000.71875
0,2024-02-28,83550.0,63782.83984375
0,2024-02-28,83400.0,64290.5
0,2024-02-28,82700.0,69955.5546875
0,2024-02-28,83333.0,76707.7578125
0,2024-02-29,82700.0,65955.828125
0,2024-02-29,83200.0,76391.5703125
0,2024-02-29,83133.0,69625.3046875
0,2024-02-29,83450.0,65613.15625
0,2024-02-29,83433.0,63997.19921875
0,2024-03-01,84333.0,63558.93359375
0,2024-03-01,84550.0,63329.82421875
0,2024-03-01,83800.0,63690.8984375
0,2024-03-01,84300.0,76064.2421875
0,2024-03-01,84233.0,69277.828125
0,2024-03-04,85100.0,65252.63671875
0,2024-03-04,85600.0,74966.4453125
0,2024-03-04,85633.0,68078.34375
0,2024-03-04,85950.0,64059.77734375
0,2024-03-04,85733.0,62702.16015625
0,2024-03-05,86200.0,62591.59375
0,2024-03-05,86700.0,74562.3984375
0,2024-03-05,86733.0,67626.265625
0,2024-03-05,87050.0,63630.37109375
0,2024-03-05,86933.0,62352.2421875
0,2024-03-06,86733.0,62330.59765625
0,2024-03-06,86850.0,62059.234375
0,2024-03-06,86533.0,61994.56640625
0,2024-03-06,86000.0,63193.06640625
0,2024-03-06,86600.0,74148.921875
0,2024-03-07,88400.0,67152.8828125
0,2024-03-07,88333.0,66650.0
0,2024-03-07,88550.0,62740.26953125
0,2024-03-07,88433.0,61625.1015625
0,2024-03-07,88000.0,61778.6015625
0,2024-03-08,90400.0,73714.3359375
0,2024-03-08,88400.0,73263.7890625
0,2024-03-08,91333.0,66117.6796875
0,2024-03-08,91750.0,62268.31640625
0,2024-03-08,91633.0,61243.359375
0,2024-03-11,89800.0,61490.72265625
0,2024-03-11,90500.0,71811.875
0,2024-03-11,90533.0,64364.06640625
0,2024-03-11,90750.0,60721.63671875
0,2024-03-11,90633.0,60002.96484375
0,2024-03-12,91150.0,60575.0390625
0,2024-03-12,91033.0,59565.03515625
0,2024-03-12,90800.0,60253.79296875
0,2024-03-12,90200.0,63719.39453125
0,2024-03-12,90833.0,71273.9375
0,2024-03-13,90700.0,60165.24609375
0,2024-03-13,91300.0,70716.2265625
0,2024-03-13,91333.0,63055.48046875
0,2024-03-13,91550.0,59594.58984375
0,2024-03-13,91433.0,59111.1328125
0,2024-03-14,90933.0,59923.6015625
0,2024-03-14,91050.0,59584.29296875
0,2024-03-14,90733.0,58638.9765625
0,2024-03-14,90200.0,58994.109375
0,2024-03-14,90800.0,70121.328125
0,2024-03-15,90700.0,62358.23828125
0,2024-03-15,91400.0,69485.4140625
0,2024-03-15,91333.0,61626.859375
0,2024-03-15,91550.0,58373.11328125
0,2024-03-15,91433.0,58158.96484375
0,2024-03-18,91400.0,59234.79296875
0,2024-03-18,94300.0,58126.27734375
0,2024-03-18,94750.0,56653.15234375
0,2024-03-18,92400.0,59227.98046875
0,2024-03-18,94633.0,67305.4453125
0,2024-03-19,93000.0,56409.3828125
0,2024-03-19,92933.0,66476.75
0,2024-03-19,93150.0,58331.359375
0,2024-03-19,92933.0,55727.21484375
0,2024-03-19,92400.0,56131.48046875
0,2024-03-20,93000.0,57745.73046875
0,2024-03-20,93533.0,57358.19140625
0,2024-03-20,93533.0,55601.21875
0,2024-03-20,94000.0,57403.73828125
0,2024-03-20,93750.0,65584.546875
0,2024-03-21,93600.0,55041.5078125
0,2024-03-21,94533.0,64631.80078125
0,2024-03-21,94650.0,56429.34765625
0,2024-03-21,94533.0,54345.2578125
0,2024-03-21,94000.0,55060.81640625
0,2024-03-22,93600.0,56960.8359375
0,2024-03-22,94033.0,56551.16015625
0,2024-03-22,94300.0,54512.29296875
0,2024-03-22,94033.0,63629.87890625
0,2024-03-22,94150.0,55444.18359375
0,2024-03-25,94400.0,53616.61328125
0,2024-03-25,94800.0,60261.24609375
0,2024-03-25,94733.0,52271.5703125
0,2024-03-25,94950.0,51204.95703125
0,2024-03-25,94733.0,52730.63671875
0,2024-03-26,96000.0,55283.73046875
0,2024-03-26,96300.0,59034.00390625
0,2024-03-26,96233.0,51084.48828125
0,2024-03-26,96450.0,50308.40234375
0,2024-03-26,96333.0,52085.3984375
0,2024-03-27,97533.0,54851.55859375
0,2024-03-27,97600.0,54411.48046875
0,2024-03-27,97400.0,51419.46484375
0,2024-03-27,97200.0,49841.17578125
0,2024-03-27,97433.0,57739.55078125
0,2024-03-28,97100.0,49373.55859375
0,2024-03-28,97300.0,56382.39453125
0,2024-03-28,97333.0,48654.68359375
0,2024-03-28,97433.0,48483.66015625
0,2024-03-28,97433.0,50733.1484375
0,2024-03-29,98533.0,53965.01171875
0,2024-03-29,98533.0,53514.88671875
0,2024-03-29,98433.0,50031.60546875
0,2024-03-29,98400.0,47695.62890625
0,2024-03-29,98200.0,47686.9296875
0,2024-04-01,98100.0,54952.52734375
0,2024-04-01,98500.0,50096.46484375
0,2024-04-01,98533.0,45382.74609375
0,2024-04-01,98650.0,45910.66796875
0,2024-04-01,98533.0,47964.87109375
0,2024-04-02,98533.0,52059.94140625
0,2024-04-02,98650.0,51542.1015625
0,2024-04-02,98533.0,47389.73046875
0,2024-04-02,98500.0,45345.07421875
0,2024-04-02,98100.0,44554.0390625
0,2024-04-03,99600.0,48565.66015625
0,2024-04-03,100000.0,47444.73046875
0,2024-04-03,100033.0,43650.69921875
0,2024-04-03,100150.0,44737.64453125
0,2024-04-03,100033.0,46877.9921875
0,2024-04-04,103000.0,51013.3203125
0,2024-04-04,103150.0,50470.296875
0,2024-04-04,103000.0,46424.55859375
0,2024-04-04,102700.0,42661.84375
0,2024-04-04,103000.0,46419.57421875
0,2024-04-05,101700.0,44086.73828125
0,2024-04-05,102000.0,45290.91796875
0,2024-04-05,101933.0,41585.61328125
0,2024-04-05,102150.0,43383.21875
0,2024-04-05,101933.0,45998.42578125
0,2024-04-08,103233.0,49915.546875
0,2024-04-08,103450.0,48262.41796875
0,2024-04-08,103000.0,44683.66015625
0,2024-04-08,103200.0,41107.91796875
0,2024-04-08,103233.0,38047.24609375
0,2024-04-09,104000.0,40979.21484375
0,2024-04-09,104200.0,39418.42578125
0,2024-04-09,104233.0,36767.1484375
0,2024-04-09,104450.0,40103.46484375
0,2024-04-09,104367.0,44200.26953125
0,2024-04-10,104367.0,47750.10546875
0,2024-04-10,104450.0,47296.50390625
0,2024-04-10,104200.0,43692.2265625
0,2024-04-10,104000.0,35463.6796875
0,2024-04-10,104233.0,37643.46875
0,2024-04-11,105000.0,39193.74609375
0,2024-04-11,105400.0,35786.40234375
0,2024-04-11,105333.0,34152.09375
0,2024-04-11,105850.0,38263.51953125
0,2024-04-11,105733.0,43161.0390625
0,2024-04-12,107933.0,46880.19921875
0,2024-04-12,108050.0,46503.359375
0,2024-04-12,107200.0,42598.89453125
0,2024-04-12,107600.0,33913.91796875
0,2024-04-12,107533.0,32840.17578125
0,2024-04-15,109700.0,37321.12890625
0,2024-04-15,110000.0,28565.8203125
0,2024-04-15,110033.0,28958.041015625
0,2024-04-15,110550.0,34456.6328125
0,2024-04-15,110333.0,40741.95703125
0,2024-04-16,113000.0,45505.16015625
0,2024-04-16,113500.0,26973.8515625
0,2024-04-16,113433.0,27746.44140625
0,2024-04-16,113950.0,33509.43359375
0,2024-04-16,113533.0,40087.1171875
0,2024-04-17,115433.0,45180.94921875
0,2024-04-17,115550.0,44843.4609375
0,2024-04-17,115500.0,39404.55078125
0,2024-04-17,115000.0,26626.91015625
0,2024-04-17,115400.0,25474.0703125
0,2024-04-18,119500.0,32559.083984375
0,2024-04-18,119433.0,25542.73828125
0,2024-04-18,119000.0,44487.34765625
0,2024-04-18,119400.0,24064.4765625
0,2024-04-18,119550.0,31608.08984375
0,2024-04-19,120000.0,38709.52734375
0,2024-04-19,120000.0,24516.671875
0,2024-04-19,120150.0,30665.408203125
0,2024-04-19,120000.0,37997.23828125
0,2024-04-19,119600.0,44113.98046875
0,2024-04-22,124000.0,22736.189453125
0,2024-04-22,123433.0,35806.47265625
0,2024-04-22,122500.0,42919.109375
0,2024-04-22,122500.0,21647.8046875
0,2024-04-22,122433.0,19537.50390625
0,2024-04-23,127000.0,27964.228515625
0,2024-04-23,127100.0,18928.26171875
0,2024-04-23,127033.0,20804.19140625
0,2024-04-23,127950.0,27112.10546875
0,2024-04-23,127933.0,35086.56640625
0,2024-04-24,130433.0,42490.2578125
0,2024-04-24,130450.0,42046.49609375
0,2024-04-24,129500.0,34372.93359375
0,2024-04-24,129433.0,20035.30859375
0,2024-04-24,129300.0,26297.38671875
0,2024-04-25,130500.0,18948.263671875
0,2024-04-25,131000.0,18991.78125
0,2024-04-25,131000.0,19390.533203125
0,2024-04-25,131450.0,25508.1875
0,2024-04-25,131433.0,33672.36328125
0,2024-04-26,132700.0,41592.00390625
0,2024-04-26,132900.0,19000.17578125
0,2024-04-26,132933.0,18855.103515625
0,2024-04-26,133350.0,24757.7109375
0,2024-04-26,133133.0,32981.01953125
0,2024-04-29,134150.0,41129.13671875
0,2024-04-29,133933.0,30985.185546875
0,2024-04-29,133933.0,39683.875
0,2024-04-29,133500.0,22626.029296875
0,2024-04-29,134000.0,20080.484375
0,2024-04-30,134200.0,18742.818359375
0,2024-04-30,134133.0,18767.078125
0,2024-04-30,134350.0,21960.943359375
0,2024-04-30,134133.0,30335.67578125
0,2024-04-30,133700.0,39186.30078125
0,2024-05-01,133350.0,20455.77734375
0,2024-05-01,133133.0,29692.962890625
0,2024-05-01,133100.0,38689.57421875
0,2024-05-01,132700.0,18784.48828125
0,2024-05-01,133133.0,20789.00390625
0,2024-05-02,132000.0,21335.21484375
0,2024-05-02,132400.0,21080.14453125
0,2024-05-02,132433.0,18999.703125
0,2024-05-02,132650.0,20739.51953125
0,2024-05-02,132433.0,29053.529296875
0,2024-05-03,130433.0,38194.74609375
0,2024-05-03,130650.0,37691.97265625
0,2024-05-03,130400.0,28423.53125
0,2024-05-03,130433.0,19334.6328125
0,2024-05-03,130000.0,20176.833984375
0,2024-05-08,99000.0,21333.26171875
0,2024-05-08,99433.0,22185.2578125
0,2024-05-08,99950.0,20744.181640625
0,2024-05-08,99933.0,18504.94921875
0,2024-05-08,99000.0,25534.00390625
0,2024-05-09,97000.0,35265.61328125
0,2024-05-09,97900.0,22289.8984375
0,2024-05-09,97033.0,20949.17578125
0,2024-05-09,98450.0,18552.142578125
0,2024-05-09,97933.0,25003.21875
0,2024-05-10,96433.0,34785.73046875
0,2024-05-10,96650.0,34306.0234375
0,2024-05-10,95500.0,24496.154296875
0,2024-05-10,95500.0,21132.8359375
0,2024-05-10,95433.0,22378.89453125
0,2024-05-13,99500.0,18590.7265625
0,2024-05-13,101433.0,22570.48828125
0,2024-05-13,101850.0,21583.16015625
0,2024-05-13,101933.0,18648.87890625
0,2024-05-13,100900.0,23043.07421875
0,2024-05-14,100000.0,32878.38671875
0,2024-05-14,100500.0,22614.640625
0,2024-05-14,100433.0,21706.509765625
0,2024-05-14,100950.0,18686.08984375
0,2024-05-14,100933.0,22591.5390625
0,2024-05-15,99950.0,32417.9140625
0,2024-05-15,99933.0,22153.05078125
0,2024-05-15,99500.0,31957.85546875
0,2024-05-15,99000.0,21817.638671875
0,2024-05-15,99433.0,22649.857421875
0,2024-05-16,100700.0,18828.72265625
0,2024-05-16,101100.0,22678.63671875
0,2024-05-16,101133.0,21916.21484375
0,2024-05-16,101650.0,19039.556640625
0,2024-05-16,101733.0,21735.73828125
0,2024-05-17,100933.0,31510.712890625
0,2024-05-17,100850.0,31071.38671875
0,2024-05-17,100333.0,21347.48828125
0,2024-05-17,99900.0,19246.498046875
0,2024-05-17,100300.0,22702.7578125
0,2024-05-20,103500.0,22006.189453125
0,2024-05-20,103700.0,22745.177734375
0,2024-05-20,103633.0,22221.181640625
0,2024-05-20,103950.0,19847.25390625
0,2024-05-20,103833.0,20288.0859375
0,2024-05-21,103550.0,29785.43359375
0,2024-05-21,103433.0,19978.515625
0,2024-05-21,103300.0,29367.142578125
0,2024-05-21,103233.0,22277.9375
0,2024-05-21,103100.0,20024.8671875
0,2024-05-22,108000.0,22752.154296875
0,2024-05-22,108300.0,22756.25
0,2024-05-22,108233.0,22329.11328125
0,2024-05-22,108550.0,20190.46484375
0,2024-05-22,108433.0,19683.05859375
0,2024-05-23,109933.0,28959.58203125
0,2024-05-23,110350.0,28560.609375
0,2024-05-23,109800.0,19415.6953125
0,2024-05-23,109000.0,22374.96875
0,2024-05-23,109733.0,22757.943359375
0,2024-05-24,114000.0,20344.24609375
0,2024-05-24,114900.0,22757.365234375
0,2024-05-24,114933.0,22415.46875
0,2024-05-24,115450.0,20487.56640625
0,2024-05-24,115000.0,19181.64453125
0,2024-05-27,115500.0,28169.380859375
0,2024-05-27,115950.0,27066.31640625
0,2024-05-27,115433.0,18573.59375
0,2024-05-27,114500.0,20863.7578125
0,2024-05-27,115400.0,22744.6171875
0,2024-05-28,115500.0,22512.40625
0,2024-05-28,116400.0,22737.39453125
0,2024-05-28,116433.0,22537.47265625
0,2024-05-28,116950.0,20970.1015625
0,2024-05-28,116433.0,18446.046875
0,2024-05-29,119433.0,26726.822265625
0,2024-05-29,119950.0,26401.078125
0,2024-05-29,119433.0,18392.86328125
0,2024-05-29,118500.0,21068.23828125
0,2024-05-29,119400.0,22728.984375
0,2024-05-30,121000.0,22559.337890625
0,2024-05-30,121600.0,22719.38671875
0,2024-05-30,121633.0,22578.46484375
0,2024-05-30,122150.0,21160.095703125
0,2024-05-30,121633.0,18399.337890625
0,2024-05-31,124633.0,26081.5703125
0,2024-05-31,124633.0,21246.234375
0,2024-05-31,125150.0,25768.91796875
0,2024-05-31,124600.0,18425.9375
0,2024-05-31,124000.0,22595.06640625
0,2024-06-03,122000.0,22708.8984375
0,2024-06-03,122933.0,24877.078125
0,2024-06-03,124600.0,18488.79296875
0,2024-06-03,123000.0,22673.89453125
0,2024-06-03,123250.0,22632.828125
0,2024-06-04,119000.0,21470.90234375
0,2024-06-04,120000.0,22661.40625
0,2024-06-04,120000.0,22641.7421875
0,2024-06-04,119933.0,21535.69140625
0,2024-06-04,119950.0,24597.17578125
0,2024-06-05,120000.0,18503.76171875
0,2024-06-05,124933.0,22648.66015625
0,2024-06-05,125450.0,22649.279296875
0,2024-06-05,124933.0,21596.033203125
0,2024-06-05,124000.0,18516.16015625
0,2024-06-06,124433.0,24324.3828125
0,2024-06-06,124950.0,24059.6171875
0,2024-06-06,124500.0,18526.21875
0,2024-06-06,123500.0,22655.7734375
0,2024-06-06,124433.0,22635.734375
0,2024-06-07,125500.0,21651.3984375
0,2024-06-07,126500.0,22622.65625
0,2024-06-07,126433.0,22661.19921875
0,2024-06-07,126950.0,21703.22265625
0,2024-06-07,126433.0,18534.078125
0,2024-06-10,121500.0,23802.34375
0,2024-06-10,122433.0,23070.80859375
0,2024-06-10,122650.0,18547.65625
0,2024-06-10,125000.0,21838.03125
0,2024-06-10,122433.0,22583.57421875
0,2024-06-11,123000.0,22671.837890625
0,2024-06-11,124000.0,22570.65625
0,2024-06-11,123933.0,22673.853515625
0,2024-06-11,124150.0,21876.2890625
0,2024-06-11,123933.0,18578.92578125
0,2024-06-12,123133.0,22841.20703125
0,2024-06-12,123350.0,22620.08984375
0,2024-06-12,123200.0,18631.462890625
0,2024-06-12,122200.0,22675.263671875
0,2024-06-12,123133.0,22557.876953125
0,2024-06-13,120400.0,21912.859375
0,2024-06-13,121300.0,22545.501953125
0,2024-06-13,121333.0,22676.1484375
0,2024-06-13,121550.0,21947.365234375
0,2024-06-13,121333.0,18697.1484375
0,2024-06-14,122433.0,22406.75
0,2024-06-14,122650.0,22200.80078125
0,2024-06-14,122300.0,18769.6875
0,2024-06-14,121500.0,22676.55078125
0,2024-06-14,122433.0,22533.30859375
0,2024-06-17,121300.0,21978.796875
0,2024-06-17,120933.0,22498.1953125
0,2024-06-17,121150.0,22675.64453125
0,2024-06-17,120933.0,22061.16015625
0,2024-06-17,120000.0,19020.7890625
0,2024-06-18,122000.0,21631.8125
0,2024-06-18,122933.0,21460.197265625
0,2024-06-18,122300.0,19096.6953125
0,2024-06-18,122933.0,22487.060546875
0,2024-06-18,123150.0,22674.734375
0,2024-06-19,119000.0,22084.892578125
0,2024-06-19,120000.0,22476.26953125
0,2024-06-19,120000.0,22673.576171875
0,2024-06-19,120150.0,22106.857421875
0,2024-06-19,119933.0,19168.408203125
0,2024-06-20,120000.0,21295.58984375
0,2024-06-20,121000.0,22465.71875
0,2024-06-20,120933.0,22672.1875
0,2024-06-20,121150.0,22127.39453125
0,2024-06-20,120933.0,19240.8203125
0,2024-06-21,119933.0,21141.591796875
0,2024-06-21,120150.0,20995.12890625
0,2024-06-21,119933.0,19312.845703125
0,2024-06-21,119000.0,22146.5546875
0,2024-06-21,120000.0,22455.294921875
0,2024-06-24,119600.0,22670.6328125
0,2024-06-24,120033.0,22425.619140625
0,2024-06-24,120050.0,22665.232421875
0,2024-06-24,119933.0,22196.453125
0,2024-06-24,119000.0,19503.412109375
0,2024-06-25,119066.5,20589.939453125
0,2024-06-25,119933.0,20467.9921875
0,2024-06-25,120250.0,19559.095703125
0,2024-06-25,123000.0,22210.33203125
0,2024-06-25,120033.0,22416.427734375
0,2024-06-26,120500.0,22663.3125
0,2024-06-26,121500.0,22407.615234375
0,2024-06-26,121433.0,22661.36328125
0,2024-06-26,120450.0,22222.865234375
0,2024-06-26,121433.0,19611.330078125
0,2024-06-27,123733.0,20352.203125
0,2024-06-27,123850.0,20241.36328125
0,2024-06-27,123000.0,19660.25390625
0,2024-06-27,123700.0,22399.390625
0,2024-06-27,121433.0,22659.375
0,2024-06-28,121000.0,22234.498046875
0,2024-06-28,120700.0,22391.568359375
0,2024-06-28,122133.0,22657.38671875
0,2024-06-28,122350.0,22245.27734375
0,2024-06-28,122233.0,19705.96484375
0,2024-07-01,119133.0,20138.2734375
0,2024-07-01,119250.0,19868.306640625
0,2024-07-01,119133.0,19825.232421875
0,2024-07-01,118200.0,22272.84375
0,2024-07-01,119200.0,22370.798828125
0,2024-07-02,120200.0,22651.6015625
0,2024-07-02,121200.0,22364.69921875
0,2024-07-02,121133.0,22649.7734375
0,2024-07-02,121450.0,22280.73828125
0,2024-07-02,120133.0,19858.623046875
0,2024-07-03,121933.0,19788.8828125
0,2024-07-03,120750.0,19714.53125
0,2024-07-03,121000.0,19889.04296875
0,2024-07-03,121900.0,22358.974609375
0,2024-07-03,121933.0,22648.046875
0,2024-07-04,120000.0,22287.91796875
0,2024-07-04,120900.0,22353.640625
0,2024-07-04,120033.0,22646.416015625
0,2024-07-04,121250.0,22294.435546875
0,2024-07-04,120933.0,19916.04296875
0,2024-07-05,122933.0,19645.724609375
0,2024-07-05,123450.0,19582.8046875
0,2024-07-05,121100.0,19940.591796875
0,2024-07-05,123000.0,22644.853515625
0,2024-07-05,122933.0,22348.56640625
0,2024-07-08,122900.0,22300.28515625
0,2024-07-08,123500.0,22335.37890625
0,2024-07-08,123533.0,22640.77734375
0,2024-07-08,124050.0,22314.208984375
0,2024-07-08,123533.0,20000.3125
0,2024-07-09,126533.0,19430.43359375
0,2024-07-09,127050.0,19390.1015625
0,2024-07-09,125900.0,20015.7421875
0,2024-07-09,126500.0,22331.78515625
0,2024-07-09,126533.0,22639.62109375
0,2024-07-10,128100.0,22317.693359375
0,2024-07-10,128500.0,22328.58984375
0,2024-07-10,128533.0,22638.5859375
0,2024-07-10,128550.0,22320.62109375
0,2024-07-10,128700.0,20028.98046875
0,2024-07-11,127100.0,19354.37109375
0,2024-07-11,127500.0,22325.80078125
0,2024-07-11,127533.0,22637.607421875
0,2024-07-11,127550.0,22322.984375
0,2024-07-11,127700.0,20040.08203125
0,2024-07-12,127133.0,19323.033203125
0,2024-07-12,127150.0,19296.375
0,2024-07-12,127133.0,20049.080078125
0,2024-07-12,126600.0,22324.826171875
0,2024-07-12,127100.0,22323.40625
0,2024-07-15,128400.0,22636.74609375
0,2024-07-15,128433.0,22634.931640625
0,2024-07-15,128550.0,22327.2265625
0,2024-07-15,128433.0,20063.646484375
0,2024-07-15,127900.0,19239.125
0,2024-07-16,127500.0,22318.615234375
0,2024-07-16,127900.0,22317.828125
0,2024-07-16,127933.0,22634.578125
0,2024-07-16,128050.0,22327.009765625
0,2024-07-16,128000.0,20064.427734375
0,2024-07-17,127200.0,19227.44140625
0,2024-07-17,127500.0,22317.43359375
0,2024-07-17,127533.0,22634.359375
0,2024-07-17,127950.0,22326.291015625
0,2024-07-17,127533.0,20063.15625
0,2024-07-18,127550.0,19219.42578125
0,2024-07-18,127433.0,20059.87109375
0,2024-07-18,127500.0,19215.06640625
0,2024-07-18,127000.0,22634.265625
0,2024-07-18,127433.0,22317.423828125
0,2024-07-19,125500.0,22325.0625
0,2024-07-19,126000.0,22317.78125
0,2024-07-19,125933.0,22634.294921875
0,2024-07-19,126050.0,22323.3359375
0,2024-07-19,126033.0,20054.587890625
0,2024-07-22,126533.0,19214.3515625
0,2024-07-22,126550.0,19233.90234375
0,2024-07-22,126433.0,20026.640625
0,2024-07-22,126000.0,22315.087890625
0,2024-07-22,126500.0,22321.15625
0,2024-07-23,127300.0,22635.1171875
0,2024-07-23,127700.0,22323.0234375
0,2024-07-23,127633.0,22635.62109375
0,2024-07-23,127850.0,22311.30859375
0,2024-07-23,127733.0,20013.2578125
0,2024-07-24,126433.0,19247.64453125
0,2024-07-24,126650.0,19264.96875
0,2024-07-24,126500.0,19997.84765625
0,2024-07-24,126000.0,22636.232421875
0,2024-07-24,126433.0,22325.251953125
0,2024-07-25,124000.0,22307.001953125
0,2024-07-25,124500.0,22327.837890625
0,2024-07-25,124433.0,22636.9375
0,2024-07-25,124650.0,22302.142578125
0,2024-07-25,124433.0,19980.34765625
0,2024-07-26,125233.0,19285.876953125
0,2024-07-26,125450.0,19310.5390625
0,2024-07-26,125200.0,19960.755859375
0,2024-07-26,121000.0,22637.75390625
0,2024-07-26,125133.0,22330.78515625
0,2024-07-29,123400.0,22296.73828125
0,2024-07-29,123700.0,22341.7421875
0,2024-07-29,123633.0,22640.8515625
0,2024-07-29,123950.0,22277.02734375
0,2024-07-29,123733.0,19888.99609375
0,2024-07-30,123733.0,19413.890625
0,2024-07-30,123950.0,19457.115234375
0,2024-07-30,123400.0,19860.66796875
0,2024-07-30,123700.0,22346.076171875
0,2024-07-30,123633.0,22642.068359375
0,2024-07-31,123000.0,22269.25
0,2024-07-31,123400.0,22350.7421875
0,2024-07-31,123433.0,22643.34765625
0,2024-07-31,123550.0,22260.837890625
0,2024-07-31,123433.0,19829.3984375
0,2024-08-01,123000.0,19505.9453125
0,2024-08-01,123400.0,22355.75
0,2024-08-01,123433.0,22644.6640625
0,2024-08-01,123550.0,22251.77734375
0,2024-08-01,123433.0,19795.5390625
0,2024-08-02,122933.0,19561.296875
0,2024-08-02,123000.0,22242.0390625
0,2024-08-02,123050.0,19621.55859375
0,2024-08-02,122500.0,19759.248046875
0,2024-08-02,122900.0,22361.06640625
0,2024-08-05,122700.0,22646.041015625
0,2024-08-05,123000.0,22378.943359375
0,2024-08-05,123033.0,22650.279296875
0,2024-08-05,123150.0,22208.5234375
0,2024-08-05,123133.0,19635.48828125
0,2024-08-06,121933.0,19831.79296875
0,2024-08-06,121950.0,19911.8125
0,2024-08-06,122000.0,19589.05078125
0,2024-08-06,122000.0,22195.794921875
0,2024-08-06,121500.0,22651.65625
0,2024-08-07,122000.0,22385.51953125
0,2024-08-07,122400.0,22392.38671875
0,2024-08-07,122433.0,22652.9921875
0,2024-08-07,122450.0,22182.23046875
0,2024-08-07,122433.0,19539.46875
0,2024-08-08,121933.0,19996.765625
0,2024-08-08,121950.0,20086.875
0,2024-08-08,122000.0,19487.0390625
0,2024-08-08,122000.0,22167.79296875
0,2024-08-08,121500.0,22654.27734375
0,2024-08-09,121300.0,22399.49609375
0,2024-08-09,121800.0,22406.912109375
0,2024-08-09,121733.0,22655.48828125
0,2024-08-09,121950.0,22152.455078125
0,2024-08-09,121933.0,19431.677734375
0,2024-08-12,119233.0,20183.12109375
0,2024-08-12,119250.0,20508.73046875
0,2024-08-12,119100.0,19244.990234375
0,2024-08-12,118600.0,22658.46484375
0,2024-08-12,119033.0,22430.625
0,2024-08-13,120000.0,22098.93359375
0,2024-08-13,121100.0,22439.05859375
0,2024-08-13,120367.0,22659.162109375
0,2024-08-13,121150.0,22078.65234375
0,2024-08-13,120933.0,19176.5546875
0,2024-08-14,118433.0,20629.3125
0,2024-08-14,118450.0,20755.591796875
0,2024-08-14,118000.0,19110.859375
0,2024-08-14,118200.0,22447.677734375
0,2024-08-14,118233.0,22659.673828125
0,2024-08-15,116900.0,22056.96484375
0,2024-08-15,117500.0,22456.4453125
0,2024-08-15,117433.0,22659.98046875
0,2024-08-15,117550.0,22033.9921875
0,2024-08-15,117533.0,19041.71875
0,2024-08-16,118933.0,20887.2734375
0,2024-08-16,118850.0,21024.54296875
0,2024-08-16,118800.0,18968.27734375
0,2024-08-16,118500.0,22660.04296875
0,2024-08-16,118733.0,22465.435546875
0,2024-08-19,117300.0,22009.67578125
0,2024-08-19,118000.0,22493.775390625
0,2024-08-19,118000.0,22658.494140625
0,2024-08-19,118050.0,21927.75
0,2024-08-19,118033.0,18731.84765625
0,2024-08-20,118333.0,21471.212890625
0,2024-08-20,118350.0,21633.376953125
0,2024-08-20,117600.0,18666.21875
0,2024-08-20,118300.0,22503.48046875
0,2024-08-20,118300.0,22657.23828125
0,2024-08-21,117900.0,21897.05078125
0,2024-08-21,118500.0,22513.30859375
0,2024-08-21,118533.0,22655.5546875
0,2024-08-21,118650.0,21864.875
0,2024-08-21,118633.0,18604.203125
0,2024-08-22,119000.0,21803.623046875
0,2024-08-22,119600.0,22523.21484375
0,2024-08-22,119633.0,22653.33203125
0,2024-08-22,119750.0,21831.314453125
0,2024-08-22,119633.0,18556.6171875
0,2024-08-23,119633.0,21981.98828125
0,2024-08-23,119750.0,22165.041015625
0,2024-08-23,119633.0,18526.63671875
0,2024-08-23,119000.0,21795.908203125
0,2024-08-23,119600.0,22533.2421875
0,2024-08-26,119800.0,22650.625
0,2024-08-26,119733.0,22639.046875
0,2024-08-26,119750.0,21677.44921875
0,2024-08-26,119000.0,18511.3984375
0,2024-08-26,119000.0,22755.203125
0,2024-08-27,119200.0,22563.900390625
0,2024-08-27,120000.0,22574.177734375
0,2024-08-27,119933.0,22633.86328125
0,2024-08-27,120150.0,21633.546875
0,2024-08-27,119200.0,18504.140625
0,2024-08-28,120700.0,22965.65234375
0,2024-08-28,121500.0,22584.4453125
0,2024-08-28,121433.0,22627.935546875
0,2024-08-28,121550.0,21587.2421875
0,2024-08-28,120700.0,18495.2890625
0,2024-08-29,122050.0,23181.59765625
0,2024-08-29,121200.0,18484.6484375
0,2024-08-29,121900.0,23404.3125
0,2024-08-29,121200.0,22621.16015625
0,2024-08-29,121833.0,22594.62109375
0,2024-08-30,120600.0,21538.400390625
0,2024-08-30,121600.0,22604.6796875
0,2024-08-30,121533.0,22613.44140625
0,2024-08-30,121550.0,21486.97265625
0,2024-08-30,120600.0,18472.1875
0,2024-09-02,113867.0,23633.51171875
0,2024-09-02,114050.0,24357.205078125
0,2024-09-02,113633.0,18422.046875
0,2024-09-02,113000.0,21315.328125
0,2024-09-02,113700.0,22633.998046875
0,2024-09-03,117000.0,22583.908203125
0,2024-09-03,117800.0,22643.28125
0,2024-09-03,117733.0,22571.515625
0,2024-09-03,118050.0,21251.7578125
0,2024-09-03,117833.0,18400.28125
0,2024-09-04,118033.0,24610.84375
0,2024-09-04,118250.0,24870.11328125
0,2024-09-04,118000.0,18375.75
0,2024-09-04,117200.0,22557.7421875
0,2024-09-04,117933.0,22652.224609375
0,2024-09-05,119400.0,21184.21484375
0,2024-09-05,120200.0,22660.796875
0,2024-09-05,120133.0,22542.51953125
0,2024-09-05,120450.0,21112.53125
0,2024-09-05,120133.0,18359.328125
0,2024-09-06,120433.0,25138.181640625
0,2024-09-06,120850.0,25415.38671875
0,2024-09-06,125000.0,18382.91015625
0,2024-09-06,119800.0,22525.607421875
0,2024-09-06,124333.0,22668.96484375
0,2024-09-09,113000.0,21035.453125
0,2024-09-09,113700.0,22690.265625
0,2024-09-09,113633.0,22463.13671875
0,2024-09-09,114050.0,20770.26171875
0,2024-09-09,113867.0,18778.685546875
0,2024-09-10,117833.0,26292.8203125
0,2024-09-10,118050.0,26601.4375
0,2024-09-10,117000.0,18968.78515625
0,2024-09-10,117800.0,22696.078125
0,2024-09-10,117733.0,22437.572265625
0,2024-09-11,117200.0,20671.3046875
0,2024-09-11,118000.0,22701.146484375
0,2024-09-11,117933.0,22409.98046875
0,2024-09-11,118250.0,20566.556640625
0,2024-09-11,118033.0,19173.052734375
0,2024-09-12,119400.0,26917.390625
0,2024-09-12,120200.0,22705.56640625
0,2024-09-12,120133.0,22379.998046875
0,2024-09-12,120450.0,20455.9296875
0,2024-09-12,120133.0,19385.6171875
0,2024-09-13,120433.0,27253.62109375
0,2024-09-13,120850.0,27595.89453125
0,2024-09-13,124333.0,19628.201171875
0,2024-09-13,119800.0,20339.134765625
0,2024-09-13,125000.0,22709.10546875
0,2024-09-23,119500.0,22347.306640625
0,2024-09-23,120000.0,22652.00390625
0,2024-09-23,119933.0,21796.798828125
0,2024-09-23,120000.0,18724.6484375
0,2024-09-23,119933.0,22885.046875
0,2024-09-24,121433.0,31399.783203125
0,2024-09-24,121550.0,31815.107421875
0,2024-09-24,121333.0,23272.1875
0,2024-09-24,121000.0,18617.669921875
0,2024-09-24,121400.0,22632.033203125
0,2024-09-25,120000.0,21708.2109375
0,2024-09-25,120700.0,22607.8515625
0,2024-09-25,120633.0,21611.130859375
0,2024-09-25,120750.0,18599.53515625
0,2024-09-25,120633.0,23670.73046875
0,2024-09-26,121933.0,32232.728515625
0,2024-09-26,121950.0,32652.642578125
0,2024-09-26,121000.0,24077.52734375
0,2024-09-26,120800.0,22579.109375
0,2024-09-26,120733.0,21505.05859375
0,2024-09-27,121600.0,18589.30078125
0,2024-09-27,121400.0,22545.50390625
0,2024-09-27,121333.0,21388.953125
0,2024-09-27,121550.0,18572.85546875
0,2024-09-27,122533.0,24492.87109375
0,2024-09-30,121700.0,33077.23046875
0,2024-09-30,121150.0,34384.50390625
0,2024-09-30,121000.0,25814.78515625
0,2024-09-30,121100.0,18478.8046875
0,2024-09-30,121000.0,22410.59375
0,2024-10-01,121300.0,20978.05859375
0,2024-10-01,121300.0,22349.390625
0,2024-10-01,121233.0,20817.302734375
0,2024-10-01,121250.0,18444.283203125
0,2024-10-01,121900.0,26280.974609375
0,2024-10-02,121900.0,34828.97265625
0,2024-10-02,121250.0,35273.9375
0,2024-10-02,121300.0,26754.8828125
0,2024-10-02,121300.0,22276.27734375
0,2024-10-02,121233.0,20641.421875
0,2024-10-07,115500.0,18537.005859375
0,2024-10-07,116000.0,21727.826171875
0,2024-10-07,116033.0,19528.876953125
0,2024-10-07,116150.0,20321.732421875
0,2024-10-07,116133.0,29382.0703125
0,2024-10-08,115033.0,37506.5234375
0,2024-10-08,115050.0,37956.515625
0,2024-10-08,115000.0,29932.818359375
0,2024-10-08,114500.0,19254.501953125
0,2024-10-08,115000.0,21574.580078125
0,2024-10-09,112600.0,20812.51953125
0,2024-10-09,113100.0,21401.298828125
0,2024-10-09,113133.0,18976.05078125
0,2024-10-09,113250.0,21329.74609375
0,2024-10-09,113233.0,30484.29296875
0,2024-10-10,113433.0,38406.27734375
0,2024-10-10,113450.0,38860.453125
0,2024-10-10,112800.0,31045.171875
0,2024-10-10,113400.0,21207.09375
0,2024-10-10,113333.0,18745.88671875
0,2024-10-11,113300.0,21870.01953125
0,2024-10-11,113900.0,20989.3203125
0,2024-10-11,113933.0,18680.23828125
0,2024-10-11,113950.0,22435.625
0,2024-10-11,113933.0,31613.37109375
0,2024-10-14,113200.0,39315.19921875
0,2024-10-14,113700.0,20162.3828125
0,2024-10-14,113733.0,18594.3828125
0,2024-10-14,113850.0,24210.16796875
0,2024-10-14,113733.0,33311.20703125
0,2024-10-15,114650.0,40606.91015625
0,2024-10-15,114533.0,33877.29296875
0,2024-10-15,114500.0,41022.62109375
0,2024-10-15,114533.0,18538.1171875
0,2024-10-15,114000.0,24832.46875
0,2024-10-16,113633.0,19823.845703125
0,2024-10-16,113850.0,41429.21484375
0,2024-10-16,113300.0,34460.953125
0,2024-10-16,113700.0,19453.24609375
0,2024-10-16,113733.0,18656.544921875
0,2024-10-17,113100.0,25470.76953125
0,2024-10-17,113133.0,19052.658203125
0,2024-10-17,113250.0,26128.890625
0,2024-10-17,113033.0,35045.98046875
0,2024-10-17,112700.0,41826.921875
0,2024-10-18,112250.0,19085.740234375
0,2024-10-18,112033.0,35631.3984375
0,2024-10-18,112100.0,42211.89453125
0,2024-10-18,111700.0,19538.8515625
0,2024-10-18,112133.0,18827.64453125
0,2024-10-21,111100.0,26803.2265625
0,2024-10-21,111500.0,18726.859375
0,2024-10-21,111533.0,21488.578125
0,2024-10-21,111650.0,28987.6171875
0,2024-10-21,111433.0,37408.75
0,2024-10-22,111333.0,43303.97265625
0,2024-10-22,111550.0,43648.6015625
0,2024-10-22,111400.0,37994.4375
0,2024-10-22,111433.0,22244.8203125
0,2024-10-22,111000.0,29755.748046875
0,2024-10-23,110700.0,18742.52734375
0,2024-10-23,111100.0,19243.8671875
0,2024-10-23,111000.0,23047.03515625
0,2024-10-23,111250.0,30540.90234375
0,2024-10-23,111033.0,38582.86328125
0,2024-10-24,109400.0,43986.22265625
0,2024-10-24,109600.0,19944.19140625
0,2024-10-24,109533.0,23878.373046875
0,2024-10-24,109650.0,31345.0234375
0,2024-10-24,109533.0,39159.0546875
0,2024-10-25,108700.0,44314.85546875
0,2024-10-25,108700.0,39730.97265625
0,2024-10-25,108633.0,44631.03515625
0,2024-10-25,108400.0,32162.736328125
0,2024-10-25,108700.0,20831.13671875
0,2024-10-28,109400.0,24734.703125
0,2024-10-28,109700.0,24056.296875
0,2024-10-28,109633.0,27526.25
0,2024-10-28,109950.0,34638.19921875
0,2024-10-28,109733.0,41395.16015625
0,2024-10-29,109933.0,45515.51171875
0,2024-10-29,110050.0,45801.64453125
0,2024-10-29,109800.0,41917.08203125
0,2024-10-29,109500.0,28554.8046875
0,2024-10-29,109733.0,25277.2890625
0,2024-10-30,109000.0,35458.94140625
0,2024-10-30,109300.0,26552.26171875
0,2024-10-30,109233.0,29618.0546875
0,2024-10-30,109550.0,36273.05078125
0,2024-10-30,109433.0,42422.61328125
0,2024-10-31,109433.0,46097.8359375
0,2024-10-31,109550.0,46404.53515625
0,2024-10-31,109000.0,42905.3671875
0,2024-10-31,109300.0,27908.84375
0,2024-10-31,109233.0,30698.35546875
0,2024-11-01,107800.0,37078.265625
0,2024-11-01,108100.0,29354.291015625
0,2024-11-01,108033.0,31784.015625
0,2024-11-01,108150.0,37875.62890625
0,2024-11-01,108133.0,43360.85546875
0,2024-11-11,106800.0,46736.234375
0,2024-11-11,107300.0,43488.16796875
0,2024-11-11,107233.0,42120.83984375
0,2024-11-11,107350.0,44682.640625
0,2024-11-11,107233.0,47297.0859375
0,2024-11-12,108433.0,51264.80859375
0,2024-11-12,108550.0,51720.97265625
0,2024-11-12,108500.0,47789.42578125
0,2024-11-12,108433.0,42978.9453125
0,2024-11-12,108000.0,45195.19921875
0,2024-11-13,110733.0,44564.28125
0,2024-11-13,110850.0,52180.07421875
0,2024-11-13,110800.0,48342.08984375
0,2024-11-13,110800.0,45556.89453125
0,2024-11-13,110733.0,43782.49609375
0,2024-11-14,111100.0,45679.27734375
0,2024-11-14,111200.0,46478.58203125
0,2024-11-14,111233.0,44528.29296875
0,2024-11-14,111233.0,46148.91015625
0,2024-11-14,111350.0,52628.36328125
0,2024-11-15,111800.0,48929.69921875
0,2024-11-15,111900.0,47364.125
0,2024-11-15,111933.0,45222.73046875
0,2024-11-15,112150.0,46629.8515625
0,2024-11-15,111933.0,49537.35546875
0,2024-11-18,113133.0,53064.2734375
0,2024-11-18,113350.0,54314.3671875
0,2024-11-18,113000.0,51320.70703125
0,2024-11-18,112800.0,47174.67578125
0,2024-11-18,113033.0,51210.38671875
0,2024-11-19,113100.0,48474.79296875
0,2024-11-19,113400.0,52621.1015625
0,2024-11-19,113433.0,47954.18359375
0,2024-11-19,113650.0,49251.84765625
0,2024-11-19,113433.0,51884.31640625
0,2024-11-20,113133.0,54716.5859375
0,2024-11-20,113750.0,55111.93359375
0,2024-11-20,113433.0,52433.12109375
0,2024-11-20,113200.0,50057.49609375
0,2024-11-20,113400.0,53928.6640625
0,2024-11-21,114500.0,48907.5234375
0,2024-11-21,114700.0,55168.71484375
0,2024-11-21,114733.0,49970.87890625
0,2024-11-21,115050.0,50836.68359375
0,2024-11-21,114933.0,52974.640625
0,2024-11-22,114933.0,55503.69140625
0,2024-11-22,115050.0,55894.9375
0,2024-11-22,114700.0,53494.25
0,2024-11-22,114400.0,51028.453125
0,2024-11-22,114733.0,56362.58203125
0,2024-11-25,118000.0,51594.34765625
0,2024-11-25,118800.0,59678.58984375
0,2024-11-25,118833.0,53861.19140625
0,2024-11-25,118950.0,53695.96484375
0,2024-11-25,118933.0,54953.13671875
0,2024-11-26,122000.0,57032.2890625
0,2024-11-26,121950.0,57393.4140625
0,2024-11-26,121800.0,55431.68359375
0,2024-11-26,120800.0,54717.51171875
0,2024-11-26,121833.0,60683.08984375
0,2024-11-27,121800.0,54341.0078125
0,2024-11-27,122400.0,61651.03515625
0,2024-11-27,122333.0,55531.51171875
0,2024-11-27,122650.0,54967.6171875
0,2024-11-27,122333.0,55905.29296875
0,2024-11-28,127433.0,57746.36328125
0,2024-11-28,127750.0,58089.97265625
0,2024-11-28,127000.0,56377.39453125
0,2024-11-28,127300.0,62558.13671875
0,2024-11-28,127233.0,56338.62890625
0,2024-11-29,128000.0,55582.01953125
0,2024-11-29,128300.0,63438.58203125
0,2024-11-29,128233.0,57158.30859375
0,2024-11-29,128750.0,56189.85546875
0,2024-11-29,128433.0,56838.94140625
0,2024-12-02,129700.0,58428.41015625
0,2024-12-02,130000.0,65896.5546875
0,2024-12-02,130000.0,59498.70703125
0,2024-12-02,130450.0,57957.828125
0,2024-12-02,129933.0,58166.38671875
0,2024-12-03,128033.0,59408.26171875
0,2024-12-03,128550.0,59716.41015625
0,2024-12-03,128033.0,58592.54296875
0,2024-12-03,127800.0,58521.98046875
0,2024-12-03,128000.0,66627.71875
0,2024-12-04,109500.0,60230.640625
0,2024-12-04,108933.0,60939.19140625
0,2024-12-04,108950.0,59072.08984375
0,2024-12-04,108933.0,59012.55859375
0,2024-12-04,108000.0,60018.57421875
0,2024-12-05,107000.0,67308.9921875
0,2024-12-05,108500.0,67962.5703125
0,2024-12-05,108033.0,61602.65234375
0,2024-12-05,108050.0,59606.0234375
0,2024-12-05,108033.0,59424.46484375
0,2024-12-06,118600.0,60315.16015625
0,2024-12-06,118716.5,68576.9921875
0,2024-12-06,118891.5,62233.41015625
0,2024-12-06,119058.5,60120.640625
0,2024-12-06,118266.5,59823.30859375
0,2024-12-09,123633.0,60608.671875
0,2024-12-09,123000.0,60974.10546875
0,2024-12-09,123633.0,61441.34375
0,2024-12-09,114400.0,64038.60546875
0,2024-12-09,123850.0,70237.0078125
0,2024-12-10,123000.0,61570.37109375
0,2024-12-10,124000.0,70735.78125
0,2024-12-10,123933.0,64593.58984375
0,2024-12-10,123950.0,62021.44140625
0,2024-12-10,123933.0,61339.58203125
0,2024-12-11,123933.0,61705.36328125
0,2024-12-11,123950.0,61962.14453125
0,2024-12-11,123933.0,61693.05859375
0,2024-12-11,123000.0,62455.16015625
0,2024-12-11,124000.0,71209.0859375
0,2024-12-12,124200.0,65125.9453125
0,2024-12-12,124500.0,71653.7265625
0,2024-12-12,124433.0,65629.90625
0,2024-12-12,124650.0,62878.88671875
0,2024-12-12,124633.0,62036.51953125
0,2024-12-13,124833.0,62212.64453125
0,2024-12-13,124850.0,62456.19140625
0,2024-12-13,124700.0,62369.51171875
0,2024-12-13,124400.0,66116.0703125
0,2024-12-13,124633.0,72074.6484375
0,2024-12-17,123500.0,63287.82421875
0,2024-12-17,124900.0,73603.6953125
0,2024-12-17,124900.0,67864.6171875
0,2024-12-17,125150.0,64785.44921875
0,2024-12-17,124933.0,63600.11328125
0,2024-12-28,124933.0,63370.26171875
0,2024-12-28,125150.0,65396.703125
0,2024-12-28,124900.0,66225.9375
0,2024-12-28,123500.0,71300.96875
0,2024-12-28,124900.0,76972.1796875
0,2024-12-30,120300.0,67973.3984375
0,2024-12-30,120700.0,77446.8515625
0,2024-12-30,120733.0,71743.390625
0,2024-12-30,121000.0,68409.6640625
0,2024-12-30,120733.0,66590.1484375
0,2024-12-31,120933.0,65687.6328125
0,2024-12-31,121200.0,65824.8203125
0,2024-12-31,120500.0,66761.015625
0,2024-12-31,120900.0,77670.234375
0,2024-12-31,120933.0,71949.7890625
0,2025-01-01,120500.0,68610.0703125
0,2025-01-01,120900.0,77670.234375
0,2025-01-01,120933.0,71949.7890625
0,2025-01-01,121200.0,68610.0703125
0,2025-01-01,120933.0,66761.015625
0,2025-01-02,118700.0,65824.8203125
0,2025-01-02,119300.0,77881.3046875
0,2025-01-02,119333.0,72142.9375
0,2025-01-02,119450.0,68801.625
0,2025-01-02,119333.0,66924.8828125
0,2025-01-03,119333.0,65956.3828125
0,2025-01-03,119450.0,66080.796875
0,2025-01-03,119333.0,67082.0078125
0,2025-01-03,118700.0,68984.3359375
0,2025-01-03,119300.0,78081.4296875
0,2025-01-06,120300.0,72323.3046875
0,2025-01-06,120433.0,72819.6171875
0,2025-01-06,119800.0,66417.46875
0,2025-01-06,120333.0,78626.5703125
0,2025-01-06,120450.0,69476.890625
0,2025-01-07,120300.0,67509.078125
0,2025-01-07,120500.0,78790.125
0,2025-01-07,120533.0,72971.3203125
0,2025-01-07,120750.0,69623.515625
0,2025-01-07,120733.0,67635.6953125
0,2025-01-08,121000.0,66519.3203125
0,2025-01-08,121500.0,78945.4765625
0,2025-01-08,121433.0,73114.75
0,2025-01-08,121550.0,69761.6015625
0,2025-01-08,121433.0,67754.7890625
0,2025-01-09,119450.0,66615.75
0,2025-01-09,119233.0,67866.6015625
0,2025-01-09,119300.0,66706.6484375
0,2025-01-09,118300.0,69891.4765625
0,2025-01-09,119300.0,79091.546875
0,2025-01-10,118500.0,73247.5390625
0,2025-01-10,119500.0,79227.15625
0,2025-01-10,119500.0,73373.3515625
0,2025-01-10,119650.0,70012.5078125
0,2025-01-10,119433.0,67970.9609375
0,2025-01-20,119300.0,66792.4140625
0,2025-01-20,119800.0,80205.2890625
0,2025-01-20,120550.0,74207.2890625
0,2025-01-20,120067.0,68635.7265625
0,2025-01-21,118200.0,67340.2109375
0,2025-01-21,119000.0,80267.1875
0,2025-01-21,119050.0,74251.3359375
0,2025-01-21,119067.0,68664.8828125
0,2025-01-22,121067.0,67363.8359375
0,2025-01-22,121350.0,67381.78125
0,2025-01-22,120300.0,68687.3828125
0,2025-01-22,120900.0,80322.578125
0,2025-01-23,123500.0,74288.5546875
0,2025-01-23,124200.0,80371.4765625
0,2025-01-23,124550.0,74318.8671875
0,2025-01-23,124267.0,68703.2578125
0,2025-01-24,123500.0,67394.0703125
0,2025-01-24,124200.0,80413.515625
0,2025-01-24,124550.0,74342.0703125
0,2025-01-24,124267.0,68712.3984375
0,2025-02-03,127800.0,67400.6796875
0,2025-02-03,128800.0,80448.4921875
0,2025-02-03,128733.0,74183.6640625
0,2025-02-03,128950.0,70631.9609375
0,2025-02-03,128733.0,68434.8671875
0,2025-02-04,130433.0,67149.25
0,2025-02-04,130650.0,67091.6171875
0,2025-02-04,130500.0,68367.9453125
0,2025-02-04,129700.0,74127.5546875
0,2025-02-04,130433.0,80411.9609375
0,2025-02-05,127600.0,70566.71875
0,2025-02-05,128400.0,80368.1015625
0,2025-02-05,128333.0,74063.671875
0,2025-02-05,128550.0,70493.4609375
0,2025-02-05,128333.0,68293.5
0,2025-02-06,130433.0,67028.03125
0,2025-02-06,130650.0,66958.28125
0,2025-02-06,130433.0,68211.5390625
0,2025-02-06,129800.0,70412.2578125
0,2025-02-06,130500.0,80316.578125
0,2025-02-07,129800.0,73991.5703125
0,2025-02-07,130500.0,80257.3046875
0,2025-02-07,130433.0,73911.390625
0,2025-02-07,130650.0,70322.2578125
0,2025-02-07,130433.0,68122.2109375
0,2025-02-10,129000.0,66882.3515625
0,2025-02-10,129000.0,67807.9140625
0,2025-02-10,129000.0,66617.3828125
0,2025-02-10,129000.0,73619.1640625
0,2025-02-10,128000.0,69994.9609375
0,2025-02-11,130000.0,80032.25
0,2025-02-11,131000.0,79941.1796875
0,2025-02-11,131000.0,73504.4296875
0,2025-02-11,131000.0,69867.3828125
0,2025-02-11,131000.0,67686.6796875
0,2025-02-13,132000.0,66516.03125
0,2025-02-13,132900.0,79735.4296875
0,2025-02-13,132800.0,73248.7265625
0,2025-02-13,133000.0,69583.5859375
0,2025-02-14,131000.0,67419.7109375
0,2025-02-14,132400.0,79618.3046875
0,2025-02-14,132300.0,73105.875
0,2025-02-14,132500.0,69426.375
0,2025-02-14,132300.0,67273.9609375
0,2025-02-17,131225.0,66177.1796875
0,2025-02-17,131133.5,66786.3671875
0,2025-02-17,130900.0,65779.7421875
0,2025-02-17,129900.0,72618.1796875
0,2025-02-17,131133.5,79206.6953125
0,2025-02-18,129500.0,68891.0390625
0,2025-02-18,129900.0,79047.8671875
0,2025-02-18,130267.0,72437.8359375
0,2025-02-18,130450.0,68690.6171875
0,2025-02-18,130267.0,66607.5390625
0,2025-02-19,131933.0,65633.7890625
0,2025-02-19,131950.0,65481.20703125
0,2025-02-19,131933.0,66420.5078125
0,2025-02-19,130300.0,68478.9765625
0,2025-02-19,131900.0,78877.2734375
0,2025-02-20,132200.0,72247.734375
0,2025-02-20,133200.0,78693.5390625
0,2025-02-20,133233.0,72045.9453125
0,2025-02-20,133450.0,68253.9609375
0,2025-02-20,133233.0,66225.2578125
0,2025-02-21,131733.0,65322.24609375
0,2025-02-21,132000.0,65155.72265625
0,2025-02-21,131700.0,66021.5078125
0,2025-02-21,130700.0,71834.0546875
0,2025-02-21,131733.0,78497.0546875
0,2025-02-24,132800.0,68015.96875
0,2025-02-24,133900.0,77823.015625
0,2025-02-24,133933.0,71113.1015625
0,2025-02-24,133950.0,67208.2578125
0,2025-02-24,133933.0,65351.75390625
0,2025-02-25,131933.0,64613.11328125
0,2025-02-25,131950.0,64415.92578125
0,2025-02-25,131900.0,65106.09765625
0,2025-02-25,130800.0,70847.4765625
0,2025-02-25,131933.0,77569.9296875
0,2025-02-26,128000.0,66911.9140625
0,2025-02-26,129900.0,77299.9375
0,2025-02-26,129933.0,70565.890625
0,2025-02-26,129950.0,66603.359375
0,2025-02-26,129933.0,64845.69140625
0,2025-02-27,130233.0,64212.046875
0,2025-02-27,130250.0,64000.71875
0,2025-02-27,128300.0,64573.76953125
0,2025-02-27,130200.0,77012.421875
0,2025-02-27,130233.0,70268.2421875
0,2025-02-28,128500.0,66285.1171875
0,2025-02-28,130400.0,76707.7578125
0,2025-02-28,130433.0,69955.5546875
0,2025-02-28,130450.0,65955.828125
0,2025-02-28,130433.0,64290.5
0,2025-03-03,127500.0,63782.83984375
0,2025-03-03,129400.0,75719.1640625
0,2025-03-03,129433.0,68908.3828125
0,2025-03-03,129450.0,64874.58984375
0,2025-03-03,129500.0,63372.6796875
0,2025-03-04,132933.0,63091.35546875
0,2025-03-04,132933.0,64476.79296875
0,2025-03-04,132950.0,62845.35546875
0,2025-03-04,131000.0,63042.7421875
0,2025-03-04,132900.0,75351.5390625
0,2025-03-05,133000.0,68504.1484375
0,2025-03-05,134700.0,74966.4453125
0,2025-03-05,134733.0,68078.34375
0,2025-03-05,135050.0,64059.77734375
0,2025-03-05,134933.0,62702.16015625
0,2025-03-06,134933.0,62591.59375
0,2025-03-06,135050.0,62330.59765625
0,2025-03-06,134733.0,62352.2421875
0,2025-03-06,134700.0,63630.37109375
0,2025-03-06,133000.0,67626.265625
0,2025-03-07,131000.0,74562.3984375
0,2025-03-07,131700.0,74148.921875
0,2025-03-07,131733.0,67152.8828125
0,2025-03-07,132050.0,63193.06640625
0,2025-03-07,131933.0,61994.56640625
0,2025-03-10,129733.0,62059.234375
0,2025-03-10,129750.0,61195.0546875
0,2025-03-10,129533.0,60844.23828125
0,2025-03-10,129500.0,61771.73046875
0,2025-03-10,129000.0,65558.1953125
0,2025-03-11,132000.0,72797.2421875
0,2025-03-11,132700.0,72312.9765625
0,2025-03-11,132633.0,64973.49609375
0,2025-03-11,132950.0,61258.15234375
0,2025-03-11,132733.0,60430.625
0,2025-03-12,132733.0,60890.4375
0,2025-03-12,132950.0,60575.0390625
0,2025-03-12,132700.0,60002.96484375
0,2025-03-12,132000.0,64364.06640625
0,2025-03-12,132633.0,71811.875
0,2025-03-13,131500.0,60721.63671875
0,2025-03-13,132700.0,71273.9375
0,2025-03-13,132633.0,63719.39453125
0,2025-03-13,132950.0,60165.24609375
0,2025-03-13,132933.0,59565.03515625
0,2025-03-14,133433.0,60253.79296875
0,2025-03-14,133450.0,59923.6015625
0,2025-03-14,131600.0,59111.1328125
0,2025-03-14,133000.0,70716.2265625
0,2025-03-14,133033.0,63055.48046875
0,2025-03-17,132700.0,59594.58984375
0,2025-03-17,132683.5,60861.11328125
0,2025-03-17,132975.0,57731.08984375
0,2025-03-17,132683.5,57665.91015625
0,2025-03-17,131000.0,58872.7421875
0,2025-03-18,132700.0,68801.9921875
0,2025-03-18,134000.0,68071.4140625
0,2025-03-18,133975.0,60063.6796875
0,2025-03-18,133933.5,57164.29296875
0,2025-03-18,133733.5,58502.73046875
0,2025-03-19,132700.0,57076.48046875
0,2025-03-19,133467.0,67305.4453125
0,2025-03-19,133950.0,56409.3828125
0,2025-03-19,133867.0,56653.15234375
0,2025-03-20,134967.0,58126.27734375
0,2025-03-20,134950.0,57745.73046875
0,2025-03-20,134000.0,56131.48046875
0,2025-03-20,134467.0,66476.75
0,2025-03-21,131967.0,55727.21484375
0,2025-03-21,131900.0,65584.546875
0,2025-03-21,131867.0,55041.5078125
0,2025-03-21,132000.0,55601.21875
0,2025-03-24,133667.0,57358.19140625
0,2025-03-24,133350.0,56133.0234375
0,2025-03-24,133100.0,53947.9296875
0,2025-03-24,132800.0,54436.12109375
0,2025-03-24,133067.0,62569.94921875
0,2025-03-25,133150.0,52859.87890625
0,2025-03-25,133000.0,61447.90234375
0,2025-03-25,132967.0,53387.45703125
0,2025-03-25,133450.0,52057.73828125
0,2025-03-25,133767.0,53353.7734375
0,2025-03-26,135467.0,55709.59375
0,2025-03-26,135450.0,55283.73046875
0,2025-03-26,135300.0,52730.63671875
0,2025-03-26,135267.0,52271.5703125
0,2025-03-26,133950.0,51204.95703125
0,2025-03-27,133450.0,60261.24609375
0,2025-03-27,133300.0,59034.00390625
0,2025-03-27,133267.0,51084.48828125
0,2025-03-27,133350.0,50308.40234375
0,2025-03-27,133367.0,52085.3984375
0,2025-03-28,133967.0,54851.55859375
0,2025-03-28,133300.0,57739.55078125
0,2025-03-28,132100.0,49841.17578125
0,2025-03-28,132967.0,49373.55859375
0,2025-03-28,133450.0,51419.46484375
0,2025-03-31,132000.0,54411.48046875
0,2025-03-31,132767.0,53432.84765625
0,2025-03-31,132950.0,47029.25
0,2025-03-31,132967.0,49319.203125
0,2025-04-01,132267.0,53050.66796875
0,2025-04-01,132167.0,52563.7109375
0,2025-04-01,131200.0,46456.60546875
0,2025-04-01,132250.0,51826.52734375
0,2025-04-02,132300.0,48622.4453125
0,2025-04-02,133467.0,50096.46484375
0,2025-04-02,133550.0,45910.66796875
0,2025-04-02,133467.0,47964.87109375
0,2025-04-03,132500.0,52059.94140625
0,2025-04-03,133467.0,48565.66015625
0,2025-04-03,133550.0,45345.07421875
0,2025-04-03,133467.0,47389.73046875
0,2025-04-04,132267.0,51542.1015625
0,2025-04-04,133467.0,47444.73046875
0,2025-04-04,132167.0,44737.64453125
0,2025-04-04,132250.0,46877.9921875
0,2025-04-07,127150.0,51013.3203125
0,2025-04-07,126967.0,45577.15625
0,2025-04-07,127000.0,49353.17578125
0,2025-04-07,126967.0,40460.40625
0,2025-04-07,126000.0,42622.76953125
0,2025-04-08,127167.0,44036.23046875
0,2025-04-08,127150.0,48795.36328125
0,2025-04-08,126000.0,45143.46484375
0,2025-04-08,127000.0,42633.81640625
0,2025-04-08,126967.0,39282.19140625
0,2025-04-09,118000.0,41818.59765625
0,2025-04-09,120000.0,41107.91796875
0,2025-04-09,119967.0,38047.24609375
0,2025-04-09,119950.0,40979.21484375
0,2025-04-09,119967.0,44683.66015625
0,2025-04-10,116000.0,48262.41796875
0,2025-04-10,118000.0,39418.42578125
0,2025-04-10,117967.0,36767.1484375
0,2025-04-10,117950.0,40103.46484375
0,2025-04-10,117967.0,44200.26953125
0,2025-04-11,118967.0,47750.10546875
0,2025-04-11,118950.0,47296.50390625
0,2025-04-11,118967.0,43692.2265625
0,2025-04-11,119000.0,39193.74609375
0,2025-04-11,117300.0,35463.6796875
0,2025-04-14,125000.0,37643.46875
0,2025-04-14,125200.0,46156.78515625
0,2025-04-14,124300.0,42005.12109375
0,2025-04-14,125000.0,32101.365234375
0,2025-04-14,125000.0,31522.53515625
0,2025-04-15,129300.0,36375.765625
0,2025-04-15,130000.0,30309.71875
0,2025-04-15,130200.0,30226.841796875
0,2025-04-15,130200.0,41386.3203125
0,2025-04-15,130000.0,45822.53515625
0,2025-04-16,131300.0,35415.05078125
0,2025-04-16,131900.0,28565.8203125
0,2025-04-16,132150.0,28958.041015625
0,2025-04-17,133550.0,40741.95703125
0,2025-04-17,132600.0,40087.1171875
0,2025-04-17,133500.0,26973.8515625
0,2025-04-18,132750.0,27746.44140625
0,2025-04-18,132700.0,39404.55078125
0,2025-04-18,132700.0,25474.0703125
0,2025-04-21,129500.0,26626.91015625
0,2025-04-21,129500.0,23524.46875
0,2025-04-21,129700.0,29746.90625
0,2025-04-21,129700.0,37272.34375
0,2025-04-21,129000.0,43725.08984375
0,2025-04-22,128500.0,21514.91796875
0,2025-04-22,129000.0,20420.447265625
0,2025-04-22,129000.0,22562.078125
0,2025-04-22,129150.0,28844.8984375
0,2025-04-22,129133.0,36537.72265625
0,2025-04-23,128400.0,43326.79296875
0,2025-04-23,129000.0,19537.50390625
0,2025-04-23,129000.0,21647.8046875
0,2025-04-23,129000.0,27964.228515625
0,2025-04-23,129000.0,35806.47265625
0,2025-04-24,130133.0,42919.109375
0,2025-04-24,130433.0,27112.10546875
0,2025-04-24,130450.0,42490.2578125
0,2025-04-24,129900.0,35086.56640625
0,2025-04-24,130200.0,18928.26171875
0,2025-04-25,131500.0,20804.19140625
0,2025-04-25,131900.0,18948.263671875
0,2025-04-25,131933.0,20035.30859375
0,2025-04-25,132150.0,26297.38671875
0,2025-04-25,132133.0,34372.93359375
0,2025-04-28,130633.0,42046.49609375
0,2025-04-28,130650.0,40654.68359375
0,2025-04-28,130533.0,32305.625
0,2025-04-28,130100.0,24021.98828125
0,2025-04-28,130500.0,19212.69921875
0,2025-04-29,130200.0,18637.466796875
0,2025-04-29,130600.0,19653.287109375
0,2025-04-29,130633.0,18697.66015625
0,2025-04-29,130750.0,23307.87109375
0,2025-04-29,130733.0,31642.1015625
0,2025-04-30,130733.0,40176.01953125
0,2025-04-30,130750.0,39683.875
0,2025-04-30,130633.0,30985.185546875
0,2025-04-30,130200.0,22626.029296875
0,2025-04-30,130600.0,20080.484375
0,2025-05-01,130600.0,18742.818359375
0,2025-05-01,130633.0,18767.078125
0,2025-05-01,130750.0,21960.943359375
0,2025-05-01,130733.0,30335.67578125
0,2025-05-01,130200.0,39186.30078125
0,2025-05-02,130633.0,20455.77734375
0,2025-05-02,130733.0,21335.21484375
0,2025-05-02,130200.0,38689.57421875
0,2025-05-02,130600.0,20789.00390625
0,2025-05-02,130750.0,18784.48828125
0,2025-05-05,129000.0,29692.962890625
0,2025-05-05,129600.0,21553.73828125
0,2025-05-05,129633.0,19669.13671875
0,2025-05-05,129950.0,19661.96875
0,2025-05-05,129933.0,27812.12890625
0,2025-05-06,128650.0,37190.69921875
0,2025-05-06,128433.0,27212.875
0,2025-05-06,128433.0,36705.75390625
0,2025-05-06,128200.0,19236.26953125
0,2025-05-06,128400.0,21747.65625
0,2025-05-07,128000.0,19980.30859375
0,2025-05-07,128200.0,21916.06640625
0,2025-05-07,128233.0,20261.5
0,2025-05-07,128450.0,18854.337890625
0,2025-05-07,128233.0,26636.734375
0,2025-05-08,127933.0,36225.62109375
0,2025-05-08,128150.0,35746.63671875
0,2025-05-08,127933.0,26080.365234375
0,2025-05-08,127700.0,18568.732421875
0,2025-05-08,127900.0,22061.203125
0,2025-05-09,128000.0,20516.30078125
0,2025-05-09,128200.0,22185.2578125
0,2025-05-09,128233.0,20744.181640625
0,2025-05-09,128350.0,18504.94921875
0,2025-05-09,128233.0,25534.00390625
1,2021-05-17,59000.0,19547.88671875
1,2021-05-19,59600.0,19548.169921875
1,2021-05-21,59500.0,19548.412109375
1,2021-05-26,59800.0,19548.70703125
1,2021-05-31,60500.0,19549.65625
1,2021-06-02,60500.0,19551.052734375
1,2021-06-09,60500.0,19551.716796875
1,2021-06-11,60500.0,19553.859375
1,2021-06-13,60500.0,19554.49609375
1,2021-06-16,60300.0,19555.17578125
1,2021-06-18,60000.0,19556.19921875
2,2024-02-06,14000.0,19254.390625
2,2024-02-08,15000.0,19252.654296875
2,2024-02-13,15000.0,19251.88671875
2,2024-02-15,14000.0,19249.6875
2,2024-02-20,14000.0,19248.73828125
2,2024-02-22,14000.0,19246.265625
2,2024-02-27,15000.0,19245.33984375
2,2024-02-29,15000.0,19243.044921875
2,2024-03-05,15000.0,19242.09765625
2,2024-03-07,15000.0,19239.5390625
2,2024-03-12,15000.0,19238.45703125
2,2024-03-14,15000.0,19235.671875
2,2024-03-19,15000.0,19234.55078125
2,2024-03-21,15000.0,19231.7109375
2,2024-03-26,15000.0,19230.642578125
2,2024-03-28,15000.0,19227.98046875
2,2024-04-02,15000.0,19226.98046875
2,2024-04-04,15000.0,19224.89453125
2,2024-04-09,15000.0,19224.13671875
2,2024-04-11,15000.0,19222.384765625
2,2024-04-16,15000.0,19221.720703125
2,2024-04-18,15000.0,19219.806640625
2,2024-04-23,15000.0,19218.88671875
2,2024-04-25,15000.0,19216.63671875
2,2024-04-30,15000.0,19215.7578125
2,2024-05-02,15000.0,19213.6796875
2,2024-05-07,15000.0,19212.90625
2,2024-05-09,15000.0,19211.107421875
2,2024-05-14,15000.0,19210.4609375
2,2024-05-16,15000.0,19208.94140625
2,2024-05-21,15000.0,19208.28125
2,2024-05-23,15000.0,19206.732421875
2,2024-05-28,15000.0,19206.171875
2,2024-05-30,15000.0,19204.919921875
2,2024-06-04,15000.0,19204.50390625
2,2024-06-06,15000.0,19203.55859375
2,2024-06-11,16000.0,19203.17578125
2,2024-06-13,16000.0,19202.3671875
2,2024-06-18,16000.0,19202.10546875
2,2024-06-20,16000.0,19201.5703125
2,2024-06-25,16000.0,19201.453125
2,2024-06-27,16000.0,19201.283203125
2,2024-07-02,16000.0,19201.263671875
2,2024-07-04,16000.0,19201.5078125
2,2024-07-09,16000.0,19201.642578125
2,2024-07-11,16000.0,19202.119140625
2,2024-07-16,16000.0,19202.41015625
2,2024-07-18,16000.0,19203.24609375
2,2024-07-23,16000.0,19203.599609375
2,2024-07-25,16000.0,19204.515625
2,2024-07-30,16000.0,19204.892578125
2,2024-08-01,16000.0,19205.873046875
2,2024-08-06,16000.0,19206.26953125
2,2024-08-08,16000.0,19207.30078125
2,2024-08-13,16000.0,19207.728515625
2,2024-08-15,16000.0,19208.86328125
2,2024-08-20,16000.0,19209.33984375
2,2024-08-22,16000.0,19210.64453125
2,2024-08-27,16000.0,19211.26953125
2,2024-08-29,16000.0,19212.904296875
2,2024-09-03,16000.0,19213.59375
2,2024-09-05,16000.0,19215.396484375
2,2024-09-10,16000.0,19216.16796875
2,2024-09-12,16000.0,19218.236328125
2,2024-09-17,16000.0,19219.150390625
2,2024-09-19,16000.0,19221.53515625
2,2024-09-24,16000.0,19222.533203125
2,2024-09-26,16000.0,19225.12890625
2,2024-10-01,16000.0,19226.1015625
2,2024-10-03,16000.0,19228.59765625
2,2024-10-08,16000.0,19229.59375
2,2024-10-10,16000.0,19231.89453125
2,2024-10-15,16100.0,19232.81640625
2,2024-10-17,16100.0,19235.21484375
2,2024-10-22,16000.0,19236.19921875
2,2024-10-24,16000.0,19238.6953125
2,2024-10-29,16000.0,19239.7109375
2,2024-10-31,16000.0,19242.234375
2,2024-11-05,16000.0,19243.171875
2,2024-11-07,16000.0,19245.41015625
2,2024-11-12,16000.0,19246.28515625
2,2024-11-14,16100.0,19248.357421875
2,2024-11-19,16100.0,19249.16796875
2,2024-11-21,16000.0,19250.537109375
2,2024-11-26,16000.0,19251.05078125
2,2024-11-28,16000.0,19252.28125
2,2024-12-03,16000.0,19252.73828125
2,2024-12-05,16000.0,19253.6953125
2,2024-12-09,16000.0,19254.07421875
2,2024-12-10,16000.0,19486.4609375
2,2024-12-12,16000.0,19486.51171875
2,2024-12-16,16000.0,19486.5859375
2,2024-12-17,16000.0,19486.7890625
2,2024-12-19,16000.0,19486.82421875
2,2025-03-31,16000.0,19486.849609375
2,2025-04-03,16000.0,21791.26953125
2,2025-04-10,16000.0,21667.275390625
2,2025-04-14,16000.0,21398.546875
2,2025-04-17,16000.0,21265.21875
2,2025-04-21,16000.0,21174.58203125
2,2025-04-24,16000.0,21067.2890625
2,2025-04-28,16000.0,20993.712890625
2,2025-05-05,16000.0,20897.955078125
2,2025-05-12,16000.0,20751.310546875
2,2025-05-15,16000.0,20608.99609375
2,2025-05-19,16000.0,20554.021484375
3,2024-01-11,19000.0,19202.896484375
3,2024-01-12,9600.0,19240.529296875
3,2024-01-16,11466.67,19326.546875
3,2024-01-16,19000.0,19202.5
3,2024-01-17,9600.0,19242.00390625
3,2024-01-18,19000.0,19330.52734375
3,2024-01-18,11466.67,19242.51953125
3,2024-01-19,9600.0,19202.359375
3,2024-01-23,11466.67,19331.82421875
3,2024-01-23,19000.0,19201.7734375
3,2024-01-24,9600.0,19243.568359375
3,2024-01-25,19000.0,19334.15234375
3,2024-01-25,11466.67,19243.88671875
3,2024-01-26,9600.0,19201.45703125
3,2024-01-30,19000.0,19334.72265625
3,2024-01-30,11466.67,19244.43359375
3,2024-01-31,9600.0,19200.474609375
3,2024-02-01,11466.67,19335.19140625
3,2024-02-01,19000.0,19200.015625
3,2024-02-02,9600.0,19244.5546875
3,2024-02-06,11466.67,19334.9921875
3,2024-02-06,19000.0,19198.68359375
3,2024-02-07,9600.0,19244.59375
3,2024-02-08,19000.0,19333.5234375
3,2024-02-08,11466.67,19244.498046875
3,2024-02-09,9600.0,19198.064453125
3,2024-02-13,11466.67,19332.560546875
3,2024-02-13,19000.0,19196.3671875
3,2024-02-14,9600.0,19244.09375
3,2024-02-15,11733.33,19329.28515625
3,2024-02-15,19000.0,19195.62109375
3,2024-02-16,9600.0,19243.830078125
3,2024-02-20,19000.0,19327.654296875
3,2024-02-20,11733.33,19242.953125
3,2024-02-21,9600.0,19193.869140625
3,2024-02-22,19000.0,19322.8046875
3,2024-02-22,11733.33,19242.51953125
3,2024-02-23,9700.0,19193.12890625
3,2024-02-27,11600.0,19320.4140625
3,2024-02-27,19000.0,19191.232421875
3,2024-02-28,9700.0,19241.23828125
3,2024-02-29,11600.0,19313.7421875
3,2024-02-29,19000.0,19190.5
3,2024-03-01,7600.0,19240.6640625
3,2024-03-05,19000.0,19310.8515625
3,2024-03-05,11600.0,19239.02734375
3,2024-03-06,7600.0,19188.69921875
3,2024-03-07,11600.0,19303.0546875
3,2024-03-07,19000.0,19187.96875
3,2024-03-08,8000.0,19238.28515625
3,2024-03-12,11600.0,19299.75
3,2024-03-12,19000.0,19186.154296875
3,2024-03-13,8000.0,19236.15625
3,2024-03-14,19000.0,19291.515625
3,2024-03-14,11600.0,19235.2578125
3,2024-03-15,8000.0,19185.568359375
3,2024-03-19,19000.0,19288.15625
3,2024-03-19,11600.0,19233.306640625
3,2024-03-20,8000.0,19184.02734375
3,2024-03-21,11600.0,19279.9296875
3,2024-03-21,19000.0,19183.34765625
3,2024-03-22,7900.0,19232.4921875
3,2024-03-26,11466.67,19276.59375
3,2024-03-26,19000.0,19181.666015625
3,2024-03-27,7900.0,19230.546875
3,2024-03-28,19000.0,19269.123046875
3,2024-03-28,11466.67,19229.85546875
3,2024-03-29,7900.0,19180.966796875
3,2024-04-02,11600.0,19266.322265625
3,2024-04-02,19000.0,19179.5234375
3,2024-04-03,8000.0,19228.390625
3,2024-04-04,11600.0,19259.310546875
3,2024-04-04,19000.0,19178.986328125
3,2024-04-05,8000.0,19227.94921875
3,2024-04-09,19000.0,19256.20703125
3,2024-04-09,11600.0,19226.779296875
3,2024-04-10,7700.0,19177.67578125
3,2024-04-11,19000.0,19248.615234375
3,2024-04-11,11600.0,19226.3203125
3,2024-04-12,7700.0,19177.126953125
3,2024-04-16,11600.0,19245.33984375
3,2024-04-16,19000.0,19175.87890625
3,2024-04-17,7700.0,19225.466796875
3,2024-04-18,11600.0,19237.66796875
3,2024-04-18,18500.0,19175.32421875
3,2024-04-19,7700.0,19225.15234375
3,2024-04-23,11600.0,19234.892578125
3,2024-04-23,18500.0,19174.2578125
3,2024-04-24,7800.0,19223.814453125
3,2024-04-25,11600.0,19229.3671875
3,2024-04-25,18500.0,19173.94921875
3,2024-04-26,7800.0,19223.1953125
3,2024-04-30,11600.0,19227.36328125
3,2024-04-30,18500.0,19173.1953125
3,2024-05-01,7800.0,19221.1484375
3,2024-05-02,18500.0,19222.8046875
3,2024-05-02,11600.0,19220.28515625
3,2024-05-03,7800.0,19172.98828125
3,2024-05-07,18500.0,19220.9765625
3,2024-05-07,11600.0,19217.98828125
3,2024-05-08,7900.0,19172.515625
3,2024-05-09,11600.0,19216.6484375
3,2024-05-09,18500.0,19172.34375
3,2024-05-10,7900.0,19217.1171875
3,2024-05-14,11600.0,19215.115234375
3,2024-05-14,18500.0,19171.908203125
3,2024-05-15,7800.0,19215.123046875
3,2024-05-16,18500.0,19211.515625
3,2024-05-16,11933.33,19214.38671875
3,2024-05-17,7800.0,19171.76171875
3,2024-05-21,11933.33,19210.177734375
3,2024-05-21,18500.0,19171.0546875
3,2024-05-22,8100.0,19212.5
3,2024-05-23,11633.33,19206.8671875
3,2024-05-23,18500.0,19170.703125
3,2024-05-24,8100.0,19211.71484375
3,2024-05-28,18500.0,19205.71484375
3,2024-05-28,11633.33,19209.7109375
3,2024-05-29,7800.0,19169.8046875
3,2024-05-30,18500.0,19202.9921875
3,2024-05-30,11933.33,19208.8671875
3,2024-05-31,7800.0,19169.453125
3,2024-06-04,11933.33,19202.03515625
3,2024-06-04,18500.0,19168.7421875
3,2024-06-05,7800.0,19206.66796875
3,2024-06-06,11933.33,19199.87109375
3,2024-06-06,18500.0,19168.54296875
3,2024-06-07,7800.0,19205.822265625
3,2024-06-11,18500.0,19199.0546875
3,2024-06-11,11933.33,19203.19140625
3,2024-06-12,7750.0,19168.15625
3,2024-06-13,11933.33,19197.013671875
3,2024-06-13,18500.0,19168.046875
3,2024-06-14,7750.0,19202.083984375
3,2024-06-18,11933.33,19196.34375
3,2024-06-18,18500.0,19167.84375
3,2024-06-19,7800.0,19199.458984375
3,2024-06-20,18500.0,19194.970703125
3,2024-06-20,11933.33,19198.466796875
3,2024-06-21,7800.0,19167.79296875
3,2024-06-25,18000.0,19194.5859375
3,2024-06-25,11933.33,19196.19140625
3,2024-06-26,7800.0,19167.75390625
3,2024-06-27,11933.33,19193.62109375
3,2024-06-27,18000.0,19167.80859375
3,2024-06-28,7800.0,19195.365234375
3,2024-07-02,11933.33,19193.2265625
3,2024-07-02,18000.0,19168.021484375
3,2024-07-03,7200.0,19193.515625
3,2024-07-04,18000.0,19192.328125
3,2024-07-04,11933.33,19192.849609375
3,2024-07-05,7200.0,19168.12890625
3,2024-07-09,11933.33,19191.94921875
3,2024-07-09,18000.0,19168.484375
3,2024-07-10,7200.0,19191.400390625
3,2024-07-11,11933.33,19191.12890625
3,2024-07-11,18000.0,19168.65234375
3,2024-07-12,7200.0,19190.8984375
3,2024-07-16,18000.0,19190.873046875
3,2024-07-16,11933.33,19189.794921875
3,2024-07-17,7200.0,19169.119140625
3,2024-07-18,11933.33,19190.40234375
3,2024-07-18,18000.0,19169.33203125
3,2024-07-19,7200.0,19189.3984375
3,2024-07-23,18000.0,19190.2734375
3,2024-07-23,11933.33,19188.5625
3,2024-07-24,7200.0,19169.91015625
3,2024-07-25,11933.33,19190.07421875
3,2024-07-25,18000.0,19170.1640625
3,2024-07-26,7200.0,19188.2734375
3,2024-07-30,11933.33,19190.052734375
3,2024-07-30,18000.0,19170.859375
3,2024-07-31,7200.0,19187.69921875
3,2024-08-01,11933.33,19190.12890625
3,2024-08-01,18000.0,19171.162109375
3,2024-08-02,7200.0,19187.517578125
3,2024-08-06,11933.33,19190.21484375
3,2024-08-06,18000.0,19171.96875
3,2024-08-07,7200.0,19187.1796875
3,2024-08-08,18000.0,19190.5625
3,2024-08-08,11933.33,19187.09765625
3,2024-08-09,7000.0,19172.30859375
3,2024-08-13,18000.0,19190.75
3,2024-08-13,11933.33,19187.0
3,2024-08-14,7000.0,19173.228515625
3,2024-08-15,11933.33,19191.33203125
3,2024-08-15,18000.0,19173.61328125
3,2024-08-16,7000.0,19187.009765625
3,2024-08-20,11933.33,19191.619140625
3,2024-08-20,18000.0,19174.625
3,2024-08-21,7000.0,19187.15234375
3,2024-08-22,18000.0,19192.46875
3,2024-08-22,11933.33,19187.30078125
3,2024-08-23,7000.0,19175.0390625
3,2024-08-27,11933.33,19192.857421875
3,2024-08-27,18000.0,19176.12890625
3,2024-08-28,7000.0,19187.828125
3,2024-08-29,11933.33,19193.62890625
3,2024-08-29,18000.0,19176.599609375
3,2024-08-30,7000.0,19188.099609375
3,2024-09-03,18000.0,19193.92578125
3,2024-09-03,11933.33,19188.9296875
3,2024-09-04,8300.0,19177.84375
3,2024-09-05,18000.0,19194.796875
3,2024-09-05,11933.33,19189.34765625
3,2024-09-06,8300.0,19178.3671875
3,2024-09-10,11933.33,19195.193359375
3,2024-09-10,18050.0,19179.70703125
3,2024-09-11,8300.0,19190.392578125
3,2024-09-12,11933.33,19196.2734375
3,2024-09-12,18050.0,19180.2578125
3,2024-09-13,8300.0,19190.7734375
3,2024-09-17,18000.0,19196.78515625
3,2024-09-17,11933.33,19191.98046875
3,2024-09-18,8300.0,19181.6875
3,2024-09-19,11933.33,19198.330078125
3,2024-09-19,18000.0,19182.27734375
3,2024-09-20,8300.0,19192.431640625
3,2024-09-24,11933.33,19199.08203125
3,2024-09-24,18000.0,19183.671875
3,2024-09-25,7900.0,19193.193359375
3,2024-09-26,18000.0,19201.06640625
3,2024-09-26,11933.33,19193.47265625
3,2024-09-27,7900.0,19184.30859375
3,2024-10-01,18000.0,19201.8984375
3,2024-10-01,11933.33,19194.21875
3,2024-10-02,7200.0,19185.884765625
3,2024-10-03,11933.33,19204.08984375
3,2024-10-03,18000.0,19186.509765625
3,2024-10-04,7200.0,19194.65625
3,2024-10-08,11933.33,19205.0078125
3,2024-10-08,18000.0,19188.16015625
3,2024-10-09,7200.0,19195.90234375
3,2024-10-10,18000.0,19207.564453125
3,2024-10-10,11933.33,19196.439453125
3,2024-10-11,7250.0,19188.837890625
3,2024-10-15,12000.0,19208.6484375
3,2024-10-15,18000.0,19190.2421875
3,2024-10-16,7250.0,19197.76953125
3,2024-10-17,12000.0,19211.568359375
3,2024-10-17,18000.0,19190.708984375
3,2024-10-18,7200.0,19198.359375
3,2024-10-22,18000.0,19212.9453125
3,2024-10-22,11933.33,19199.9765625
3,2024-10-23,7200.0,19191.74609375
3,2024-10-24,11933.33,19216.5078125
3,2024-10-24,18000.0,19192.05859375
3,2024-10-25,7200.0,19200.875
3,2024-10-29,11933.33,19218.05078125
3,2024-10-29,18000.0,19192.73828125
3,2024-10-30,7200.0,19203.2890625
3,2024-10-31,11933.33,19222.751953125
3,2024-10-31,18000.0,19193.009765625
3,2024-11-01,7200.0,19204.19140625
3,2024-11-05,18000.0,19224.6796875
3,2024-11-05,11933.33,19206.3515625
3,2024-11-06,7200.0,19193.94921875
3,2024-11-07,11933.33,19229.93359375
3,2024-11-07,18000.0,19194.421875
3,2024-11-08,7500.0,19207.0390625
3,2024-11-12,11933.33,19232.154296875
3,2024-11-12,18000.0,19195.6953125
3,2024-11-13,7500.0,19209.33984375
3,2024-11-14,18000.0,19239.5703125
3,2024-11-14,11933.33,19210.42578125
3,2024-11-15,7500.0,19196.2578125
3,2024-11-19,18000.0,19242.599609375
3,2024-11-19,11933.33,19213.546875
3,2024-11-20,7700.0,19197.6171875
3,2024-11-21,11933.33,19249.560546875
3,2024-11-21,18000.0,19198.15234375
3,2024-11-22,7700.0,19214.904296875
3,2024-11-26,11933.33,19252.123046875
3,2024-11-26,18000.0,19199.244140625
3,2024-11-27,7500.0,19218.162109375
3,2024-11-28,18000.0,19258.796875
3,2024-11-28,11950.0,19219.55859375
3,2024-11-29,7500.0,19199.640625
3,2024-12-03,11933.33,19261.501953125
3,2024-12-03,18000.0,19200.76171875
3,2024-12-04,7500.0,19222.81640625
3,2024-12-05,11933.33,19269.6015625
3,2024-12-05,18000.0,19201.1015625
3,2024-12-06,7500.0,19223.888671875
3,2024-12-09,11933.33,19272.9609375
3,2024-12-09,7500.0,19415.39453125
3,2024-12-09,18000.0,19273.640625
3,2024-12-10,11933.33,19260.939453125
3,2024-12-10,18000.0,19415.578125
3,2024-12-11,7500.0,19261.171875
3,2024-12-12,11966.67,19274.767578125
3,2024-12-12,18100.0,19415.953125
3,2024-12-13,7500.0,19261.6328125
3,2024-12-16,18100.0,19275.853515625
3,2024-12-16,7500.0,19262.46875
3,2024-12-16,11966.67,19277.44921875
3,2024-12-17,11966.67,19416.5859375
3,2024-12-17,18100.0,19416.72265625
3,2024-12-18,7500.0,19262.65625
3,2024-12-19,11966.67,19278.46875
3,2024-12-19,18100.0,19416.9921875
3,2024-12-20,7400.0,19263.021484375
3,2025-03-28,5800.0,19279.431640625
3,2025-03-31,11266.67,63417.1484375
3,2025-04-03,11266.67,21498.736328125
3,2025-04-03,17000.0,21410.212890625
3,2025-04-04,5800.0,72885.3359375
3,2025-04-10,11266.67,57639.71484375
3,2025-04-10,17000.0,21203.833984375
3,2025-04-14,11266.67,70379.6640625
3,2025-04-17,11266.67,21090.712890625
3,2025-04-17,17000.0,21009.2734375
3,2025-04-21,11266.67,67132.5078125
3,2025-04-24,11266.67,20905.83984375
3,2025-04-24,17000.0,20833.59765625
3,2025-04-25,6700.0,62791.84765625
3,2025-04-28,11266.67,33457.1015625
3,2025-05-05,11266.67,20738.984375
3,2025-05-09,6200.0,20578.8984375
3,2025-05-12,11266.67,18118.76953125
3,2025-05-15,11266.67,20426.984375
3,2025-05-15,17000.0,20369.12109375
3,2025-05-16,6700.0,42574.36328125
3,2025-05-19,11266.67,20271.677734375
4,2024-01-11,9700.0,19167.939453125
4,2024-01-12,9400.0,19451.8828125
4,2024-01-16,8500.0,19305.859375
4,2024-01-17,9400.0,19167.47265625
4,2024-01-18,8500.0,19309.8515625
4,2024-01-19,9400.0,19167.27734375
4,2024-01-23,8500.0,19311.08203125
4,2024-01-24,9400.0,19166.685546875
4,2024-01-25,8500.0,19313.24609375
4,2024-01-26,9400.0,19166.423828125
4,2024-01-30,8500.0,19313.744140625
4,2024-01-31,9400.0,19165.66796875
4,2024-02-01,8500.0,19314.00390625
4,2024-02-01,9450.0,19165.341796875
4,2024-02-02,9400.0,19471.09765625
4,2024-02-06,9450.0,19313.71875
4,2024-02-06,8500.0,19469.046875
4,2024-02-07,9400.0,19164.4609375
4,2024-02-08,9700.0,19312.06640625
4,2024-02-08,8500.0,19467.50390625
4,2024-02-09,9400.0,19164.078125
4,2024-02-13,8500.0,19311.017578125
4,2024-02-13,9700.0,19163.08203125
4,2024-02-14,9400.0,19461.8828125
4,2024-02-15,8900.0,19307.53125
4,2024-02-15,9450.0,19162.66015625
4,2024-02-16,9400.0,19458.93359375
4,2024-02-20,9450.0,19305.810546875
4,2024-02-20,8900.0,19449.99609375
4,2024-02-21,9400.0,19161.703125
4,2024-02-22,8900.0,19300.72265625
4,2024-02-22,8400.0,19161.302734375
4,2024-02-23,9450.0,19445.87890625
4,2024-02-27,8500.0,19298.412109375
4,2024-02-27,7650.0,19160.26953125
4,2024-02-28,9450.0,19434.078125
4,2024-02-29,7650.0,19291.95703125
4,2024-02-29,8500.0,19429.060546875
4,2024-03-01,7400.0,19159.849609375
4,2024-03-05,8100.0,19289.16796875
4,2024-03-05,7650.0,19158.75
4,2024-03-06,7400.0,19415.7734375
4,2024-03-07,8100.0,19281.904296875
4,2024-03-07,7650.0,19158.31640625
4,2024-03-08,7600.0,19410.203125
4,2024-03-12,8300.0,19278.919921875
4,2024-03-12,7650.0,19157.37890625
4,2024-03-13,7600.0,19395.9453125
4,2024-03-14,7650.0,19270.583984375
4,2024-03-14,8300.0,19390.111328125
4,2024-03-15,8100.0,19156.953125
4,2024-03-19,8300.0,19267.107421875
4,2024-03-19,7650.0,19156.140625
4,2024-03-20,8100.0,19375.54296875
4,2024-03-21,8300.0,19258.2421875
4,2024-03-21,7650.0,19155.859375
4,2024-03-22,8000.0,19369.85546875
4,2024-03-26,8000.0,19254.4296875
4,2024-03-26,8300.0,19355.9296875
4,2024-03-27,8000.0,19155.16015625
4,2024-03-28,8000.0,19245.447265625
4,2024-03-28,8300.0,19350.427734375
4,2024-03-29,8000.0,19154.892578125
4,2024-04-02,8300.0,19242.17578125
4,2024-04-02,7900.0,19154.05078125
4,2024-04-03,7800.0,19337.0
4,2024-04-04,8300.0,19234.02734375
4,2024-04-04,7700.0,19153.62890625
4,2024-04-05,7800.0,19331.7734375
4,2024-04-09,7700.0,19230.69140625
4,2024-04-09,8300.0,19319.21875
4,2024-04-10,7600.0,19152.4765625
4,2024-04-11,8300.0,19222.685546875
4,2024-04-11,7900.0,19151.994140625
4,2024-04-12,7600.0,19314.2421875
4,2024-04-16,8300.0,19219.6640625
4,2024-04-16,7900.0,19151.65625
4,2024-04-17,7500.0,19301.359375
4,2024-04-18,8100.0,19212.875
4,2024-04-18,8300.0,19296.181640625
4,2024-04-19,7500.0,19151.578125
4,2024-04-23,8300.0,19210.83203125
4,2024-04-23,8100.0,19151.3125
4,2024-04-24,7450.0,19283.734375
4,2024-04-25,8100.0,19206.544921875
4,2024-04-25,8300.0,19279.208984375
4,2024-04-26,7450.0,19151.1484375
4,2024-04-30,8300.0,19205.015625
4,2024-04-30,8100.0,19150.921875
4,2024-05-01,7200.0,19268.552734375
4,2024-05-02,8500.0,19201.326171875
4,2024-05-02,8100.0,19150.962890625
4,2024-05-03,7200.0,19264.359375
4,2024-05-07,8500.0,19199.806640625
4,2024-05-07,8100.0,19150.951171875
4,2024-05-08,7250.0,19254.724609375
4,2024-05-09,8500.0,19196.1953125
4,2024-05-09,7900.0,19150.87890625
4,2024-05-10,7250.0,19251.26171875
4,2024-05-14,7900.0,19194.904296875
4,2024-05-14,8500.0,19243.546875
4,2024-05-15,7800.0,19150.712890625
4,2024-05-16,7900.0,19192.1953125
4,2024-05-16,8500.0,19240.921875
4,2024-05-17,7800.0,19150.6640625
4,2024-05-21,8500.0,19191.30859375
4,2024-05-21,7900.0,19150.6953125
4,2024-05-22,7900.0,19235.611328125
4,2024-05-23,8100.0,19189.5859375
4,2024-05-23,7900.0,19150.78515625
4,2024-05-24,7900.0,19233.78125
4,2024-05-28,7900.0,19189.07421875
4,2024-05-28,8100.0,19229.55078125
4,2024-05-29,7800.0,19151.01953125
4,2024-05-30,8100.0,19187.640625
4,2024-05-30,7900.0,19151.10546875
4,2024-05-31,7800.0,19227.98828125
4,2024-06-04,8100.0,19187.029296875
4,2024-06-04,7900.0,19151.32421875
4,2024-06-05,7800.0,19224.41015625
4,2024-06-06,7900.0,19185.6015625
4,2024-06-06,8100.0,19223.09375
4,2024-06-07,7800.0,19151.47265625
4,2024-06-11,7700.0,19185.068359375
4,2024-06-11,8100.0,19219.59375
4,2024-06-12,7750.0,19151.83203125
4,2024-06-13,8100.0,19183.80078125
4,2024-06-13,7700.0,19151.951171875
4,2024-06-14,7750.0,19218.20703125
4,2024-06-18,7900.0,19183.07421875
4,2024-06-18,7400.0,19152.0625
4,2024-06-19,7800.0,19215.28125
4,2024-06-20,7400.0,19181.26171875
4,2024-06-20,7900.0,19214.26953125
4,2024-06-21,7800.0,19152.10546875
4,2024-06-25,7900.0,19180.765625
4,2024-06-25,7350.0,19152.2578125
4,2024-06-26,7800.0,19211.98828125
4,2024-06-27,7900.0,19179.6015625
4,2024-06-27,7350.0,19152.328125
4,2024-06-28,7800.0,19211.111328125
4,2024-07-02,8100.0,19179.2578125
4,2024-07-02,7100.0,19152.4140625
4,2024-07-03,7200.0,19209.03515625
4,2024-07-04,7100.0,19178.296875
4,2024-07-04,8100.0,19208.28515625
4,2024-07-05,7200.0,19152.359375
4,2024-07-09,8100.0,19177.943359375
4,2024-07-09,7100.0,19152.2890625
4,2024-07-10,7200.0,19206.765625
4,2024-07-11,8100.0,19177.19921875
4,2024-07-11,7100.0,19152.28125
4,2024-07-12,7200.0,19206.248046875
4,2024-07-16,7100.0,19176.94921875
4,2024-07-16,7900.0,19205.06640625
4,2024-07-17,7200.0,19152.35546875
4,2024-07-18,7900.0,19176.419921875
4,2024-07-18,7100.0,19152.4140625
4,2024-07-19,7200.0,19204.640625
4,2024-07-23,7900.0,19176.224609375
4,2024-07-23,7100.0,19152.6171875
4,2024-07-24,7000.0,19203.814453125
4,2024-07-25,7900.0,19175.8125
4,2024-07-25,7100.0,19152.71875
4,2024-07-26,7000.0,19203.5234375
4,2024-07-30,7100.0,19175.671875
4,2024-07-30,7900.0,19202.90625
4,2024-07-31,7000.0,19153.05078125
4,2024-08-01,7900.0,19175.40234375
4,2024-08-01,7500.0,19153.2109375
4,2024-08-02,6700.0,19202.73046875
4,2024-08-06,7500.0,19175.326171875
4,2024-08-06,7900.0,19202.470703125
4,2024-08-07,6700.0,19153.66796875
4,2024-08-08,7900.0,19175.201171875
4,2024-08-08,7750.0,19153.873046875
4,2024-08-09,7400.0,19202.4375
4,2024-08-13,7900.0,19175.19140625
4,2024-08-13,7750.0,19154.453125
4,2024-08-14,7400.0,19202.51171875
4,2024-08-15,8600.0,19175.29296875
4,2024-08-15,8200.0,19202.6015625
4,2024-08-16,7600.0,19154.716796875
4,2024-08-20,8200.0,19175.359375
4,2024-08-20,8600.0,19155.423828125
4,2024-08-21,7600.0,19202.990234375
4,2024-08-22,8300.0,19175.61328125
4,2024-08-22,8600.0,19155.7421875
4,2024-08-23,7400.0,19203.2421875
4,2024-08-27,8600.0,19175.7578125
4,2024-08-27,8300.0,19204.25
4,2024-08-28,7400.0,19156.60546875
4,2024-08-29,8300.0,19176.185546875
4,2024-08-29,8700.0,19156.974609375
4,2024-08-30,7400.0,19204.7109375
4,2024-09-03,8250.0,19176.421875
4,2024-09-03,8700.0,19157.564453125
4,2024-09-04,8500.0,19206.29296875
4,2024-09-05,8700.0,19177.091796875
4,2024-09-05,8250.0,19206.9921875
4,2024-09-06,8500.0,19157.734375
4,2024-09-10,8250.0,19177.400390625
4,2024-09-10,8750.0,19158.09765625
4,2024-09-11,8600.0,19208.947265625
4,2024-09-12,8250.0,19178.23828125
4,2024-09-12,8750.0,19158.234375
4,2024-09-13,8600.0,19209.828125
4,2024-09-17,8250.0,19178.625
4,2024-09-17,8650.0,19158.5859375
4,2024-09-18,8600.0,19212.5
4,2024-09-19,8650.0,19180.2578125
4,2024-09-19,8250.0,19213.697265625
4,2024-09-20,8600.0,19158.701171875
4,2024-09-24,8250.0,19181.033203125
4,2024-09-24,8700.0,19158.994140625
4,2024-09-25,7900.0,19216.5859375
4,2024-09-26,8250.0,19183.07421875
4,2024-09-26,8700.0,19159.125
4,2024-09-27,7900.0,19217.8203125
4,2024-10-01,8250.0,19183.8671875
4,2024-10-01,7800.0,19159.60546875
4,2024-10-02,7200.0,19221.2890625
4,2024-10-03,7800.0,19185.75
4,2024-10-03,8250.0,19222.896484375
4,2024-10-04,7200.0,19159.806640625
4,2024-10-08,8200.0,19186.578125
4,2024-10-08,7650.0,19160.390625
4,2024-10-09,7200.0,19227.8125
4,2024-10-10,8200.0,19188.3203125
4,2024-10-10,7650.0,19160.603515625
4,2024-10-11,7250.0,19230.21875
4,2024-10-15,7650.0,19188.765625
4,2024-10-15,8275.0,19236.98046875
4,2024-10-16,7250.0,19161.310546875
4,2024-10-17,7650.0,19190.625
4,2024-10-17,8275.0,19239.96875
4,2024-10-18,7200.0,19161.599609375
4,2024-10-22,8200.0,19191.51953125
4,2024-10-22,7650.0,19162.25
4,2024-10-23,7200.0,19248.52734375
4,2024-10-24,8200.0,19194.001953125
4,2024-10-24,7650.0,19162.4921875
4,2024-10-25,7200.0,19252.1328125
4,2024-10-29,7650.0,19195.15625
4,2024-10-29,8250.0,19261.677734375
4,2024-10-30,7200.0,19162.849609375
4,2024-10-31,8250.0,19198.48046875
4,2024-10-31,7650.0,19163.044921875
4,2024-11-01,7500.0,19265.8984375
4,2024-11-05,8250.0,19200.03515625
4,2024-11-05,7650.0,19163.546875
4,2024-11-06,7500.0,19277.822265625
4,2024-11-07,8250.0,19204.322265625
4,2024-11-07,7650.0,19163.75390625
4,2024-11-08,8100.0,19282.70703125
4,2024-11-12,7650.0,19206.68359375
4,2024-11-12,8250.0,19295.265625
4,2024-11-13,8100.0,19164.14453125
4,2024-11-14,8275.0,19213.078125
4,2024-11-14,7650.0,19164.34375
4,2024-11-15,8100.0,19300.23046875
4,2024-11-19,8275.0,19215.787109375
4,2024-11-19,8500.0,19164.74609375
4,2024-11-20,8300.0,19313.056640625
4,2024-11-21,8500.0,19223.24609375
4,2024-11-21,8300.0,19318.53125
4,2024-11-22,8300.0,19165.0859375
4,2024-11-26,8300.0,19226.361328125
4,2024-11-26,8500.0,19166.17578125
4,2024-11-27,8100.0,19332.0859375
4,2024-11-28,8325.0,19234.60546875
4,2024-11-28,8500.0,19166.58203125
4,2024-11-29,8100.0,19337.5859375
4,2024-12-03,8300.0,19238.287109375
4,2024-12-03,8500.0,19167.23046875
4,2024-12-04,8400.0,19351.453125
4,2024-12-05,8500.0,19247.74609375
4,2024-12-05,8300.0,19356.97265625
4,2024-12-06,8400.0,19167.505859375
4,2024-12-09,9000.0,19251.61328125
4,2024-12-09,8300.0,19235.197265625
4,2024-12-09,8500.0,19363.44140625
4,2024-12-10,8300.0,19283.943359375
4,2024-12-10,8500.0,19363.705078125
4,2024-12-11,9000.0,19284.42578125
4,2024-12-12,8500.0,19236.4140625
4,2024-12-12,8350.0,19285.37109375
4,2024-12-13,9000.0,19364.20703125
4,2024-12-16,9000.0,19237.64453125
4,2024-12-16,8350.0,19239.33984375
4,2024-12-16,8500.0,19365.11328125
4,2024-12-17,8350.0,19287.255859375
4,2024-12-17,8500.0,19365.32421875
4,2024-12-18,9000.0,19287.712890625
4,2024-12-19,8350.0,19240.373046875
4,2024-12-19,8500.0,19365.716796875
4,2024-12-20,8900.0,19288.62109375
4,2025-03-28,6500.0,19241.3515625
4,2025-03-31,7075.0,44518.98046875
4,2025-03-31,6900.0,22368.08984375
4,2025-04-02,7000.0,21328.484375
4,2025-04-02,7075.0,70619.8984375
4,2025-04-03,6900.0,22337.890625
4,2025-04-03,6650.0,21243.16796875
4,2025-04-04,6500.0,61687.68359375
4,2025-04-09,7200.0,39923.70703125
4,2025-04-09,7125.0,68818.8359375
4,2025-04-10,6800.0,22172.873046875
4,2025-04-10,6900.0,57566.77734375
4,2025-04-14,7775.0,21053.07421875
4,2025-04-14,6900.0,22008.021484375
4,2025-04-16,7200.0,20947.529296875
4,2025-04-16,7775.0,66572.4296875
4,2025-04-17,6900.0,21939.333984375
4,2025-04-17,6900.0,20867.95703125
4,2025-04-21,7775.0,52204.05078125
4,2025-04-21,6900.0,21763.15625
4,2025-04-23,7775.0,20752.625
4,2025-04-23,7200.0,21692.337890625
4,2025-04-24,7100.0,63787.3984375
4,2025-04-24,7000.0,20666.087890625
4,2025-04-25,6900.0,45657.65625
4,2025-04-28,7575.0,19709.5078125
4,2025-04-28,6900.0,21518.734375
4,2025-05-05,7575.0,20555.890625
4,2025-05-05,7050.0,21271.9375
4,2025-05-07,7200.0,20380.17578125
4,2025-05-07,7575.0,56052.59375
4,2025-05-09,6450.0,21199.48046875
4,2025-05-12,7000.0,20576.75390625
4,2025-05-12,7600.0,20233.861328125
4,2025-05-14,7200.0,21031.1953125
4,2025-05-14,7375.0,51258.22265625
4,2025-05-15,7000.0,20968.546875
4,2025-05-15,6900.0,20180.01171875
4,2025-05-16,6800.0,28351.033203125
4,2025-05-19,7375.0,21875.32421875
4,2025-05-19,7000.0,20814.65234375
5,2023-02-08,11700.0,19293.982421875
5,2023-02-10,12200.0,19297.14453125
5,2023-02-15,11600.0,19298.654296875
5,2023-02-17,11900.0,19302.95703125
5,2023-02-22,11900.0,19304.849609375
5,2023-02-25,11800.0,19310.0625
5,2023-03-01,11700.0,19313.5
5,2023-03-05,11800.0,19318.419921875
5,2023-03-08,12200.0,19323.703125
5,2023-03-10,12200.0,19327.611328125
5,2023-03-15,11900.0,19330.228515625
5,2023-03-17,11900.0,19337.1953125
5,2023-03-22,11900.0,19340.04296875
5,2023-03-29,11800.0,19347.7890625
5,2023-04-05,12900.0,19359.439453125
5,2023-04-07,12900.0,19370.90625
5,2023-04-12,13322.0,19374.28515625
5,2023-04-14,13322.0,19382.853515625
5,2023-04-19,13522.0,19386.32421875
5,2023-04-21,13522.0,19394.638671875
5,2023-04-25,13622.0,19397.83203125
5,2023-04-27,13622.0,19404.05859375
5,2023-05-03,12900.0,19406.947265625
5,2023-05-05,12700.0,19414.87109375
5,2023-05-10,13322.0,19417.19140625
5,2023-05-12,13522.0,19422.982421875
5,2023-05-17,13522.0,19424.953125
5,2023-05-19,13222.0,19429.296875
5,2023-05-24,13622.0,19430.59765625
5,2023-05-26,13622.0,19433.4609375
5,2023-06-07,13100.0,19434.48046875
5,2023-06-09,12900.0,19438.205078125
5,2023-06-14,13222.0,19438.080078125
5,2023-06-16,13222.0,19437.296875
5,2023-06-21,13022.0,19436.546875
5,2023-06-23,13522.0,19433.68359375
5,2023-06-28,13522.0,19432.5078125
5,2023-06-30,13622.0,19429.54296875
5,2023-07-05,13100.0,19428.359375
5,2023-07-07,12900.0,19425.384765625
5,2023-07-12,13200.0,19424.041015625
5,2023-07-14,13200.0,19420.5078125
5,2023-07-19,13000.0,19419.11328125
5,2023-07-21,13500.0,19415.734375
5,2023-07-26,13500.0,19414.423828125
5,2023-07-28,13600.0,19411.279296875
5,2023-08-02,14250.0,19410.07421875
5,2023-08-04,14250.0,19407.2109375
5,2023-08-09,15000.0,19406.119140625
5,2023-08-11,15000.0,19403.4921875
5,2023-08-16,15000.0,19402.48828125
5,2023-08-18,15000.0,19400.12109375
5,2023-08-23,14250.0,19399.220703125
5,2023-08-30,14250.0,19397.150390625
5,2023-09-06,15000.0,19394.216796875
5,2023-09-08,15000.0,19391.572265625
5,2023-09-13,14150.0,19390.955078125
5,2023-09-15,14150.0,19388.990234375
5,2023-09-20,14150.0,19387.919921875
5,2023-09-22,14250.0,19384.72265625
5,2023-09-27,14250.0,19383.32421875
5,2023-09-29,14250.0,19379.546875
5,2023-10-03,14250.0,19377.87890625
5,2023-10-05,14250.0,19374.3984375
5,2023-10-10,14250.0,19372.66015625
5,2023-10-12,14450.0,19368.564453125
5,2023-10-17,14450.0,19367.134765625
5,2023-10-19,14650.0,19363.35546875
5,2023-10-24,14650.0,19361.48828125
5,2023-10-26,14650.0,19355.935546875
5,2023-10-31,14650.0,19353.572265625
5,2023-11-02,16500.0,19347.6484375
5,2023-11-07,16500.0,19345.33203125
5,2023-11-09,16500.0,19339.83203125
5,2023-11-14,16650.0,19337.68359375
5,2023-11-16,16650.0,19332.322265625
5,2023-11-21,16650.0,19330.1875
5,2023-11-23,16850.0,19324.7890625
5,2023-11-28,16850.0,19322.6953125
5,2023-11-30,16850.0,19317.341796875
5,2023-12-05,16850.0,19315.40625
5,2023-12-07,17050.0,19310.8359375
5,2023-12-12,17150.0,19309.1171875
5,2023-12-14,17150.0,19305.08203125
5,2023-12-19,17100.0,19303.484375
5,2024-01-03,19000.0,19299.6484375
5,2024-01-05,16500.0,22197.0546875
5,2024-01-10,17900.0,22221.12890625
5,2024-01-12,17250.0,22272.28515625
5,2024-01-17,18250.0,22289.525390625
5,2024-01-19,18350.0,22324.96484375
5,2024-01-24,18400.0,22336.2734375
5,2024-01-26,19100.0,22358.296875
5,2024-01-31,19100.0,22364.65625
5,2024-02-02,17500.0,22374.7734375
5,2024-02-07,17800.0,22376.59375
5,2024-02-09,17600.0,22375.64453125
5,2024-02-14,17850.0,22373.046875
5,2024-02-16,17350.0,22360.74609375
5,2024-02-21,18350.0,22353.369140625
5,2024-02-23,18250.0,22328.55859375
5,2024-02-28,17600.0,22315.810546875
5,2024-03-01,19000.0,22277.9609375
5,2024-03-06,16500.0,22260.38671875
5,2024-03-08,17900.0,22207.83203125
5,2024-03-13,17250.0,22183.05859375
5,2024-03-15,18250.0,22111.98828125
5,2024-03-20,18350.0,22078.09765625
5,2024-03-22,18400.0,21982.37890625
5,2024-03-27,19100.0,21939.83984375
5,2024-03-29,19100.0,21826.638671875
5,2024-04-03,18100.0,21780.31640625
5,2024-04-05,17000.0,21657.35546875
5,2024-04-10,17900.0,21605.087890625
5,2024-04-12,17250.0,21467.912109375
5,2024-04-17,18100.0,21411.314453125
5,2024-04-24,18400.0,21268.13671875
5,2024-05-01,17250.0,21064.41796875
5,2024-05-03,18000.0,20865.60546875
5,2024-05-08,17650.0,20812.0546875
5,2024-05-10,17500.0,20682.181640625
5,2024-05-15,16750.0,20632.875
5,2024-05-17,16350.0,20515.060546875
5,2024-05-22,17750.0,20469.240234375
5,2024-05-24,16500.0,20359.0546875
5,2024-05-29,17750.0,20317.982421875
5,2024-05-31,16500.0,20223.37890625
5,2024-06-05,18100.0,20187.705078125
5,2024-06-07,17000.0,20106.4609375
5,2024-06-12,17900.0,20077.02734375
5,2024-06-14,17250.0,20009.359375
5,2024-06-19,16750.0,19985.3359375
5,2024-06-21,16350.0,19930.9296875
5,2024-06-26,17750.0,19910.80078125
5,2024-06-28,16500.0,19865.14453125
5,2024-07-10,18400.0,19849.1171875
5,2024-07-17,18100.0,19774.478515625
5,2024-07-19,17250.0,19746.48828125
5,2024-07-24,17900.0,19740.326171875
5,2024-07-26,17000.0,19728.6015625
5,2024-07-31,18100.0,19725.3359375
5,2024-08-02,17750.0,19720.578125
5,2024-08-07,16500.0,19719.998046875
5,2024-08-09,16350.0,19721.84765625
5,2024-08-14,17750.0,19723.916015625
5,2024-08-16,17500.0,19732.5546875
5,2024-08-21,16750.0,19737.390625
5,2024-08-23,18000.0,19752.90234375
5,2024-08-28,17650.0,19760.51171875
5,2024-08-30,17250.0,19783.55078125
5,2024-09-04,16500.0,19794.21875
5,2024-09-06,16350.0,19825.072265625
5,2024-09-11,17750.0,19839.05078125
5,2024-09-13,17250.0,19878.08984375
5,2024-09-18,16750.0,19895.28515625
5,2024-09-20,17900.0,19942.953125
5,2024-09-25,17000.0,19963.970703125
5,2024-09-27,18100.0,20023.138671875
5,2024-10-04,19100.0,20050.2421875
5,2024-10-11,18400.0,19333.70703125
5,2024-10-16,17250.0,19339.171875
5,2024-10-18,18250.0,19343.3046875
5,2024-10-23,19000.0,19344.9375
5,2024-10-25,16500.0,19349.033203125
5,2024-10-30,17900.0,19350.740234375
5,2024-11-01,18250.0,19355.27734375
5,2024-11-06,17600.0,19357.1328125
5,2024-11-08,17350.0,19361.49609375
5,2024-11-13,18350.0,19363.189453125
5,2024-11-15,17600.0,19367.296875
5,2024-11-20,17850.0,19368.9140625
5,2024-11-22,17500.0,19372.87109375
5,2024-11-27,17800.0,19374.37890625
5,2024-11-29,17800.0,19378.01171875
5,2024-12-04,19100.0,19379.41015625
5,2024-12-06,19100.0,19382.91015625
5,2024-12-09,18350.0,19384.2734375
5,2024-12-11,18350.0,19640.9140625
5,2024-12-13,18400.0,19650.484375
5,2024-12-16,17250.0,19659.888671875
5,2024-12-18,17250.0,19673.69921875
5,2024-12-20,17250.0,19682.7265625
5,2025-03-31,7125.0,19691.66796875
5,2025-04-01,10366.67,22304.0234375
5,2025-04-02,7125.0,73461.1484375
5,2025-04-08,10366.67,22278.65234375
5,2025-04-09,7175.0,72444.390625
5,2025-04-14,7775.0,22135.4140625
5,2025-04-15,10333.33,21992.154296875
5,2025-04-16,7775.0,71265.0
5,2025-04-21,7775.0,21925.68359375
5,2025-04-22,10400.0,21731.30859375
5,2025-04-23,7775.0,69899.5234375
5,2025-04-28,7325.0,21647.4140625
5,2025-04-29,10400.0,21439.0625
5,2025-05-05,7325.0,68361.6328125
5,2025-05-06,10500.0,21150.65234375
5,2025-05-07,7325.0,66609.0703125
5,2025-05-12,7450.0,21073.71875
5,2025-05-13,10366.67,20896.380859375
5,2025-05-14,7125.0,64678.36328125
5,2025-05-19,7125.0,20835.58203125
6,2023-01-31,12000.0,60279.73828125
6,2023-02-01,12000.0,60314.703125
6,2023-02-03,12000.0,19253.81640625
6,2023-02-07,12000.0,60246.7734375
6,2023-02-08,12000.0,60030.50390625
6,2023-02-10,12000.0,19256.44140625
6,2023-02-14,12000.0,59771.26171875
6,2023-02-15,12000.0,59291.21484375
6,2023-02-17,12000.0,19259.5078125
6,2023-02-21,12000.0,58836.453125
6,2023-02-22,12000.0,58093.82421875
6,2023-02-24,12000.0,19262.8671875
6,2023-02-28,12000.0,57409.33984375
6,2023-03-01,12000.0,56326.1640625
6,2023-03-03,12000.0,19266.134765625
6,2023-03-07,12000.0,55372.109375
6,2023-03-08,12000.0,53900.94140625
6,2023-03-09,12000.0,19269.4921875
6,2023-03-10,12000.0,19269.998046875
6,2023-03-14,12000.0,52655.47265625
6,2023-03-15,12000.0,50822.12109375
6,2023-03-17,12000.0,19272.830078125
6,2023-03-21,12000.0,49302.27734375
6,2023-03-24,12000.0,47003.10546875
6,2023-03-28,12000.0,45145.07421875
6,2023-03-29,12000.0,43212.80078125
6,2023-03-30,12000.0,19277.65234375
6,2023-03-31,12000.0,19277.87109375
6,2023-04-04,12000.0,41949.86328125
6,2023-04-05,12000.0,40137.99609375
6,2023-04-07,12000.0,19279.06640625
6,2023-04-11,12000.0,38532.08984375
6,2023-04-12,12000.0,36050.359375
6,2023-04-14,12000.0,19280.0625
6,2023-04-18,12000.0,34073.890625
6,2023-04-19,12000.0,31295.5859375
6,2023-04-21,12000.0,19279.90234375
6,2023-04-25,12000.0,29162.271484375
6,2023-04-26,12000.0,26256.197265625
6,2023-04-28,12000.0,19278.05078125
6,2023-05-02,12000.0,24209.01953125
6,2023-05-04,12000.0,21762.732421875
6,2023-05-05,12000.0,19275.5546875
6,2023-05-09,12000.0,20083.9140625
6,2023-05-10,12000.0,18224.11328125
6,2023-05-11,12000.0,19273.310546875
6,2023-05-12,12000.0,19272.92578125
6,2023-05-16,12000.0,17492.060546875
6,2023-05-19,12000.0,17704.8203125
6,2023-05-23,12000.0,18321.4375
6,2023-05-26,12000.0,19388.154296875
6,2023-06-03,12000.0,20052.25
6,2023-06-06,12000.0,21289.521484375
6,2023-06-13,12000.0,21599.53515625
6,2023-06-16,12000.0,22084.13671875
6,2023-06-20,12000.0,22212.9765625
6,2023-06-23,12000.0,22332.9765625
6,2023-06-27,12000.0,22392.755859375
6,2023-06-30,12000.0,22442.197265625
6,2023-07-04,12000.0,22462.62109375
6,2023-07-07,12000.0,22473.748046875
6,2023-07-11,12000.0,22473.2265625
6,2023-07-14,12000.0,22465.515625
6,2023-07-18,12000.0,22456.388671875
6,2023-07-21,12000.0,22442.443359375
6,2023-07-25,12000.0,22431.986328125
6,2023-07-28,12000.0,22419.97265625
6,2023-08-01,12000.0,22413.0
6,2023-08-04,12000.0,22407.32421875
6,2023-08-08,14000.0,22406.15234375
6,2023-08-11,14000.0,22408.5
6,2023-08-15,13250.0,22412.9375
6,2023-08-18,13250.0,22421.607421875
6,2023-08-22,13250.0,22429.52734375
6,2023-08-25,13250.0,22440.49609375
6,2023-08-29,13250.0,22447.70703125
6,2023-09-05,13500.0,22453.142578125
6,2023-09-08,13500.0,22439.3515625
6,2023-09-12,14000.0,22417.58203125
6,2023-09-15,14000.0,22365.453125
6,2023-09-19,14000.0,22303.81640625
6,2023-09-22,14000.0,22184.4609375
6,2023-09-26,13000.0,22057.43359375
6,2023-09-29,13000.0,21825.2265625
6,2023-10-02,14000.0,21594.0859375
6,2023-10-04,14000.0,21297.728515625
6,2023-10-09,14000.0,21063.6171875
6,2023-10-11,14100.0,20308.6015625
6,2023-10-16,14100.0,19924.794921875
6,2023-10-18,14000.0,18718.48046875
6,2023-10-23,14000.0,18150.96875
6,2023-10-25,14000.0,17491.220703125
6,2023-10-30,14000.0,17459.05859375
6,2023-11-01,14000.0,19546.02734375
6,2023-11-06,14200.0,20698.48046875
6,2023-11-08,14200.0,23977.96875
6,2023-11-13,14500.0,25373.552734375
6,2023-11-15,14500.0,29083.052734375
6,2023-11-20,14700.0,30600.5234375
6,2023-11-22,14700.0,34355.5078125
6,2023-11-27,14700.0,35789.95703125
6,2023-11-29,14700.0,38931.73828125
6,2023-12-04,14700.0,40008.29296875
6,2023-12-06,14900.0,42383.4296875
6,2023-12-11,14800.0,43285.78515625
6,2023-12-13,14800.0,46106.8125
6,2023-12-18,14800.0,47407.74609375
6,2023-12-20,14900.0,50279.48046875
6,2024-01-02,17000.0,51276.984375
6,2024-01-04,17000.0,19183.44921875
6,2024-01-09,17000.0,19184.443359375
6,2024-01-11,17000.0,19186.75390625
6,2024-01-16,17000.0,19187.5703125
6,2024-01-18,17000.0,19189.33984375
6,2024-01-23,17000.0,19189.8984375
6,2024-01-25,17000.0,19190.90234375
6,2024-01-30,17000.0,19191.169921875
6,2024-02-01,18000.0,19191.40234375
6,2024-02-06,18000.0,19191.326171875
6,2024-02-08,17000.0,19190.703125
6,2024-02-13,17000.0,19190.2890625
6,2024-02-15,18000.0,19188.8359375
6,2024-02-20,18000.0,19188.10546875
6,2024-02-22,18000.0,19186.05859375
6,2024-02-27,18000.0,19185.1484375
6,2024-02-29,18000.0,19182.62109375
6,2024-03-05,18000.0,19181.55078125
6,2024-03-07,18000.0,19178.708984375
6,2024-03-12,18000.0,19177.38671875
6,2024-03-14,18000.0,19174.080078125
6,2024-03-19,18000.0,19172.984375
6,2024-03-21,18000.0,19170.3828125
6,2024-03-26,18000.0,19169.38671875
6,2024-03-28,18000.0,19166.787109375
6,2024-04-02,18000.0,19165.666015625
6,2024-04-04,18000.0,19163.26953125
6,2024-04-09,18000.0,19162.2578125
6,2024-04-11,18000.0,19160.064453125
6,2024-04-16,18000.0,19159.44921875
6,2024-04-18,18000.0,19158.62890625
6,2024-04-23,18000.0,19158.224609375
6,2024-04-25,18000.0,19157.251953125
6,2024-04-30,18000.0,19156.837890625
6,2024-05-02,18000.0,19156.1875
6,2024-05-07,18000.0,19156.32421875
6,2024-05-09,18000.0,19157.400390625
6,2024-05-14,18000.0,19158.23828125
6,2024-05-16,18000.0,19161.12890625
6,2024-05-21,18000.0,19162.30859375
6,2024-05-23,18000.0,19165.103515625
6,2024-05-28,18000.0,19166.19140625
6,2024-05-30,18000.0,19168.845703125
6,2024-06-04,18000.0,19169.8125
6,2024-06-06,18000.0,19172.04296875
6,2024-06-11,18000.0,19172.830078125
6,2024-06-13,18000.0,19174.41015625
6,2024-06-18,18000.0,19174.93359375
6,2024-06-20,18000.0,19176.12109375
6,2024-06-25,17000.0,19176.54296875
6,2024-06-27,17000.0,19177.32421875
6,2024-07-02,17000.0,19177.5390625
6,2024-07-04,17000.0,19178.0078125
6,2024-07-09,17000.0,19178.12109375
6,2024-07-11,17500.0,19178.212890625
6,2024-07-16,17000.0,19178.177734375
6,2024-07-18,17500.0,19177.93359375
6,2024-07-23,17000.0,19177.767578125
6,2024-07-25,17000.0,19177.193359375
6,2024-07-30,17000.0,19176.8984375
6,2024-08-01,17000.0,19176.00390625
6,2024-08-06,17000.0,19175.5859375
6,2024-08-08,17000.0,19174.4375
6,2024-08-13,17000.0,19173.931640625
6,2024-08-15,17000.0,19172.5859375
6,2024-08-20,17000.0,19172.0
6,2024-08-22,17000.0,19170.41015625
6,2024-08-27,17000.0,19169.734375
6,2024-08-29,17000.0,19167.94140625
6,2024-09-03,17000.0,19167.17578125
6,2024-09-05,17000.0,19165.15625
6,2024-09-10,17050.0,19164.3046875
6,2024-09-12,17050.0,19162.19140625
6,2024-09-17,17000.0,19161.36328125
6,2024-09-19,17000.0,19159.150390625
6,2024-09-24,17000.0,19158.25
6,2024-09-26,17000.0,19156.0
6,2024-10-01,17000.0,19155.06640625
6,2024-10-03,17000.0,19152.619140625
6,2024-10-08,17000.0,19151.609375
6,2024-10-10,17000.0,19149.5078125
6,2024-10-15,17000.0,19148.8359375
6,2024-10-17,17000.0,19147.583984375
6,2024-10-22,17000.0,19147.1796875
6,2024-10-24,17000.0,19146.462890625
6,2024-10-29,17000.0,19146.3984375
6,2024-10-31,17000.0,19146.361328125
6,2024-11-05,17000.0,19146.388671875
6,2024-11-07,17000.0,19147.04296875
6,2024-11-12,17000.0,19147.822265625
6,2024-11-14,17000.0,19150.29296875
6,2024-11-19,17000.0,19151.4609375
6,2024-11-21,17000.0,19154.6484375
6,2024-11-26,17000.0,19155.74609375
6,2024-11-28,17000.0,19159.046875
6,2024-12-03,17000.0,19160.462890625
6,2024-12-05,17000.0,19164.154296875
6,2024-12-09,17000.0,19165.625
6,2024-12-10,17000.0,19185.37109375
6,2024-12-12,17100.0,19185.4765625
6,2024-12-16,17100.0,19185.681640625
6,2024-12-17,17100.0,19186.056640625
6,2024-12-19,17100.0,19186.1484375
6,2025-03-31,16500.0,19186.314453125
6,2025-04-02,16500.0,22248.810546875
6,2025-04-03,16000.0,22224.708984375
6,2025-04-09,16000.0,40622.19140625
6,2025-04-10,16000.0,22092.775390625
6,2025-04-14,16000.0,36685.16796875
6,2025-04-16,16000.0,21959.677734375
6,2025-04-17,16000.0,21898.51953125
6,2025-04-21,16000.0,31992.3046875
6,2025-04-23,16000.0,21731.03125
6,2025-04-24,16000.0,21659.3984375
6,2025-04-28,16000.0,26973.87109375
6,2025-05-05,16000.0,21474.447265625
6,2025-05-07,16000.0,21213.53515625
6,2025-05-12,16000.0,21138.71875
6,2025-05-14,16000.0,20953.34375
6,2025-05-15,16000.0,20881.146484375
6,2025-05-19,16000.0,17663.451171875
7,2024-02-06,15620.0,19219.9921875
7,2024-02-08,15620.0,19218.44140625
7,2024-02-13,15620.0,19217.552734375
7,2024-02-15,15620.0,19214.658203125
7,2024-02-20,15620.0,19213.296875
7,2024-02-22,15620.0,19209.29296875
7,2024-02-27,15200.0,19207.4453125
7,2024-02-29,15200.0,19202.26953125
7,2024-03-05,15200.0,19199.9921875
7,2024-03-07,15200.0,19194.037109375
7,2024-03-12,15200.0,19191.484375
7,2024-03-14,15200.0,19184.74609375
7,2024-03-19,13900.0,19181.990234375
7,2024-03-21,13900.0,19174.9140625
7,2024-03-26,13900.0,19172.2421875
7,2024-03-28,13900.0,19165.62109375
7,2024-04-02,13900.0,19163.10546875
7,2024-04-04,13900.0,19157.30078125
7,2024-04-09,14300.0,19154.982421875
7,2024-04-11,14300.0,19149.11328125
7,2024-04-16,14100.0,19146.75
7,2024-04-18,14100.0,19141.326171875
7,2024-06-04,14500.0,19139.2890625
7,2024-06-06,14500.0,19121.24609375
7,2024-06-11,14500.0,19121.17578125
7,2024-06-13,14500.0,19121.353515625
7,2024-06-18,14300.0,19121.453125
7,2024-06-20,14300.0,19121.67578125
7,2024-06-25,14300.0,19121.765625
7,2024-06-27,14300.0,19122.0
7,2024-07-02,14300.0,19122.126953125
7,2024-07-04,14300.0,19122.40625
7,2024-07-09,14300.0,19122.51171875
7,2024-07-11,14300.0,19122.609375
7,2024-07-16,14300.0,19122.64453125
7,2024-07-18,14300.0,19122.673828125
7,2024-09-03,14150.0,19122.65625
7,2024-09-05,14150.0,19118.96875
7,2024-09-10,14150.0,19118.84375
7,2024-09-12,14150.0,19118.59765625
7,2024-09-17,14150.0,19118.55078125
7,2024-09-19,14150.0,19118.765625
7,2024-09-24,14150.0,19118.884765625
7,2024-09-26,14150.0,19119.279296875
7,2024-10-01,14150.0,19119.48046875
7,2024-10-03,14150.0,19120.1640625
7,2024-10-08,14150.0,19120.48046875
7,2024-10-10,14150.0,19121.72265625
7,2024-10-15,14150.0,19122.375
7,2024-10-17,14150.0,19124.640625
7,2024-12-03,13200.0,19125.763671875
7,2024-12-05,13200.0,19174.97265625
7,2024-12-09,13200.0,19177.546875
7,2024-12-10,13200.0,19266.48828125
7,2024-12-12,13200.0,19266.705078125
7,2024-12-16,13200.0,19267.130859375
7,2024-12-17,13200.0,19267.90234375
7,2024-12-19,13200.0,19268.080078125
7,2025-03-28,9790.0,19268.41796875
7,2025-04-04,9790.0,21032.671875
7,2025-04-11,9790.0,21690.75390625
7,2025-04-18,9790.0,22075.43359375
7,2025-04-25,9770.0,22253.87109375
7,2025-05-09,14000.0,22294.32421875
7,2025-05-16,14000.0,22102.34765625
8,2024-02-06,15380.0,19241.623046875
8,2024-02-08,15380.0,19239.984375
8,2024-02-13,15380.0,19238.94140625
8,2024-02-15,15380.0,19235.453125
8,2024-02-20,15380.0,19233.73046875
8,2024-02-22,15380.0,19228.58984375
8,2024-02-27,14960.0,19226.26171875
8,2024-02-29,14960.0,19219.697265625
8,2024-03-05,14960.0,19216.8203125
8,2024-03-07,14960.0,19208.890625
8,2024-03-12,14960.0,19205.458984375
8,2024-03-14,14960.0,19197.265625
8,2024-03-19,14960.0,19194.00390625
8,2024-03-21,14960.0,19185.53125
8,2024-03-26,14960.0,19182.09375
8,2024-03-28,14960.0,19174.271484375
8,2024-04-02,14960.0,19171.224609375
8,2024-04-04,14960.0,19163.5859375
8,2024-04-09,13910.0,19160.515625
8,2024-04-11,13910.0,19153.03515625
8,2024-04-16,13800.0,19150.18359375
8,2024-04-18,13800.0,19143.5703125
8,2024-06-04,14200.0,19141.3359375
8,2024-06-06,14200.0,19112.0390625
8,2024-06-11,14200.0,19111.640625
8,2024-06-13,14200.0,19110.75390625
8,2024-06-18,14000.0,19110.513671875
8,2024-06-20,14000.0,19110.13671875
8,2024-06-25,14000.0,19110.021484375
8,2024-06-27,14000.0,19109.951171875
8,2024-07-02,14000.0,19109.90625
8,2024-07-04,14000.0,19109.84765625
8,2024-07-09,14000.0,19109.85546875
8,2024-07-11,14000.0,19109.984375
8,2024-07-16,14000.0,19110.015625
8,2024-07-18,14000.0,19110.125
8,2024-09-03,14000.0,19110.14453125
8,2024-09-05,14000.0,19108.580078125
8,2024-09-10,14000.0,19108.58984375
8,2024-09-12,14000.0,19108.943359375
8,2024-09-17,14000.0,19109.2421875
8,2024-09-19,14000.0,19110.2734375
8,2024-09-24,14000.0,19110.7890625
8,2024-09-26,14000.0,19112.333984375
8,2024-10-01,14000.0,19113.06640625
8,2024-10-03,14000.0,19115.10546875
8,2024-10-08,14000.0,19115.998046875
8,2024-10-10,14000.0,19118.5390625
8,2024-10-15,14000.0,19119.5546875
8,2024-10-17,14000.0,19122.3984375
8,2024-12-03,12800.0,19123.8203125
8,2024-12-05,12800.0,19183.064453125
8,2024-12-09,12800.0,19185.96484375
8,2024-12-10,12800.0,19242.353515625
8,2024-12-12,12800.0,19242.546875
8,2024-12-16,12800.0,19242.9140625
8,2024-12-17,12800.0,19243.51171875
8,2024-12-19,12800.0,19243.642578125
8,2025-03-28,9430.0,19243.869140625
8,2025-04-04,9430.0,21072.587890625
8,2025-04-11,9430.0,21689.515625
8,2025-04-18,9430.0,22049.98828125
8,2025-04-25,9420.0,22214.287109375
8,2025-05-09,13600.0,22241.78125
8,2025-05-16,13600.0,22051.7734375
9,2024-02-06,15860.0,19278.283203125
9,2024-02-08,15860.0,19276.23046875
9,2024-02-13,15860.0,19275.0234375
9,2024-02-15,15860.0,19270.958984375
9,2024-02-20,15860.0,19268.921875
9,2024-02-22,15860.0,19262.837890625
9,2024-02-27,15450.0,19259.876953125
9,2024-02-29,15450.0,19251.44921875
9,2024-03-05,15450.0,19247.81640625
9,2024-03-07,15450.0,19238.302734375
9,2024-03-12,15450.0,19234.328125
9,2024-03-14,15450.0,19224.5625
9,2024-03-19,14100.0,19220.59765625
9,2024-03-21,14100.0,19210.4921875
9,2024-03-26,14100.0,19206.31640625
9,2024-03-28,14100.0,19195.359375
9,2024-04-02,14100.0,19190.794921875
9,2024-04-04,14100.0,19180.359375
9,2024-04-09,14760.0,19176.341796875
9,2024-04-11,14760.0,19166.107421875
9,2024-04-16,14300.0,19162.36328125
9,2024-04-18,14300.0,19153.5859375
9,2024-06-04,14900.0,19149.939453125
9,2024-06-06,14900.0,19107.548828125
9,2024-06-11,15300.0,19106.849609375
9,2024-06-13,15300.0,19105.28125
9,2024-06-18,14500.0,19104.73828125
9,2024-06-20,14500.0,19103.5
9,2024-06-25,14500.0,19103.123046875
9,2024-06-27,14500.0,19102.27734375
9,2024-07-02,14500.0,19101.98828125
9,2024-07-04,14500.0,19101.40234375
9,2024-07-09,14500.0,19101.224609375
9,2024-07-11,14500.0,19100.91015625
9,2024-07-16,14500.0,19100.8046875
9,2024-07-18,14500.0,19100.57421875
9,2024-09-03,14300.0,19100.49609375
9,2024-09-05,14300.0,19102.43359375
9,2024-09-10,14300.0,19102.8359375
9,2024-09-12,14300.0,19104.125
9,2024-09-17,14300.0,19104.673828125
9,2024-09-19,14300.0,19106.474609375
9,2024-09-24,14300.0,19107.314453125
9,2024-09-26,14300.0,19109.65625
9,2024-10-01,14300.0,19110.71484375
9,2024-10-03,14300.0,19113.8671875
9,2024-10-08,14300.0,19115.435546875
9,2024-10-10,14300.0,19119.44140625
9,2024-10-15,14300.0,19121.3125
9,2024-10-17,14300.0,19126.07421875
9,2024-12-03,13560.0,19128.080078125
9,2024-12-05,13560.0,19200.685546875
9,2024-12-09,13560.0,19204.93359375
9,2024-12-10,13560.0,19222.333984375
9,2024-12-12,13560.0,19222.47265625
9,2024-12-16,13560.0,19222.7421875
9,2024-12-17,13560.0,19223.22265625
9,2024-12-19,13560.0,19223.328125
9,2025-03-28,10150.0,19223.529296875
9,2025-04-04,10150.0,20908.4375
9,2025-04-11,10150.0,21529.423828125
9,2025-04-18,10150.0,21929.044921875
9,2025-04-25,10130.0,22138.03125
9,2025-05-09,14500.0,22200.671875
9,2025-05-16,14500.0,22046.828125
10,2023-02-06,19000.0,19089.203125
10,2023-02-09,18000.0,19089.73046875
10,2023-02-09,19000.0,19090.232421875
10,2023-02-13,18000.0,19160.3984375
10,2023-02-16,20000.0,19091.1171875
10,2023-02-16,18900.0,19163.12109375
10,2023-02-20,17000.0,19091.9140625
10,2023-02-23,19000.0,19093.13671875
10,2023-02-23,20000.0,19094.21484375
10,2023-02-27,19000.0,19166.44921875
10,2023-03-03,19000.0,19095.78515625
10,2023-03-06,19000.0,19097.41796875
10,2023-03-09,19000.0,19098.701171875
10,2023-03-13,19000.0,19174.7734375
10,2023-03-16,19000.0,19102.21484375
10,2023-03-16,19000.0,19179.595703125
10,2023-03-20,19000.0,19103.9140625
10,2023-03-23,19000.0,19106.265625
10,2023-03-26,19000.0,19108.1171875
10,2023-03-27,19000.0,19187.625
10,2023-03-30,19000.0,19110.783203125
10,2023-04-03,19000.0,19112.859375
10,2023-04-06,19000.0,19115.9453125
10,2023-04-06,19000.0,19118.3125
10,2023-04-10,19000.0,19196.857421875
10,2023-04-13,19000.0,19121.5
10,2023-04-17,19000.0,19124.06640625
10,2023-04-20,19000.0,19127.53515625
10,2023-04-20,19000.0,19209.30078125
10,2023-04-24,19000.0,19129.8984375
10,2023-04-27,19000.0,19132.9765625
10,2023-04-27,19000.0,19135.310546875
10,2023-05-04,19000.0,19215.390625
10,2023-05-05,19000.0,19140.82421875
10,2023-05-08,19000.0,19221.8828125
10,2023-05-11,19500.0,19143.8359375
10,2023-05-12,19500.0,19146.15625
10,2023-05-15,19500.0,19226.8828125
10,2023-05-18,19500.0,19149.2890625
10,2023-05-22,19500.0,19151.57421875
10,2023-05-25,18500.0,19154.578125
10,2023-05-29,18500.0,19156.775390625
10,2023-06-01,18500.0,19159.6328125
10,2023-06-05,18500.0,19161.6796875
10,2023-06-08,18500.0,19164.2890625
10,2023-06-12,18500.0,19166.22265625
10,2023-06-15,18000.0,19168.611328125
10,2023-06-19,18000.0,19170.2890625
10,2023-06-22,18000.0,19172.06640625
10,2023-06-26,18000.0,19173.25
10,2023-06-29,18000.0,19174.615234375
10,2023-07-03,18500.0,19175.4765625
10,2023-07-06,18500.0,19176.419921875
10,2023-07-10,18500.0,19176.96875
10,2023-07-13,18500.0,19177.5
10,2023-07-17,18500.0,19177.736328125
10,2023-07-20,18500.0,19177.83984375
10,2023-07-24,18500.0,19177.748046875
10,2023-07-27,18500.0,19177.396484375
10,2023-07-31,18500.0,19176.984375
10,2023-08-03,19000.0,19176.224609375
10,2023-08-07,19000.0,19175.515625
10,2023-08-10,19000.0,19174.375
10,2023-08-17,19000.0,19173.380859375
10,2023-08-21,22000.0,19170.6328125
10,2023-08-24,22000.0,19168.80859375
10,2023-08-28,22000.0,19167.34375
10,2023-08-31,22000.0,19165.248046875
10,2023-09-04,22000.0,19163.525390625
10,2023-09-07,22000.0,19161.09765625
10,2023-09-11,22000.0,19159.1875
10,2023-09-14,22000.0,19156.50390625
10,2023-09-18,22000.0,19154.423828125
10,2023-09-21,22000.0,19151.5625
10,2023-09-25,22000.0,19149.376953125
10,2023-09-28,22000.0,19146.5
10,2023-10-03,22000.0,19144.337890625
10,2023-10-05,22000.0,19140.34765625
10,2023-10-10,22000.0,19138.70703125
10,2023-10-12,22100.0,19134.677734375
10,2023-10-17,22100.0,19133.12109375
10,2023-10-19,22000.0,19129.33984375
10,2023-10-24,22000.0,19127.83203125
10,2023-10-26,22000.0,19124.224609375
10,2023-10-31,22000.0,19122.826171875
10,2023-11-02,22000.0,19119.462890625
10,2023-11-07,22000.0,19118.1640625
10,2023-11-09,22000.0,19114.806640625
10,2023-11-14,22000.0,19113.46875
10,2023-11-16,22000.0,19110.2890625
10,2023-11-21,22000.0,19109.078125
10,2023-11-23,22000.0,19106.19921875
10,2023-11-28,22000.0,19105.15234375
10,2023-11-30,22000.0,19102.67578125
10,2023-12-05,22000.0,19101.640625
10,2023-12-07,22000.0,19099.22265625
10,2023-12-12,22100.0,19098.37109375
10,2023-12-14,22100.0,19096.400390625
10,2023-12-19,22200.0,19095.671875
10,2024-01-02,22000.0,19093.966796875
10,2024-01-04,22000.0,19298.970703125
10,2024-01-09,22000.0,19302.94140625
10,2024-01-11,22000.0,19311.744140625
10,2024-01-16,22000.0,19314.76171875
10,2024-01-18,22000.0,19320.96484375
10,2024-01-23,22000.0,19322.888671875
10,2024-01-25,22000.0,19326.39453125
10,2024-01-30,22000.0,19327.279296875
10,2024-02-01,22000.0,19328.08984375
10,2024-02-06,22000.0,19327.84765625
10,2024-02-08,22000.0,19325.84765625
10,2024-02-13,22000.0,19324.494140625
10,2024-02-15,22000.0,19319.818359375
10,2024-02-20,22000.0,19317.412109375
10,2024-02-22,22000.0,19310.08203125
10,2024-02-27,21000.0,19306.66015625
10,2024-02-29,21000.0,19296.990234375
10,2024-03-05,21000.0,19292.646484375
10,2024-03-07,21000.0,19280.755859375
10,2024-03-12,21000.0,19275.79296875
10,2024-03-14,21000.0,19262.482421875
10,2024-03-19,19000.0,19257.11328125
10,2024-03-21,19000.0,19243.33203125
10,2024-03-26,19000.0,19237.5625
10,2024-03-28,19000.0,19223.935546875
10,2024-04-02,19000.0,19218.7890625
10,2024-04-04,19000.0,19207.0390625
10,2024-04-09,19000.0,19202.357421875
10,2024-04-11,19000.0,19190.66796875
10,2024-04-16,18500.0,19185.984375
10,2024-04-18,18500.0,19174.2578125
10,2024-06-04,19500.0,19170.19140625
10,2024-06-06,19500.0,19105.896484375
10,2024-06-11,19500.0,19104.845703125
10,2024-06-13,19500.0,19102.45703125
10,2024-06-18,18500.0,19101.615234375
10,2024-06-20,18500.0,19100.3125
10,2024-06-25,20000.0,19099.935546875
10,2024-06-27,20000.0,19099.2578125
10,2024-07-02,20000.0,19098.9296875
10,2024-07-04,20000.0,19098.18359375
10,2024-07-09,20000.0,19097.9296875
10,2024-07-11,20000.0,19097.388671875
10,2024-07-16,20000.0,19097.216796875
10,2024-07-18,20000.0,19096.83203125
10,2024-09-03,21000.0,19096.70703125
10,2024-09-05,21000.0,19101.58984375
10,2024-09-10,21000.0,19102.197265625
10,2024-09-12,21000.0,19104.25390625
10,2024-09-17,21000.0,19105.20703125
10,2024-09-19,21000.0,19107.5390625
10,2024-09-24,20500.0,19108.548828125
10,2024-09-26,20500.0,19111.517578125
10,2024-10-01,20500.0,19112.9140625
10,2024-10-03,20500.0,19116.71484375
10,2024-10-08,20000.0,19118.46875
10,2024-10-10,20000.0,19123.369140625
10,2024-10-15,20000.0,19125.76171875
10,2024-10-17,20000.0,19132.0390625
10,2024-12-03,21000.0,19134.6953125
10,2024-12-05,21000.0,19228.59765625
10,2024-12-09,21000.0,19233.681640625
10,2024-12-10,21000.0,19206.33984375
10,2024-12-12,21000.0,19206.5078125
10,2024-12-16,21000.0,19206.83203125
10,2024-12-17,21000.0,19207.4140625
10,2024-12-19,21000.0,19207.546875
10,2025-03-28,19500.0,19207.76953125
10,2025-04-04,19500.0,20738.583984375
10,2025-04-11,19500.0,21372.490234375
10,2025-04-18,19500.0,21795.48828125
10,2025-04-25,19000.0,22046.39453125
10,2025-05-09,19000.0,22153.509765625
10,2025-05-16,19000.0,22077.45703125
11,2023-02-06,12500.0,19075.26953125
11,2023-02-09,12500.0,19075.625
11,2023-02-09,13000.0,19075.98828125
11,2023-02-13,12400.0,19138.515625
11,2023-02-16,13000.0,19076.640625
11,2023-02-16,12500.0,19140.890625
11,2023-02-20,12500.0,19077.236328125
11,2023-02-23,12500.0,19078.1484375
11,2023-02-23,13000.0,19078.9296875
11,2023-02-27,12500.0,19143.9453125
11,2023-03-03,12500.0,19080.1015625
11,2023-03-06,12500.0,19081.421875
11,2023-03-09,12500.0,19082.490234375
11,2023-03-13,12500.0,19152.044921875
11,2023-03-16,12500.0,19085.3125
11,2023-03-16,12500.0,19157.291015625
11,2023-03-20,12500.0,19086.6640625
11,2023-03-23,12500.0,19088.6015625
11,2023-03-26,12500.0,19090.2421875
11,2023-03-27,12500.0,19165.75
11,2023-03-30,12500.0,19092.53125
11,2023-04-03,12500.0,19094.41796875
11,2023-04-06,12500.0,19097.10546875
11,2023-04-06,12500.0,19099.224609375
11,2023-04-10,13000.0,19175.14453125
11,2023-04-13,13000.0,19101.89453125
11,2023-04-17,12500.0,19103.931640625
11,2023-04-20,12500.0,19106.78515625
11,2023-04-20,12500.0,19187.4296875
11,2023-04-24,12500.0,19108.98046875
11,2023-04-27,12500.0,19111.99609375
11,2023-04-27,12500.0,19114.33203125
11,2023-05-04,12500.0,19193.3125
11,2023-05-05,12500.0,19119.8359375
11,2023-05-08,12500.0,19199.755859375
11,2023-05-11,13000.0,19122.96875
11,2023-05-12,13000.0,19125.26171875
11,2023-05-15,13000.0,19205.203125
11,2023-05-18,13000.0,19128.251953125
11,2023-05-22,13000.0,19130.46875
11,2023-05-25,11000.0,19133.30859375
11,2023-05-29,11000.0,19135.2734375
11,2023-06-01,11000.0,19137.755859375
11,2023-06-05,11000.0,19139.537109375
11,2023-06-08,11000.0,19141.888671875
11,2023-06-12,11000.0,19143.541015625
11,2023-06-15,10500.0,19145.560546875
11,2023-06-19,10500.0,19146.970703125
11,2023-06-22,10500.0,19148.671875
11,2023-06-26,10500.0,19149.8046875
11,2023-06-29,10500.0,19151.146484375
11,2023-07-03,11500.0,19152.015625
11,2023-07-06,11500.0,19152.978515625
11,2023-07-10,11500.0,19153.59375
11,2023-07-13,11500.0,19154.2109375
11,2023-07-17,11500.0,19154.515625
11,2023-07-20,11500.0,19154.701171875
11,2023-07-24,11500.0,19154.681640625
11,2023-07-27,11500.0,19154.45703125
11,2023-07-31,11500.0,19154.12890625
11,2023-08-03,12500.0,19153.48828125
11,2023-08-07,12500.0,19152.8828125
11,2023-08-10,12500.0,19151.890625
11,2023-08-17,12500.0,19151.01171875
11,2023-08-21,15000.0,19148.53515625
11,2023-08-24,15000.0,19146.85546875
11,2023-08-28,15000.0,19145.484375
11,2023-08-31,15000.0,19143.5234375
11,2023-09-04,15000.0,19141.9921875
11,2023-09-07,15000.0,19139.890625
11,2023-09-11,15000.0,19138.20703125
11,2023-09-14,15000.0,19135.828125
11,2023-09-18,15000.0,19133.962890625
11,2023-09-21,15000.0,19131.44921875
11,2023-09-25,15000.0,19129.51953125
11,2023-09-28,15000.0,19126.9453125
11,2023-10-03,15000.0,19124.958984375
11,2023-10-05,15000.0,19121.4140625
11,2023-10-10,15000.0,19120.068359375
11,2023-10-12,15100.0,19116.74609375
11,2023-10-17,15100.0,19115.41015625
11,2023-10-19,15000.0,19111.96875
11,2023-10-24,15000.0,19110.5859375
11,2023-10-26,15000.0,19107.13671875
11,2023-10-31,15000.0,19105.76171875
11,2023-11-02,15000.0,19102.400390625
11,2023-11-07,15000.0,19101.1328125
11,2023-11-09,15000.0,19098.015625
11,2023-11-14,15000.0,19096.80078125
11,2023-11-16,16500.0,19093.98828125
11,2023-11-21,16500.0,19092.947265625
11,2023-11-23,16500.0,19090.37890625
11,2023-11-28,16500.0,19089.39453125
11,2023-11-30,16500.0,19087.16015625
11,2023-12-05,16500.0,19086.25
11,2023-12-07,16500.0,19084.265625
11,2023-12-12,16600.0,19083.53125
11,2023-12-14,16600.0,19081.814453125
11,2023-12-19,16700.0,19081.22265625
11,2024-01-02,16500.0,19079.958984375
11,2024-01-04,16500.0,19350.67578125
11,2024-01-09,16500.0,19355.1015625
11,2024-01-11,16500.0,19365.001953125
11,2024-01-16,16500.0,19368.484375
11,2024-01-18,16500.0,19375.765625
11,2024-01-23,16500.0,19378.119140625
11,2024-01-25,16500.0,19382.54296875
11,2024-01-30,16500.0,19383.69140625
11,2024-02-01,16500.0,19384.9921875
11,2024-02-06,16500.0,19384.890625
11,2024-02-08,16500.0,19383.072265625
11,2024-02-13,16500.0,19381.71484375
11,2024-02-15,16500.0,19376.75390625
11,2024-02-20,16500.0,19374.189453125
11,2024-02-22,16500.0,19366.318359375
11,2024-02-27,17500.0,19362.6328125
11,2024-02-29,17500.0,19352.01953125
11,2024-03-05,17500.0,19347.2421875
11,2024-03-07,17500.0,19334.30078125
11,2024-03-12,17500.0,19328.765625
11,2024-03-14,17500.0,19314.380859375
11,2024-03-19,16500.0,19308.529296875
11,2024-03-21,16500.0,19293.23828125
11,2024-03-26,16500.0,19286.83984375
11,2024-03-28,16500.0,19270.1328125
11,2024-04-02,16500.0,19263.296875
11,2024-04-04,16500.0,19246.3125
11,2024-04-09,16500.0,19239.740234375
11,2024-04-11,16500.0,19223.466796875
11,2024-04-16,15500.0,19217.1640625
11,2024-04-18,15500.0,19202.71875
11,2024-06-04,16500.0,19197.51171875
11,2024-06-06,16500.0,19114.03125
11,2024-06-11,17000.0,19112.234375
11,2024-06-13,17000.0,19108.11328125
11,2024-06-18,15500.0,19106.76953125
11,2024-06-20,15500.0,19103.7734375
11,2024-06-25,14000.0,19102.7578125
11,2024-06-27,14000.0,19100.537109375
11,2024-07-02,14000.0,19099.765625
11,2024-07-04,14000.0,19098.20703125
11,2024-07-09,14000.0,19097.701171875
11,2024-07-11,14000.0,19096.578125
11,2024-07-16,17000.0,19096.23046875
11,2024-07-18,17000.0,19095.576171875
11,2024-09-03,17000.0,19095.39453125
11,2024-09-05,17000.0,19103.4296875
11,2024-09-10,17000.0,19104.404296875
11,2024-09-12,17000.0,19107.296875
11,2024-09-17,17000.0,19108.69140625
11,2024-09-19,17000.0,19112.53515625
11,2024-09-24,16500.0,19114.25390625
11,2024-09-26,16500.0,19119.11328125
11,2024-10-01,16500.0,19121.25
11,2024-10-03,16500.0,19127.142578125
11,2024-10-08,16000.0,19129.80078125
11,2024-10-10,16000.0,19136.99609375
11,2024-10-15,16000.0,19139.912109375
11,2024-10-17,16000.0,19147.875
11,2024-12-03,17000.0,19151.412109375
11,2024-12-05,17000.0,19268.060546875
11,2024-12-09,18000.0,19274.4453125
11,2024-12-10,18000.0,19194.724609375
11,2024-12-12,18000.0,19194.9296875
11,2024-12-16,18000.0,19195.32421875
11,2024-12-17,18000.0,19196.052734375
11,2024-12-19,18000.0,19196.228515625
11,2025-03-28,15500.0,19196.5625
11,2025-04-04,15500.0,20471.1640625
11,2025-04-11,15500.0,21173.822265625
11,2025-04-18,15500.0,21654.33984375
11,2025-04-25,15000.0,21949.41015625
11,2025-05-09,15000.0,22099.76953125
11,2025-05-16,15000.0,22103.29296875
12,2023-02-09,6050.0,19210.1171875
12,2023-02-13,6050.0,19029.34765625
12,2023-02-16,6050.0,18691.03515625
12,2023-02-20,6050.0,18373.521484375
12,2023-02-23,6000.0,17890.90625
12,2023-02-27,5950.0,17536.314453125
12,2023-03-03,6050.0,17053.828125
12,2023-03-06,6300.0,16917.458984375
12,2023-03-13,6300.0,17002.74609375
12,2023-03-16,6300.0,17636.5546875
12,2023-03-20,6300.0,18157.44921875
12,2023-03-23,6300.0,18842.677734375
12,2023-03-27,6300.0,19324.9609375
12,2023-03-30,6300.0,19903.32421875
12,2023-04-03,6300.0,20293.359375
12,2023-04-06,6300.0,20753.05078125
12,2023-04-10,6300.0,21048.765625
12,2023-04-13,6300.0,21379.421875
12,2023-04-17,6600.0,21576.54296875
12,2023-04-20,6600.0,21780.01171875
12,2023-04-24,6500.0,21894.80859375
12,2023-04-27,6500.0,22005.7578125
12,2023-05-04,6600.0,22062.3515625
12,2023-05-08,6600.0,22119.837890625
12,2023-05-11,6600.0,22115.697265625
12,2023-05-15,6600.0,22099.24609375
12,2023-05-18,6600.0,22062.88671875
12,2023-05-22,6600.0,22028.134765625
12,2023-05-25,6200.0,21974.51953125
12,2023-05-29,6200.0,21929.689453125
12,2023-06-01,6400.0,21865.453125
12,2023-06-05,6400.0,21813.96484375
12,2023-06-08,6400.0,21744.75
12,2023-06-12,6400.0,21693.078125
12,2023-06-15,6300.0,21624.0234375
12,2023-06-19,6300.0,21572.828125
12,2023-06-22,6300.0,21507.328125
12,2023-06-26,6300.0,21461.15625
12,2023-06-29,6250.0,21402.763671875
12,2023-07-03,6100.0,21361.888671875
12,2023-07-06,6100.0,21312.4453125
12,2023-07-10,6100.0,21279.22265625
12,2023-07-13,6100.0,21240.091796875
12,2023-07-17,6300.0,21214.35546875
12,2023-07-20,6300.0,21185.337890625
12,2023-07-24,6300.0,21167.6328125
12,2023-07-27,6300.0,21149.5546875
12,2023-07-31,6300.0,21140.20703125
12,2023-08-03,7100.0,21133.3984375
12,2023-08-07,7100.0,21132.560546875
12,2023-08-10,7450.0,21137.130859375
12,2023-08-17,7450.0,21144.822265625
12,2023-08-21,8000.0,21176.734375
12,2023-08-24,8000.0,21203.5703125
12,2023-08-28,7850.0,21227.77734375
12,2023-08-31,7850.0,21265.5546875
12,2023-09-04,8150.0,21298.08984375
12,2023-09-07,8000.0,21346.25
12,2023-09-11,8000.0,21385.966796875
12,2023-09-14,8000.0,21443.791015625
12,2023-09-18,8500.0,21490.490234375
12,2023-09-21,8500.0,21555.93359375
12,2023-09-25,8500.0,21607.0390625
12,2023-09-28,8700.0,21676.375
12,2023-10-03,8300.0,21728.48828125
12,2023-10-05,8300.0,21816.357421875
12,2023-10-10,8300.0,21850.6875
12,2023-10-12,8400.0,21931.9453125
12,2023-10-17,8400.0,21962.09375
12,2023-10-19,8300.0,22027.69921875
12,2023-10-24,8300.0,22050.2265625
12,2023-10-26,8300.0,22092.91015625
12,2023-10-31,8300.0,22103.0546875
12,2023-11-02,7700.0,22104.798828125
12,2023-11-07,7700.0,22094.00390625
12,2023-11-09,9400.0,22031.6875
12,2023-11-14,9400.0,21990.58203125
12,2023-11-16,9500.0,21838.2265625
12,2023-11-21,9500.0,21754.90234375
12,2023-11-23,9400.0,21486.6640625
12,2023-11-28,9400.0,21353.640625
12,2023-11-30,9400.0,20954.1015625
12,2023-12-05,9400.0,20766.1796875
12,2023-12-07,9400.0,20194.0234375
12,2023-12-12,9500.0,19930.74609375
12,2023-12-14,9500.0,19188.18359375
12,2023-12-19,9600.0,18858.046875
12,2024-01-02,9600.0,17979.404296875
12,2024-01-02,9000.0,19412.16015625
12,2024-01-03,9000.0,19973.82421875
12,2024-01-04,9600.0,19640.3671875
12,2024-01-04,9000.0,19417.47265625
12,2024-01-05,9000.0,19987.453125
12,2024-01-09,9000.0,19648.4921875
12,2024-01-09,9600.0,20018.79296875
12,2024-01-10,9400.0,19429.609375
12,2024-01-11,9000.0,19667.236328125
12,2024-01-11,9600.0,20029.94921875
12,2024-01-12,9400.0,19434.03515625
12,2024-01-16,10000.0,19673.947265625
12,2024-01-16,9550.0,19443.349609375
12,2024-01-17,9500.0,20054.05859375
12,2024-01-18,10000.0,19688.046875
12,2024-01-18,9550.0,19446.51953125
12,2024-01-19,9500.0,20061.99609375
12,2024-01-23,10000.0,19692.59375
12,2024-01-23,9550.0,19452.6171875
12,2024-01-24,9200.0,20077.125
12,2024-01-25,9550.0,19701.140625
12,2024-01-25,10000.0,20081.30078125
12,2024-01-26,9200.0,19454.265625
12,2024-01-30,10000.0,19703.38671875
12,2024-01-30,9550.0,19456.33203125
12,2024-01-31,9200.0,20087.150390625
12,2024-02-01,10000.0,19705.99609375
12,2024-02-01,9150.0,19456.341796875
12,2024-02-02,9200.0,20087.62109375
12,2024-02-06,10000.0,19705.826171875
12,2024-02-06,9150.0,19454.296875
12,2024-02-07,9200.0,20084.025390625
12,2024-02-08,9000.0,19702.3671875
12,2024-02-08,9600.0,20080.69140625
12,2024-02-09,9400.0,19452.6484375
12,2024-02-13,9000.0,19699.78515625
12,2024-02-13,9600.0,20067.6875
12,2024-02-14,9400.0,19446.521484375
12,2024-02-15,9600.0,19690.4375
12,2024-02-15,9150.0,19443.412109375
12,2024-02-16,9400.0,20060.640625
12,2024-02-20,9600.0,19685.619140625
12,2024-02-20,9150.0,19433.96875
12,2024-02-21,9400.0,20038.59765625
12,2024-02-22,9600.0,19670.94921875
12,2024-02-22,8100.0,19429.4609375
12,2024-02-23,9450.0,20028.119140625
12,2024-02-27,7150.0,19664.208984375
12,2024-02-27,9550.0,19998.203125
12,2024-02-28,9450.0,19417.11328125
12,2024-02-29,9550.0,19645.62109375
12,2024-02-29,7150.0,19411.609375
12,2024-03-01,7200.0,19984.76953125
12,2024-03-05,8800.0,19637.38671875
12,2024-03-05,7150.0,19396.466796875
12,2024-03-06,7200.0,19948.47265625
12,2024-03-07,8800.0,19614.78515625
12,2024-03-07,7150.0,19390.05859375
12,2024-03-08,7300.0,19933.27734375
12,2024-03-12,7400.0,19605.130859375
12,2024-03-12,8800.0,19892.55078125
12,2024-03-13,7300.0,19372.96875
12,2024-03-14,8800.0,19580.0859375
12,2024-03-14,7400.0,19365.91015625
12,2024-03-15,7400.0,19876.08203125
12,2024-03-19,7900.0,19569.48046875
12,2024-03-19,7400.0,19347.494140625
12,2024-03-20,7400.0,19834.81640625
12,2024-03-21,7900.0,19542.123046875
12,2024-03-21,7400.0,19340.046875
12,2024-03-22,7300.0,19817.853515625
12,2024-03-26,7850.0,19530.74609375
12,2024-03-26,7550.0,19321.921875
12,2024-03-27,7300.0,19776.12109375
12,2024-03-28,7550.0,19501.83203125
12,2024-03-28,7850.0,19759.375
12,2024-03-29,7300.0,19314.65234375
12,2024-04-02,8100.0,19490.17578125
12,2024-04-02,7850.0,19296.6875
12,2024-04-03,7400.0,19717.55859375
12,2024-04-04,8100.0,19460.791015625
12,2024-04-04,7850.0,19289.47265625
12,2024-04-05,7400.0,19700.904296875
12,2024-04-09,7900.0,19448.84375
12,2024-04-09,7850.0,19271.171875
12,2024-04-10,7300.0,19660.3046875
12,2024-04-11,7550.0,19420.60546875
12,2024-04-11,7900.0,19644.486328125
12,2024-04-12,7300.0,19263.87109375
12,2024-04-16,7800.0,19409.3828125
12,2024-04-16,7550.0,19246.142578125
12,2024-04-17,7400.0,19605.89453125
12,2024-04-18,7800.0,19381.40234375
12,2024-04-18,7850.0,19239.2421875
12,2024-04-19,7400.0,19590.51953125
12,2024-04-23,7850.0,19370.494140625
12,2024-04-24,7350.0,19552.865234375
12,2024-04-25,7850.0,19343.6328125
12,2024-04-26,7350.0,19538.22265625
12,2024-04-30,7850.0,19333.23046875
12,2024-05-01,7300.0,19502.421875
12,2024-05-02,7800.0,19309.0859375
12,2024-05-03,7300.0,19488.486328125
12,2024-05-07,7800.0,19300.203125
12,2024-05-08,7350.0,19454.814453125
12,2024-05-09,7850.0,19279.4609375
12,2024-05-10,7350.0,19442.181640625
12,2024-05-14,7850.0,19271.46484375
12,2024-05-15,7400.0,19411.58984375
12,2024-05-16,7850.0,19252.45703125
12,2024-05-17,7400.0,19399.826171875
12,2024-05-21,7850.0,19245.484375
12,2024-05-22,7500.0,19372.23046875
12,2024-05-23,7850.0,19229.10546875
12,2024-05-24,7500.0,19361.771484375
12,2024-05-28,7850.0,19222.875
12,2024-05-29,7500.0,19337.25
12,2024-05-30,7400.0,19208.423828125
12,2024-05-31,7500.0,19328.267578125
12,2024-06-04,8200.0,19203.201171875
12,2024-06-04,7400.0,19130.1171875
12,2024-06-05,7400.0,19307.90234375
12,2024-06-06,8200.0,19191.896484375
12,2024-06-06,7400.0,19127.45703125
12,2024-06-07,7400.0,19300.52734375
12,2024-06-11,7150.0,19187.93359375
12,2024-06-11,8300.0,19283.6484375
12,2024-06-12,7300.0,19121.390625
12,2024-06-13,8300.0,19178.796875
12,2024-06-13,7150.0,19119.2109375
12,2024-06-14,7300.0,19277.5
12,2024-06-18,8000.0,19175.541015625
12,2024-06-18,7150.0,19114.43359375
12,2024-06-19,7400.0,19263.51171875
12,2024-06-20,8000.0,19168.21875
12,2024-06-20,7150.0,19112.7265625
12,2024-06-21,7400.0,19258.611328125
12,2024-06-25,6900.0,19165.572265625
12,2024-06-25,8000.0,19247.4765625
12,2024-06-26,7400.0,19109.294921875
12,2024-06-27,6900.0,19159.64453125
12,2024-06-27,8000.0,19243.501953125
12,2024-06-28,7400.0,19108.189453125
12,2024-07-02,7900.0,19157.658203125
12,2024-07-02,6900.0,19105.728515625
12,2024-07-03,7000.0,19234.38671875
12,2024-07-04,7900.0,19153.421875
12,2024-07-04,6900.0,19104.88671875
12,2024-07-05,7000.0,19231.173828125
12,2024-07-09,7700.0,19151.94921875
12,2024-07-09,6900.0,19103.302734375
12,2024-07-10,7000.0,19224.462890625
12,2024-07-11,6900.0,19148.755859375
12,2024-07-11,7700.0,19222.1796875
12,2024-07-12,7000.0,19102.77734375
12,2024-07-16,7400.0,19147.6796875
12,2024-07-16,6900.0,19101.90234375
12,2024-07-17,6900.0,19217.65625
12,2024-07-18,7400.0,19145.5
12,2024-07-18,6900.0,19101.65234375
12,2024-07-19,6900.0,19216.35546875
12,2024-07-23,6800.0,19144.8515625
12,2024-07-24,6900.0,19213.8984375
12,2024-07-25,6800.0,19143.7421875
12,2024-07-26,6900.0,19213.234375
12,2024-07-30,6800.0,19143.50390625
12,2024-07-31,6900.0,19212.33203125
12,2024-08-01,6800.0,19143.408203125
12,2024-08-02,6900.0,19212.26953125
12,2024-08-06,6800.0,19143.5703125
12,2024-08-07,6900.0,19212.890625
12,2024-08-08,6800.0,19144.486328125
12,2024-08-09,6900.0,19213.43359375
12,2024-08-13,6800.0,19145.05078125
12,2024-08-14,6900.0,19215.56640625
12,2024-08-15,7650.0,19146.98828125
12,2024-08-16,6900.0,19216.744140625
12,2024-08-20,7650.0,19147.98046875
12,2024-08-21,6900.0,19221.15234375
12,2024-08-22,7650.0,19150.94140625
12,2024-08-23,6900.0,19223.54296875
12,2024-08-27,7650.0,19152.31640625
12,2024-08-28,6900.0,19230.5390625
12,2024-08-29,7650.0,19156.228515625
12,2024-08-30,6900.0,19233.728515625
12,2024-09-03,8400.0,19158.0
12,2024-09-03,7650.0,19113.185546875
12,2024-09-04,7900.0,19242.462890625
12,2024-09-05,8400.0,19163.03125
12,2024-09-05,7650.0,19114.62890625
12,2024-09-06,7900.0,19246.341796875
12,2024-09-10,7700.0,19165.4453125
12,2024-09-10,8400.0,19256.97265625
12,2024-09-11,8000.0,19118.701171875
12,2024-09-12,8400.0,19172.0390625
12,2024-09-12,7700.0,19120.583984375
12,2024-09-13,8000.0,19261.5625
12,2024-09-17,8450.0,19174.900390625
12,2024-09-17,7600.0,19125.646484375
12,2024-09-18,8000.0,19274.341796875
12,2024-09-19,8450.0,19182.7421875
12,2024-09-19,7600.0,19127.837890625
12,2024-09-20,8000.0,19280.259765625
12,2024-09-24,7650.0,19186.4453125
12,2024-09-24,8000.0,19295.962890625
12,2024-09-25,7400.0,19134.08984375
12,2024-09-26,8000.0,19196.322265625
12,2024-09-26,7650.0,19136.8125
12,2024-09-27,7400.0,19302.70703125
12,2024-10-01,8000.0,19200.51171875
12,2024-10-01,7375.0,19144.009765625
12,2024-10-02,6900.0,19320.8671875
12,2024-10-03,8000.0,19211.59375
12,2024-10-03,7375.0,19147.037109375
12,2024-10-04,6900.0,19329.03515625
12,2024-10-08,7800.0,19216.95703125
12,2024-10-08,7050.0,19155.1953125
12,2024-10-09,6900.0,19351.87890625
12,2024-10-10,7050.0,19231.634765625
12,2024-10-10,7800.0,19361.70703125
12,2024-10-11,6950.0,19159.1640625
12,2024-10-15,7800.0,19237.90234375
12,2024-10-15,6975.0,19169.865234375
12,2024-10-16,6950.0,19387.884765625
12,2024-10-17,7800.0,19254.62890625
12,2024-10-17,6975.0,19174.279296875
12,2024-10-18,6900.0,19398.953125
12,2024-10-22,6975.0,19261.7890625
12,2024-10-23,6900.0,19428.0078125
12,2024-10-24,6975.0,19280.73046875
12,2024-10-25,6900.0,19439.681640625
12,2024-10-29,6975.0,19288.6875
12,2024-10-30,6900.0,19470.556640625
12,2024-10-31,6975.0,19308.966796875
12,2024-11-01,6800.0,19483.79296875
12,2024-11-05,7050.0,19317.21484375
12,2024-11-06,6800.0,19517.96875
12,2024-11-07,7050.0,19339.083984375
12,2024-11-08,7000.0,19532.19140625
12,2024-11-12,6950.0,19348.26171875
12,2024-11-13,7000.0,19568.763671875
12,2024-11-14,6950.0,19372.689453125
12,2024-11-15,7000.0,19583.63671875
12,2024-11-19,7225.0,19382.8359375
12,2024-11-20,7200.0,19622.087890625
12,2024-11-21,7225.0,19409.83203125
12,2024-11-22,7200.0,19637.6015625
12,2024-11-26,7250.0,19420.78515625
12,2024-11-27,7000.0,19677.625
12,2024-11-28,7250.0,19448.2109375
12,2024-11-29,7000.0,19694.61328125
12,2024-12-03,8100.0,19459.578125
12,2024-12-03,7375.0,19316.59375
12,2024-12-04,7600.0,19737.298828125
12,2024-12-05,7375.0,19488.1953125
12,2024-12-05,8100.0,19754.8125
12,2024-12-06,7600.0,19323.603515625
12,2024-12-09,7600.0,19499.65234375
12,2024-12-09,8200.0,19250.5703125
12,2024-12-09,7375.0,19185.8515625
12,2024-12-10,8200.0,19211.51171875
12,2024-12-10,7375.0,19186.125
12,2024-12-11,7600.0,19212.39453125
12,2024-12-12,8200.0,19254.55859375
12,2024-12-12,7400.0,19186.662109375
12,2024-12-13,7600.0,19214.1171875
12,2024-12-16,7400.0,19258.486328125
12,2024-12-16,7600.0,19217.22265625
12,2024-12-16,8150.0,19264.099609375
12,2024-12-17,7400.0,19187.662109375
12,2024-12-17,8150.0,19217.962890625
12,2024-12-18,7600.0,19187.87890625
12,2024-12-19,8150.0,19267.82421875
12,2024-12-19,7400.0,19188.26171875
12,2024-12-20,7500.0,19219.39453125
12,2025-03-28,5600.0,19271.552734375
12,2025-03-28,6100.0,18870.15625
12,2025-03-31,6025.0,20037.390625
12,2025-04-01,6750.0,22044.490234375
12,2025-04-02,6025.0,57769.00390625
12,2025-04-02,6200.0,22067.25390625
12,2025-04-02,6250.0,49549.95703125
12,2025-04-03,5400.0,40175.34765625
12,2025-04-04,5600.0,28650.453125
12,2025-04-04,5950.0,16961.05078125
12,2025-04-08,6800.0,20856.203125
12,2025-04-09,6200.0,55658.015625
12,2025-04-09,6400.0,46605.74609375
12,2025-04-10,5500.0,37676.90234375
12,2025-04-11,5950.0,25042.15625
12,2025-04-15,6750.0,21450.58203125
12,2025-04-16,7150.0,53258.38671875
12,2025-04-16,6550.0,43503.81640625
12,2025-04-17,5800.0,34723.765625
12,2025-04-18,5950.0,21576.267578125
12,2025-04-21,6175.0,21821.62890625
12,2025-04-22,6750.0,22010.875
12,2025-04-23,6850.0,50536.48828125
12,2025-04-23,6500.0,41244.39453125
12,2025-04-23,6175.0,31180.16796875
12,2025-04-24,5800.0,21984.06640625
12,2025-04-25,5800.0,18453.85546875
12,2025-04-25,6400.0,20232.125
12,2025-04-28,6425.0,22027.015625
12,2025-04-29,6750.0,21904.568359375
12,2025-05-05,6425.0,47627.83203125
12,2025-05-06,7000.0,21770.62890625
12,2025-05-07,6425.0,44412.18359375
12,2025-05-07,6650.0,21729.69921875
12,2025-05-07,6500.0,35853.29296875
12,2025-05-09,5500.0,23537.892578125
12,2025-05-09,7400.0,21587.9375
12,2025-05-12,6500.0,22111.3046875
12,2025-05-13,6850.0,21623.142578125
12,2025-05-14,6550.0,42029.80078125
12,2025-05-14,6550.0,32500.6796875
12,2025-05-15,5300.0,20196.4921875
12,2025-05-16,5400.0,19431.62109375
12,2025-05-16,6500.0,21900.25390625
13,2023-02-09,7050.0,20195.20703125
13,2023-02-13,7000.0,20005.3515625
13,2023-02-16,7000.0,19654.953125
13,2023-02-20,7000.0,19318.38671875
13,2023-02-23,7000.0,18778.8671875
13,2023-02-27,7000.0,18325.83203125
13,2023-03-03,7000.0,17712.953125
13,2023-03-06,7200.0,17142.9375
13,2023-03-13,7200.0,16887.30078125
13,2023-03-16,7200.0,17084.66796875
13,2023-03-20,7200.0,17483.703125
13,2023-03-23,7200.0,18211.7890625
13,2023-03-27,7200.0,18733.51171875
13,2023-03-30,7200.0,19376.34765625
13,2023-04-03,7200.0,19809.955078125
13,2023-04-06,7200.0,20322.544921875
13,2023-04-10,7200.0,20662.34375
13,2023-04-13,7200.0,21050.650390625
13,2023-04-17,7350.0,21295.8125
13,2023-04-20,7350.0,21563.482421875
13,2023-04-24,7500.0,21723.0546875
13,2023-04-27,7500.0,21885.48046875
13,2023-05-04,7350.0,21973.47265625
13,2023-05-08,7350.0,22084.923828125
13,2023-05-11,7350.0,22105.052734375
13,2023-05-15,7350.0,22104.919921875
13,2023-05-18,7350.0,22088.8828125
13,2023-05-22,7350.0,22066.46484375
13,2023-05-25,7500.0,22026.6484375
13,2023-05-29,7500.0,21992.27734375
13,2023-06-01,7300.0,21939.80078125
13,2023-06-05,7300.0,21897.43359375
13,2023-06-08,7400.0,21838.6171875
13,2023-06-12,7400.0,21794.37890625
13,2023-06-15,7200.0,21736.15234375
13,2023-06-19,7200.0,21692.744140625
13,2023-06-22,7300.0,21636.12890625
13,2023-06-26,7300.0,21595.208984375
13,2023-06-29,7150.0,21543.80078125
13,2023-07-03,7200.0,21507.416015625
13,2023-07-06,7200.0,21461.412109375
13,2023-07-10,7200.0,21429.8203125
13,2023-07-13,7200.0,21392.1171875
13,2023-07-17,7300.0,21367.65625
13,2023-07-20,7300.0,21340.140625
13,2023-07-24,7300.0,21323.36328125
13,2023-07-27,7300.0,21306.416015625
13,2023-07-31,7300.0,21297.78125
13,2023-08-03,7500.0,21291.69140625
13,2023-08-07,7500.0,21291.234375
13,2023-08-10,7800.0,21296.099609375
13,2023-08-17,7800.0,21303.828125
13,2023-08-21,8700.0,21335.1171875
13,2023-08-24,8700.0,21361.16015625
13,2023-08-28,8550.0,21384.4609375
13,2023-08-31,8550.0,21420.482421875
13,2023-09-04,8650.0,21450.93359375
13,2023-09-07,8700.0,21495.34765625
13,2023-09-11,8700.0,21530.958984375
13,2023-09-14,8700.0,21581.796875
13,2023-09-18,8800.0,21622.2109375
13,2023-09-21,8800.0,21678.267578125
13,2023-09-25,8800.0,21721.298828125
13,2023-09-28,8850.0,21779.578125
13,2023-10-03,8700.0,21823.705078125
13,2023-10-05,8700.0,21898.181640625
13,2023-10-10,8700.0,21927.12890625
13,2023-10-12,8800.0,21995.015625
13,2023-10-17,8800.0,22018.154296875
13,2023-10-19,8700.0,22065.986328125
13,2023-10-24,8700.0,22079.5546875
13,2023-10-26,8700.0,22095.890625
13,2023-10-31,8700.0,22094.10546875
13,2023-11-02,8500.0,22061.837890625
13,2023-11-07,8500.0,22035.80859375
13,2023-11-09,9500.0,21933.154296875
13,2023-11-14,9500.0,21874.52734375
13,2023-11-16,9500.0,21666.46484375
13,2023-11-21,9500.0,21557.8671875
13,2023-11-23,9700.0,21216.228515625
13,2023-11-28,9700.0,21050.0546875
13,2023-11-30,9700.0,20558.71484375
13,2023-12-05,9700.0,20331.01953125
13,2023-12-07,9700.0,19682.12109375
13,2023-12-12,9800.0,19385.548828125
13,2023-12-14,9800.0,18576.609375
13,2023-12-19,9900.0,18229.0859375
13,2024-01-02,10000.0,17347.8046875
13,2024-01-04,10000.0,19492.48828125
13,2024-01-09,10100.0,19499.462890625
13,2024-01-11,10100.0,19515.078125
13,2024-01-16,9500.0,19520.5703125
13,2024-01-18,9500.0,19532.375
13,2024-01-23,10200.0,19536.21484375
13,2024-01-25,10200.0,19543.525390625
13,2024-01-30,10200.0,19545.49609375
13,2024-02-01,10200.0,19548.001953125
13,2024-02-06,10200.0,19548.0234375
13,2024-02-08,10100.0,19545.62890625
13,2024-02-13,10100.0,19543.703125
13,2024-02-15,10100.0,19536.5234375
13,2024-02-20,10100.0,19532.73046875
13,2024-02-22,10100.0,19521.044921875
13,2024-02-27,9500.0,19515.560546875
13,2024-02-29,9500.0,19500.14453125
13,2024-03-05,8775.0,19493.611328125
13,2024-03-07,8775.0,19475.76171875
13,2024-03-12,8775.0,19468.11328125
13,2024-03-14,8775.0,19447.62109375
13,2024-03-19,8050.0,19439.08203125
13,2024-03-21,8050.0,19417.57421875
13,2024-03-26,8050.0,19408.9140625
13,2024-03-28,8050.0,19386.671875
13,2024-04-02,8300.0,19377.4765625
13,2024-04-04,8300.0,19354.30078125
13,2024-04-09,8300.0,19345.109375
13,2024-04-11,8300.0,19322.94921875
13,2024-04-16,8200.0,19314.34765625
13,2024-04-18,8200.0,19294.185546875
13,2024-06-04,8700.0,19286.53515625
13,2024-06-06,8700.0,19153.01953125
13,2024-06-11,8750.0,19149.55078125
13,2024-06-13,8750.0,19141.6875
13,2024-06-18,8300.0,19138.970703125
13,2024-06-20,8300.0,19133.2265625
13,2024-06-25,8200.0,19131.173828125
13,2024-06-27,8200.0,19126.501953125
13,2024-07-02,8150.0,19124.8046875
13,2024-07-04,8150.0,19121.033203125
13,2024-07-09,7500.0,19119.697265625
13,2024-07-11,7500.0,19116.791015625
13,2024-07-16,7600.0,19115.83984375
13,2024-07-18,7600.0,19113.90625
13,2024-09-03,8900.0,19113.318359375
13,2024-09-05,8900.0,19128.81640625
13,2024-09-10,8900.0,19130.6953125
13,2024-09-12,8900.0,19136.1328125
13,2024-09-17,8925.0,19138.57421875
13,2024-09-19,8925.0,19145.1875
13,2024-09-24,8400.0,19148.177734375
13,2024-09-26,8400.0,19156.44921875
13,2024-10-01,8400.0,19159.9765625
13,2024-10-02,7200.0,19168.98828125
13,2024-10-03,8400.0,19253.880859375
13,2024-10-04,7200.0,19172.84765625
13,2024-10-08,8200.0,19260.1171875
13,2024-10-09,7200.0,19183.056640625
13,2024-10-10,8200.0,19277.01953125
13,2024-10-11,7250.0,19187.283203125
13,2024-10-15,8200.0,19284.0
13,2024-10-16,7250.0,19199.3359375
13,2024-10-17,8200.0,19301.7265625
13,2024-10-18,7200.0,19204.6640625
13,2024-10-23,7200.0,19309.2734375
13,2024-10-25,7200.0,19330.2109375
13,2024-10-30,7200.0,19339.4375
13,2024-11-01,7200.0,19364.19921875
13,2024-11-06,7200.0,19374.63671875
13,2024-11-08,7400.0,19401.927734375
13,2024-11-13,7400.0,19413.017578125
13,2024-11-15,7400.0,19441.80859375
13,2024-11-20,7600.0,19453.79296875
13,2024-11-22,7600.0,19484.48046875
13,2024-11-27,7400.0,19497.244140625
13,2024-11-29,7400.0,19529.68359375
13,2024-12-03,8300.0,19542.615234375
13,2024-12-04,7600.0,19372.9921875
13,2024-12-05,8300.0,19575.5078125
13,2024-12-06,7600.0,19381.85546875
13,2024-12-09,7600.0,19588.64453125
13,2024-12-09,8375.0,19282.353515625
13,2024-12-10,8375.0,19177.482421875
13,2024-12-11,7600.0,19177.71484375
13,2024-12-12,8375.0,19286.64453125
13,2024-12-13,7600.0,19178.169921875
13,2024-12-16,7600.0,19290.79296875
13,2024-12-16,8325.0,19296.93359375
13,2024-12-17,8325.0,19179.0078125
13,2024-12-18,7600.0,19179.181640625
13,2024-12-19,8325.0,19300.953125
13,2024-12-20,7500.0,19179.515625
13,2025-03-28,6200.0,19304.880859375
13,2025-04-04,6650.0,19525.259765625
13,2025-04-11,6650.0,20440.587890625
13,2025-04-18,6650.0,21136.7109375
13,2025-04-25,6900.0,21620.42578125
13,2025-05-09,5700.0,21917.8828125
13,2025-05-09,7500.0,21354.03515625
13,2025-05-16,7200.0,22106.408203125
14,2023-02-08,7700.0,33129.6484375
14,2023-02-10,7100.0,32883.328125
14,2023-02-15,7300.0,32726.44140625
14,2023-02-17,7100.0,32185.57421875
14,2023-02-22,7300.0,31905.2578125
14,2023-02-25,7300.0,31041.390625
14,2023-03-01,7300.0,30417.01171875
14,2023-03-05,7100.0,29468.76171875
14,2023-03-08,7100.0,28396.287109375
14,2023-03-10,7100.0,27509.130859375
14,2023-03-15,7000.0,26868.9921875
14,2023-03-17,7100.0,25149.8984375
14,2023-03-22,7300.0,24440.67578125
14,2023-03-29,7300.0,22667.390625
14,2023-04-05,7000.0,20134.55078125
14,2023-04-07,7000.0,17838.125
14,2023-04-12,7022.0,17334.10546875
14,2023-04-14,7022.0,16976.35546875
14,2023-04-19,7172.0,17052.130859375
14,2023-04-21,7172.0,17968.5859375
14,2023-04-25,6972.0,18418.380859375
14,2023-04-27,6972.0,19213.6640625
14,2023-05-03,7050.0,19565.84375
14,2023-05-05,7050.0,20439.6640625
14,2023-05-10,7072.0,20669.4765625
14,2023-05-12,7072.0,21143.26953125
14,2023-05-17,7072.0,21296.296875
14,2023-05-19,7072.0,21604.5
14,2023-05-24,7072.0,21698.98046875
14,2023-05-26,7072.0,21878.13671875
14,2023-06-07,7150.0,21930.90234375
14,2023-06-09,7150.0,22094.44921875
14,2023-06-14,7172.0,22102.91015625
14,2023-06-16,7172.0,22108.53125
14,2023-06-21,7172.0,22106.123046875
14,2023-06-23,7172.0,22092.87109375
14,2023-06-28,7172.0,22085.103515625
14,2023-06-30,7172.0,22061.814453125
14,2023-07-05,7200.0,22051.58203125
14,2023-07-07,7200.0,22025.986328125
14,2023-07-12,7200.0,22016.27734375
14,2023-07-14,7200.0,21993.16015625
14,2023-07-19,7200.0,21984.70703125
14,2023-07-21,7200.0,21966.4296875
14,2023-07-26,7200.0,21960.404296875
14,2023-07-28,7200.0,21949.0625
14,2023-08-02,7200.0,21946.11328125
14,2023-08-04,7200.0,21942.919921875
14,2023-08-09,8150.0,21943.34375
14,2023-08-11,8150.0,21948.62890625
14,2023-08-16,8500.0,21952.3828125
14,2023-08-18,8500.0,21965.60546875
14,2023-08-23,8500.0,21972.30859375
14,2023-08-30,8500.0,21991.9921875
14,2023-09-06,8500.0,22025.203125
14,2023-09-08,8500.0,22060.71484375
14,2023-09-13,8300.0,22070.21875
14,2023-09-15,8300.0,22090.408203125
14,2023-09-20,8000.0,22096.2109375
14,2023-09-22,8000.0,22103.880859375
14,2023-09-27,8000.0,22103.162109375
14,2023-09-29,8200.0,22087.416015625
14,2023-10-03,8200.0,22073.947265625
14,2023-10-05,8200.0,22029.72265625
14,2023-10-10,8200.0,21998.310546875
14,2023-10-12,8300.0,21881.857421875
14,2023-10-17,8300.0,21817.09375
14,2023-10-19,8300.0,21600.7421875
14,2023-10-24,8500.0,21488.98046875
14,2023-10-26,8500.0,21135.724609375
14,2023-10-31,8800.0,20961.462890625
14,2023-11-02,8800.0,20426.66015625
14,2023-11-07,8800.0,20170.015625
14,2023-11-09,9000.0,19392.453125
14,2023-11-14,9000.0,19015.18359375
14,2023-11-16,9000.0,17921.48828125
14,2023-11-21,9000.0,17450.52734375
14,2023-11-23,9200.0,16948.5703125
14,2023-11-28,9200.0,16893.57421875
14,2023-11-30,9200.0,17989.732421875
14,2023-12-05,9200.0,18621.5703125
14,2023-12-07,9200.0,20398.9140625
14,2023-12-12,9200.0,21137.69921875
14,2023-12-14,9200.0,22943.5234375
14,2023-12-19,9400.0,23655.97265625
14,2024-01-02,9700.0,25450.05078125
14,2024-01-03,9600.0,20298.6796875
14,2024-01-04,9700.0,19887.4140625
14,2024-01-05,9600.0,20313.982421875
14,2024-01-09,9700.0,19898.431640625
14,2024-01-10,10000.0,20348.517578125
14,2024-01-11,9700.0,19923.009765625
14,2024-01-12,10000.0,20360.6796875
14,2024-01-16,9900.0,19931.71875
14,2024-01-17,10000.0,20386.328125
14,2024-01-18,9900.0,19950.640625
14,2024-01-19,10000.0,20394.7265625
14,2024-01-23,9900.0,19956.9765625
14,2024-01-24,9800.0,20410.9921875
14,2024-01-25,9900.0,19969.1796875
14,2024-01-26,9800.0,20415.5390625
14,2024-01-30,9900.0,19972.51171875
14,2024-01-31,9800.0,20421.91015625
14,2024-02-01,9600.0,19976.875
14,2024-02-02,9800.0,20422.435546875
14,2024-02-06,9600.0,19977.0078125
14,2024-02-07,9800.0,20418.7109375
14,2024-02-08,9700.0,19973.310546875
14,2024-02-09,10000.0,20415.2109375
14,2024-02-13,9700.0,19970.22265625
14,2024-02-14,10000.0,20401.50390625
14,2024-02-15,9600.0,19958.603515625
14,2024-02-16,10000.0,20394.0625
14,2024-02-20,9600.0,19952.490234375
14,2024-02-21,10000.0,20370.833984375
14,2024-02-22,8500.0,19933.732421875
14,2024-02-23,10000.0,20359.62890625
14,2024-02-27,7650.0,19924.873046875
14,2024-02-28,10000.0,20327.24609375
14,2024-02-29,7650.0,19899.484375
14,2024-03-01,7500.0,20312.91015625
14,2024-03-05,7650.0,19888.14453125
14,2024-03-06,7500.0,20273.408203125
14,2024-03-07,7650.0,19857.23046875
14,2024-03-08,8000.0,20256.21875
14,2024-03-12,7900.0,19843.90234375
14,2024-03-13,8000.0,20210.333984375
14,2024-03-14,7900.0,19808.693359375
14,2024-03-15,8400.0,20191.04296875
14,2024-03-19,7900.0,19794.01171875
14,2024-03-20,8400.0,20140.12890625
14,2024-03-21,7900.0,19756.29296875
14,2024-03-22,8400.0,20118.66796875
14,2024-03-26,8100.0,19740.74609375
14,2024-03-27,8400.0,20064.0703125
14,2024-03-28,8100.0,19700.3828125
14,2024-03-29,8400.0,20041.708984375
14,2024-04-02,7900.0,19683.99609375
14,2024-04-03,8400.0,19984.76953125
14,2024-04-04,7850.0,19644.12890625
14,2024-04-05,8400.0,19961.7421875
14,2024-04-09,7850.0,19628.21484375
14,2024-04-10,7700.0,19905.0390625
14,2024-04-11,7900.0,19589.6875
14,2024-04-12,7700.0,19882.916015625
14,2024-04-16,7900.0,19574.51171875
14,2024-04-17,7650.0,19828.03515625
14,2024-04-18,8100.0,19538.0
14,2024-04-19,7650.0,19806.78515625
14,2024-04-23,8100.0,19524.6171875
14,2024-04-24,7650.0,19754.71484375
14,2024-04-25,8100.0,19491.94140625
14,2024-04-26,7650.0,19734.04296875
14,2024-04-30,8100.0,19479.138671875
14,2024-05-01,7900.0,19685.1328125
14,2024-05-02,8100.0,19447.822265625
14,2024-05-03,7900.0,19666.61328125
14,2024-05-07,8100.0,19435.6953125
14,2024-05-08,7900.0,19625.1953125
14,2024-05-09,7900.0,19406.681640625
14,2024-05-10,7900.0,19609.7265625
14,2024-05-14,7900.0,19395.69921875
14,2024-05-15,8000.0,19572.74609375
14,2024-05-16,7900.0,19368.796875
14,2024-05-17,8000.0,19558.36328125
14,2024-05-21,7900.0,19358.60546875
14,2024-05-22,8100.0,19523.814453125
14,2024-05-23,7900.0,19334.81640625
14,2024-05-24,8100.0,19510.685546875
14,2024-05-28,7900.0,19325.9453125
14,2024-05-29,7800.0,19480.09765625
14,2024-05-30,7900.0,19305.41015625
14,2024-05-31,7800.0,19468.611328125
14,2024-06-04,7900.0,19297.79296875
14,2024-06-05,7800.0,19441.857421875
14,2024-06-06,7900.0,19280.6484375
14,2024-06-07,7800.0,19431.982421875
14,2024-06-11,7700.0,19274.32421875
14,2024-06-12,7750.0,19409.62109375
14,2024-06-13,7700.0,19259.96484375
14,2024-06-14,7750.0,19401.2734375
14,2024-06-18,7400.0,19254.64453125
14,2024-06-19,7800.0,19381.865234375
14,2024-06-20,7400.0,19242.724609375
14,2024-06-21,7800.0,19374.67578125
14,2024-06-25,7300.0,19238.4140625
14,2024-06-26,7800.0,19358.609375
14,2024-06-27,7300.0,19228.8515625
14,2024-06-28,7800.0,19352.84765625
14,2024-07-02,7150.0,19225.42578125
14,2024-07-03,7200.0,19339.859375
14,2024-07-04,7150.0,19217.681640625
14,2024-07-05,7200.0,19335.33984375
14,2024-07-09,7150.0,19214.998046875
14,2024-07-10,7200.0,19325.58984375
14,2024-07-11,7150.0,19209.171875
14,2024-07-12,7200.0,19322.234375
14,2024-07-16,7150.0,19207.18359375
14,2024-07-17,7200.0,19315.234375
14,2024-07-18,7150.0,19203.06640625
14,2024-07-19,7200.0,19312.994140625
14,2024-07-23,7200.0,19201.767578125
14,2024-07-24,7200.0,19308.8515625
14,2024-07-25,7200.0,19199.42578125
14,2024-07-26,7200.0,19307.75390625
14,2024-07-30,7200.0,19198.859375
14,2024-07-31,7200.0,19306.287109375
14,2024-08-01,7500.0,19198.3359375
14,2024-08-02,7100.0,19306.208984375
14,2024-08-06,7500.0,19198.46875
14,2024-08-07,7100.0,19307.27734375
14,2024-08-08,7500.0,19199.669921875
14,2024-08-09,7400.0,19308.19140625
14,2024-08-13,7500.0,19200.5078125
14,2024-08-14,7400.0,19311.654296875
14,2024-08-15,8500.0,19203.484375
14,2024-08-16,7400.0,19313.607421875
14,2024-08-20,8500.0,19205.015625
14,2024-08-21,7400.0,19319.82421875
14,2024-08-22,8500.0,19209.69921875
14,2024-08-23,7400.0,19322.82421875
14,2024-08-27,8500.0,19211.890625
14,2024-08-28,7400.0,19331.609375
14,2024-08-29,8700.0,19218.1796875
14,2024-08-30,7400.0,19335.638671875
14,2024-09-03,8700.0,19221.1015625
14,2024-09-04,8500.0,19347.263671875
14,2024-09-05,8700.0,19229.228515625
14,2024-09-06,8500.0,19352.59765625
14,2024-09-10,8750.0,19232.84375
14,2024-09-11,8500.0,19367.478515625
14,2024-09-12,8750.0,19242.763671875
14,2024-09-13,8500.0,19374.05859375
14,2024-09-17,8650.0,19247.072265625
14,2024-09-18,8500.0,19392.1953125
14,2024-09-19,8650.0,19258.796875
14,2024-09-20,8500.0,19399.998046875
14,2024-09-24,8700.0,19263.87109375
14,2024-09-25,7900.0,19421.107421875
14,2024-09-26,8700.0,19277.5
14,2024-09-27,7900.0,19430.234375
14,2024-10-01,8100.0,19283.47265625
14,2024-10-02,7800.0,19455.076171875
14,2024-10-03,8100.0,19299.748046875
14,2024-10-04,7800.0,19465.6796875
14,2024-10-08,7900.0,19307.056640625
14,2024-10-09,7800.0,19494.08203125
14,2024-10-10,7900.0,19327.208984375
14,2024-10-11,7900.0,19505.96484375
14,2024-10-15,7900.0,19335.70703125
14,2024-10-16,7900.0,19537.23046875
14,2024-10-17,7900.0,19358.86328125
14,2024-10-18,7800.0,19550.1953125
14,2024-10-22,7900.0,19368.70703125
14,2024-10-23,7800.0,19584.5390625
14,2024-10-24,7900.0,19394.5859375
14,2024-10-25,7800.0,19599.4609375
14,2024-10-29,7900.0,19405.13671875
14,2024-10-30,7800.0,19640.400390625
14,2024-10-31,7900.0,19432.94140625
14,2024-11-01,7800.0,19657.962890625
14,2024-11-05,7900.0,19444.5625
14,2024-11-06,7800.0,19704.03125
14,2024-11-07,7900.0,19475.62109375
14,2024-11-08,8300.0,19723.29296875
14,2024-11-12,7900.0,19488.62109375
14,2024-11-13,8300.0,19772.73828125
14,2024-11-14,7900.0,19523.57421875
14,2024-11-15,8300.0,19793.03515625
14,2024-11-19,8300.0,19538.091796875
14,2024-11-20,8300.0,19845.388671875
14,2024-11-21,8300.0,19575.05078125
14,2024-11-22,8300.0,19867.29296875
14,2024-11-26,8700.0,19589.98828125
14,2024-11-27,8300.0,19923.326171875
14,2024-11-28,8700.0,19627.51953125
14,2024-11-29,8300.0,19945.943359375
14,2024-12-03,8550.0,19643.17578125
14,2024-12-04,8800.0,20004.21484375
14,2024-12-05,8550.0,19682.2109375
14,2024-12-06,8800.0,20027.61328125
14,2024-12-09,8800.0,19697.91796875
14,2024-12-09,8550.0,19314.5390625
14,2024-12-10,8550.0,19255.55859375
14,2024-12-11,8800.0,19256.92578125
14,2024-12-12,8600.0,19319.19140625
14,2024-12-13,8800.0,19259.611328125
14,2024-12-16,8800.0,19323.73046875
14,2024-12-16,8600.0,19330.486328125
14,2024-12-17,8600.0,19264.75390625
14,2024-12-18,8800.0,19266.078125
14,2024-12-19,8600.0,19334.890625
14,2024-12-20,8750.0,19268.91015625
14,2025-03-28,6400.0,19339.14453125
14,2025-04-03,6700.0,20492.732421875
14,2025-04-04,6400.0,29239.111328125
14,2025-04-10,6900.0,18124.728515625
14,2025-04-17,6950.0,26042.888671875
14,2025-04-24,7000.0,22924.056640625
14,2025-04-25,6900.0,19935.796875
14,2025-05-09,6400.0,19213.6640625
14,2025-05-15,6900.0,21059.1328125
14,2025-05-16,6900.0,18387.37109375
15,2023-02-03,10050.0,19059.23046875
15,2023-02-08,10250.0,33473.92578125
15,2023-02-09,9750.0,33238.12109375
15,2023-02-15,9850.0,19059.8203125
15,2023-02-16,9650.0,32574.03125
15,2023-02-22,9850.0,19060.859375
15,2023-02-23,9600.0,31515.94140625
15,2023-02-25,9850.0,19062.34375
15,2023-03-01,9850.0,30923.9375
15,2023-03-02,9650.0,30016.392578125
15,2023-03-10,9650.0,19064.2265625
15,2023-03-16,9750.0,19066.875
15,2023-03-22,9850.0,19069.28515625
15,2023-03-23,9750.0,23440.90234375
15,2023-03-29,9850.0,19072.82421875
15,2023-03-31,9950.0,20911.375
15,2023-04-07,9850.0,19077.599609375
15,2023-04-13,9950.0,19082.32421875
15,2023-04-20,9950.0,19086.767578125
15,2023-04-27,9950.0,19092.7265625
15,2023-05-04,9950.0,19098.8515625
15,2023-05-11,9950.0,19105.125
15,2023-05-12,9950.0,19111.375
15,2023-06-14,9722.0,19112.265625
15,2023-06-16,9722.0,22082.76171875
15,2023-06-21,9722.0,22089.556640625
15,2023-06-23,9722.0,22095.59375
15,2023-06-28,9722.0,22094.39453125
15,2023-06-30,9722.0,22085.484375
15,2023-07-05,9720.0,22080.19140625
15,2023-07-07,9720.0,22064.193359375
15,2023-07-12,9720.0,22057.146484375
15,2023-07-14,9720.0,22039.58203125
15,2023-07-19,9920.0,22033.1796875
15,2023-07-21,9920.0,22019.69140625
15,2023-07-26,9970.0,22015.31640625
15,2023-07-28,9970.0,22007.00390625
15,2023-08-02,9970.0,22004.85546875
15,2023-08-04,9970.0,22002.62109375
15,2023-08-09,11420.0,22003.01171875
15,2023-08-11,11420.0,22007.177734375
15,2023-08-16,11520.0,22010.0546875
15,2023-08-18,11520.0,22019.97265625
15,2023-08-23,11820.0,22024.904296875
15,2023-08-30,11820.0,22039.63671875
15,2023-09-06,11920.0,22062.6640625
15,2023-09-08,11920.0,22083.15234375
15,2023-09-13,11500.0,22087.24609375
15,2023-09-15,11500.0,22092.42578125
15,2023-09-20,11600.0,22091.400390625
15,2023-09-22,11600.0,22078.41796875
15,2023-09-27,11500.0,22067.837890625
15,2023-09-29,11500.0,22022.224609375
15,2023-10-03,11500.0,21994.53515625
15,2023-10-05,11500.0,21919.583984375
15,2023-10-10,11500.0,21870.6484375
15,2023-10-12,11500.0,21706.583984375
15,2023-10-17,11500.0,21620.70703125
15,2023-10-19,11500.0,21347.677734375
15,2023-10-24,11200.0,21209.92578125
15,2023-10-26,11200.0,20782.208984375
15,2023-10-31,11100.0,20567.94140625
15,2023-11-02,11100.0,19924.43359375
15,2023-11-07,11100.0,19616.826171875
15,2023-11-09,11300.0,18728.583984375
15,2023-11-14,11300.0,18321.5859375
15,2023-11-16,11300.0,17238.583984375
15,2023-11-21,11300.0,17028.2421875
15,2023-11-23,11400.0,16936.0703125
15,2023-11-28,11400.0,17336.0546875
15,2023-11-30,11400.0,18776.9140625
15,2023-12-05,11400.0,19469.33984375
15,2023-12-07,11600.0,21280.50390625
15,2023-12-12,11600.0,22007.765625
15,2023-12-14,11600.0,23788.5546875
15,2023-12-19,11800.0,24491.95703125
15,2024-01-03,12200.0,26224.37109375
15,2024-01-05,12200.0,20035.9453125
15,2024-01-10,12600.0,20048.75390625
15,2024-01-12,12600.0,20077.294921875
15,2024-01-17,12800.0,20087.205078125
15,2024-01-19,12800.0,20108.07421875
15,2024-01-24,12200.0,20114.818359375
15,2024-01-26,12200.0,20127.58984375
15,2024-01-31,12300.0,20131.033203125
15,2024-02-02,12300.0,20135.44140625
15,2024-02-07,12300.0,20135.501953125
15,2024-02-09,12600.0,20131.4296875
15,2024-02-14,12600.0,20128.10546875
15,2024-02-16,12600.0,20115.64453125
15,2024-02-21,12600.0,20109.015625
15,2024-02-23,12800.0,20088.4140625
15,2024-02-28,12800.0,20078.58984375
15,2024-03-01,12000.0,20050.73046875
15,2024-03-06,12000.0,20038.349609375
15,2024-03-08,12200.0,20004.7109375
15,2024-03-13,12200.0,19990.220703125
15,2024-03-15,12200.0,19951.89453125
15,2024-03-20,12200.0,19935.87890625
15,2024-03-22,12200.0,19893.88671875
15,2024-03-27,12200.0,19876.451171875
15,2024-03-29,12200.0,19832.04296875
15,2024-04-03,12200.0,19813.8984375
15,2024-04-05,12200.0,19768.724609375
15,2024-04-10,11500.0,19750.859375
15,2024-04-12,11500.0,19705.953125
15,2024-04-17,11500.0,19687.89453125
15,2024-04-19,11500.0,19644.56640625
15,2024-04-24,11500.0,19627.765625
15,2024-04-26,11500.0,19587.654296875
15,2024-05-01,11600.0,19571.982421875
15,2024-05-03,11600.0,19534.30078125
15,2024-05-08,11600.0,19519.859375
15,2024-05-10,11600.0,19485.375
15,2024-05-15,12000.0,19472.1484375
15,2024-05-17,12000.0,19441.8125
15,2024-05-22,12000.0,19430.35546875
15,2024-05-24,12000.0,19403.24609375
15,2024-05-29,12000.0,19393.228515625
15,2024-05-31,12000.0,19369.171875
15,2024-06-05,11850.0,19360.0234375
15,2024-06-07,11850.0,19339.171875
15,2024-06-12,11850.0,19331.427734375
15,2024-06-14,11850.0,19313.779296875
15,2024-06-19,11950.0,19307.25390625
15,2024-06-21,11950.0,19292.21875
15,2024-06-26,11900.0,19286.9140625
15,2024-06-28,11900.0,19274.99609375
15,2024-07-03,11700.0,19270.78515625
15,2024-07-05,11700.0,19261.29296875
15,2024-07-10,11700.0,19258.02734375
15,2024-07-12,11700.0,19251.0625
15,2024-07-17,11800.0,19248.68359375
15,2024-07-19,11800.0,19243.95703125
15,2024-07-24,11700.0,19242.52734375
15,2024-07-26,11700.0,19239.986328125
15,2024-07-31,11700.0,19239.36328125
15,2024-08-02,11600.0,19238.76953125
15,2024-08-07,11600.0,19238.912109375
15,2024-08-09,11500.0,19240.203125
15,2024-08-14,11500.0,19241.103515625
15,2024-08-16,11500.0,19244.38671875
15,2024-08-21,11500.0,19246.03125
15,2024-08-23,11500.0,19251.072265625
15,2024-08-28,11500.0,19253.470703125
15,2024-08-30,11500.0,19260.451171875
15,2024-09-04,11500.0,19263.6328125
15,2024-09-06,11500.0,19272.6328125
15,2024-09-11,12000.0,19276.83203125
15,2024-09-13,12000.0,19288.630859375
15,2024-09-18,12000.0,19293.921875
15,2024-09-20,12000.0,19308.75390625
15,2024-09-25,11450.0,19315.140625
15,2024-09-27,11450.0,19332.13671875
15,2024-10-02,11450.0,19339.603515625
15,2024-10-04,11450.0,19359.7890625
15,2024-10-09,11450.0,19368.580078125
15,2024-10-11,11550.0,19391.693359375
15,2024-10-16,11550.0,19401.19140625
15,2024-10-18,11450.0,19426.892578125
15,2024-10-23,11450.0,19438.10546875
15,2024-10-25,11450.0,19469.9140625
15,2024-10-30,11450.0,19483.396484375
15,2024-11-01,11100.0,19517.91796875
15,2024-11-06,11100.0,19532.197265625
15,2024-11-08,11000.0,19568.873046875
15,2024-11-13,11000.0,19583.94140625
15,2024-11-15,11000.0,19622.404296875
15,2024-11-20,11000.0,19638.474609375
15,2024-11-22,11000.0,19679.6796875
15,2024-11-27,11000.0,19696.76171875
15,2024-11-29,11000.0,19740.111328125
15,2024-12-04,11000.0,19757.5078125
15,2024-12-06,11000.0,19801.513671875
15,2024-12-09,10950.0,19819.24609375
15,2024-12-11,10950.0,19352.1328125
15,2024-12-13,10950.0,19357.634765625
15,2024-12-16,10950.0,19363.09765625
15,2024-12-18,10950.0,19371.12109375
15,2024-12-20,10900.0,19376.328125
15,2025-04-25,9380.0,19381.4296875
15,2025-05-09,9420.0,18662.1875
15,2025-05-16,9330.0,20714.337890625
16,2023-01-27,10000.0,33796.80859375
16,2023-02-01,10100.0,19045.03515625
16,2023-02-02,10100.0,33829.265625
16,2023-02-03,10300.0,19045.09765625
16,2023-02-08,10500.0,33791.78515625
16,2023-02-09,10000.0,33571.80859375
16,2023-02-10,9900.0,19045.537109375
16,2023-02-15,10100.0,33432.74609375
16,2023-02-16,9900.0,32956.5390625
16,2023-02-17,9900.0,19046.384765625
16,2023-02-22,10100.0,32713.37890625
16,2023-02-23,9850.0,31975.208984375
16,2023-02-25,10100.0,19047.69921875
16,2023-03-01,10100.0,31436.4765625
16,2023-03-02,9900.0,30593.6640625
16,2023-03-05,9900.0,19049.484375
16,2023-03-08,10000.0,29612.224609375
16,2023-03-10,10000.0,28801.61328125
16,2023-03-10,9900.0,28226.3359375
16,2023-03-15,10200.0,19052.009765625
16,2023-03-16,10000.0,26675.404296875
16,2023-03-17,9900.0,19054.251953125
16,2023-03-22,10100.0,25999.962890625
16,2023-03-23,10000.0,24256.59765625
16,2023-03-29,10100.0,19057.2109375
16,2023-03-31,10200.0,21768.154296875
16,2023-04-05,9800.0,19060.84375
16,2023-04-07,9800.0,19301.609375
16,2023-04-07,9800.0,18638.3828125
16,2023-04-12,9922.0,19064.24609375
16,2023-04-13,9900.0,17259.029296875
16,2023-04-14,9922.0,19067.439453125
16,2023-04-19,9922.0,16903.42578125
16,2023-04-20,9900.0,17037.05859375
16,2023-04-21,9922.0,19071.673828125
16,2023-04-25,9922.0,17271.966796875
16,2023-04-27,9922.0,18101.224609375
16,2023-04-27,9900.0,18502.9296875
16,2023-05-03,9900.0,19076.375
16,2023-05-04,9900.0,19522.15234375
16,2023-05-05,9900.0,19081.3125
16,2023-05-10,9922.0,19810.04296875
16,2023-05-11,9900.0,20430.55078125
16,2023-05-12,9922.0,19086.71875
16,2023-05-12,9900.0,20638.966796875
16,2023-05-17,9822.0,19087.53515625
16,2023-05-19,9822.0,21074.31640625
16,2023-05-24,9922.0,21217.59375
16,2023-05-26,9922.0,21505.609375
16,2023-06-07,9900.0,21596.48046875
16,2023-06-09,9900.0,21937.38671875
16,2023-06-14,9922.0,21969.65625
16,2023-06-16,9922.0,22027.59765625
16,2023-06-21,9922.0,22043.8125
16,2023-06-23,9922.0,22070.37890625
16,2023-06-28,9922.0,22076.58984375
16,2023-06-30,10022.0,22084.140625
16,2023-07-05,10020.0,22084.5
16,2023-07-07,10020.0,22081.359375
16,2023-07-12,10020.0,22078.83203125
16,2023-07-14,10020.0,22071.0703125
16,2023-07-19,10220.0,22067.7421875
16,2023-07-21,10220.0,22059.76953125
16,2023-07-26,10270.0,22056.9296875
16,2023-07-28,10270.0,22051.34375
16,2023-08-02,10270.0,22049.83984375
16,2023-08-04,10270.0,22048.201171875
16,2023-08-09,10870.0,22048.42578125
16,2023-08-11,10870.0,22051.12109375
16,2023-08-16,10970.0,22052.99609375
16,2023-08-18,10970.0,22059.271484375
16,2023-08-23,11270.0,22062.25
16,2023-08-30,11270.0,22070.078125
16,2023-09-06,11370.0,22079.65234375
16,2023-09-08,11370.0,22081.3515625
16,2023-09-13,11370.0,22079.20703125
16,2023-09-15,11370.0,22066.08984375
16,2023-09-20,11070.0,22056.84765625
16,2023-09-22,11070.0,22019.322265625
16,2023-09-27,11370.0,21997.60546875
16,2023-09-29,11370.0,21921.572265625
16,2023-10-03,11370.0,21879.2421875
16,2023-10-05,11370.0,21770.421875
16,2023-10-10,11370.0,21702.9921875
16,2023-10-12,11370.0,21485.85546875
16,2023-10-17,11370.0,21375.05859375
16,2023-10-19,11370.0,21030.44921875
16,2023-10-24,11200.0,20861.955078125
16,2023-10-26,11200.0,20356.67578125
16,2023-10-31,11100.0,20116.51953125
16,2023-11-02,11100.0,19411.27734375
16,2023-11-07,11100.0,19082.71484375
16,2023-11-09,11300.0,18131.25390625
16,2023-11-14,11300.0,17694.2265625
16,2023-11-16,11300.0,16997.337890625
16,2023-11-21,11300.0,16916.234375
16,2023-11-23,11400.0,17507.53515625
16,2023-11-28,11400.0,18032.263671875
16,2023-11-30,11400.0,19652.185546875
16,2023-12-05,11400.0,20350.28515625
16,2023-12-07,11600.0,22132.478515625
16,2023-12-12,11600.0,22838.1328125
16,2023-12-14,11600.0,24631.533203125
16,2023-12-19,11800.0,25342.009765625
16,2024-01-03,12200.0,27041.89453125
16,2024-01-05,12200.0,20190.498046875
16,2024-01-10,12600.0,20203.5390625
16,2024-01-12,12600.0,20232.322265625
16,2024-01-17,12800.0,20242.28125
16,2024-01-19,12800.0,20263.560546875
16,2024-01-24,12800.0,20270.578125
16,2024-01-26,12800.0,20283.73828125
16,2024-01-31,13000.0,20287.25390625
16,2024-02-02,13000.0,20291.693359375
16,2024-02-07,13000.0,20291.697265625
16,2024-02-09,12600.0,20287.287109375
16,2024-02-14,12600.0,20283.75390625
16,2024-02-16,12600.0,20270.583984375
16,2024-02-21,12600.0,20263.775390625
16,2024-02-23,12600.0,20242.880859375
16,2024-02-28,12600.0,20233.046875
16,2024-03-01,12700.0,20204.595703125
16,2024-03-06,12700.0,20191.69140625
16,2024-03-08,12900.0,20156.15625
16,2024-03-13,12900.0,20140.720703125
16,2024-03-15,12900.0,20100.171875
16,2024-03-20,12900.0,20083.013671875
16,2024-03-22,12900.0,20037.712890625
16,2024-03-27,12900.0,20018.72265625
16,2024-03-29,12900.0,19970.54296875
16,2024-04-03,12900.0,19951.2265625
16,2024-04-05,12900.0,19902.5234375
16,2024-04-10,12650.0,19882.69140625
16,2024-04-12,12650.0,19833.224609375
16,2024-04-17,12650.0,19813.470703125
16,2024-04-19,12650.0,19765.0
16,2024-04-24,12650.0,19746.2578125
16,2024-04-26,12650.0,19700.240234375
16,2024-05-01,12750.0,19681.9140625
16,2024-05-03,12750.0,19638.51953125
16,2024-05-08,12750.0,19621.931640625
16,2024-05-10,12750.0,19582.5859375
16,2024-05-15,13150.0,19567.58203125
16,2024-05-17,13150.0,19531.5234375
16,2024-05-22,13150.0,19517.640625
16,2024-05-24,13150.0,19485.564453125
16,2024-05-29,13050.0,19473.361328125
16,2024-05-31,13050.0,19444.3671875
16,2024-06-05,13000.0,19433.5859375
16,2024-06-07,13000.0,19408.505859375
16,2024-06-12,13000.0,19399.27734375
16,2024-06-14,13000.0,19379.00390625
16,2024-06-19,13100.0,19371.46484375
16,2024-06-21,13100.0,19354.009765625
16,2024-06-26,13050.0,19347.578125
16,2024-06-28,13050.0,19333.181640625
16,2024-07-03,11950.0,19327.92578125
16,2024-07-05,11950.0,19316.5
16,2024-07-10,11950.0,19312.544921875
16,2024-07-12,11950.0,19304.02734375
16,2024-07-17,12050.0,19301.09765625
16,2024-07-19,12050.0,19295.072265625
16,2024-07-24,11950.0,19293.162109375
16,2024-07-26,11950.0,19289.63671875
16,2024-07-31,11950.0,19288.716796875
16,2024-08-02,11850.0,19287.619140625
16,2024-08-07,11850.0,19287.66796875
16,2024-08-09,11750.0,19288.984375
16,2024-08-14,11750.0,19289.9765625
16,2024-08-16,11250.0,19293.65234375
16,2024-08-21,11250.0,19295.6015625
16,2024-08-23,11750.0,19301.71484375
16,2024-08-28,11750.0,19304.65234375
16,2024-08-30,11750.0,19313.146484375
16,2024-09-04,11250.0,19317.03125
16,2024-09-06,11250.0,19328.2265625
16,2024-09-11,11250.0,19333.328125
16,2024-09-13,11250.0,19347.16015625
16,2024-09-18,11250.0,19353.244140625
16,2024-09-20,11250.0,19370.09375
16,2024-09-25,11200.0,19377.349609375
16,2024-09-27,11200.0,19397.61328125
16,2024-10-02,11200.0,19406.662109375
16,2024-10-04,11200.0,19431.19921875
16,2024-10-09,11200.0,19441.89453125
16,2024-10-11,11300.0,19470.5234375
16,2024-10-16,11300.0,19482.6015625
16,2024-10-18,11200.0,19513.86328125
16,2024-10-23,11200.0,19527.021484375
16,2024-10-25,11200.0,19561.505859375
16,2024-10-30,11200.0,19575.9609375
16,2024-11-01,10850.0,19613.4140625
16,2024-11-06,10850.0,19629.3515625
16,2024-11-08,10750.0,19670.669921875
16,2024-11-13,10750.0,19688.1171875
16,2024-11-15,10750.0,19732.623046875
16,2024-11-20,10750.0,19750.57421875
16,2024-11-22,10750.0,19797.291015625
16,2024-11-27,10750.0,19816.708984375
16,2024-11-29,10750.0,19866.34375
16,2024-12-04,10750.0,19886.443359375
16,2024-12-06,10750.0,19936.28125
16,2024-12-09,10700.0,19956.009765625
16,2024-12-11,10700.0,19397.048828125
16,2024-12-13,10700.0,19403.31640625
16,2024-12-16,10700.0,19409.4140625
16,2024-12-18,10700.0,19418.39453125
16,2024-12-20,10650.0,19424.390625
16,2025-04-25,9810.0,19430.19140625
16,2025-05-09,9900.0,18101.224609375
16,2025-05-16,9760.0,20317.90625
17,2023-01-27,9900.0,34112.94140625
17,2023-02-01,10000.0,19033.75
17,2023-02-03,10200.0,34135.72265625
17,2023-02-08,10400.0,34097.7109375
17,2023-02-09,9900.0,33881.54296875
17,2023-02-10,9800.0,19033.97265625
17,2023-02-15,10000.0,33747.76171875
17,2023-02-16,9800.0,33289.21484375
17,2023-02-17,9800.0,19034.53125
17,2023-02-22,10000.0,33056.73828125
17,2023-02-23,9750.0,32349.9765625
17,2023-02-25,10000.0,19035.427734375
17,2023-03-01,10000.0,31841.078125
17,2023-03-02,9800.0,31062.4140625
17,2023-03-05,9800.0,19036.73828125
17,2023-03-08,9900.0,30150.55078125
17,2023-03-10,9900.0,29383.1328125
17,2023-03-10,9800.0,28844.58203125
17,2023-03-15,10100.0,19038.8125
17,2023-03-16,9900.0,27386.662109375
17,2023-03-17,9800.0,19040.69921875
17,2023-03-22,10000.0,26761.125
17,2023-03-23,9900.0,25092.62109375
17,2023-03-29,10000.0,19043.16796875
17,2023-03-31,10100.0,22668.23046875
17,2023-04-05,9700.0,19046.4296875
17,2023-04-07,9700.0,20206.349609375
17,2023-04-07,9700.0,19519.748046875
17,2023-04-12,9822.0,19049.673828125
17,2023-04-13,9800.0,17933.73828125
17,2023-04-14,9822.0,19052.66015625
17,2023-04-19,9822.0,17426.259765625
17,2023-04-20,9800.0,16920.2578125
17,2023-04-21,9822.0,19056.328125
17,2023-04-25,9822.0,16996.6328125
17,2023-04-27,9822.0,17449.708984375
17,2023-04-27,9800.0,17865.9765625
17,2023-05-03,9800.0,19060.078125
17,2023-05-04,9800.0,19010.021484375
17,2023-05-05,9800.0,19063.8984375
17,2023-05-10,9822.0,19335.3359375
17,2023-05-11,9800.0,20018.50390625
17,2023-05-12,9822.0,19067.701171875
17,2023-05-12,9800.0,20249.37109375
17,2023-05-17,9722.0,19068.244140625
17,2023-05-19,9722.0,20737.26953125
17,2023-05-24,9822.0,20901.15234375
17,2023-05-26,9822.0,21239.22265625
17,2023-06-07,9800.0,21351.05859375
17,2023-06-09,9800.0,21804.953125
17,2023-06-14,9822.0,21851.84765625
17,2023-06-16,9822.0,21942.03125
17,2023-06-21,9822.0,21968.03125
17,2023-06-23,9822.0,22017.390625
17,2023-06-28,9822.0,22031.55078125
17,2023-06-30,9922.0,22056.47265625
17,2023-07-05,9920.0,22062.8984375
17,2023-07-07,9920.0,22072.1953125
17,2023-07-12,9920.0,22073.93359375
17,2023-07-14,9920.0,22075.3671875
17,2023-07-19,10120.0,22075.158203125
17,2023-07-21,10120.0,22073.5
17,2023-07-26,10170.0,22072.62890625
17,2023-07-28,10170.0,22070.669921875
17,2023-08-02,10170.0,22070.076171875
17,2023-08-04,10170.0,22069.33984375
17,2023-08-09,10770.0,22069.3828125
17,2023-08-11,10770.0,22070.23828125
17,2023-08-16,10870.0,22070.822265625
17,2023-08-18,10870.0,22072.564453125
17,2023-08-23,11170.0,22073.189453125
17,2023-08-30,11170.0,22073.77734375
17,2023-09-06,11270.0,22069.6015625
17,2023-09-08,11270.0,22051.732421875
17,2023-09-13,11270.0,22042.51953125
17,2023-09-15,11270.0,22008.63671875
17,2023-09-20,11470.0,21989.87109375
17,2023-09-22,11470.0,21926.279296875
17,2023-09-27,11270.0,21892.43359375
17,2023-09-29,11270.0,21779.19140625
17,2023-10-03,11270.0,21720.494140625
17,2023-10-05,11270.0,21576.80078125
17,2023-10-10,11270.0,21490.03125
17,2023-10-12,11270.0,21219.66796875
17,2023-10-17,11270.0,21088.35546875
17,2023-10-19,11270.0,20689.1484375
17,2023-10-24,10200.0,20498.58203125
17,2023-10-26,10200.0,19936.6171875
17,2023-10-31,10100.0,19676.1328125
17,2023-11-02,10100.0,18875.34765625
17,2023-11-07,10100.0,18503.24609375
17,2023-11-09,10300.0,17456.78125
17,2023-11-14,10300.0,17107.17578125
17,2023-11-16,10300.0,16879.677734375
17,2023-11-21,10300.0,16994.103515625
17,2023-11-23,10400.0,18220.509765625
17,2023-11-28,10400.0,18853.140625
17,2023-11-30,10400.0,20569.296875
17,2023-12-05,10400.0,21287.580078125
17,2023-12-07,10800.0,23061.15625
17,2023-12-12,10800.0,23771.810546875
17,2023-12-14,10800.0,25506.234375
17,2023-12-19,11000.0,26185.787109375
17,2024-01-03,11400.0,27777.13671875
17,2024-01-05,11400.0,20347.296875
17,2024-01-10,12000.0,20360.8671875
17,2024-01-12,12000.0,20391.056640625
17,2024-01-17,12200.0,20401.578125
17,2024-01-19,12200.0,20423.697265625
17,2024-01-24,12200.0,20430.826171875
17,2024-01-26,12200.0,20444.26171875
17,2024-01-31,12400.0,20447.884765625
17,2024-02-02,12400.0,20452.43359375
17,2024-02-07,12400.0,20452.443359375
17,2024-02-09,12000.0,20447.88671875
17,2024-02-14,12000.0,20444.25
17,2024-02-16,12000.0,20430.77734375
17,2024-02-21,12000.0,20423.63671875
17,2024-02-23,12000.0,20401.51953125
17,2024-02-28,12000.0,20391.015625
17,2024-03-01,12100.0,20360.84765625
17,2024-03-06,12100.0,20347.2421875
17,2024-03-08,12300.0,20309.796875
17,2024-03-13,12300.0,20293.435546875
17,2024-03-15,12300.0,20249.70703125
17,2024-03-20,12300.0,20231.568359375
17,2024-03-22,12300.0,20183.85546875
17,2024-03-27,12300.0,20163.93359375
17,2024-03-29,12300.0,20113.421875
17,2024-04-03,12300.0,20092.96484375
17,2024-04-05,12300.0,20040.296875
17,2024-04-10,12050.0,20018.91796875
17,2024-04-12,12050.0,19965.251953125
17,2024-04-17,12050.0,19943.953125
17,2024-04-19,12050.0,19891.6171875
17,2024-04-24,12050.0,19870.849609375
17,2024-04-26,12050.0,19820.0078125
17,2024-05-01,12150.0,19800.2265625
17,2024-05-03,12150.0,19752.296875
17,2024-05-08,12150.0,19734.109375
17,2024-05-10,12150.0,19689.86328125
17,2024-05-15,12550.0,19672.68359375
17,2024-05-17,12550.0,19632.32421875
17,2024-05-22,12550.0,19617.07421875
17,2024-05-24,12550.0,19580.8984375
17,2024-05-29,12350.0,19567.23046875
17,2024-05-31,12350.0,19534.76171875
17,2024-06-05,12250.0,19522.60546875
17,2024-06-07,12250.0,19493.865234375
17,2024-06-12,12250.0,19483.13671875
17,2024-06-14,12250.0,19458.2734375
17,2024-06-19,12350.0,19449.16796875
17,2024-06-21,12350.0,19428.16796875
17,2024-06-26,12300.0,19420.41796875
17,2024-06-28,12300.0,19402.8515625
17,2024-07-03,12100.0,19396.5703125
17,2024-07-05,12100.0,19382.87109375
17,2024-07-10,12100.0,19378.21875
17,2024-07-12,12100.0,19368.0
17,2024-07-17,12200.0,19364.46484375
17,2024-07-19,12200.0,19357.05078125
17,2024-07-24,12100.0,19354.669921875
17,2024-07-26,12100.0,19350.162109375
17,2024-07-31,12100.0,19348.953125
17,2024-08-02,12000.0,19347.375
17,2024-08-07,12000.0,19347.33984375
17,2024-08-09,11900.0,19348.71484375
17,2024-08-14,11900.0,19349.84765625
17,2024-08-16,11700.0,19354.169921875
17,2024-08-21,11700.0,19356.484375
17,2024-08-23,11900.0,19363.69921875
17,2024-08-28,11900.0,19367.1484375
17,2024-08-30,11900.0,19377.15234375
17,2024-09-04,11700.0,19381.779296875
17,2024-09-06,11700.0,19395.30078125
17,2024-09-11,11700.0,19401.40625
17,2024-09-13,11700.0,19418.37890625
17,2024-09-18,11700.0,19425.900390625
17,2024-09-20,11700.0,19446.73046875
17,2024-09-25,11650.0,19455.828125
17,2024-09-27,11650.0,19480.1796875
17,2024-10-02,11650.0,19490.451171875
17,2024-10-04,11650.0,19517.845703125
17,2024-10-09,11650.0,19529.453125
17,2024-10-11,11750.0,19560.369140625
17,2024-10-16,11750.0,19573.4609375
17,2024-10-18,11650.0,19608.115234375
17,2024-10-23,11650.0,19622.76953125
17,2024-10-25,11650.0,19661.4609375
17,2024-10-30,11650.0,19677.83203125
17,2024-11-01,11300.0,19720.6875
17,2024-11-06,11300.0,19738.583984375
17,2024-11-08,11200.0,19785.708984375
17,2024-11-13,11200.0,19805.3671875
17,2024-11-15,11200.0,19855.99609375
17,2024-11-20,11200.0,19877.125
17,2024-11-22,11200.0,19930.02734375
17,2024-11-27,11200.0,19951.2421875
17,2024-11-29,11200.0,20004.763671875
17,2024-12-04,11200.0,20026.150390625
17,2024-12-06,11200.0,20079.033203125
17,2024-12-09,10970.0,20099.94140625
17,2024-12-11,10970.0,19450.599609375
17,2024-12-13,10970.0,19458.546875
17,2024-12-16,10970.0,19466.392578125
17,2024-12-18,10970.0,19477.7890625
17,2024-12-20,10920.0,19485.1953125
17,2025-04-25,9730.0,19492.3828125
17,2025-05-09,9770.0,17449.708984375
17,2025-05-16,9680.0,19893.962890625
18,2024-01-18,22000.0,20580.54296875
18,2024-01-19,10600.0,20001.845703125
18,2024-01-23,22000.0,20587.572265625
18,2024-01-24,10600.0,20013.16015625
18,2024-01-25,22000.0,20600.9453125
18,2024-01-26,10600.0,20016.375
18,2024-01-30,22000.0,20604.48046875
18,2024-01-31,10600.0,20021.03515625
18,2024-02-01,22000.0,20608.71875
18,2024-02-02,10600.0,20021.55859375
18,2024-02-06,22000.0,20608.57421875
18,2024-02-07,10600.0,20019.46484375
18,2024-02-08,22000.0,20603.59765625
18,2024-02-09,10600.0,20017.2890625
18,2024-02-13,22000.0,20599.78125
18,2024-02-14,10600.0,20008.42578125
18,2024-02-15,22000.0,20585.681640625
18,2024-02-16,10600.0,20003.5625
18,2024-02-20,22000.0,20578.26171875
18,2024-02-21,10600.0,19988.271484375
18,2024-02-22,22000.0,20555.484375
18,2024-02-23,10600.0,19980.83984375
18,2024-02-27,22000.0,20544.7890625
18,2024-02-28,10600.0,19959.1796875
18,2024-02-29,22000.0,20513.78125
18,2024-03-01,7800.0,19949.703125
18,2024-03-05,22000.0,20500.2265625
18,2024-03-06,7800.0,19923.6640625
18,2024-03-07,22000.0,20462.744140625
18,2024-03-08,7800.0,19912.34375
18,2024-03-12,22000.0,20446.44921875
18,2024-03-13,7800.0,19881.837890625
18,2024-03-14,22000.0,20402.53515625
18,2024-03-15,8000.0,19868.8203125
18,2024-03-19,22000.0,20383.62890625
18,2024-03-20,8000.0,19834.59375
18,2024-03-21,22000.0,20333.703125
18,2024-03-22,8000.0,19820.56640625
18,2024-03-26,22000.0,20312.84765625
18,2024-03-27,8000.0,19784.578125
18,2024-03-28,22000.0,20258.62890625
18,2024-03-29,8000.0,19769.75
18,2024-04-02,22000.0,20236.26953125
18,2024-04-03,8000.0,19732.75390625
18,2024-04-04,22000.0,20180.09375
18,2024-04-05,8000.0,19718.224609375
18,2024-04-09,22000.0,20157.166015625
18,2024-04-10,7700.0,19681.59765625
18,2024-04-11,22000.0,20100.3359375
18,2024-04-12,7700.0,19667.0234375
18,2024-04-16,22000.0,20077.755859375
18,2024-04-17,7650.0,19630.7421875
18,2024-04-18,22000.0,20021.69921875
18,2024-04-19,7650.0,19616.6484375
18,2024-04-23,22000.0,19999.7109375
18,2024-04-24,7650.0,19582.09375
18,2024-04-25,22000.0,19945.5078125
18,2024-04-26,7650.0,19568.873046875
18,2024-04-30,22000.0,19924.30859375
18,2024-05-01,7900.0,19536.470703125
18,2024-05-02,22000.0,19872.33203125
18,2024-05-03,7900.0,19524.16015625
18,2024-05-07,22000.0,19852.03125
18,2024-05-08,7900.0,19493.828125
18,2024-05-09,22000.0,19803.412109375
18,2024-05-10,7900.0,19482.00390625
18,2024-05-14,22000.0,19784.736328125
18,2024-05-15,8000.0,19453.3359375
18,2024-05-16,22000.0,19739.9375
18,2024-05-17,8000.0,19442.1015625
18,2024-05-21,22000.0,19723.20703125
18,2024-05-22,8100.0,19415.37109375
18,2024-05-23,22000.0,19683.216796875
18,2024-05-24,8100.0,19405.4609375
18,2024-05-28,22000.0,19667.91796875
18,2024-05-29,7800.0,19381.8203125
18,2024-05-30,22000.0,19631.826171875
18,2024-05-31,7800.0,19372.9453125
18,2024-06-04,22000.0,19618.408203125
18,2024-06-05,7800.0,19352.16796875
18,2024-06-06,22000.0,19586.94921875
18,2024-06-07,7800.0,19344.220703125
18,2024-06-11,22000.0,19575.44921875
18,2024-06-12,7750.0,19325.73828125
18,2024-06-13,22000.0,19548.2578125
18,2024-06-14,7750.0,19318.884765625
18,2024-06-18,22000.0,19538.095703125
18,2024-06-19,7800.0,19303.62890625
18,2024-06-20,22000.0,19514.826171875
18,2024-06-21,7800.0,19298.3515625
18,2024-06-25,22000.0,19506.138671875
18,2024-06-26,7800.0,19286.244140625
18,2024-06-27,22000.0,19486.19140625
18,2024-06-28,7800.0,19281.857421875
18,2024-07-02,22000.0,19479.02734375
18,2024-07-03,7500.0,19271.9921875
18,2024-07-04,22000.0,19462.966796875
18,2024-07-05,7500.0,19268.458984375
18,2024-07-09,22000.0,19457.193359375
18,2024-07-10,7500.0,19260.87109375
18,2024-07-11,22000.0,19444.7265625
18,2024-07-12,7500.0,19258.31640625
18,2024-07-16,22000.0,19440.51953125
18,2024-07-17,7500.0,19252.91015625
18,2024-07-18,22000.0,19431.796875
18,2024-07-19,7500.0,19251.1796875
18,2024-07-23,22000.0,19429.013671875
18,2024-07-24,7800.0,19247.94921875
18,2024-07-25,22000.0,19423.76953125
18,2024-07-26,7800.0,19247.0546875
18,2024-07-30,22000.0,19422.353515625
18,2024-07-31,7800.0,19245.77734375
18,2024-08-01,22000.0,19420.46875
18,2024-08-02,7800.0,19245.66015625
18,2024-08-06,22000.0,19420.37890625
18,2024-08-07,7800.0,19246.3515625
18,2024-08-08,22000.0,19421.8828125
18,2024-08-09,7800.0,19247.0234375
18,2024-08-13,22000.0,19423.1875
18,2024-08-14,7800.0,19249.6640625
18,2024-08-15,22000.0,19428.203125
18,2024-08-16,7800.0,19251.109375
18,2024-08-20,22000.0,19430.89453125
18,2024-08-21,7800.0,19255.75
18,2024-08-22,22000.0,19439.37109375
18,2024-08-23,7800.0,19258.001953125
18,2024-08-27,22000.0,19443.447265625
18,2024-08-28,7800.0,19264.609375
18,2024-08-29,22000.0,19455.4453125
18,2024-08-30,7800.0,19267.73828125
18,2024-09-03,22000.0,19460.927734375
18,2024-09-04,7800.0,19276.6796875
18,2024-09-05,22000.0,19476.228515625
18,2024-09-06,7800.0,19280.646484375
18,2024-09-10,22050.0,19482.984375
18,2024-09-11,7800.0,19291.564453125
18,2024-09-12,22050.0,19501.888671875
18,2024-09-13,7800.0,19296.607421875
18,2024-09-17,22000.0,19510.12890625
18,2024-09-18,7800.0,19310.57421875
18,2024-09-19,22000.0,19532.353515625
18,2024-09-20,7800.0,19316.796875
18,2024-09-24,22000.0,19542.015625
18,2024-09-25,7800.0,19333.81640625
18,2024-09-26,22000.0,19568.09765625
18,2024-09-27,7800.0,19341.3125
18,2024-10-01,22000.0,19579.22265625
18,2024-10-02,7800.0,19360.85546875
18,2024-10-03,22000.0,19609.83984375
18,2024-10-04,7800.0,19368.953125
18,2024-10-08,22000.0,19622.86328125
18,2024-10-09,7800.0,19390.896484375
18,2024-10-10,22000.0,19658.330078125
18,2024-10-11,7900.0,19400.2421875
18,2024-10-15,22000.0,19673.482421875
18,2024-10-16,7900.0,19424.458984375
18,2024-10-17,22000.0,19713.00390625
18,2024-10-18,7800.0,19434.83203125
18,2024-10-22,22000.0,19729.453125
18,2024-10-23,7800.0,19462.3125
18,2024-10-24,22000.0,19773.47265625
18,2024-10-25,7800.0,19473.68359375
18,2024-10-29,22000.0,19792.06640625
18,2024-10-30,7800.0,19503.1796875
18,2024-10-31,22000.0,19841.068359375
18,2024-11-01,7800.0,19515.40234375
18,2024-11-05,22000.0,19861.51171875
18,2024-11-06,7800.0,19546.73828125
18,2024-11-07,22000.0,19913.5546875
18,2024-11-08,7800.0,19559.734375
18,2024-11-12,22000.0,19934.75
18,2024-11-13,7800.0,19593.3828125
18,2024-11-14,22000.0,19988.919921875
18,2024-11-15,7800.0,19607.3046875
18,2024-11-19,22000.0,20010.8671875
18,2024-11-20,7800.0,19642.78515625
18,2024-11-21,22000.0,20066.96875
18,2024-11-22,7800.0,19657.32421875
18,2024-11-26,22000.0,20089.642578125
18,2024-11-27,7800.0,19693.69140625
18,2024-11-28,22000.0,20147.814453125
18,2024-11-29,7800.0,19708.169921875
18,2024-12-03,22000.0,20171.1953125
18,2024-12-04,7800.0,19744.17578125
18,2024-12-05,22000.0,20228.14453125
18,2024-12-06,7800.0,19758.6796875
18,2024-12-09,7800.0,20250.486328125
18,2024-12-09,22000.0,19518.38671875
18,2024-12-10,22000.0,19172.513671875
18,2024-12-11,7800.0,19173.40625
18,2024-12-12,22100.0,19526.908203125
18,2024-12-13,7800.0,19175.130859375
18,2024-12-16,7800.0,19535.345703125
18,2024-12-16,22100.0,19547.8828125
18,2024-12-17,22100.0,19178.37890625
18,2024-12-18,7800.0,19179.15234375
18,2024-12-19,22100.0,19556.03515625
18,2024-12-20,7750.0,19180.6484375
18,2025-03-28,7800.0,19563.908203125
18,2025-04-03,22000.0,23845.783203125
18,2025-04-04,7800.0,30915.35546875
18,2025-04-10,22000.0,21464.03125
18,2025-04-17,22000.0,28319.40625
18,2025-04-24,22000.0,25546.1875
18,2025-04-25,7800.0,22799.16015625
18,2025-05-09,7800.0,17013.794921875
18,2025-05-15,22000.0,19385.525390625
18,2025-05-16,7800.0,16887.99609375
19,2023-02-08,7600.0,34580.4375
19,2023-02-10,7000.0,34386.54296875
19,2023-02-15,7200.0,34266.44140625
19,2023-02-17,7000.0,33860.23828125
19,2023-02-22,7200.0,33652.5546875
19,2023-02-25,7200.0,33017.40625
19,2023-03-01,7200.0,32557.5859375
19,2023-03-05,7000.0,31855.23828125
19,2023-03-08,7000.0,31061.45703125
19,2023-03-10,7000.0,30397.94140625
19,2023-03-15,7000.0,29918.44921875
19,2023-03-17,7000.0,28594.76171875
19,2023-03-22,7200.0,28027.64453125
19,2023-03-29,7200.0,26523.72265625
19,2023-04-05,7000.0,24264.75
19,2023-04-07,7000.0,21953.357421875
19,2023-04-12,7022.0,21296.734375
19,2023-04-14,7022.0,19661.0234375
19,2023-04-19,7022.0,19042.615234375
19,2023-04-21,7022.0,17662.8828125
19,2023-04-25,7022.0,17216.720703125
19,2023-04-27,7022.0,16888.947265625
19,2023-05-03,7000.0,16965.134765625
19,2023-05-05,7000.0,17653.798828125
19,2023-05-10,7022.0,18041.865234375
19,2023-05-12,7022.0,18912.4296875
19,2023-05-17,7022.0,19220.515625
19,2023-05-19,7022.0,19882.78125
19,2023-05-24,7022.0,20108.515625
19,2023-05-26,7022.0,20574.1796875
19,2023-06-07,7000.0,20731.03125
19,2023-06-09,7000.0,21406.78515625
19,2023-06-14,7022.0,21482.125
19,2023-06-16,7022.0,21638.73046875
19,2023-06-21,7022.0,21690.203125
19,2023-06-23,7022.0,21795.89453125
19,2023-06-28,7022.0,21830.1015625
19,2023-06-30,7022.0,21898.82421875
19,2023-07-05,7000.0,21920.5
19,2023-07-07,7000.0,21963.640625
19,2023-07-12,7000.0,21977.015625
19,2023-07-14,7000.0,22001.96484375
19,2023-07-19,7000.0,22009.4296875
19,2023-07-21,7000.0,22023.103515625
19,2023-07-26,7000.0,22026.9453125
19,2023-07-28,7000.0,22033.3203125
19,2023-08-02,7000.0,22034.765625
19,2023-08-04,7000.0,22036.068359375
19,2023-08-09,7000.0,22035.6875
19,2023-08-11,7000.0,22032.42578125
19,2023-08-16,7000.0,22030.099609375
19,2023-08-18,7000.0,22021.06640625
19,2023-08-23,7000.0,22015.94921875
19,2023-08-30,7000.0,21998.328125
19,2023-09-06,7000.0,21957.47265625
19,2023-09-08,7000.0,21888.9609375
19,2023-09-13,6800.0,21863.044921875
19,2023-09-15,6800.0,21782.046875
19,2023-09-20,7000.0,21741.76171875
19,2023-09-22,7000.0,21617.998046875
19,2023-09-27,7000.0,21557.716796875
19,2023-09-29,7500.0,21374.30078125
19,2023-10-03,7500.0,21281.69921875
19,2023-10-05,7500.0,21064.55078125
19,2023-10-10,7500.0,20938.28515625
19,2023-10-12,7600.0,20553.048828125
19,2023-10-17,7600.0,20370.5625
19,2023-10-19,7600.0,19830.619140625
19,2023-10-24,9000.0,19573.91796875
19,2023-10-26,9000.0,18825.666015625
19,2023-10-31,9000.0,18484.25
19,2023-11-02,9000.0,17522.978515625
19,2023-11-07,9000.0,17171.89453125
19,2023-11-09,9200.0,16909.0703125
19,2023-11-14,9200.0,16878.8359375
19,2023-11-16,9200.0,17860.7421875
19,2023-11-21,9200.0,18419.98828125
19,2023-11-23,9200.0,20008.69921875
19,2023-11-28,9200.0,20692.353515625
19,2023-11-30,9200.0,22401.6484375
19,2023-12-05,9200.0,23082.166015625
19,2023-12-07,9200.0,24751.333984375
19,2023-12-12,9200.0,25419.890625
19,2023-12-14,9200.0,27012.15625
19,2023-12-19,9200.0,27623.732421875
19,2024-01-03,9800.0,29062.79296875
19,2024-01-05,9800.0,20659.458984375
19,2024-01-10,9800.0,20673.607421875
19,2024-01-12,9800.0,20704.888671875
19,2024-01-17,9800.0,20715.69140625
19,2024-01-19,9800.0,20738.296875
19,2024-01-24,9800.0,20745.564453125
19,2024-01-26,9800.0,20759.203125
19,2024-01-31,9800.0,20762.81640625
19,2024-02-02,9800.0,20767.19921875
19,2024-02-07,9800.0,20767.037109375
19,2024-02-09,9800.0,20762.01953125
19,2024-02-14,9800.0,20758.16015625
19,2024-02-16,9800.0,20743.9140625
19,2024-02-21,9800.0,20736.40625
19,2024-02-23,9800.0,20713.1796875
19,2024-02-28,9800.0,20702.12890625
19,2024-03-01,7200.0,20670.271484375
19,2024-03-06,7200.0,20655.904296875
19,2024-03-08,8200.0,20616.046875
19,2024-03-13,8200.0,20598.56640625
19,2024-03-15,8500.0,20551.42578125
19,2024-03-20,8500.0,20531.8046875
19,2024-03-22,8500.0,20480.490234375
19,2024-03-27,8500.0,20458.88671875
19,2024-03-29,8500.0,20403.13671875
19,2024-04-03,8500.0,20380.8359375
19,2024-04-05,8500.0,20323.546875
19,2024-04-10,8000.0,20300.3125
19,2024-04-12,8000.0,20241.248046875
19,2024-04-17,8000.0,20217.58984375
19,2024-04-19,8000.0,20157.978515625
19,2024-04-24,8000.0,20133.98046875
19,2024-04-26,8000.0,20074.6796875
19,2024-05-01,8200.0,20052.0234375
19,2024-05-03,8200.0,19996.49609375
19,2024-05-08,8200.0,19974.708984375
19,2024-05-10,8200.0,19922.52734375
19,2024-05-15,8200.0,19902.62109375
19,2024-05-17,8200.0,19854.25
19,2024-05-22,8300.0,19835.453125
19,2024-05-24,8300.0,19791.05859375
19,2024-05-29,8100.0,19774.333984375
19,2024-05-31,8100.0,19734.58984375
19,2024-06-05,8100.0,19719.947265625
19,2024-06-07,8100.0,19685.734375
19,2024-06-12,8100.0,19672.8046875
19,2024-06-14,8100.0,19642.375
19,2024-06-19,8100.0,19631.18359375
19,2024-06-21,8100.0,19605.4609375
19,2024-06-26,8100.0,19596.056640625
19,2024-06-28,8100.0,19574.60546875
19,2024-07-03,7500.0,19567.0390625
19,2024-07-05,7500.0,19549.921875
19,2024-07-10,7500.0,19543.810546875
19,2024-07-12,7500.0,19530.41015625
19,2024-07-17,7500.0,19525.8125
19,2024-07-19,7500.0,19516.23046875
19,2024-07-24,7500.0,19513.1328125
19,2024-07-26,7500.0,19507.2265625
19,2024-07-31,7500.0,19505.60546875
19,2024-08-02,7500.0,19503.388671875
19,2024-08-07,7500.0,19503.24609375
19,2024-08-09,7400.0,19504.73046875
19,2024-08-14,7400.0,19506.064453125
19,2024-08-16,7400.0,19511.23828125
19,2024-08-21,7400.0,19514.0390625
19,2024-08-23,7400.0,19522.890625
19,2024-08-28,7400.0,19527.19140625
19,2024-08-30,7400.0,19539.865234375
19,2024-09-04,7400.0,19545.69140625
19,2024-09-06,7400.0,19562.27734375
19,2024-09-11,7500.0,19569.6328125
19,2024-09-13,7500.0,19590.5703125
19,2024-09-18,7500.0,19599.78515625
19,2024-09-20,7500.0,19625.0
19,2024-09-25,7400.0,19636.03515625
19,2024-09-27,7400.0,19665.8515625
19,2024-10-02,8200.0,19678.58203125
19,2024-10-04,8200.0,19712.46875
19,2024-10-09,8200.0,19726.8828125
19,2024-10-11,8250.0,19765.9609375
19,2024-10-16,8250.0,19782.951171875
19,2024-10-18,8200.0,19827.6015625
19,2024-10-23,8200.0,19846.32421875
19,2024-10-25,8200.0,19894.82421875
19,2024-10-30,8200.0,19914.771484375
19,2024-11-01,8200.0,19967.046875
19,2024-11-06,8200.0,19988.77734375
19,2024-11-08,8200.0,20044.767578125
19,2024-11-13,8200.0,20067.8828125
19,2024-11-15,8200.0,20126.78515625
19,2024-11-20,8200.0,20150.63671875
19,2024-11-22,8200.0,20210.4921875
19,2024-11-27,8200.0,20234.5703125
19,2024-11-29,8200.0,20294.66796875
19,2024-12-04,8200.0,20319.11328125
19,2024-12-06,8200.0,20378.986328125
19,2024-12-09,8800.0,20402.271484375
19,2024-12-11,8800.0,19591.73828125
19,2024-12-13,8800.0,19601.31640625
19,2024-12-16,8800.0,19610.744140625
19,2024-12-18,8800.0,19624.3984375
19,2024-12-20,8700.0,19633.275390625
19,2025-03-28,7800.0,19642.0625
19,2025-03-31,9225.0,24588.650390625
19,2025-04-02,9225.0,20093.0234375
19,2025-04-04,7800.0,20287.66015625
19,2025-04-25,7800.0,22280.5078125
19,2025-05-09,7800.0,16888.947265625
19,2025-05-16,7800.0,18750.85546875
20,2024-02-07,10500.0,20918.248046875
20,2024-02-09,10200.0,20913.341796875
20,2024-02-14,10200.0,20909.591796875
20,2024-02-16,10200.0,20895.76171875
20,2024-02-21,10200.0,20888.4609375
20,2024-02-23,10500.0,20865.859375
20,2024-02-28,10500.0,20855.1171875
20,2024-03-01,7500.0,20824.16015625
20,2024-03-06,7500.0,20810.25
20,2024-03-08,8200.0,20771.57421875
20,2024-03-13,8200.0,20754.6640625
20,2024-03-15,8500.0,20708.9375
20,2024-03-20,8500.0,20689.28515625
20,2024-03-22,8300.0,20637.1640625
20,2024-03-27,8300.0,20615.16015625
20,2024-03-29,8300.0,20557.59375
20,2024-04-03,8500.0,20533.64453125
20,2024-04-05,8500.0,20471.9609375
20,2024-04-10,8000.0,20446.46484375
20,2024-04-12,8000.0,20382.42578125
20,2024-04-17,8000.0,20357.0703125
20,2024-04-19,8000.0,20293.98828125
20,2024-04-24,8900.0,20269.896484375
20,2024-04-26,8900.0,20210.54296875
20,2024-05-01,8200.0,20187.09375
20,2024-05-03,8200.0,20128.001953125
20,2024-05-08,8200.0,20104.703125
20,2024-05-10,8200.0,20048.15234375
20,2024-05-15,8200.0,20026.39453125
20,2024-05-17,8200.0,19973.96875
20,2024-05-22,8300.0,19953.96484375
20,2024-05-24,8300.0,19906.51171875
20,2024-05-29,8100.0,19888.31640625
20,2024-05-31,8100.0,19844.80078125
20,2024-06-05,8100.0,19828.39453125
20,2024-06-07,8100.0,19789.845703125
20,2024-06-12,8100.0,19775.431640625
20,2024-06-14,8100.0,19741.97265625
20,2024-06-19,8100.0,19729.775390625
20,2024-06-21,8100.0,19702.17578125
20,2024-06-26,8100.0,19692.0078125
20,2024-06-28,8100.0,19668.734375
20,2024-07-03,7500.0,19660.2734375
20,2024-07-05,7500.0,19640.98046875
20,2024-07-10,7500.0,19634.14453125
20,2024-07-12,7500.0,19619.3671875
20,2024-07-17,7500.0,19614.31640625
20,2024-07-19,7500.0,19603.8203125
20,2024-07-24,7500.0,19600.470703125
20,2024-07-26,7500.0,19594.138671875
20,2024-07-31,7500.0,19592.41796875
20,2024-08-02,7500.0,19590.09375
20,2024-08-07,7500.0,19589.94921875
20,2024-08-09,7400.0,19591.611328125
20,2024-08-14,7400.0,19593.09375
20,2024-08-16,7400.0,19598.83203125
20,2024-08-21,7400.0,19601.953125
20,2024-08-23,7400.0,19611.87109375
20,2024-08-28,7400.0,19616.705078125
20,2024-08-30,7400.0,19630.87890625
20,2024-09-04,7400.0,19637.375
20,2024-09-06,7400.0,19656.138671875
20,2024-09-11,7500.0,19664.4453125
20,2024-09-13,7500.0,19687.22265625
20,2024-09-18,7500.0,19697.21875
20,2024-09-20,7500.0,19724.490234375
20,2024-09-25,7400.0,19736.529296875
20,2024-09-27,7400.0,19769.533203125
20,2024-10-02,9500.0,19783.859375
20,2024-10-04,9500.0,19822.072265625
20,2024-10-09,9500.0,19838.35546875
20,2024-10-11,9550.0,19881.85546875
20,2024-10-16,9550.0,19900.046875
20,2024-10-18,9500.0,19947.435546875
20,2024-10-23,9500.0,19967.6328125
20,2024-10-25,9500.0,20020.12890625
20,2024-10-30,9500.0,20041.71484375
20,2024-11-01,9500.0,20097.607421875
20,2024-11-06,9500.0,20120.5546875
20,2024-11-08,9500.0,20179.69921875
20,2024-11-13,9500.0,20204.40234375
20,2024-11-15,9500.0,20267.56640625
20,2024-11-20,9700.0,20293.0546875
20,2024-11-22,9700.0,20356.845703125
20,2024-11-27,9500.0,20382.224609375
20,2024-11-29,9500.0,20444.291015625
20,2024-12-04,9500.0,20468.486328125
20,2024-12-06,9500.0,20528.59375
20,2024-12-09,12000.0,20552.330078125
20,2024-12-11,12000.0,19672.94140625
20,2024-12-13,12000.0,19683.578125
20,2024-12-16,12000.0,19694.072265625
20,2024-12-18,12000.0,19709.34375
20,2024-12-20,11900.0,19719.171875
20,2025-03-28,8500.0,19728.74609375
20,2025-04-04,8500.0,25322.3125
20,2025-04-25,8500.0,23104.578125
20,2025-05-09,8500.0,17051.033203125
20,2025-05-16,8500.0,18044.552734375
21,2024-02-06,26000.0,20427.8671875
21,2024-02-08,26000.0,20424.943359375
21,2024-02-13,26000.0,20422.203125
21,2024-02-15,26000.0,20411.48828125
21,2024-02-20,26000.0,20405.68359375
21,2024-02-22,26000.0,20387.42578125
21,2024-02-27,26000.0,20378.623046875
21,2024-02-29,26000.0,20353.068359375
21,2024-03-05,26000.0,20341.48828125
21,2024-03-07,26000.0,20309.376953125
21,2024-03-12,26000.0,20295.30078125
21,2024-03-14,26000.0,20257.490234375
21,2024-03-19,26000.0,20242.109375
21,2024-03-21,26000.0,20202.72265625
21,2024-03-26,26000.0,20186.21875
21,2024-03-28,26000.0,20143.171875
21,2024-04-02,26000.0,20125.302734375
21,2024-04-04,26000.0,20080.232421875
21,2024-04-09,26000.0,20062.095703125
21,2024-04-11,26000.0,20016.3984375
21,2024-04-16,26000.0,19997.92578125
21,2024-04-18,30000.0,19952.419921875
21,2024-04-23,30000.0,19934.28515625
21,2024-04-25,30000.0,19889.60546875
21,2024-04-30,30000.0,19871.830078125
21,2024-05-02,30000.0,19827.6640625
21,2024-05-07,30000.0,19810.431640625
21,2024-05-09,30000.0,19768.02734375
21,2024-05-14,30000.0,19751.533203125
21,2024-05-16,30000.0,19712.720703125
21,2024-05-21,30000.0,19698.4140625
21,2024-05-23,30000.0,19664.0546875
21,2024-05-28,30000.0,19650.79296875
21,2024-05-30,30000.0,19619.234375
21,2024-06-04,30000.0,19607.484375
21,2024-06-06,30000.0,19579.94140625
21,2024-06-11,30000.0,19569.51953125
21,2024-06-13,30000.0,19546.138671875
21,2024-06-18,30000.0,19537.41796875
21,2024-06-20,30000.0,19517.0625
21,2024-06-25,30000.0,19509.544921875
21,2024-06-27,30000.0,19492.265625
21,2024-07-02,30000.0,19485.92578125
21,2024-07-04,30000.0,19471.4609375
21,2024-07-09,30000.0,19466.32421875
21,2024-07-11,30000.0,19455.3359375
21,2024-07-16,30000.0,19451.54296875
21,2024-07-18,30000.0,19443.509765625
21,2024-07-23,30000.0,19440.875
21,2024-07-25,30000.0,19435.75390625
21,2024-07-30,30000.0,19434.29296875
21,2024-08-01,30000.0,19432.1328125
21,2024-08-06,30000.0,19431.86328125
21,2024-08-08,30000.0,19432.681640625
21,2024-08-13,30000.0,19433.60546875
21,2024-08-15,28000.0,19437.36328125
21,2024-08-20,28000.0,19439.53515625
21,2024-08-22,28000.0,19446.46484375
21,2024-08-27,28000.0,19449.83203125
21,2024-08-29,28000.0,19459.6953125
21,2024-09-03,28000.0,19464.2109375
21,2024-09-05,28000.0,19477.28515625
21,2024-09-10,28050.0,19483.171875
21,2024-09-12,28050.0,19499.28515625
21,2024-09-17,28000.0,19506.3125
21,2024-09-19,28000.0,19525.484375
21,2024-09-24,28000.0,19533.7734375
21,2024-09-26,28000.0,19555.93359375
21,2024-10-01,28000.0,19565.57421875
21,2024-10-03,28000.0,19591.765625
21,2024-10-08,28000.0,19602.7734375
21,2024-10-10,28000.0,19632.240234375
21,2024-10-15,28000.0,19644.875
21,2024-10-17,28000.0,19677.626953125
21,2024-10-22,28000.0,19691.3125
21,2024-10-24,28000.0,19727.3359375
21,2024-10-29,28000.0,19742.8671875
21,2024-10-31,28000.0,19783.53125
21,2024-11-05,28000.0,19800.4140625
21,2024-11-07,28000.0,19844.125
21,2024-11-12,28000.0,19862.01953125
21,2024-11-14,28000.0,19907.16796875
21,2024-11-19,28000.0,19925.349609375
21,2024-11-21,28000.0,19971.244140625
21,2024-11-26,28000.0,19989.8046875
21,2024-11-28,28000.0,20035.8984375
21,2024-12-03,28000.0,20054.21875
21,2024-12-05,28000.0,20099.59375
21,2024-12-09,28000.0,20117.453125
21,2024-12-10,28000.0,19190.240234375
21,2024-12-12,28100.0,19191.212890625
21,2024-12-16,28100.0,19193.13671875
21,2024-12-17,28100.0,19196.875
21,2024-12-19,28100.0,19197.751953125
21,2025-04-03,28000.0,19199.453125
21,2025-04-10,28000.0,31822.44921875
21,2025-04-17,28000.0,29684.21484375
21,2025-04-24,28000.0,27338.33984375
21,2025-05-15,28000.0,24897.08203125
22,2024-02-06,18500.0,20569.015625
22,2024-02-08,18500.0,20566.14453125
22,2024-02-13,18500.0,20563.439453125
22,2024-02-15,18500.0,20553.00390625
22,2024-02-20,18500.0,20547.32421875
22,2024-02-22,18500.0,20529.44921875
22,2024-02-27,18500.0,20520.890625
22,2024-02-29,18500.0,20495.984375
22,2024-03-05,18500.0,20484.63671875
22,2024-03-07,18500.0,20452.9609375
22,2024-03-12,18500.0,20439.0078125
22,2024-03-14,18500.0,20401.125
22,2024-03-19,18500.0,20384.908203125
22,2024-03-21,18500.0,20341.650390625
22,2024-03-26,18500.0,20323.4375
22,2024-03-28,18500.0,20276.03515625
22,2024-04-02,18500.0,20256.482421875
22,2024-04-04,18500.0,20206.267578125
22,2024-04-09,18500.0,20185.8203125
22,2024-04-11,18500.0,20135.953125
22,2024-04-16,18500.0,20116.359375
22,2024-04-18,18500.0,20067.408203125
22,2024-04-23,18500.0,20048.12890625
22,2024-04-25,18500.0,20000.484375
22,2024-04-30,18500.0,19981.708984375
22,2024-05-02,18500.0,19935.345703125
22,2024-05-07,18500.0,19917.44140625
22,2024-05-09,18500.0,19873.740234375
22,2024-05-14,18500.0,19856.478515625
22,2024-05-16,18500.0,19814.42578125
22,2024-05-21,18500.0,19798.375
22,2024-05-23,18500.0,19759.78515625
22,2024-05-28,18500.0,19744.970703125
22,2024-05-30,18500.0,19709.794921875
22,2024-06-04,18500.0,19696.666015625
22,2024-06-06,18500.0,19666.2578125
22,2024-06-11,18500.0,19654.91796875
22,2024-06-13,18500.0,19628.140625
22,2024-06-18,18500.0,19618.125
22,2024-06-20,18500.0,19595.40625
22,2024-06-25,21000.0,19587.10546875
22,2024-06-27,21000.0,19568.01171875
22,2024-07-02,21000.0,19561.12890625
22,2024-07-04,21000.0,19546.01953125
22,2024-07-09,21000.0,19540.66796875
22,2024-07-11,22000.0,19528.837890625
22,2024-07-16,21000.0,19524.76171875
22,2024-07-18,22000.0,19516.15234375
22,2024-07-23,21000.0,19513.359375
22,2024-07-25,21000.0,19507.98046875
22,2024-07-30,21000.0,19506.4609375
22,2024-08-01,21000.0,19504.23828125
22,2024-08-06,21000.0,19503.982421875
22,2024-08-08,21000.0,19504.92578125
22,2024-08-13,21000.0,19505.9375
22,2024-08-15,21000.0,19510.0546875
22,2024-08-20,21000.0,19512.328125
22,2024-08-22,21000.0,19519.630859375
22,2024-08-27,21000.0,19523.1953125
22,2024-08-29,21000.0,19533.71875
22,2024-09-03,21000.0,19538.578125
22,2024-09-05,21000.0,19552.25390625
22,2024-09-10,21050.0,19558.4375
22,2024-09-12,21050.0,19576.0546875
22,2024-09-17,21000.0,19583.76953125
22,2024-09-19,21000.0,19604.935546875
22,2024-09-24,21000.0,19614.11328125
22,2024-09-26,21000.0,19639.359375
22,2024-10-01,21000.0,19650.26953125
22,2024-10-03,21000.0,19678.837890625
22,2024-10-08,21000.0,19690.986328125
22,2024-10-10,21000.0,19723.599609375
22,2024-10-15,21000.0,19737.59375
22,2024-10-17,21000.0,19774.73046875
22,2024-10-22,21000.0,19790.2890625
22,2024-10-24,21000.0,19831.109375
22,2024-10-29,21000.0,19848.140625
22,2024-10-31,21000.0,19891.5625
22,2024-11-05,21000.0,19909.400390625
22,2024-11-07,21000.0,19955.06640625
22,2024-11-12,21000.0,19973.5625
22,2024-11-14,21000.0,20020.609375
22,2024-11-19,21000.0,20039.625
22,2024-11-21,21000.0,20089.076171875
22,2024-11-26,21000.0,20109.234375
22,2024-11-28,21000.0,20159.6796875
22,2024-12-03,21000.0,20179.525390625
22,2024-12-05,21000.0,20228.6484375
22,2024-12-09,21000.0,20248.697265625
22,2024-12-10,21000.0,19243.830078125
22,2024-12-12,21100.0,19245.134765625
22,2024-12-16,21100.0,19247.6796875
22,2024-12-17,21100.0,19252.69921875
22,2024-12-19,21100.0,19253.91015625
22,2025-04-03,20000.0,19256.27734375
22,2025-04-10,20000.0,32082.720703125
22,2025-04-17,20000.0,30065.095703125
22,2025-04-24,20000.0,27831.6875
22,2025-05-15,20000.0,25507.458984375
34,2021-03-05,7200.0,59975.30859375
34,2021-03-08,6000.0,56848.98828125
34,2021-03-11,6900.0,20097.474609375
34,2021-03-12,6700.0,42615.42578125
34,2021-03-12,6500.0,59593.7265625
34,2021-03-12,6400.0,33391.98828125
34,2021-03-15,6200.0,56368.85546875
34,2021-03-17,6600.0,19220.169921875
34,2021-03-18,6200.0,39607.10546875
34,2021-03-19,6700.0,41975.86328125
34,2021-03-19,6500.0,55801.51953125
34,2021-03-19,6700.0,32446.96875
34,2021-03-19,6200.0,59149.33203125
34,2021-03-22,5800.0,57612.0078125
34,2021-03-24,6500.0,18288.9375
34,2021-03-25,6400.0,38885.80859375
34,2021-03-26,6700.0,41337.28515625
34,2021-03-26,6500.0,58644.14453125
34,2021-03-26,6500.0,57047.23828125
34,2021-03-26,6700.0,31352.16015625
34,2021-03-29,6616.67,55145.58203125
34,2021-03-30,4200.0,17444.119140625
34,2021-03-31,6600.0,43447.96875
34,2021-04-01,6600.0,38048.91796875
34,2021-04-01,6900.0,40650.41796875
34,2021-04-02,6600.0,34473.90234375
34,2021-04-02,6500.0,58084.50390625
34,2021-04-02,6600.0,30114.109375
34,2021-04-05,7100.0,54413.9609375
34,2021-04-06,6200.0,16880.75390625
34,2021-04-07,6700.0,42519.37890625
34,2021-04-08,6500.0,37103.67578125
34,2021-04-08,6350.0,39887.5546875
34,2021-04-09,6400.0,33295.671875
34,2021-04-09,6600.0,53612.49609375
34,2021-04-09,6300.0,57472.453125
34,2021-04-12,7100.0,28766.35546875
34,2021-04-13,6200.0,17012.626953125
34,2021-04-14,6800.0,41706.421875
34,2021-04-14,6000.0,36033.47265625
34,2021-04-16,6500.0,32195.3984375
34,2021-04-16,6200.0,27327.212890625
34,2021-04-19,6600.0,52756.97265625
34,2021-04-20,6300.0,17303.10546875
34,2021-04-21,6800.0,40927.44921875
34,2021-04-22,6350.0,34840.01171875
34,2021-04-22,6500.0,30610.55078125
34,2021-04-23,5900.0,38051.72265625
34,2021-04-23,6000.0,25809.08984375
34,2021-04-26,6900.0,51836.99609375
34,2021-04-27,6100.0,18052.171875
34,2021-04-28,6800.0,40112.0
34,2021-04-29,6200.0,33570.0
34,2021-04-29,6000.0,37000.23046875
34,2021-04-30,5900.0,29154.12890625
34,2021-04-30,6200.0,24307.84765625
34,2021-05-04,6200.0,50887.91015625
34,2021-05-05,6700.0,39235.73046875
34,2021-05-06,6500.0,32238.49609375
34,2021-05-06,6000.0,35864.83203125
34,2021-05-07,6100.0,27664.35546875
34,2021-05-07,5900.0,49889.01171875
34,2021-05-10,6966.67,22842.99609375
34,2021-05-12,6800.0,19387.390625
34,2021-05-13,6200.0,30859.59375
34,2021-05-13,6100.0,34659.5703125
34,2021-05-14,6000.0,26149.69921875
34,2021-05-14,6300.0,21430.37109375
34,2021-05-16,5400.0,48878.14453125
34,2021-05-17,5400.0,19843.654296875
34,2021-05-17,6100.0,37456.55859375
34,2021-05-19,7000.0,19912.88671875
34,2021-05-20,6000.0,29470.71875
34,2021-05-21,6100.0,24694.98046875
34,2021-05-23,5500.0,47876.10546875
34,2021-05-24,6100.0,20290.904296875
34,2021-05-25,6000.0,20347.880859375
34,2021-05-26,6600.0,19413.685546875
34,2021-05-27,6200.0,28105.865234375
34,2021-05-27,6000.0,32221.755859375
34,2021-05-28,8000.0,23360.423828125
34,2021-05-28,6000.0,52193.57421875
34,2021-05-28,6100.0,18923.9921875
34,2021-05-30,5400.0,46881.71875
34,2021-06-02,6500.0,20656.63671875
34,2021-06-03,5900.0,26777.9375
34,2021-06-03,6000.0,22137.021484375
34,2021-06-04,6100.0,31022.8046875
34,2021-06-04,8000.0,45914.12109375
34,2021-06-07,5000.0,51426.33203125
34,2021-06-07,5400.0,34370.19140625
34,2021-06-09,6500.0,20986.169921875
34,2021-06-10,6200.0,25556.263671875
34,2021-06-11,5400.0,29884.765625
34,2021-06-13,5400.0,44993.93359375
34,2021-06-14,5200.0,21179.16796875
34,2021-06-14,5400.0,33413.4609375
34,2021-06-16,6700.0,21207.125
34,2021-06-17,5600.0,24480.796875
34,2021-06-18,5300.0,28833.423828125
34,2021-06-18,8000.0,16845.408203125
34,2021-06-18,5200.0,50026.53515625
34,2021-06-20,5400.0,44178.44140625
34,2021-06-21,5100.0,21354.07421875
34,2021-06-21,5300.0,21375.30078125
34,2021-06-27,5400.0,32523.6484375
34,2021-06-28,5100.0,21486.345703125
34,2021-07-01,5400.0,31737.43359375
34,2021-07-01,5300.0,27097.5703125
34,2021-07-02,5200.0,18542.556640625
34,2021-07-05,5200.0,17003.478515625
34,2021-07-07,7000.0,31069.560546875
34,2021-07-07,5500.0,22129.4453125
34,2021-07-08,5400.0,42724.9296875
34,2021-07-08,5400.0,26444.12890625
34,2021-07-09,5600.0,18038.5625
34,2021-07-12,5400.0,17101.556640625
34,2021-07-14,7000.0,30546.462890625
34,2021-07-14,5500.0,21651.3046875
34,2021-07-15,5400.0,42440.69921875
34,2021-07-15,5300.0,25953.892578125
34,2021-07-16,5400.0,17704.298828125
34,2021-07-18,5400.0,17287.20703125
34,2021-07-19,5500.0,21700.2890625
34,2021-07-21,7200.0,30180.1953125
34,2021-07-21,5500.0,21329.8984375
34,2021-07-22,5500.0,42267.89453125
34,2021-07-23,5500.0,17504.55078125
34,2021-07-23,5300.0,17434.2421875
34,2021-07-25,5400.0,48061.47265625
34,2021-07-26,5200.0,21727.45703125
34,2021-08-01,5400.0,29974.0546875
34,2021-08-02,5200.0,21737.3046875
34,2021-08-03,6000.0,29934.5078125
34,2021-08-04,6700.0,29942.5234375
34,2021-08-04,5300.0,21171.66015625
34,2021-08-05,5300.0,42222.1171875
34,2021-08-05,4600.0,25524.9453125
34,2021-08-06,4700.0,17423.89453125
34,2021-08-06,4700.0,17487.7265625
34,2021-08-10,6500.0,45083.13671875
34,2021-08-11,4300.0,30101.521484375
34,2021-08-11,6700.0,25687.263671875
34,2021-08-11,5200.0,21331.19921875
34,2021-08-12,4500.0,42350.4375
34,2021-08-13,4800.0,17543.19921875
34,2021-08-13,4600.0,45311.71484375
34,2021-08-15,5300.0,17380.166015625
34,2021-08-17,6300.0,30318.17578125
34,2021-08-18,6400.0,30427.50390625
34,2021-08-20,5400.0,21654.451171875
34,2021-08-23,5500.0,21678.24609375
34,2021-08-29,5200.0,30832.453125
34,2021-08-30,5400.0,21598.3828125
34,2021-09-01,6400.0,31445.46484375
34,2021-09-02,4350.0,22777.287109375
34,2021-09-02,5150.0,27391.732421875
34,2021-09-05,5200.0,18691.109375
34,2021-09-06,5000.0,21505.17578125
34,2021-09-07,4800.0,21489.2265625
34,2021-09-08,5800.0,32307.87109375
34,2021-09-09,4650.0,23579.830078125
34,2021-09-09,5100.0,28271.46875
34,2021-09-09,4800.0,21437.0859375
34,2021-09-10,4600.0,19401.44140625
34,2021-09-12,5000.0,16901.125
34,2021-09-13,5000.0,21377.99609375
34,2021-09-13,5000.0,21356.66015625
34,2021-09-14,4700.0,33049.3828125
34,2021-09-15,5500.0,33180.55859375
34,2021-09-16,4650.0,24535.859375
34,2021-09-16,5100.0,29268.9140625
34,2021-09-16,4800.0,21286.56640625
34,2021-09-17,4800.0,20273.08984375
34,2021-09-19,5000.0,16942.05078125
34,2021-09-20,5000.0,21206.85546875
34,2021-09-20,5100.0,33988.65234375
34,2021-09-21,4600.0,21178.1484375
34,2021-09-22,5800.0,34127.91796875
34,2021-09-23,4700.0,25656.439453125
34,2021-09-23,4750.0,17432.02734375
34,2021-09-23,4750.0,21317.8984375
34,2021-09-23,5200.0,30371.576171875
34,2021-09-25,5000.0,21085.30078125
34,2021-09-27,5500.0,21017.44140625
34,2021-09-27,5200.0,34993.79296875
34,2021-09-28,4700.0,20944.484375
34,2021-09-30,4750.0,35141.40625
34,2021-09-30,5200.0,31556.861328125
34,2021-09-30,4600.0,20824.98828125
34,2021-10-01,4700.0,22504.92578125
34,2021-10-04,5200.0,18391.7734375
34,2021-10-05,4700.0,20645.521484375
34,2021-10-06,5300.0,36187.48828125
34,2021-10-07,4750.0,28268.466796875
34,2021-10-07,5100.0,32781.56640625
34,2021-10-07,4600.0,20494.798828125
34,2021-10-08,4600.0,23809.412109375
34,2021-10-11,5200.0,19528.6796875
34,2021-10-12,4500.0,20270.126953125
34,2021-10-13,5300.0,37231.01953125
34,2021-10-14,4600.0,29654.32421875
34,2021-10-14,4750.0,25209.546875
34,2021-10-15,4600.0,34012.015625
34,2021-10-19,4800.0,20835.857421875
34,2021-10-20,5300.0,38235.62890625
34,2021-10-21,5000.0,31064.66796875
34,2021-10-21,4650.0,26718.984375
34,2021-10-22,4900.0,35238.78125
34,2021-10-26,4800.0,22237.39453125
34,2021-10-27,5200.0,39203.09765625
34,2021-10-28,4650.0,32455.92578125
34,2021-10-28,5000.0,36421.20703125
34,2021-10-29,5300.0,28247.30078125
34,2021-11-02,4800.0,32846.3984375
34,2021-11-03,5200.0,40101.87109375
34,2021-11-04,4650.0,33789.80859375
34,2021-11-04,5100.0,37525.67578125
34,2021-11-05,5050.0,29747.552734375
34,2021-11-09,4700.0,25195.390625
34,2021-11-10,5500.0,40933.4765625
34,2021-11-11,4750.0,35063.04296875
34,2021-11-12,5350.0,38540.18359375
34,2021-11-16,4800.0,26741.37109375
34,2021-11-18,5200.0,41737.9140625
34,2021-11-18,5650.0,39474.26171875
34,2021-11-19,5450.0,32551.578125
34,2021-11-23,5000.0,28225.75
34,2021-11-24,5600.0,42593.27734375
34,2021-11-25,5300.0,37295.27734375
34,2021-11-25,5650.0,40298.8359375
34,2021-11-26,5450.0,33794.62109375
34,2021-11-30,4800.0,29622.53125
34,2021-12-01,5600.0,43557.67578125
34,2021-12-02,5500.0,38227.87109375
34,2021-12-03,5450.0,41023.91796875
34,2021-12-07,4800.0,30924.82421875
34,2021-12-08,5700.0,44588.2265625
34,2021-12-09,5400.0,39051.33984375
34,2021-12-09,5450.0,41694.9453125
34,2021-12-10,5400.0,35936.67578125
34,2021-12-14,5000.0,32084.482421875
34,2021-12-15,5600.0,45557.71484375
34,2021-12-15,6000.0,42255.171875
34,2021-12-15,5500.0,39753.3515625
34,2021-12-17,5400.0,36678.62109375
34,2021-12-17,5700.0,33092.59765625
34,2021-12-30,5350.0,39930.78515625
34,2021-12-30,5500.0,38099.01171875
34,2021-12-31,5300.0,43643.07421875
34,2022-01-04,5000.0,34663.29296875
34,2022-01-04,5500.0,47644.09375
34,2022-01-05,5500.0,38442.69140625
34,2022-01-06,5500.0,38504.0546875
34,2022-01-06,5500.0,44201.7578125
34,2022-01-07,5300.0,38562.95703125
34,2022-01-07,5600.0,35216.79296875
34,2022-01-11,5500.0,38619.21484375
34,2022-01-12,6700.0,38819.29296875
34,2022-01-13,5400.0,48102.28515625
34,2022-01-13,5500.0,38903.23046875
34,2022-01-14,5600.0,44628.44921875
34,2022-01-14,5400.0,38941.51171875
34,2022-01-17,5600.0,35614.63671875
34,2022-01-18,5000.0,39042.03515625
34,2022-01-18,5600.0,48329.05078125
34,2022-01-20,5500.0,39070.8125
34,2022-01-20,5550.0,44902.41015625
34,2022-01-21,5400.0,39120.94140625
34,2022-01-25,5200.0,35865.03515625
34,2022-01-27,5500.0,48465.94140625
34,2022-01-27,5350.0,45019.32421875
34,2022-01-28,5400.0,39220.34765625
34,2022-02-08,5300.0,35970.08984375
34,2022-02-10,5300.0,48324.21484375
34,2022-02-11,5400.0,39069.44921875
34,2022-02-14,5400.0,35749.38671875
34,2022-02-15,5200.0,22076.548828125
34,2022-02-17,5500.0,48048.0390625
34,2022-02-17,5400.0,44422.40234375
34,2022-02-17,5300.0,21898.099609375
34,2022-02-18,5400.0,38818.86328125
34,2022-02-21,5400.0,38772.65234375
34,2022-02-21,5300.0,21612.53515625
34,2022-02-22,5300.0,38619.78515625
34,2022-02-23,5400.0,47637.48046875
34,2022-02-24,5400.0,38505.48046875
34,2022-02-24,5500.0,38444.66796875
34,2022-02-24,5400.0,43938.828125
34,2022-02-25,5300.0,21363.177734375
34,2022-02-28,5500.0,34940.22265625
34,2022-03-01,5400.0,20987.8359375
34,2022-03-03,5500.0,47089.91015625
34,2022-03-03,5400.0,43347.3515625
34,2022-03-03,5300.0,20674.125
34,2022-03-04,5300.0,37949.60546875
34,2022-03-04,5300.0,34301.36328125
34,2022-03-07,5500.0,37868.6953125
34,2022-03-07,5300.0,20218.333984375
34,2022-03-08,5300.0,37610.6328125
34,2022-03-08,5300.0,37519.60546875
34,2022-03-09,5300.0,46397.03515625
34,2022-03-10,5300.0,37425.89453125
34,2022-03-10,5200.0,42709.12109375
34,2022-03-10,5525.0,19849.822265625
34,2022-03-11,5800.0,37329.16796875
34,2022-03-14,5600.0,37229.9609375
34,2022-03-15,5600.0,36915.56640625
34,2022-03-15,6500.0,36804.14453125
34,2022-03-17,5725.0,45562.59375
34,2022-03-17,5300.0,36574.359375
34,2022-03-17,5400.0,42064.35546875
34,2022-03-18,5800.0,18955.205078125
34,2022-03-18,5500.0,36455.29296875
34,2022-03-21,5800.0,32591.796875
34,2022-03-21,5400.0,36081.40625
34,2022-03-22,5800.0,18421.0234375
34,2022-03-22,6500.0,35951.234375
34,2022-03-23,5700.0,44604.87109375
34,2022-03-24,5300.0,35817.76953125
34,2022-03-24,5750.0,41429.78125
34,2022-03-25,5500.0,35681.11328125
34,2022-03-25,5800.0,31516.09765625
34,2022-03-28,5400.0,35540.83984375
34,2022-03-29,5400.0,17558.7421875
34,2022-03-30,5800.0,43587.140625
34,2022-03-31,5700.0,34791.6328125
34,2022-03-31,5400.0,34634.203125
34,2022-03-31,5400.0,17227.041015625
34,2022-04-04,5400.0,40754.11328125
34,2022-04-05,5300.0,16902.794921875
34,2022-04-05,5600.0,42646.68359375
34,2022-04-06,5600.0,33811.8984375
34,2022-04-07,5300.0,33641.78515625
34,2022-04-07,5400.0,40002.88671875
34,2022-04-07,5575.0,16903.875
34,2022-04-08,5500.0,33469.78515625
34,2022-04-08,5600.0,28965.603515625
34,2022-04-12,5700.0,33295.671875
34,2022-04-12,5300.0,32572.70703125
34,2022-04-13,5700.0,41816.67578125
34,2022-04-14,5400.0,32385.478515625
34,2022-04-14,5650.0,17048.31640625
34,2022-04-14,5500.0,32195.3984375
34,2022-04-15,5600.0,39151.7890625
34,2022-04-18,5400.0,27538.2265625
34,2022-04-18,5600.0,17218.494140625
34,2022-04-19,5500.0,31421.7578125
34,2022-04-19,5600.0,41040.73046875
34,2022-04-20,5600.0,31222.54296875
34,2022-04-21,5600.0,31019.55078125
34,2022-04-22,5600.0,30814.919921875
34,2022-04-25,5600.0,30610.55078125
34,2022-04-26,5600.0,29992.294921875
34,2022-04-27,5600.0,29784.1171875
34,2022-04-28,5600.0,29575.251953125
34,2022-04-29,5600.0,29365.955078125
34,2022-05-04,5600.0,29154.12890625
34,2022-05-05,5600.0,28092.5625
34,2022-05-06,5600.0,27879.9375
34,2022-05-09,5600.0,27664.35546875
34,2022-05-10,5600.0,27014.751953125
34,2022-05-11,5600.0,26797.685546875
34,2022-05-12,5600.0,26580.603515625
34,2022-05-16,5500.0,26364.53515625
34,2022-05-16,5400.0,25514.24609375
34,2022-05-17,5500.0,19843.654296875
34,2022-05-17,5400.0,25307.28515625
34,2022-05-18,5500.0,37456.55859375
34,2022-05-19,5500.0,25101.390625
34,2022-05-23,5500.0,24896.91796875
34,2022-05-30,5400.0,20290.904296875
34,2022-05-31,5500.0,20656.63671875
34,2022-06-01,5500.0,22647.09375
34,2022-06-03,5600.0,22474.91796875
34,2022-06-06,5600.0,22137.021484375
34,2022-06-07,5000.0,21645.9375
34,2022-06-07,5600.0,34370.19140625
34,2022-06-08,5600.0,21486.9296875
34,2022-06-09,5600.0,21329.51953125
34,2022-06-10,5600.0,21174.62109375
34,2022-06-13,5400.0,21022.791015625
34,2022-06-13,5600.0,21179.16796875
34,2022-06-14,5200.0,20581.1953125
34,2022-06-14,5700.0,33413.4609375
34,2022-06-16,5650.0,20439.4765625
34,2022-06-17,5650.0,20164.62890625
34,2022-06-20,5400.0,20032.01953125
34,2022-06-20,5600.0,21354.07421875
34,2022-06-21,5600.0,19656.994140625
34,2022-06-21,5300.0,19541.2265625
34,2022-06-23,5600.0,32523.6484375
34,2022-06-24,5600.0,19317.59375
34,2022-06-27,5400.0,19209.845703125
34,2022-06-27,5700.0,21486.345703125
34,2022-06-28,5100.0,18904.005859375
34,2022-07-05,5200.0,31737.43359375
34,2022-07-08,5700.0,31069.560546875
34,2022-07-12,5400.0,18038.5625
34,2022-07-13,5700.0,30546.462890625
34,2022-07-14,5700.0,17782.16796875
34,2022-07-15,5700.0,17741.828125
34,2022-07-18,5700.0,17704.298828125
34,2022-07-18,5400.0,17605.5
34,2022-07-19,5700.0,21700.2890625
34,2022-07-20,5700.0,17577.046875
34,2022-07-21,5700.0,17550.6875
34,2022-07-22,5700.0,17526.51953125
34,2022-07-25,5400.0,17504.55078125
34,2022-07-25,5600.0,21727.45703125
34,2022-07-26,5200.0,17451.470703125
34,2022-07-26,5500.0,29974.0546875
34,2022-07-27,5500.0,17438.125
34,2022-07-28,5500.0,17426.92578125
34,2022-07-29,5500.0,17417.916015625
34,2022-08-01,5400.0,17411.06640625
34,2022-08-01,5600.0,21737.3046875
34,2022-08-02,5600.0,17403.544921875
34,2022-08-02,5200.0,17405.359375
34,2022-08-03,5600.0,29934.5078125
34,2022-08-04,5500.0,17409.37890625
34,2022-08-05,5500.0,17415.54296875
34,2022-08-08,5450.0,17423.89453125
34,2022-08-09,5450.0,17461.96484375
34,2022-08-10,5500.0,17479.0
34,2022-08-11,5500.0,17498.216796875
34,2022-08-12,5500.0,17519.619140625
34,2022-08-15,5300.0,17543.19921875
34,2022-08-15,5500.0,30318.17578125
34,2022-08-16,5500.0,17627.0
34,2022-08-17,5500.0,17659.3359375
34,2022-08-18,5500.0,17693.814453125
34,2022-08-20,5400.0,17730.484375
34,2022-08-22,5500.0,21678.24609375
34,2022-08-23,5600.0,17909.484375
34,2022-08-23,5500.0,17962.82421875
34,2022-08-24,5500.0,30832.453125
34,2022-08-29,5200.0,18020.33203125
34,2022-08-30,5400.0,21598.3828125
34,2022-08-31,5500.0,31445.46484375
34,2022-09-05,5200.0,18518.314453125
34,2022-09-07,5500.0,21505.17578125
34,2022-09-08,5600.0,19182.802734375
34,2022-09-09,5600.0,19290.66015625
34,2022-09-12,5000.0,19401.44140625
34,2022-09-12,5600.0,21377.99609375
34,2022-09-13,5500.0,19750.0625
34,2022-09-13,5000.0,19875.48046875
34,2022-09-14,5500.0,33049.3828125
34,2022-09-16,5500.0,20004.986328125
34,2022-09-19,5000.0,20273.08984375
34,2022-09-19,5500.0,21206.85546875
34,2022-09-20,5000.0,20702.3984375
34,2022-09-20,5500.0,33988.65234375
34,2022-09-21,5400.0,20850.84375
34,2022-09-22,5400.0,21001.80078125
34,2022-09-23,5400.0,21158.125
34,2022-09-25,5000.0,21317.8984375
34,2022-09-26,5400.0,21017.44140625
34,2022-09-27,5500.0,21811.7734375
34,2022-09-27,5500.0,21981.70703125
34,2022-09-28,5500.0,34993.79296875
34,2022-09-29,5500.0,22153.701171875
34,2022-09-30,5500.0,22328.009765625
34,2022-10-03,5500.0,22504.92578125
34,2022-10-04,5500.0,23047.9375
34,2022-10-05,5500.0,23236.75390625
34,2022-10-06,5500.0,23426.59375
34,2022-10-07,5500.0,23617.0546875
34,2022-10-10,5500.0,23809.412109375
34,2022-10-11,5400.0,24394.4765625
34,2022-10-13,5400.0,24591.4609375
34,2022-10-17,5500.0,25001.0078125
34,2022-10-19,5500.0,25843.97265625
34,2022-10-20,5500.0,26279.76953125
34,2022-10-21,5500.0,26499.107421875
34,2022-10-24,5900.0,26718.984375
34,2022-10-25,5900.0,27379.21875
34,2022-10-26,6300.0,27598.046875
34,2022-10-27,6300.0,27814.33984375
34,2022-10-28,6300.0,28030.78515625
34,2022-10-31,6300.0,28247.30078125
34,2022-11-01,6300.0,28894.7734375
34,2022-11-02,6350.0,29109.95703125
34,2022-11-03,6400.0,29322.8203125
34,2022-11-07,6500.0,29535.3203125
34,2022-11-08,6600.0,30375.42578125
34,2022-11-09,6600.0,30582.73828125
34,2022-11-14,6600.0,30789.234375
34,2022-11-15,6600.0,31787.5234375
34,2022-11-16,6600.0,31981.4609375
34,2022-11-17,6600.0,32173.97265625
34,2022-11-18,6600.0,32363.794921875
34,2022-11-21,6600.0,32551.578125
34,2022-11-22,6500.0,33096.08203125
34,2022-11-23,6500.0,33272.84375
34,2022-11-24,6500.0,33448.734375
34,2022-11-25,6500.0,33622.70703125
34,2022-11-28,6500.0,33794.62109375
34,2022-11-29,6500.0,34298.54296875
34,2022-12-05,6600.0,34462.23046875
34,2022-12-08,6600.0,35384.46484375
34,2022-12-12,6700.0,35803.12890625
34,2022-12-13,6700.0,36320.3515625
34,2022-12-14,6700.0,36442.171875
34,2022-12-19,6700.0,36561.69140625
34,2022-12-20,6700.0,37118.01171875
34,2022-12-23,6700.0,37220.71484375
34,2022-12-26,6700.0,37511.76171875
34,2022-12-27,6700.0,37779.77734375
34,2023-01-03,6600.0,37863.3125
34,2023-01-05,6500.0,38378.86328125
34,2023-01-05,5300.0,38504.0546875
34,2023-01-09,6600.0,21382.12890625
34,2023-01-10,6000.0,38724.33984375
34,2023-01-10,6550.0,21780.328125
34,2023-01-12,6000.0,38773.1875
34,2023-01-12,6450.0,21915.31640625
34,2023-01-16,6500.0,38862.5625
34,2023-01-17,6000.0,39010.921875
34,2023-01-17,6475.0,22191.0546875
34,2023-01-20,6200.0,39042.03515625
34,2023-01-20,6450.0,22313.66796875
34,2023-01-24,6450.0,39120.94140625
34,2023-01-24,6200.0,39192.14453125
34,2023-01-27,6200.0,22427.21875
34,2023-01-27,6450.0,22474.490234375
34,2023-01-30,6550.0,39220.34765625
34,2023-01-31,6500.0,39227.1015625
34,2023-01-31,6200.0,39224.65234375
34,2023-02-01,6550.0,22486.86328125
34,2023-02-02,6500.0,39219.7578125
34,2023-02-03,6200.0,39212.53515625
34,2023-02-03,6487.5,22458.1875
34,2023-02-06,6400.0,39202.94921875
34,2023-02-07,5800.0,39159.91015625
34,2023-02-07,6487.5,22369.498046875
34,2023-02-08,6600.0,39140.8046875
34,2023-02-09,6600.0,39119.39453125
34,2023-02-10,6550.0,39095.59375
34,2023-02-10,5800.0,39069.44921875
34,2023-02-13,6600.0,22265.328125
34,2023-02-14,5200.0,38976.58984375
34,2023-02-14,6462.5,22076.548828125
34,2023-02-15,6500.0,38940.88671875
34,2023-02-17,5200.0,38902.85546875
34,2023-02-17,6462.5,21898.099609375
34,2023-02-20,6500.0,38818.86328125
34,2023-02-21,5200.0,38673.26171875
34,2023-02-21,6487.5,21612.53515625
34,2023-02-22,6500.0,38619.78515625
34,2023-02-24,6462.5,38563.80859375
34,2023-02-24,5200.0,38444.66796875
34,2023-02-27,6500.0,21363.177734375
34,2023-02-28,6462.5,38247.21875
34,2023-02-28,5200.0,38176.5078125
34,2023-03-01,6500.0,20987.8359375
34,2023-03-03,5200.0,38103.328125
34,2023-03-03,6450.0,20674.125
34,2023-03-07,5200.0,37949.60546875
34,2023-03-07,6475.0,20218.333984375
34,2023-03-08,6600.0,37610.6328125
34,2023-03-09,6500.0,37519.60546875
34,2023-03-10,5200.0,37425.89453125
34,2023-03-10,6075.0,19849.822265625
34,2023-03-13,6100.0,37329.16796875
34,2023-03-14,5975.0,37023.8125
34,2023-03-14,5200.0,36915.56640625
34,2023-03-15,6100.0,19349.654296875
34,2023-03-16,6100.0,36804.14453125
34,2023-03-17,5200.0,36690.40625
34,2023-03-17,6200.0,18955.205078125
34,2023-03-20,6000.0,36574.359375
34,2023-03-21,5200.0,36208.63671875
34,2023-03-21,6100.0,18421.0234375
34,2023-03-22,6050.0,36081.40625
34,2023-03-23,6100.0,35951.234375
34,2023-03-24,6200.0,35817.76953125
34,2023-03-24,5200.0,35681.11328125
34,2023-03-27,6200.0,18026.98828125
34,2023-03-28,6250.0,35250.65234375
34,2023-03-28,5200.0,35100.49609375
34,2023-03-29,6300.0,17558.7421875
34,2023-03-30,6300.0,34947.06640625
34,2023-03-31,5200.0,34791.6328125
34,2023-03-31,6250.0,17227.041015625
34,2023-04-03,6300.0,34634.203125
34,2023-04-04,5800.0,34146.62109375
34,2023-04-04,6200.0,16902.794921875
34,2023-04-05,6300.0,33980.25390625
34,2023-04-06,6300.0,33811.8984375
34,2023-04-07,6250.0,33641.78515625
34,2023-04-07,5800.0,33469.78515625
34,2023-04-10,6300.0,16903.875
34,2023-04-11,5200.0,32940.82421875
34,2023-04-11,6275.0,16993.103515625
34,2023-04-12,6200.0,32758.16796875
34,2023-04-13,6200.0,32572.70703125
34,2023-04-14,5200.0,32385.478515625
34,2023-04-14,6325.0,17048.31640625
34,2023-04-17,6400.0,32195.3984375
34,2023-04-18,5800.0,31617.021484375
34,2023-04-18,6375.0,17218.494140625
34,2023-04-19,6400.0,31421.7578125
34,2023-04-20,6400.0,31222.54296875
34,2023-04-21,6375.0,31019.55078125
34,2023-04-21,5800.0,30814.919921875
34,2023-04-24,6400.0,17505.10546875
34,2023-04-25,5800.0,30199.197265625
34,2023-04-25,6350.0,17941.2578125
34,2023-04-26,6400.0,29992.294921875
34,2023-04-27,5800.0,29784.1171875
34,2023-04-27,6400.0,19119.4296875
34,2023-04-28,5800.0,29575.251953125
34,2023-04-28,6300.0,18266.32421875
34,2023-05-01,5800.0,29365.955078125
34,2023-05-02,6300.0,19114.31640625
34,2023-05-02,5800.0,28518.1640625
34,2023-05-04,6400.0,18670.482421875
34,2023-05-04,5800.0,28092.5625
34,2023-05-05,5800.0,19110.5546875
34,2023-05-05,6350.0,18953.169921875
34,2023-05-08,5800.0,27879.9375
34,2023-05-08,6300.0,19105.53515625
34,2023-05-09,5800.0,27232.046875
34,2023-05-09,6300.0,19304.462890625
34,2023-05-10,6300.0,27014.751953125
34,2023-05-11,5800.0,26797.685546875
34,2023-05-11,6400.0,19101.841796875
34,2023-05-12,6350.0,26580.603515625
34,2023-05-12,5800.0,26364.53515625
34,2023-05-15,5800.0,19547.203125
34,2023-05-15,6500.0,19097.01953125
34,2023-05-16,5800.0,25722.59375
34,2023-05-16,6300.0,19843.654296875
34,2023-05-18,5800.0,25514.24609375
34,2023-05-19,6300.0,19093.46875
34,2023-05-19,5800.0,24896.91796875
34,2023-05-22,6400.0,20045.8671875
34,2023-05-23,5800.0,24303.55078125
34,2023-05-23,6300.0,20290.904296875
34,2023-05-26,5800.0,24110.734375
34,2023-05-26,6300.0,20456.83203125
34,2023-06-03,5800.0,23545.05078125
34,2023-06-03,6300.0,20832.443359375
34,2023-06-06,6300.0,22137.021484375
34,2023-06-06,5800.0,21645.9375
34,2023-06-13,6300.0,20949.68359375
34,2023-06-13,5800.0,20581.1953125
34,2023-06-16,5800.0,21179.16796875
34,2023-06-16,6300.0,21260.033203125
34,2023-06-19,6400.0,20164.62890625
34,2023-06-20,5800.0,19776.0859375
34,2023-06-20,6350.0,21354.07421875
34,2023-06-21,6400.0,19656.994140625
34,2023-06-23,5800.0,19541.2265625
34,2023-06-23,6300.0,21415.380859375
34,2023-06-24,6400.0,19317.59375
34,2023-06-25,6400.0,19209.845703125
34,2023-06-27,6350.0,19104.849609375
34,2023-06-27,5800.0,18904.005859375
34,2023-06-30,6400.0,21486.345703125
34,2023-06-30,5800.0,18627.828125
34,2023-07-04,5800.0,21532.015625
34,2023-07-04,6550.0,21584.0859375
34,2023-07-07,5800.0,18307.5390625
34,2023-07-07,6550.0,21617.064453125
34,2023-07-11,5800.0,18101.5703125
34,2023-07-11,6600.0,21653.7265625
34,2023-07-14,5800.0,17874.046875
34,2023-07-14,6600.0,21676.2734375
34,2023-07-18,6700.0,17741.828125
34,2023-07-18,5800.0,17605.5
34,2023-07-19,6482.0,21700.2890625
34,2023-07-21,5800.0,17577.046875
34,2023-07-21,6700.0,21714.1484375
34,2023-07-25,5800.0,17526.51953125
34,2023-07-25,6700.0,21727.45703125
34,2023-07-28,5800.0,17451.470703125
34,2023-07-28,6700.0,21733.724609375
34,2023-08-01,6200.0,17417.916015625
34,2023-08-01,7200.0,21737.3046875
34,2023-08-04,6200.0,17403.544921875
34,2023-08-04,7200.0,21736.453125
34,2023-08-08,7600.0,17415.54296875
34,2023-08-08,7200.0,17461.96484375
34,2023-08-11,7200.0,21730.572265625
34,2023-08-11,7600.0,21722.515625
34,2023-08-15,7200.0,17519.619140625
34,2023-08-15,7825.0,21706.69921875
34,2023-08-18,7200.0,17627.0
34,2023-08-18,7825.0,21690.865234375
34,2023-08-19,7267.0,17730.484375
34,2023-08-22,7200.0,17770.09375
34,2023-08-22,7900.0,21663.876953125
34,2023-08-25,7200.0,17909.484375
34,2023-08-25,7900.0,21638.85546875
34,2023-08-29,7200.0,18082.28125
34,2023-08-29,7900.0,21598.3828125
34,2023-09-05,7875.0,18359.931640625
34,2023-09-05,7000.0,18975.59375
34,2023-09-08,7000.0,21505.17578125
34,2023-09-08,7875.0,21455.21875
34,2023-09-12,7200.0,19290.66015625
34,2023-09-12,7875.0,21377.99609375
34,2023-09-15,7200.0,19750.0625
34,2023-09-15,7875.0,21311.078125
34,2023-09-19,7200.0,20137.37109375
34,2023-09-19,7739.5,21206.85546875
34,2023-09-22,7200.0,20702.3984375
34,2023-09-22,7875.0,21117.416015625
34,2023-09-26,7700.0,21158.125
34,2023-09-26,7200.0,21811.7734375
34,2023-09-29,7200.0,20981.62109375
34,2023-09-29,7700.0,20866.181640625
34,2023-10-02,7200.0,22328.009765625
34,2023-10-02,7900.0,20738.25
34,2023-10-04,7200.0,22864.890625
34,2023-10-04,7900.0,20645.521484375
34,2023-10-09,7200.0,23236.75390625
34,2023-10-09,7700.0,20385.8359375
34,2023-10-11,7300.0,24198.314453125
34,2023-10-11,7900.0,20270.126953125
34,2023-10-16,7400.0,24591.4609375
34,2023-10-16,7900.0,19948.6171875
34,2023-10-18,7900.0,25630.46484375
34,2023-10-18,7400.0,26061.22265625
34,2023-10-23,7400.0,19807.6875
34,2023-10-23,7900.0,19420.1796875
34,2023-10-25,7600.0,27160.376953125
34,2023-10-25,7900.0,19250.8125
34,2023-10-30,7600.0,27598.046875
34,2023-10-30,7900.0,18790.818359375
34,2023-11-01,7600.0,28679.291015625
34,2023-11-06,7600.0,18590.03515625
34,2023-11-08,7700.0,18046.9921875
34,2023-11-08,8100.0,17814.7890625
34,2023-11-13,7600.0,30582.73828125
34,2023-11-15,7700.0,17277.328125
34,2023-11-20,7800.0,17132.91796875
34,2023-11-22,7700.0,17015.564453125
34,2023-11-27,7800.0,16973.373046875
34,2023-11-29,8300.0,16901.51953125
34,2023-11-29,7700.0,34462.23046875
34,2023-12-04,7700.0,17011.525390625
34,2023-12-06,8000.0,17536.6015625
34,2023-12-11,8000.0,17765.259765625
34,2023-12-11,8300.0,18402.849609375
34,2023-12-13,8200.0,36195.30859375
34,2023-12-18,8200.0,18671.296875
34,2023-12-18,8300.0,19341.375
34,2023-12-20,8200.0,37012.94140625
34,2024-02-26,7300.0,19599.244140625
34,2024-02-28,7300.0,38315.62109375
34,2024-02-29,7300.0,38176.5078125
34,2024-03-05,7500.0,38103.328125
34,2024-03-06,7500.0,37699.1875
34,2024-03-11,7500.0,37610.6328125
34,2024-03-12,7500.0,37128.47265625
34,2024-03-13,7500.0,37023.8125
34,2024-03-18,7600.0,36915.56640625
34,2024-03-22,7600.0,36333.26953125
34,2024-03-26,7500.0,35817.76953125
34,2024-04-01,7300.0,35250.65234375
34,2024-04-04,7500.0,34311.26953125
34,2024-04-05,7500.0,33811.8984375
34,2024-04-08,7500.0,33641.78515625
34,2024-04-09,7500.0,33119.79296875
34,2024-04-12,7500.0,32940.82421875
34,2024-04-17,7500.0,32385.478515625
34,2024-04-22,7500.0,31421.7578125
34,2024-04-24,7500.0,30405.3125
34,2024-05-02,7500.0,29992.294921875
34,2024-05-06,7500.0,28305.27734375
34,2024-05-08,7600.0,27448.87890625
34,2024-05-10,7600.0,27014.751953125
34,2024-05-13,7600.0,26580.603515625
34,2024-05-14,7600.0,25935.767578125
34,2024-05-15,7600.0,25722.59375
34,2024-05-28,7500.0,25514.24609375
34,2024-05-29,7500.0,22996.982421875
34,2024-05-31,7500.0,22821.4609375
34,2024-06-04,7500.0,22474.91796875
34,2024-06-05,7500.0,21807.1015625
34,2024-06-06,7500.0,21645.9375
34,2024-06-11,7500.0,21486.9296875
34,2024-06-13,7500.0,20725.689453125
34,2024-06-14,7500.0,20439.4765625
34,2024-06-17,7500.0,20300.5390625
34,2024-06-19,7200.0,19901.54296875
34,2024-06-20,7200.0,19656.994140625
34,2024-06-21,7200.0,19541.2265625
34,2024-06-24,7200.0,19428.138671875
34,2024-06-27,7200.0,19104.849609375
34,2024-07-03,7200.0,18809.029296875
34,2024-07-04,6900.0,18307.5390625
34,2024-07-09,6900.0,18235.3828125
34,2024-07-12,6900.0,17925.064453125
34,2024-07-15,7000.0,17782.16796875
34,2024-07-18,6800.0,17669.15625
34,2024-08-01,7000.0,17577.046875
34,2024-08-02,7000.0,17405.359375
34,2024-08-05,7000.0,17409.37890625
34,2024-08-06,7000.0,17434.40625
34,2024-08-07,7000.0,17447.091796875
34,2024-09-05,8000.0,17461.96484375
34,2024-09-12,7500.0,19077.8046875
34,2024-09-17,7500.0,19875.48046875
34,2024-09-23,7500.0,20556.46484375
34,2024-10-03,7500.0,21479.8359375
34,2024-11-04,7500.0,23236.75390625
34,2024-12-03,7200.0,29958.01171875
34,2025-01-03,7600.0,35238.58984375
34,2025-01-03,5600.0,38378.86328125
34,2025-01-06,7400.0,38378.86328125
34,2025-01-07,7300.0,38562.95703125
34,2025-01-08,7300.0,38619.21484375
34,2025-01-09,7300.0,38673.0078125
34,2025-02-07,5600.0,38724.33984375
34,2025-02-10,5500.0,39140.8046875
34,2025-02-10,5600.0,39069.44921875
34,2025-02-11,5500.0,39069.44921875
34,2025-02-12,5500.0,39040.8515625
34,2025-02-13,5400.0,39009.91796875
34,2025-02-20,5600.0,38976.58984375
34,2025-02-21,5600.0,38673.26171875
34,2025-02-25,5600.0,38619.78515625
34,2025-02-28,5700.0,38381.3515625
34,2025-03-03,5600.0,38176.5078125
34,2025-03-04,5600.0,37949.60546875
34,2025-03-05,5600.0,37868.6953125
34,2025-03-07,5600.0,37785.25390625
34,2025-03-10,5600.0,37610.6328125
34,2025-03-12,5600.0,37329.16796875
34,2025-03-14,5600.0,37128.47265625
34,2025-03-17,5600.0,36915.56640625
34,2025-03-21,5700.0,36574.359375
34,2025-03-25,5700.0,36081.40625
34,2025-03-27,5700.0,35540.83984375
34,2025-03-28,5700.0,35250.65234375
34,2025-03-31,5700.0,35100.49609375
34,2025-04-03,5700.0,34634.203125
34,2025-05-06,5700.0,34146.62109375
36,2024-02-06,8300.0,21742.9140625
36,2024-02-08,8300.0,21740.302734375
36,2024-02-13,8300.0,21738.203125
36,2024-02-15,8500.0,21730.298828125
36,2024-02-20,8500.0,21726.171875
36,2024-02-22,8500.0,21713.62890625
36,2024-02-27,8000.0,21707.630859375
36,2024-02-29,8000.0,21690.109375
36,2024-03-05,7700.0,21682.078125
36,2024-03-07,7700.0,21659.453125
36,2024-03-12,7900.0,21649.34765625
36,2024-03-14,7900.0,21621.55859375
36,2024-03-19,7900.0,21609.41015625
36,2024-03-21,7900.0,21576.87890625
36,2024-03-26,8000.0,21562.990234375
36,2024-03-28,8000.0,21526.150390625
36,2024-04-02,8100.0,21510.57421875
36,2024-04-04,8100.0,21469.708984375
36,2024-04-09,7900.0,21452.59765625
36,2024-04-11,7900.0,21407.95703125
36,2024-04-16,7900.0,21389.412109375
36,2024-04-18,7900.0,21341.30078125
36,2024-04-23,7900.0,21321.7109375
36,2024-04-25,7900.0,21271.6640625
36,2024-04-30,8100.0,21251.291015625
36,2024-05-02,8200.0,21199.4765625
36,2024-05-07,8200.0,21178.65234375
36,2024-05-09,8100.0,21125.98046875
36,2024-05-14,8100.0,21104.953125
36,2024-05-16,8100.0,21052.55078125
36,2024-05-21,8100.0,21031.73828125
36,2024-05-23,7900.0,20980.49609375
36,2024-05-28,7900.0,20960.37890625
36,2024-05-30,7850.0,20911.337890625
36,2024-06-04,7850.0,20892.24609375
36,2024-06-06,7850.0,20846.36328125
36,2024-06-11,7800.0,20828.9375
36,2024-06-13,7800.0,20787.357421875
36,2024-06-18,7600.0,20771.89453125
36,2024-06-20,7600.0,20735.83203125
36,2024-06-25,7500.0,20722.27734375
36,2024-06-27,7500.0,20690.826171875
36,2024-07-02,7500.0,20679.5703125
36,2024-07-04,7500.0,20653.95703125
36,2024-07-09,7500.0,20644.81640625
36,2024-07-11,7500.0,20624.52734375
36,2024-07-16,7500.0,20617.61328125
36,2024-07-18,7500.0,20603.1015625
36,2024-07-23,7500.0,20598.380859375
36,2024-07-25,7500.0,20589.2578125
36,2024-07-30,7500.0,20586.685546875
36,2024-08-01,7500.0,20582.970703125
36,2024-08-06,7500.0,20582.55859375
36,2024-08-08,7500.0,20584.228515625
36,2024-08-13,7500.0,20585.98046875
36,2024-08-15,8000.0,20593.046875
36,2024-08-20,8000.0,20596.9453125
36,2024-08-22,8200.0,20609.37890625
36,2024-08-27,8200.0,20615.390625
36,2024-08-29,8200.0,20633.3671875
36,2024-09-03,7800.0,20641.71875
36,2024-09-05,7800.0,20665.11328125
36,2024-09-10,8000.0,20675.58984375
36,2024-09-12,8000.0,20704.837890625
36,2024-09-17,8000.0,20717.8984375
36,2024-09-19,8000.0,20753.4921875
36,2024-09-24,8000.0,20768.609375
36,2024-09-26,8000.0,20808.501953125
36,2024-10-01,8000.0,20825.35546875
36,2024-10-03,8000.0,20869.587890625
36,2024-10-08,8000.0,20888.234375
36,2024-10-10,8000.0,20936.373046875
36,2024-10-15,8075.0,20956.126953125
36,2024-10-17,8075.0,21006.68359375
36,2024-10-22,7800.0,21027.24609375
36,2024-10-24,7800.0,21079.4140625
36,2024-10-29,7800.0,21100.42578125
36,2024-10-31,7800.0,21153.28125
36,2024-11-05,7800.0,21174.45703125
36,2024-11-07,7800.0,21226.94921875
36,2024-11-12,7800.0,21247.810546875
36,2024-11-14,7825.0,21299.0859375
36,2024-11-19,7825.0,21319.21875
36,2024-11-21,7900.0,21368.607421875
36,2024-11-26,7900.0,21387.927734375
36,2024-11-28,7925.0,21434.33984375
36,2024-12-03,7900.0,21452.1953125
36,2024-12-05,7900.0,21494.84765625
36,2024-12-09,7900.0,21511.087890625
36,2024-12-10,7900.0,19440.9765625
36,2024-12-12,7950.0,19442.87890625
36,2024-12-16,7950.0,19446.59765625
36,2024-12-17,7950.0,19453.8046875
36,2024-12-19,7950.0,19455.546875
36,2025-03-31,7200.0,19458.966796875
36,2025-04-03,7200.0,18029.94921875
36,2025-04-10,7200.0,17667.8828125
36,2025-04-14,7200.0,16948.55078125
36,2025-04-17,7200.0,16902.8359375
36,2025-04-24,7200.0,16971.169921875
37,2021-05-03,7350.0,18067.45703125
37,2021-05-04,6700.0,17196.783203125
37,2021-05-10,7250.0,46539.47265625
37,2021-05-11,6700.0,16891.51953125
37,2021-05-17,7250.0,45456.91796875
37,2021-05-18,6700.0,17026.515625
37,2021-05-24,7250.0,44384.5859375
37,2021-05-25,6700.0,17359.3203125
37,2021-05-28,6800.0,43417.02734375
37,2021-05-31,7250.0,20336.99609375
37,2021-06-01,6700.0,17968.630859375
37,2021-06-07,7250.0,42624.5
37,2021-06-08,6700.0,18531.234375
37,2021-06-11,6300.0,41996.0
37,2021-06-14,7500.0,18386.546875
37,2021-06-15,6700.0,18994.794921875
37,2021-06-17,6700.0,41464.51953125
37,2021-06-18,6300.0,41326.703125
37,2021-06-21,7500.0,17688.58984375
37,2021-06-22,6700.0,19375.0390625
37,2021-07-02,6700.0,41005.48828125
37,2021-07-05,7500.0,16875.80859375
37,2021-07-06,6700.0,19911.203125
37,2021-07-09,6700.0,40282.390625
37,2021-07-12,7150.0,16865.39453125
37,2021-07-13,6700.0,20083.140625
37,2021-07-16,6700.0,40031.03125
37,2021-07-19,7150.0,16916.60546875
37,2021-07-20,6700.0,20200.20703125
37,2021-07-23,6700.0,39861.49609375
37,2021-07-26,7150.0,16947.26171875
37,2021-08-03,6500.0,20266.4921875
37,2021-08-04,6950.0,39789.14453125
37,2021-08-06,6500.0,20281.388671875
37,2021-08-10,6500.0,16957.625
37,2021-08-11,6950.0,39890.59375
37,2021-08-13,6300.0,20238.689453125
37,2021-08-17,6500.0,16938.525390625
37,2021-08-18,6950.0,40078.6015625
37,2021-08-23,6950.0,20146.140625
37,2021-08-30,6950.0,20047.48046875
37,2021-09-01,6500.0,19859.673828125
37,2021-09-06,6500.0,19794.3984375
37,2021-09-07,6700.0,19606.552734375
37,2021-09-08,6500.0,41106.58984375
37,2021-09-10,6500.0,19521.0625
37,2021-09-13,6500.0,17418.65234375
37,2021-09-14,6700.0,19280.0703125
37,2021-09-15,6500.0,41582.828125
37,2021-09-17,6500.0,19172.048828125
37,2021-09-20,6500.0,18010.796875
37,2021-09-21,6700.0,18871.8671875
37,2021-09-22,6500.0,42137.48046875
37,2021-09-27,6500.0,18739.04296875
37,2021-09-28,6700.0,18371.9453125
37,2021-10-01,6100.0,42825.7421875
37,2021-10-04,6500.0,19817.45703125
37,2021-10-05,6700.0,17779.26171875
37,2021-10-06,6500.0,43681.2734375
37,2021-10-08,5550.0,17606.078125
37,2021-10-12,6700.0,20974.93359375
37,2021-10-13,6500.0,44717.5234375
37,2021-10-15,5550.0,17094.87890625
37,2021-10-18,6500.0,22222.462890625
37,2021-10-19,6700.0,17000.44140625
37,2021-10-20,6500.0,45821.99609375
37,2021-10-22,5650.0,16960.9765625
37,2021-10-25,6500.0,23533.5
37,2021-10-26,6700.0,16886.76953125
37,2021-10-27,6500.0,46919.33984375
37,2021-10-29,6500.0,16992.328125
37,2021-11-01,6500.0,17187.9921875
37,2021-11-02,6700.0,17544.10546875
37,2021-11-03,6500.0,47958.26953125
37,2021-11-05,6250.0,17794.76171875
37,2021-11-08,6500.0,26320.396484375
37,2021-11-09,6700.0,18540.21875
37,2021-11-10,6500.0,48951.18359375
37,2021-11-12,6550.0,18868.4765625
37,2021-11-15,6500.0,27733.572265625
37,2021-11-16,6500.0,19711.53125
37,2021-11-17,6500.0,49903.66015625
37,2021-11-19,6650.0,20063.48046875
37,2021-11-22,6500.0,29086.3046875
37,2021-11-23,6500.0,20952.60546875
37,2021-11-24,6500.0,50786.10546875
37,2021-11-26,6650.0,21303.91796875
37,2021-11-26,6650.0,30367.3828125
37,2021-11-30,6500.0,21653.50390625
37,2021-12-01,6650.0,51588.25390625
37,2021-12-03,6650.0,22504.484375
37,2021-12-06,6650.0,31536.109375
37,2021-12-07,6500.0,23316.515625
37,2021-12-08,6650.0,52313.94140625
37,2021-12-10,6650.0,23634.890625
37,2021-12-13,6500.0,32573.001953125
37,2021-12-14,6500.0,24394.99609375
37,2021-12-15,6650.0,52958.41015625
37,2021-12-17,6650.0,24685.421875
37,2021-12-31,6450.0,33479.82421875
37,2022-01-02,6500.0,34907.83203125
37,2022-01-04,6500.0,26903.34765625
37,2022-01-05,6500.0,54334.20703125
37,2022-01-07,6450.0,27177.28125
37,2022-01-11,6500.0,35406.01171875
37,2022-01-12,6500.0,27632.109375
37,2022-01-12,6300.0,27696.2421875
37,2022-01-14,6450.0,54636.62890625
37,2022-01-17,6500.0,35768.15234375
37,2022-01-18,6300.0,27965.498046875
37,2022-01-19,6500.0,54780.6015625
37,2022-01-21,6250.0,28048.515625
37,2022-01-24,6400.0,35995.30078125
37,2022-01-25,6300.0,28195.044921875
37,2022-01-26,6400.0,54859.50390625
37,2022-01-28,6250.0,28229.15625
37,2022-02-07,6500.0,36091.05859375
37,2022-02-08,6300.0,28140.23828125
37,2022-02-11,6250.0,54729.76171875
37,2022-02-14,6500.0,35886.84765625
37,2022-02-15,6300.0,27856.5
37,2022-02-15,6500.0,54521.82421875
37,2022-02-21,6500.0,27801.99609375
37,2022-02-22,6350.0,27404.814453125
37,2022-02-23,6800.0,54228.81640625
37,2022-02-25,6200.0,27245.296875
37,2022-02-28,6700.0,35150.03125
37,2022-03-01,6350.0,26788.2734375
37,2022-03-02,6700.0,53842.38671875
37,2022-03-04,6300.0,26583.728515625
37,2022-03-07,6700.0,34571.62890625
37,2022-03-08,6350.0,26015.517578125
37,2022-03-14,6400.0,53364.83203125
37,2022-03-15,6350.0,25100.708984375
37,2022-03-16,6400.0,52796.66796875
37,2022-03-18,6200.0,24816.9140625
37,2022-03-21,6400.0,33008.80859375
37,2022-03-22,6000.0,24091.22265625
37,2022-03-25,6700.0,52136.62890625
37,2022-03-28,6400.0,32039.517578125
37,2022-03-29,6000.0,22995.80078125
37,2022-04-04,6400.0,51391.63671875
37,2022-04-05,6000.0,21830.943359375
37,2022-04-06,6400.0,50567.984375
37,2022-04-08,6700.0,21484.2421875
37,2022-04-12,6000.0,29728.30078125
37,2022-04-13,6400.0,49665.83203125
37,2022-04-15,6700.0,20248.4921875
37,2022-04-19,6000.0,28430.78515625
37,2023-01-05,7300.0,48712.30859375
37,2023-01-05,7000.0,19473.96484375
37,2023-01-12,7000.0,19583.98828125
37,2023-01-27,7000.0,19595.8515625
37,2023-02-09,7500.0,19609.87890625
37,2023-02-16,7400.0,19494.734375
37,2023-02-23,7400.0,19489.49609375
37,2023-03-09,7000.0,19481.32421875
37,2023-03-16,7200.0,19457.0703125
37,2023-03-26,7200.0,19441.7890625
37,2023-04-06,7200.0,19416.5625
37,2023-04-20,7350.0,19385.6171875
37,2023-04-25,6322.0,19343.58203125
37,2023-04-27,6322.0,26460.15234375
37,2023-04-27,6300.0,26051.830078125
37,2023-04-27,7500.0,19410.88671875
37,2023-05-03,6300.0,19322.234375
37,2023-05-04,6300.0,24842.802734375
37,2023-05-05,7350.0,19387.60546875
37,2023-05-05,6300.0,19300.01171875
37,2023-05-10,6322.0,24452.53125
37,2023-05-11,6300.0,23499.71484375
37,2023-05-12,6322.0,19365.158203125
37,2023-05-12,6300.0,23120.80859375
37,2023-05-17,6322.0,19362.029296875
37,2023-05-19,6322.0,22207.6328125
37,2023-05-24,6322.0,21854.01953125
37,2023-05-26,6322.0,20993.7890625
37,2023-06-07,6300.0,20662.02734375
37,2023-06-09,6300.0,18881.818359375
37,2023-06-14,6322.0,18626.728515625
37,2023-06-16,6322.0,18055.8046875
37,2023-06-21,6322.0,17860.1796875
37,2023-06-23,6322.0,17453.03515625
37,2023-06-28,6322.0,17310.529296875
37,2023-06-30,6322.0,17011.92578125
37,2023-07-05,6300.0,16931.734375
37,2023-07-07,6300.0,16845.63671875
37,2023-07-12,6300.0,16852.65625
37,2023-07-14,6300.0,16889.73046875
37,2023-07-19,6400.0,16904.091796875
37,2023-07-21,6400.0,16932.166015625
37,2023-07-26,6400.0,16940.4453125
37,2023-07-28,6400.0,16954.861328125
37,2023-08-02,6400.0,16958.2578125
37,2023-08-04,6400.0,16961.11328125
37,2023-08-16,7000.0,16960.017578125
37,2023-08-18,7000.0,16924.517578125
37,2023-08-23,7000.0,16913.078125
37,2023-08-30,7000.0,16876.291015625
37,2023-09-06,7000.0,16870.9921875
37,2023-09-08,7000.0,17150.515625
37,2023-09-13,6800.0,17279.728515625
37,2023-09-15,6800.0,17653.251953125
37,2023-09-20,7000.0,17820.15234375
37,2023-09-22,7000.0,18338.33203125
37,2023-09-27,7000.0,18576.515625
37,2023-09-29,7200.0,19240.779296875
37,2023-10-03,7200.0,19524.525390625
37,2023-10-05,7200.0,20136.5078125
37,2023-10-10,7200.0,20466.54296875
37,2023-10-12,7300.0,21323.630859375
37,2023-10-17,7300.0,21678.71875
37,2023-10-19,7300.0,22591.373046875
37,2025-01-10,7800.0,22962.958984375
37,2025-01-17,7300.0,43657.765625
37,2025-01-17,6700.0,32200.5
37,2025-01-17,7500.0,43950.80078125
37,2025-01-24,6300.0,47217.09375
37,2025-01-24,7300.0,44107.546875
37,2025-01-24,6300.0,28195.044921875
37,2025-01-24,7300.0,47366.09765625
37,2025-02-08,6300.0,32405.05859375
37,2025-02-08,7500.0,43986.60546875
37,2025-02-08,7500.0,28110.26171875
37,2025-02-08,7000.0,47240.8515625
37,2025-02-15,6500.0,32318.30078125
37,2025-02-15,7500.0,43715.90234375
37,2025-02-15,8000.0,27801.99609375
37,2025-02-15,7000.0,46975.92578125
37,2025-02-21,7000.0,32036.59375
37,2025-02-21,8200.0,31672.82421875
37,2025-02-21,6500.0,46643.27734375
37,2025-02-21,7600.0,43394.2109375
37,2025-02-28,6500.0,27404.814453125
37,2025-02-28,7600.0,42958.203125
37,2025-02-28,8300.0,26788.2734375
37,2025-02-28,7100.0,46129.28515625
37,2025-03-07,6400.0,31105.4765625
37,2025-03-07,7600.0,42444.49609375
37,2025-03-07,8200.0,26015.517578125
37,2025-03-07,7000.0,45485.26953125
37,2025-03-14,6400.0,30387.595703125
37,2025-03-14,7050.0,41912.01171875
37,2025-03-14,8400.0,25100.708984375
37,2025-03-14,7000.0,44715.83203125
38,2023-02-08,14000.0,21126.19921875
38,2023-02-10,14300.0,21122.75390625
38,2023-02-15,13900.0,21120.37109375
38,2023-02-17,14200.0,21111.93359375
38,2023-02-22,14200.0,21107.58203125
38,2023-02-25,14100.0,21094.30078125
38,2023-03-01,13900.0,21084.6953125
38,2023-03-05,14100.0,21070.03125
38,2023-03-08,13900.0,21053.6875
38,2023-03-10,14000.0,21040.203125
38,2023-03-15,13900.0,21030.623046875
38,2023-03-17,14200.0,21004.748046875
38,2023-03-22,13900.0,20993.62890625
38,2023-03-29,14100.0,20964.0
38,2023-04-05,15250.0,20918.46484375
38,2023-04-07,15250.0,20868.94921875
38,2023-04-12,15122.0,20854.21875
38,2023-04-14,15122.0,20816.259765625
38,2023-04-19,15172.0,20800.712890625
38,2023-04-21,15172.0,20761.376953125
38,2023-04-25,15172.0,20745.666015625
38,2023-04-27,15172.0,20714.08984375
38,2023-05-03,15250.0,20698.15625
38,2023-05-05,15250.0,20650.23828125
38,2023-05-10,15072.0,20634.359375
38,2023-05-12,15272.0,20594.837890625
38,2023-05-17,15172.0,20579.23828125
38,2023-05-19,15172.0,20540.6875
38,2023-05-24,15372.0,20525.5
38,2023-05-26,15172.0,20488.4375
38,2023-06-07,15450.0,20473.9453125
38,2023-06-09,15250.0,20393.482421875
38,2023-06-14,15472.0,20381.41015625
38,2023-06-16,15472.0,20352.5078125
38,2023-06-21,15272.0,20341.505859375
38,2023-06-23,15472.0,20315.62109375
38,2023-06-28,15672.0,20305.91015625
38,2023-06-30,15172.0,20283.56640625
38,2023-07-05,15450.0,20275.34765625
38,2023-07-07,15250.0,20256.72265625
38,2023-07-12,15450.0,20250.04296875
38,2023-07-14,15450.0,20235.38671875
38,2023-07-19,15250.0,20230.37890625
38,2023-07-21,15450.0,20219.953125
38,2023-07-26,15650.0,20216.63671875
38,2023-07-28,15150.0,20210.498046875
38,2023-08-02,15250.0,20208.89453125
38,2023-08-04,15250.0,20206.962890625
38,2023-08-09,15750.0,20207.03515625
38,2023-08-11,15750.0,20209.337890625
38,2023-08-16,15750.0,20211.09765625
38,2023-08-18,15750.0,20217.638671875
38,2023-08-23,15250.0,20221.1171875
38,2023-08-30,15250.0,20231.91015625
38,2023-09-06,15750.0,20252.16796875
38,2023-09-08,15750.0,20278.1015625
38,2023-09-13,14250.0,20286.49609375
38,2023-09-15,14250.0,20309.32421875
38,2023-09-20,14250.0,20319.1953125
38,2023-09-22,14500.0,20345.55078125
38,2023-09-27,14500.0,20356.796875
38,2023-09-29,14500.0,20386.39453125
38,2023-10-03,14500.0,20398.806640625
38,2023-10-05,14500.0,20424.5078125
38,2023-10-10,14500.0,20438.03125
38,2023-10-12,14650.0,20473.078125
38,2023-10-17,14650.0,20487.587890625
38,2023-10-19,14850.0,20524.859375
38,2023-10-24,14850.0,20540.076171875
38,2023-10-26,14850.0,20578.625
38,2023-10-31,14850.0,20594.212890625
38,2023-11-02,17000.0,20633.87109375
38,2023-11-07,17000.0,20649.890625
38,2023-11-09,17000.0,20690.0859375
38,2023-11-14,17250.0,20706.25390625
38,2023-11-16,17250.0,20746.25
38,2023-11-21,17250.0,20762.08984375
38,2023-11-23,17050.0,20801.40625
38,2023-11-28,17050.0,20817.0078125
38,2023-11-30,17050.0,20855.0390625
38,2023-12-05,17050.0,20869.86328125
38,2023-12-07,17250.0,20905.763671875
38,2023-12-12,17350.0,20919.5625
38,2023-12-14,17350.0,20952.685546875
38,2023-12-19,17300.0,20965.30859375
38,2024-01-03,20000.0,20995.060546875
38,2024-01-05,17000.0,16987.82421875
38,2024-01-10,18600.0,16968.58984375
38,2024-01-12,18600.0,16944.564453125
38,2024-01-17,18750.0,16935.75
38,2024-01-19,18500.0,16916.521484375
38,2024-01-24,20000.0,16910.173828125
38,2024-01-26,20000.0,16898.26171875
38,2024-01-31,20000.0,16895.21875
38,2024-02-02,19000.0,16892.140625
38,2024-02-07,18550.0,16892.76953125
38,2024-02-09,19600.0,16898.859375
38,2024-02-14,18700.0,16903.02734375
38,2024-02-16,19000.0,16917.3515625
38,2024-02-21,18750.0,16924.45703125
38,2024-02-23,18400.0,16945.0
38,2024-02-28,18100.0,16954.0703125
38,2024-03-01,20000.0,16994.796875
38,2024-03-06,17000.0,17024.865234375
38,2024-03-08,18600.0,17170.982421875
38,2024-03-13,18600.0,17255.939453125
38,2024-03-15,18750.0,17508.361328125
38,2024-03-20,18500.0,17618.47265625
38,2024-03-22,20000.0,17916.1640625
38,2024-03-27,20000.0,18042.5859375
38,2024-03-29,20000.0,18360.609375
38,2024-04-03,19650.0,18487.662109375
38,2024-04-05,18750.0,18802.5625
38,2024-04-10,19150.0,18926.83984375
38,2024-04-12,19100.0,19232.89453125
38,2024-04-17,19250.0,19351.91796875
38,2024-04-24,19750.0,19640.546875
38,2024-05-01,20000.0,20015.5234375
38,2024-05-03,17000.0,20352.96875
38,2024-05-08,18600.0,20442.326171875
38,2024-05-10,18600.0,20650.10546875
38,2024-05-15,18750.0,20727.078125
38,2024-05-17,18500.0,20904.7890625
38,2024-05-22,20000.0,20970.0078125
38,2024-05-24,20000.0,21118.7734375
38,2024-05-29,20000.0,21172.96484375
38,2024-05-31,20000.0,21295.912109375
38,2024-06-05,19650.0,21340.2578125
38,2024-06-07,18750.0,21439.68359375
38,2024-06-12,19150.0,21474.392578125
38,2024-06-14,19100.0,21551.84765625
38,2024-06-19,18750.0,21579.275390625
38,2024-06-21,18500.0,21639.98046875
38,2024-06-26,20000.0,21661.384765625
38,2024-06-28,20000.0,21708.123046875
38,2024-07-10,19750.0,21724.296875
38,2024-07-17,19250.0,21796.26171875
38,2024-07-19,19100.0,21821.44921875
38,2024-07-24,19150.0,21826.7109375
38,2024-07-26,18750.0,21836.423828125
38,2024-07-31,19650.0,21838.994140625
38,2024-08-02,20000.0,21842.27734375
38,2024-08-07,20000.0,21842.314453125
38,2024-08-09,18500.0,21839.16015625
38,2024-08-14,20000.0,21836.59375
38,2024-08-16,18600.0,21826.80859375
38,2024-08-21,18750.0,21821.482421875
38,2024-08-23,17000.0,21804.3515625
38,2024-08-28,18600.0,21795.87109375
38,2024-08-30,20000.0,21770.208984375
38,2024-09-04,20000.0,21758.01171875
38,2024-09-06,18500.0,21722.390625
38,2024-09-11,20000.0,21705.79296875
38,2024-09-13,19100.0,21657.73828125
38,2024-09-18,18750.0,21635.6796875
38,2024-09-20,19150.0,21572.7890625
38,2024-09-25,18750.0,21543.76171875
38,2024-09-27,19650.0,21460.404296875
38,2024-10-04,20000.0,21422.939453125
38,2024-10-11,20000.0,19793.20703125
38,2024-10-16,18600.0,19820.8671875
38,2024-10-18,18750.0,19842.185546875
38,2024-10-23,20000.0,19851.0546875
38,2024-10-25,17000.0,19873.876953125
38,2024-10-30,18600.0,19883.3203125
38,2024-11-01,18400.0,19907.375
38,2024-11-06,18100.0,19917.06640625
38,2024-11-08,19000.0,19941.53515625
38,2024-11-13,18750.0,19951.38671875
38,2024-11-15,19600.0,19976.0703125
38,2024-11-20,18700.0,19985.90234375
38,2024-11-22,19000.0,20010.52734375
38,2024-11-27,18550.0,20020.3359375
38,2024-11-29,18550.0,20044.44140625
38,2024-12-04,20000.0,20054.224609375
38,2024-12-06,20000.0,20078.421875
38,2024-12-09,18500.0,20087.876953125
38,2024-12-11,18500.0,22012.42578125
38,2024-12-13,20000.0,22016.46875
38,2024-12-16,18600.0,22020.03125
38,2024-12-18,18600.0,22024.5390625
38,2024-12-20,18600.0,22027.021484375
39,2023-01-27,14900.0,21204.0625
39,2023-01-30,15500.0,21205.66015625
39,2023-02-01,15000.0,20835.94921875
39,2023-02-03,14900.0,21207.18359375
39,2023-02-06,16500.0,21206.8125
39,2023-02-06,14500.0,20624.431640625
39,2023-02-08,14800.0,20834.466796875
39,2023-02-10,15400.0,21203.421875
39,2023-02-15,15000.0,21201.091796875
39,2023-02-17,15000.0,21192.84375
39,2023-02-20,15500.0,21188.599609375
39,2023-02-20,16000.0,20602.66796875
39,2023-02-22,15000.0,20811.755859375
39,2023-02-23,15500.0,21175.591796875
39,2023-02-25,14900.0,20803.556640625
39,2023-02-27,15500.0,21166.169921875
39,2023-02-27,15000.0,20582.58984375
39,2023-03-01,15000.0,20790.912109375
39,2023-03-02,15500.0,21151.796875
39,2023-03-05,14900.0,20572.23828125
39,2023-03-06,14500.0,21135.53125
39,2023-03-06,15000.0,20764.166015625
39,2023-03-08,15000.0,20556.849609375
39,2023-03-09,14000.0,21122.0546875
39,2023-03-10,14800.0,20751.03515625
39,2023-03-13,15000.0,21112.46484375
39,2023-03-13,14000.0,20525.8203125
39,2023-03-15,15000.0,20732.146484375
39,2023-03-17,15000.0,21086.552734375
39,2023-03-20,15000.0,21075.427734375
39,2023-03-20,15500.0,20490.12109375
39,2023-03-22,15000.0,20695.421875
39,2023-03-23,15500.0,21045.771484375
39,2023-03-27,15000.0,20678.42578125
39,2023-03-27,15500.0,20450.4375
39,2023-03-29,14900.0,20654.671875
39,2023-03-30,15500.0,21001.15234375
39,2023-03-30,15000.0,20636.1015625
39,2023-04-03,16000.0,20432.365234375
39,2023-04-03,15000.0,20407.322265625
39,2023-04-05,16000.0,20610.439453125
39,2023-04-06,16000.0,20952.8671875
39,2023-04-06,14500.0,20387.90625
39,2023-04-07,16000.0,20590.55859375
39,2023-04-10,16500.0,20938.40625
39,2023-04-10,14000.0,20361.26953125
39,2023-04-11,16000.0,20563.421875
39,2023-04-12,16522.0,20354.484375
39,2023-04-13,16000.0,20901.220703125
39,2023-04-13,16500.0,20542.52734375
39,2023-04-14,16522.0,20340.787109375
39,2023-04-17,16500.0,20885.98828125
39,2023-04-19,9822.0,20313.37109375
39,2023-04-20,16000.0,20847.208984375
39,2023-04-20,9800.0,20492.36328125
39,2023-04-21,9822.0,20292.904296875
39,2023-04-24,16000.0,20831.408203125
39,2023-04-24,15500.0,20265.44140625
39,2023-04-25,16022.0,20463.15234375
39,2023-04-27,16000.0,20799.544921875
39,2023-04-27,16022.0,20244.8046875
39,2023-05-03,16000.0,20783.5234375
39,2023-05-05,16000.0,20735.541015625
39,2023-05-08,14500.0,20719.654296875
39,2023-05-10,15822.0,20360.5703125
39,2023-05-12,16022.0,20680.4453125
39,2023-05-17,9822.0,20664.92578125
39,2023-05-19,9822.0,20626.673828125
39,2023-05-24,10022.0,20611.63671875
39,2023-05-26,16022.0,20574.875
39,2023-06-07,16200.0,20560.521484375
39,2023-06-09,16000.0,20479.65625
39,2023-06-14,16222.0,20467.20703125
39,2023-06-16,16222.0,20437.7109375
39,2023-06-21,9822.0,20426.58203125
39,2023-06-23,10022.0,20400.75
39,2023-06-28,10222.0,20391.2421875
39,2023-06-30,16022.0,20369.189453125
39,2023-07-05,16200.0,20361.0078125
39,2023-07-07,16000.0,20342.4375
39,2023-07-12,16200.0,20335.81640625
39,2023-07-14,16200.0,20321.220703125
39,2023-07-19,9800.0,20316.19140625
39,2023-07-21,10000.0,20305.7109375
39,2023-07-26,10200.0,20302.359375
39,2023-07-28,16000.0,20296.115234375
39,2023-08-02,16000.0,20294.48046875
39,2023-08-04,16000.0,20292.546875
39,2023-08-09,17500.0,20292.630859375
39,2023-08-11,17500.0,20295.005859375
39,2023-08-16,17500.0,20296.830078125
39,2023-08-18,17500.0,20303.5234375
39,2023-08-23,16000.0,20307.046875
39,2023-08-30,16000.0,20317.9765625
39,2023-09-06,17500.0,20338.25
39,2023-09-08,17500.0,20364.16015625
39,2023-09-13,16500.0,20372.5546875
39,2023-09-15,16500.0,20395.3515625
39,2023-09-20,16500.0,20405.169921875
39,2023-09-22,16500.0,20431.86328125
39,2023-09-27,16500.0,20443.21875
39,2023-09-29,16500.0,20473.111328125
39,2023-10-03,16500.0,20485.650390625
39,2023-10-05,16500.0,20511.771484375
39,2023-10-10,16500.0,20525.298828125
39,2023-10-12,16650.0,20560.146484375
39,2023-10-17,16650.0,20574.458984375
39,2023-10-19,16850.0,20611.15234375
39,2023-10-24,16850.0,20626.208984375
39,2023-10-26,16850.0,20664.6875
39,2023-10-31,16850.0,20680.34375
39,2023-11-02,18000.0,20719.94921875
39,2023-11-07,18000.0,20735.7578125
39,2023-11-09,18000.0,20775.994140625
39,2023-11-14,18000.0,20792.0859375
39,2023-11-16,18000.0,20832.109375
39,2023-11-21,18000.0,20847.875
39,2023-11-23,18000.0,20886.91796875
39,2023-11-28,18000.0,20902.30078125
39,2023-11-30,18000.0,20939.76953125
39,2023-12-05,18000.0,20954.328125
39,2023-12-07,18200.0,20989.431640625
39,2023-12-12,18300.0,21002.9296875
39,2023-12-14,18300.0,21035.853515625
39,2023-12-19,18250.0,21048.4453125
39,2024-01-03,23000.0,21078.115234375
39,2024-01-05,18000.0,16937.41796875
39,2024-01-10,20000.0,16925.435546875
39,2024-01-12,21000.0,16897.1484375
39,2024-01-17,21000.0,16886.685546875
39,2024-01-19,22700.0,16863.7578125
39,2024-01-24,21000.0,16856.21875
39,2024-01-26,23200.0,16842.1953125
39,2024-01-31,23200.0,16838.658203125
39,2024-02-02,20800.0,16835.22265625
39,2024-02-07,19500.0,16836.044921875
39,2024-02-09,20500.0,16843.5234375
39,2024-02-14,21000.0,16848.6015625
39,2024-02-16,21500.0,16866.05859375
39,2024-02-21,19800.0,16874.638671875
39,2024-02-23,21000.0,16899.05859375
39,2024-02-28,23200.0,16909.75390625
39,2024-03-01,23000.0,16938.2265625
39,2024-03-06,18000.0,16950.01953125
39,2024-03-08,20000.0,16996.81640625
39,2024-03-13,21000.0,17034.15625
39,2024-03-15,21000.0,17217.03125
39,2024-03-20,22700.0,17313.99609375
39,2024-03-22,21000.0,17602.03125
39,2024-03-27,23200.0,17720.583984375
39,2024-03-29,23200.0,18047.521484375
39,2024-04-03,23000.0,18179.474609375
39,2024-04-05,20000.0,18506.70703125
39,2024-04-10,20000.0,18636.013671875
39,2024-04-12,21000.0,18952.875
39,2024-04-17,21000.0,19077.52734375
39,2024-04-24,21000.0,19379.169921875
39,2024-05-01,20000.0,19774.484375
39,2024-05-03,18000.0,20132.54296875
39,2024-05-08,20500.0,20227.890625
39,2024-05-10,20000.0,20450.80859375
39,2024-05-15,18500.0,20533.765625
39,2024-05-17,20500.0,20725.609375
39,2024-05-22,20000.0,20796.07421875
39,2024-05-24,20200.0,20957.970703125
39,2024-05-29,20000.0,21017.20703125
39,2024-05-31,20200.0,21152.240234375
39,2024-06-05,23000.0,21201.236328125
39,2024-06-07,20000.0,21311.783203125
39,2024-06-12,20000.0,21351.61328125
39,2024-06-14,21000.0,21440.67578125
39,2024-06-19,18500.0,21472.40625
39,2024-06-21,20500.0,21542.7734375
39,2024-06-26,20000.0,21567.04296875
39,2024-06-28,20200.0,21620.11328125
39,2024-07-10,21000.0,21638.70703125
39,2024-07-17,21000.0,21721.765625
39,2024-07-19,21000.0,21751.009765625
39,2024-07-24,20000.0,21757.12890625
39,2024-07-26,20000.0,21768.50390625
39,2024-07-31,23000.0,21771.486328125
39,2024-08-02,20000.0,21775.1640625
39,2024-08-07,20200.0,21775.1328125
39,2024-08-09,20500.0,21771.302734375
39,2024-08-14,20000.0,21768.2421875
39,2024-08-16,20000.0,21756.6015625
39,2024-08-21,18500.0,21750.35546875
39,2024-08-23,18000.0,21730.333984375
39,2024-08-28,20500.0,21720.453125
39,2024-08-30,20000.0,21690.6484375
39,2024-09-04,20200.0,21676.537109375
39,2024-09-06,20500.0,21635.203125
39,2024-09-11,20000.0,21615.47265625
39,2024-09-13,21000.0,21558.6953125
39,2024-09-18,18500.0,21532.76953125
39,2024-09-20,20000.0,21458.95703125
39,2024-09-25,20000.0,21425.689453125
39,2024-09-27,23000.0,21332.33203125
39,2024-10-04,23200.0,21290.57421875
39,2024-10-11,21000.0,19846.751953125
39,2024-10-16,21000.0,19876.58203125
39,2024-10-18,21000.0,19899.1171875
39,2024-10-23,23000.0,19908.3828125
39,2024-10-25,18000.0,19932.1953125
39,2024-10-30,20000.0,19941.92578125
39,2024-11-01,21000.0,19966.6875
39,2024-11-06,23200.0,19976.7265625
39,2024-11-08,21500.0,20001.888671875
39,2024-11-13,19800.0,20012.2421875
39,2024-11-15,20500.0,20038.45703125
39,2024-11-20,21000.0,20048.9609375
39,2024-11-22,20800.0,20075.11328125
39,2024-11-27,19500.0,20085.642578125
39,2024-11-29,19500.0,20111.603515625
39,2024-12-04,23200.0,20121.8359375
39,2024-12-06,23200.0,20146.9296875
39,2024-12-09,22700.0,20156.6015625
39,2024-12-11,22700.0,22027.8125
39,2024-12-13,21000.0,22030.10546875
39,2024-12-16,21000.0,22031.96875
39,2024-12-18,21000.0,22033.626953125
39,2024-12-20,21000.0,22034.19140625
40,2023-01-27,19900.0,21281.060546875
40,2023-01-30,30000.0,21282.578125
40,2023-02-01,20000.0,20916.91796875
40,2023-02-03,19900.0,21284.001953125
40,2023-02-06,18000.0,21283.62109375
40,2023-02-06,30000.0,20708.328125
40,2023-02-08,19800.0,20915.419921875
40,2023-02-10,20400.0,21280.296875
40,2023-02-15,20000.0,21278.015625
40,2023-02-17,20000.0,21269.974609375
40,2023-02-20,20500.0,21265.830078125
40,2023-02-20,30000.0,20686.203125
40,2023-02-22,20000.0,20893.09375
40,2023-02-23,30000.0,21253.15234375
40,2023-02-25,19900.0,20885.03515625
40,2023-02-27,20750.0,21243.96875
40,2023-03-01,20000.0,20665.95703125
40,2023-03-02,20750.0,21229.99609375
40,2023-03-05,19900.0,20655.517578125
40,2023-03-06,28000.0,21214.12890625
40,2023-03-06,20500.0,20846.3046875
40,2023-03-08,20000.0,20639.99609375
40,2023-03-09,30000.0,21200.99609375
40,2023-03-10,19800.0,20833.30859375
40,2023-03-13,20000.0,21191.6640625
40,2023-03-13,28000.0,20608.796875
40,2023-03-15,20000.0,20814.48828125
40,2023-03-17,20000.0,21166.359375
40,2023-03-20,20000.0,21155.453125
40,2023-03-20,29000.0,20573.30078125
40,2023-03-22,20000.0,20777.7578125
40,2023-03-23,30000.0,21126.572265625
40,2023-03-27,20000.0,20760.65625
40,2023-03-27,30000.0,20533.734375
40,2023-03-29,19900.0,20736.8359375
40,2023-03-30,30000.0,21082.244140625
40,2023-03-30,20000.0,20718.236328125
40,2023-04-03,20500.0,20515.638671875
40,2023-04-03,30000.0,20490.642578125
40,2023-04-05,20500.0,20692.3984375
40,2023-04-06,20500.0,21033.90234375
40,2023-04-06,28000.0,20471.423828125
40,2023-04-07,20500.0,20672.359375
40,2023-04-10,20400.0,21019.41796875
40,2023-04-10,28000.0,20445.146484375
40,2023-04-11,20400.0,20645.31640625
40,2023-04-12,20422.0,20438.47265625
40,2023-04-13,30000.0,20982.669921875
40,2023-04-13,20500.0,20624.609375
40,2023-04-14,20422.0,20424.984375
40,2023-04-17,20500.0,20967.8046875
40,2023-04-19,20422.0,20397.5390625
40,2023-04-20,30000.0,20929.79296875
40,2023-04-20,20400.0,20575.1328125
40,2023-04-21,20422.0,20376.62890625
40,2023-04-24,20400.0,20914.34375
40,2023-04-24,30000.0,20348.416015625
40,2023-04-25,20422.0,20546.29296875
40,2023-04-27,20400.0,20883.099609375
40,2023-04-27,20422.0,20327.109375
40,2023-05-03,20500.0,20867.359375
40,2023-05-05,20500.0,20819.884765625
40,2023-05-08,29000.0,20804.07421875
40,2023-05-10,20322.0,20444.10546875
40,2023-05-12,20522.0,20764.6484375
40,2023-05-17,20422.0,20749.09765625
40,2023-05-19,20422.0,20710.755859375
40,2023-05-24,20622.0,20695.6171875
40,2023-05-26,20422.0,20658.8984375
40,2023-06-07,20700.0,20644.662109375
40,2023-06-09,20500.0,20564.57421875
40,2023-06-14,20722.0,20552.2265625
40,2023-06-16,20722.0,20522.7734375
40,2023-06-21,20422.0,20511.599609375
40,2023-06-23,20622.0,20485.38671875
40,2023-06-28,20822.0,20475.603515625
40,2023-06-30,20422.0,20453.1328125
40,2023-07-05,20700.0,20444.96875
40,2023-07-07,20500.0,20426.4296875
40,2023-07-12,20700.0,20419.791015625
40,2023-07-14,20700.0,20405.20703125
40,2023-07-19,20400.0,20400.1796875
40,2023-07-21,20600.0,20389.640625
40,2023-07-26,20800.0,20386.318359375
40,2023-07-28,20400.0,20380.125
40,2023-08-02,21750.0,20378.501953125
40,2023-08-04,21750.0,20376.58984375
40,2023-08-09,22500.0,20376.689453125
40,2023-08-11,22500.0,20379.1015625
40,2023-08-16,22500.0,20380.92578125
40,2023-08-18,22500.0,20387.630859375
40,2023-08-23,21750.0,20391.158203125
40,2023-08-30,21750.0,20402.27734375
40,2023-09-06,22500.0,20422.8984375
40,2023-09-08,22500.0,20449.150390625
40,2023-09-13,21500.0,20457.62109375
40,2023-09-15,21500.0,20480.65625
40,2023-09-20,21500.0,20490.568359375
40,2023-09-22,21750.0,20517.19921875
40,2023-09-27,21750.0,20528.51953125
40,2023-09-29,21750.0,20558.265625
40,2023-10-03,21750.0,20570.712890625
40,2023-10-05,21750.0,20596.5078125
40,2023-10-10,21750.0,20609.83203125
40,2023-10-12,21900.0,20644.3984375
40,2023-10-17,21900.0,20658.74609375
40,2023-10-19,22100.0,20695.48046875
40,2023-10-24,22100.0,20710.67578125
40,2023-10-26,22100.0,20749.302734375
40,2023-10-31,22100.0,20764.9609375
40,2023-11-02,25000.0,20804.5390625
40,2023-11-07,25000.0,20820.431640625
40,2023-11-09,25000.0,20860.17578125
40,2023-11-14,24900.0,20876.091796875
40,2023-11-16,24900.0,20915.595703125
40,2023-11-21,24900.0,20931.19921875
40,2023-11-23,25000.0,20969.49609375
40,2023-11-28,25000.0,20984.7734375
40,2023-11-30,25000.0,21022.30078125
40,2023-12-05,25000.0,21036.892578125
40,2023-12-07,25200.0,21072.037109375
40,2023-12-12,25300.0,21085.5234375
40,2023-12-14,25300.0,21117.7421875
40,2023-12-19,25250.0,21129.953125
40,2024-01-03,26500.0,21158.72265625
40,2024-01-05,24750.0,16888.666015625
40,2024-01-10,25300.0,16874.25
40,2024-01-12,23500.0,16840.8359375
40,2024-01-17,24500.0,16829.6171875
40,2024-01-19,25100.0,16813.80859375
40,2024-01-24,24750.0,16810.92578125
40,2024-01-26,26500.0,16812.6015625
40,2024-01-31,26500.0,16814.5234375
40,2024-02-02,26500.0,16815.810546875
40,2024-02-07,24750.0,16814.955078125
40,2024-02-09,25300.0,16809.70703125
40,2024-02-14,23500.0,16807.9140625
40,2024-02-16,24150.0,16813.859375
40,2024-02-21,25100.0,16819.57421875
40,2024-02-23,24750.0,16844.6796875
40,2024-02-28,26500.0,16857.5546875
40,2024-03-01,26500.0,16892.029296875
40,2024-03-06,24750.0,16906.01171875
40,2024-03-08,25300.0,16940.908203125
40,2024-03-13,23500.0,16954.6953125
40,2024-03-15,24500.0,17018.208984375
40,2024-03-20,25100.0,17075.255859375
40,2024-03-22,24750.0,17305.716796875
40,2024-03-27,26500.0,17422.9765625
40,2024-03-29,26500.0,17731.72265625
40,2024-04-03,24000.0,17866.880859375
40,2024-04-05,25350.0,18206.30859375
40,2024-04-10,24550.0,18340.525390625
40,2024-04-12,25000.0,18669.4375
40,2024-04-17,23500.0,18797.890625
40,2024-04-24,24250.0,19111.787109375
40,2024-05-01,22500.0,19525.783203125
40,2024-05-03,23250.0,19903.1171875
40,2024-05-08,23850.0,20004.33984375
40,2024-05-10,22500.0,20241.86328125
40,2024-05-15,23000.0,20330.5
40,2024-05-17,24100.0,20536.27734375
40,2024-05-22,23750.0,20612.25390625
40,2024-05-24,23000.0,20787.212890625
40,2024-05-29,23750.0,20851.361328125
40,2024-05-31,23000.0,20998.09375
40,2024-06-05,24000.0,21051.576171875
40,2024-06-07,25350.0,21173.10546875
40,2024-06-12,24550.0,21216.953125
40,2024-06-14,25000.0,21315.4921875
40,2024-06-19,23000.0,21350.8359375
40,2024-06-21,24100.0,21429.49609375
40,2024-06-26,23750.0,21457.3515625
40,2024-06-28,23000.0,21518.76953125
40,2024-07-10,24250.0,21540.23828125
40,2024-07-17,23500.0,21637.12890625
40,2024-07-19,25000.0,21671.2109375
40,2024-07-24,24550.0,21678.248046875
40,2024-07-26,25350.0,21691.23828125
40,2024-07-31,24000.0,21694.62890625
40,2024-08-02,23750.0,21698.765625
40,2024-08-07,23000.0,21698.6875
40,2024-08-09,24100.0,21694.1796875
40,2024-08-14,23750.0,21690.6171875
40,2024-08-16,22500.0,21676.69921875
40,2024-08-21,23000.0,21669.15625
40,2024-08-23,23250.0,21645.119140625
40,2024-08-28,23850.0,21633.3046875
40,2024-08-30,22500.0,21597.8515625
40,2024-09-04,23000.0,21581.1328125
40,2024-09-06,24100.0,21532.421875
40,2024-09-11,23750.0,21509.91796875
40,2024-09-13,25000.0,21445.576171875
40,2024-09-18,23000.0,21416.3359375
40,2024-09-20,24550.0,21333.8828125
40,2024-09-25,25350.0,21296.8671875
40,2024-10-04,26500.0,21193.4140625
40,2024-10-11,24750.0,19607.39453125
40,2024-10-16,23500.0,19625.97265625
40,2024-10-18,24500.0,19640.255859375
40,2024-10-23,26500.0,19646.244140625
40,2024-10-25,24750.0,19661.58984375
40,2024-10-30,25300.0,19667.82421875
40,2024-11-01,24750.0,19683.623046875
40,2024-11-06,26500.0,19689.984375
40,2024-11-08,24150.0,19706.06640625
40,2024-11-13,25100.0,19712.53125
40,2024-11-15,25300.0,19729.05859375
40,2024-11-20,23500.0,19735.90625
40,2024-11-22,26500.0,19753.015625
40,2024-11-27,24750.0,19759.849609375
40,2024-11-29,24750.0,19776.927734375
40,2024-12-04,26500.0,19783.623046875
40,2024-12-06,26500.0,19800.05859375
40,2024-12-09,25100.0,19806.515625
40,2024-12-11,25100.0,22034.2578125
40,2024-12-13,24750.0,22034.4296875
40,2024-12-16,23500.0,22034.244140625
40,2024-12-18,23500.0,22033.3359375
40,2024-12-20,23500.0,22032.400390625
41,2023-02-01,16000.0,21355.228515625
41,2023-02-03,16200.0,21356.64453125
41,2023-02-06,17000.0,21356.28125
41,2023-02-08,16100.0,20790.009765625
41,2023-02-10,16400.0,21353.0859375
41,2023-02-15,16000.0,21350.87890625
41,2023-02-17,16300.0,21343.09375
41,2023-02-20,16500.0,21339.078125
41,2023-02-22,16300.0,20768.111328125
41,2023-02-25,16200.0,21326.806640625
41,2023-02-27,16500.0,21317.951171875
41,2023-03-01,16000.0,20748.001953125
41,2023-03-02,16000.0,21304.435546875
41,2023-03-05,16200.0,20737.6171875
41,2023-03-06,16000.0,21289.0
41,2023-03-08,16000.0,20722.205078125
41,2023-03-10,16100.0,21276.23828125
41,2023-03-13,16000.0,21267.1640625
41,2023-03-15,16000.0,20691.142578125
41,2023-03-17,16300.0,21242.537109375
41,2023-03-20,16000.0,21231.96875
41,2023-03-22,16000.0,20655.4296875
41,2023-03-27,16000.0,21203.822265625
41,2023-03-29,16200.0,20615.546875
41,2023-03-30,16000.0,21160.58203125
41,2023-04-03,16000.0,20597.466796875
41,2023-04-05,16000.0,20572.37890625
41,2023-04-06,16000.0,21113.470703125
41,2023-04-07,16000.0,20553.09765625
41,2023-04-10,16000.0,21099.3828125
41,2023-04-11,16000.0,20526.7890625
41,2023-04-12,16022.0,20520.083984375
41,2023-04-13,16000.0,21063.08984375
41,2023-04-14,16022.0,20506.578125
41,2023-04-17,16000.0,21048.203125
41,2023-04-19,16022.0,20479.25390625
41,2023-04-20,16000.0,21010.11328125
41,2023-04-21,16022.0,20458.609375
41,2023-04-24,16000.0,20994.63671875
41,2023-04-25,16022.0,20430.818359375
41,2023-04-27,16000.0,20963.353515625
41,2023-04-27,16022.0,20409.783203125
41,2023-05-03,16000.0,20947.955078125
41,2023-05-05,16000.0,20901.439453125
41,2023-05-10,15822.0,20885.88671875
41,2023-05-12,16022.0,20847.154296875
41,2023-05-17,16022.0,20831.77734375
41,2023-05-19,16022.0,20793.75390625
41,2023-05-24,16222.0,20778.73046875
41,2023-05-26,16022.0,20742.0625
41,2023-06-07,16200.0,20727.79296875
41,2023-06-09,16000.0,20647.09765625
41,2023-06-14,16222.0,20634.84765625
41,2023-06-16,16222.0,20605.703125
41,2023-06-21,16022.0,20594.666015625
41,2023-06-23,16222.0,20568.69140625
41,2023-06-28,16422.0,20558.96484375
41,2023-06-30,16022.0,20536.44140625
41,2023-07-05,16200.0,20528.1640625
41,2023-07-07,16000.0,20509.3515625
41,2023-07-12,16200.0,20502.615234375
41,2023-07-14,16200.0,20487.9765625
41,2023-07-19,16000.0,20482.99609375
41,2023-07-21,16200.0,20472.677734375
41,2023-07-26,16400.0,20469.39453125
41,2023-07-28,16000.0,20463.310546875
41,2023-08-02,17000.0,20461.734375
41,2023-08-04,17000.0,20459.953125
41,2023-08-09,17500.0,20460.109375
41,2023-08-11,17500.0,20462.658203125
41,2023-08-16,17500.0,20464.55078125
41,2023-08-18,17500.0,20471.3515625
41,2023-08-23,17000.0,20474.91796875
41,2023-08-30,17000.0,20485.9609375
41,2023-09-06,17500.0,20506.40234375
41,2023-09-08,17500.0,20532.5859375
41,2023-09-13,15500.0,20541.02734375
41,2023-09-15,15500.0,20563.96484375
41,2023-09-20,15500.0,20573.822265625
41,2023-09-22,15500.0,20600.06640625
41,2023-09-27,15500.0,20611.171875
41,2023-09-29,15500.0,20640.6015625
41,2023-10-03,15500.0,20653.0390625
41,2023-10-05,15500.0,20679.13671875
41,2023-10-10,15500.0,20692.67578125
41,2023-10-12,15650.0,20727.619140625
41,2023-10-17,15650.0,20741.98828125
41,2023-10-19,15850.0,20778.953125
41,2023-10-24,15850.0,20794.04296875
41,2023-10-26,15850.0,20832.30078125
41,2023-10-31,15850.0,20847.763671875
41,2023-11-02,17000.0,20886.8203125
41,2023-11-07,17000.0,20902.5234375
41,2023-11-09,17000.0,20941.818359375
41,2023-11-14,17000.0,20957.828125
41,2023-11-16,17000.0,20997.427734375
41,2023-11-21,17000.0,21013.099609375
41,2023-11-23,17500.0,21051.537109375
41,2023-11-28,17500.0,21066.5703125
41,2023-11-30,17500.0,21103.10546875
41,2023-12-05,17500.0,21117.26953125
41,2023-12-07,17700.0,21151.341796875
41,2023-12-12,17800.0,21164.3984375
41,2023-12-14,17800.0,21195.73046875
41,2023-12-19,17750.0,21207.634765625
41,2024-01-03,21000.0,21235.67578125
41,2024-01-05,17500.0,16832.27734375
41,2024-01-10,20000.0,16821.25
41,2024-01-12,19500.0,16815.904296875
41,2024-01-17,20000.0,16825.103515625
41,2024-01-19,21000.0,16869.09765625
41,2024-01-24,22000.0,16889.2890625
41,2024-01-26,22300.0,16928.736328125
41,2024-01-31,22300.0,16938.560546875
41,2024-02-02,21000.0,16947.2265625
41,2024-02-07,18500.0,16943.490234375
41,2024-02-09,20000.0,16918.185546875
41,2024-02-14,19500.0,16902.16796875
41,2024-02-16,21500.0,16853.427734375
41,2024-02-21,19800.0,16834.26171875
41,2024-02-23,22000.0,16807.8046875
41,2024-02-28,21300.0,16810.1953125
41,2024-03-01,21000.0,16837.125
41,2024-03-06,17500.0,16853.5859375
41,2024-03-08,20000.0,16895.857421875
41,2024-03-13,19500.0,16912.36328125
41,2024-03-15,20000.0,16951.603515625
41,2024-03-20,21000.0,16966.515625
41,2024-03-22,22000.0,17073.72265625
41,2024-03-27,22300.0,17159.412109375
41,2024-03-29,22300.0,17440.94921875
41,2024-04-03,21000.0,17568.755859375
41,2024-04-05,17500.0,17901.361328125
41,2024-04-10,20000.0,18040.4296875
41,2024-04-12,19500.0,18381.82421875
41,2024-04-17,20000.0,18515.15234375
41,2024-04-24,22000.0,18839.349609375
41,2024-05-01,20000.0,19271.134765625
41,2024-05-03,18500.0,19666.9453125
41,2024-05-08,20000.0,19772.81640625
41,2024-05-10,19500.0,20024.3125
41,2024-05-15,18000.0,20118.5703125
41,2024-05-17,18500.0,20337.595703125
41,2024-05-22,18000.0,20418.86328125
41,2024-05-24,18300.0,20606.859375
41,2024-05-29,18000.0,20676.01953125
41,2024-05-31,18300.0,20834.533203125
41,2024-06-05,21000.0,20892.384765625
41,2024-06-07,17500.0,21024.208984375
41,2024-06-12,20000.0,21072.123046875
41,2024-06-14,19500.0,21180.36328125
41,2024-06-19,18000.0,21219.17578125
41,2024-06-21,18500.0,21306.029296875
41,2024-06-26,18000.0,21336.943359375
41,2024-06-28,18300.0,21405.3046875
41,2024-07-10,22000.0,21429.287109375
41,2024-07-17,20000.0,21538.06640625
41,2024-07-19,19500.0,21576.998046875
41,2024-07-24,20000.0,21585.1640625
41,2024-07-26,17500.0,21600.16796875
41,2024-07-31,21000.0,21604.05859375
41,2024-08-02,18000.0,21608.66796875
41,2024-08-07,18300.0,21608.47265625
41,2024-08-09,18500.0,21602.88671875
41,2024-08-14,18000.0,21598.578125
41,2024-08-16,19500.0,21582.486328125
41,2024-08-21,18000.0,21573.8359375
41,2024-08-23,18500.0,21546.3671875
41,2024-08-28,20000.0,21532.921875
41,2024-08-30,20000.0,21492.6796875
41,2024-09-04,18300.0,21473.7890625
41,2024-09-06,18500.0,21418.8671875
41,2024-09-11,18000.0,21393.6171875
41,2024-09-13,19500.0,21321.97265625
41,2024-09-18,18000.0,21289.576171875
41,2024-09-20,20000.0,21198.361328125
41,2024-09-25,17500.0,21157.58984375
41,2024-09-27,21000.0,21044.05859375
41,2024-10-04,22300.0,20993.79296875
41,2024-10-11,22000.0,19779.5
41,2024-10-16,19500.0,19805.3984375
41,2024-10-18,20000.0,19825.125
41,2024-10-23,21000.0,19833.37890625
41,2024-10-25,17500.0,19854.52734375
41,2024-10-30,20000.0,19863.1328125
41,2024-11-01,22000.0,19884.912109375
41,2024-11-06,21300.0,19893.75390625
41,2024-11-08,21500.0,19916.16015625
41,2024-11-13,19800.0,19925.15234375
41,2024-11-15,20000.0,19947.6484375
41,2024-11-20,19500.0,19956.75
41,2024-11-22,21000.0,19979.828125
41,2024-11-27,18500.0,19988.953125
41,2024-11-29,18500.0,20011.47265625
41,2024-12-04,22300.0,20020.421875
41,2024-12-06,22300.0,20042.166015625
41,2024-12-09,21000.0,20050.603515625
41,2024-12-11,21000.0,22031.998046875
41,2024-12-13,22000.0,22030.4765625
41,2024-12-16,19500.0,22028.50390625
41,2024-12-18,19500.0,22024.904296875
41,2024-12-20,19500.0,22022.13671875
42,2021-05-04,9500.0,40799.94140625
42,2021-05-06,10500.0,42641.75
42,2021-05-06,9500.0,40615.37109375
42,2021-05-07,9500.0,42426.83203125
42,2021-05-10,10500.0,42324.88671875
42,2021-05-11,10500.0,40248.8828125
42,2021-05-11,9000.0,40156.125
42,2021-05-13,10500.0,41942.23046875
42,2021-05-13,9000.0,39967.8671875
42,2021-05-14,10000.0,41762.83984375
42,2021-05-18,9000.0,41675.87890625
42,2021-05-20,9500.0,41328.64453125
42,2021-05-21,10000.0,41160.62890625
42,2021-05-24,10500.0,41079.73828125
42,2021-05-25,10500.0,38895.78125
42,2021-05-26,9000.0,38796.80078125
42,2021-05-27,10500.0,40667.69140625
42,2021-05-28,9000.0,38599.56640625
42,2021-05-31,10500.0,40506.67578125
42,2021-06-04,10000.0,38207.67578125
42,2021-06-07,10000.0,39949.45703125
42,2021-06-08,10000.0,37537.62890625
42,2021-06-08,9000.0,37444.375
42,2021-06-09,10500.0,39638.23046875
42,2021-06-10,10000.0,39561.63671875
42,2021-06-11,10500.0,37260.3515625
42,2021-06-14,10000.0,39410.38671875
42,2021-06-15,9000.0,36900.36328125
42,2021-06-15,10000.0,39112.109375
42,2021-06-17,10000.0,36812.25390625
42,2021-06-17,8500.0,36639.79296875
42,2021-06-18,7500.0,38965.2734375
42,2021-06-21,10000.0,38893.41015625
42,2021-06-22,10000.0,36306.68359375
42,2021-06-22,9000.0,36226.38671875
42,2021-07-01,9000.0,38617.6796875
42,2021-07-02,9000.0,38065.984375
42,2021-07-05,9000.0,38011.90625
42,2021-07-08,7500.0,37859.5625
42,2021-07-09,9000.0,37722.16015625
42,2021-07-15,9000.0,37679.9140625
42,2021-07-20,9000.0,37462.50390625
42,2021-07-22,8500.0,37333.546875
42,2021-07-23,9000.0,37295.79296875
42,2021-08-02,7500.0,37279.92578125
42,2021-08-05,7500.0,34563.53515625
42,2021-08-06,8500.0,34592.94921875
42,2021-08-10,8500.0,37271.60546875
42,2021-08-10,7500.0,37342.55078125
42,2021-08-12,8500.0,34689.30859375
42,2021-08-13,9500.0,37390.05859375
42,2021-08-17,7700.0,37416.82421875
42,2021-08-23,7700.0,34923.36328125
42,2021-08-30,7800.0,35211.9375
42,2021-09-20,7500.0,35642.01953125
42,2023-01-02,7600.0,37375.41796875
42,2023-01-04,6200.0,20814.1640625
42,2023-01-05,10500.0,21377.8515625
42,2023-01-06,6200.0,21027.138671875
42,2023-01-11,6400.0,21384.55859375
42,2023-01-13,6600.0,21399.109375
42,2023-01-18,6200.0,21404.0625
42,2023-01-20,6200.0,21414.23828125
42,2023-01-25,6200.0,21417.4296875
42,2023-01-27,6100.0,21423.18359375
42,2023-01-30,9500.0,21424.599609375
42,2023-02-01,6200.0,21072.962890625
42,2023-02-03,6100.0,21425.8984375
42,2023-02-06,7800.0,21425.52734375
42,2023-02-06,9000.0,20869.658203125
42,2023-02-08,6000.0,21071.34375
42,2023-02-10,6600.0,21422.3828125
42,2023-02-15,6200.0,21420.234375
42,2023-02-17,6200.0,21412.66015625
42,2023-02-20,7200.0,21408.755859375
42,2023-02-20,9500.0,20847.4609375
42,2023-02-22,6200.0,21049.162109375
42,2023-02-23,9500.0,21396.83203125
42,2023-02-25,6100.0,21041.212890625
42,2023-02-27,6800.0,21388.310546875
42,2023-02-27,9000.0,20827.62890625
42,2023-03-01,6200.0,21028.9140625
42,2023-03-02,6800.0,21375.28515625
42,2023-03-05,6100.0,20817.41015625
42,2023-03-06,11000.0,21360.41015625
42,2023-03-06,6500.0,21002.90234375
42,2023-03-08,6200.0,20802.236328125
42,2023-03-09,9500.0,21348.0390625
42,2023-03-10,6000.0,20990.103515625
42,2023-03-13,6200.0,21339.23046875
42,2023-03-13,9000.0,20771.5703125
42,2023-03-15,6200.0,20971.54296875
42,2023-03-17,6200.0,21315.35546875
42,2023-03-20,6200.0,21305.08984375
42,2023-03-20,9000.0,20736.078125
42,2023-03-22,6200.0,20935.244140625
42,2023-03-23,10500.0,21277.65625
42,2023-03-27,6500.0,20918.744140625
42,2023-03-27,10000.0,20696.42578125
42,2023-03-29,6100.0,20895.5546875
42,2023-03-30,9500.0,21235.455078125
42,2023-03-30,6500.0,20877.35546875
42,2023-04-03,9500.0,20678.28515625
42,2023-04-03,10000.0,20852.1328125
42,2023-04-05,9800.0,20653.298828125
42,2023-04-06,8500.0,21189.541015625
42,2023-04-06,9800.0,20832.578125
42,2023-04-07,9800.0,20633.947265625
42,2023-04-10,9700.0,21175.83203125
42,2023-04-10,9500.0,20607.498046875
42,2023-04-11,10000.0,20805.70703125
42,2023-04-12,9722.0,20600.796875
42,2023-04-13,10000.0,21140.41796875
42,2023-04-13,9500.0,20587.30078125
42,2023-04-14,9722.0,20785.0390625
42,2023-04-17,10000.0,21125.92578125
42,2023-04-19,10022.0,20559.796875
42,2023-04-20,10000.0,21088.833984375
42,2023-04-20,10000.0,20538.8671875
42,2023-04-21,10022.0,20735.57421875
42,2023-04-24,10000.0,21073.705078125
42,2023-04-24,9800.0,20706.865234375
42,2023-04-25,9822.0,20510.822265625
42,2023-04-27,9822.0,21043.12890625
42,2023-04-27,9800.0,21027.673828125
42,2023-05-03,9800.0,20489.84765625
42,2023-05-05,9800.0,20980.990234375
42,2023-05-08,9000.0,20965.37109375
42,2023-05-10,9622.0,20605.287109375
42,2023-05-12,9822.0,20926.6015625
42,2023-05-17,10022.0,20911.4921875
42,2023-05-19,10022.0,20874.08984375
42,2023-05-24,10222.0,20859.33984375
42,2023-05-26,9822.0,20823.25390625
42,2023-06-07,10000.0,20809.111328125
42,2023-06-09,9800.0,20729.24609375
42,2023-06-14,10022.0,20716.96484375
42,2023-06-16,10022.0,20687.59765625
42,2023-06-21,10022.0,20676.43359375
42,2023-06-23,10222.0,20650.234375
42,2023-06-28,10422.0,20640.421875
42,2023-06-30,9822.0,20617.75390625
42,2023-07-05,10000.0,20609.45703125
42,2023-07-07,9800.0,20590.8671875
42,2023-07-12,10000.0,20584.197265625
42,2023-07-14,10000.0,20569.54296875
42,2023-07-19,10000.0,20564.498046875
42,2023-07-21,10200.0,20554.015625
42,2023-07-26,10400.0,20550.66015625
42,2023-07-28,9800.0,20544.4140625
42,2023-08-02,9200.0,20542.7734375
42,2023-08-04,9200.0,20540.951171875
42,2023-08-09,10500.0,20541.091796875
42,2023-08-11,10500.0,20543.59765625
42,2023-08-16,10500.0,20545.47265625
42,2023-08-18,10500.0,20552.2890625
42,2023-08-23,9200.0,20555.87890625
42,2023-08-30,9200.0,20566.91015625
42,2023-09-06,10500.0,20587.23828125
42,2023-09-08,10500.0,20613.0859375
42,2023-09-13,10000.0,20621.53125
42,2023-09-15,10000.0,20644.73828125
42,2023-09-20,10000.0,20654.7421875
42,2023-09-22,9500.0,20681.5078125
42,2023-09-27,9500.0,20692.9140625
42,2023-09-29,9500.0,20722.85546875
42,2023-10-03,9500.0,20735.375
42,2023-10-05,9500.0,20761.41015625
42,2023-10-10,9500.0,20774.8515625
42,2023-10-12,9650.0,20809.443359375
42,2023-10-17,9650.0,20823.65625
42,2023-10-19,9850.0,20860.0390625
42,2023-10-24,9850.0,20874.87890625
42,2023-10-26,9850.0,20912.826171875
42,2023-10-31,9850.0,20928.52734375
42,2023-11-02,11500.0,20967.9296875
42,2023-11-07,11500.0,20983.703125
42,2023-11-09,11500.0,21023.052734375
42,2023-11-14,11600.0,21038.72265625
42,2023-11-16,11600.0,21077.421875
42,2023-11-21,11600.0,21092.6796875
42,2023-11-23,11500.0,21130.0390625
42,2023-11-28,11500.0,21144.611328125
42,2023-11-30,11500.0,21180.052734375
42,2023-12-05,11500.0,21193.8515625
42,2023-12-07,11700.0,21227.076171875
42,2023-12-12,11800.0,21239.791015625
42,2023-12-14,11800.0,21270.12890625
42,2023-12-19,11750.0,21281.673828125
42,2024-01-03,13500.0,21308.802734375
42,2024-01-05,11300.0,16823.38671875
42,2024-01-10,12700.0,16846.140625
42,2024-01-12,13000.0,16933.8984375
42,2024-01-17,13600.0,16973.2421875
42,2024-01-19,13200.0,17067.69140625
42,2024-01-24,13000.0,17099.88671875
42,2024-01-26,13500.0,17159.515625
42,2024-01-31,13500.0,17174.302734375
42,2024-02-02,12500.0,17186.50390625
42,2024-02-07,12300.0,17181.494140625
42,2024-02-09,12700.0,17144.552734375
42,2024-02-14,13000.0,17120.404296875
42,2024-02-16,13600.0,17040.6171875
42,2024-02-21,12200.0,17002.7421875
42,2024-02-23,13000.0,16904.076171875
42,2024-02-28,13500.0,16866.8671875
42,2024-03-01,13500.0,16810.62109375
42,2024-03-06,11300.0,16809.12890625
42,2024-03-08,12700.0,16842.458984375
42,2024-03-13,13000.0,16861.67578125
42,2024-03-15,13600.0,16909.22265625
42,2024-03-20,13200.0,16926.998046875
42,2024-03-22,13000.0,16968.15625
42,2024-03-27,13500.0,17000.234375
42,2024-03-29,13500.0,17176.908203125
42,2024-04-03,13000.0,17287.83203125
42,2024-04-05,12500.0,17607.388671875
42,2024-04-10,12700.0,17737.404296875
42,2024-04-12,13000.0,18089.89453125
42,2024-04-17,12600.0,18228.2734375
42,2024-04-24,13000.0,18564.6015625
42,2024-05-01,12000.0,19010.69921875
42,2024-05-03,11300.0,19424.328125
42,2024-05-08,12700.0,19535.275390625
42,2024-05-10,12000.0,19798.91015625
42,2024-05-15,11600.0,19898.09765625
42,2024-05-17,12300.0,20130.30859375
42,2024-05-22,12000.0,20216.80078125
42,2024-05-24,12500.0,20417.251953125
42,2024-05-29,12000.0,20491.28125
42,2024-05-31,12500.0,20661.619140625
42,2024-06-05,13000.0,20723.96484375
42,2024-06-07,12500.0,20866.255859375
42,2024-06-12,12700.0,20918.029296875
42,2024-06-14,13000.0,21035.3125
42,2024-06-19,11600.0,21077.685546875
42,2024-06-21,12300.0,21172.79296875
42,2024-06-26,12000.0,21206.69921875
42,2024-06-28,12500.0,21282.0
42,2024-07-10,13000.0,21308.515625
42,2024-07-17,12600.0,21428.904296875
42,2024-07-19,13000.0,21472.49609375
42,2024-07-24,12700.0,21481.6328125
42,2024-07-26,12500.0,21498.43359375
42,2024-07-31,13000.0,21502.78515625
42,2024-08-02,12000.0,21507.873046875
42,2024-08-07,12500.0,21507.61328125
42,2024-08-09,12300.0,21501.236328125
42,2024-08-14,12000.0,21496.35546875
42,2024-08-16,12000.0,21478.15625
42,2024-08-21,11600.0,21468.388671875
42,2024-08-23,11300.0,21437.396484375
42,2024-08-28,12700.0,21422.26171875
42,2024-08-30,12000.0,21377.232421875
42,2024-09-04,12500.0,21356.1796875
42,2024-09-06,12300.0,21295.375
42,2024-09-11,12000.0,21267.517578125
42,2024-09-13,13000.0,21188.359375
42,2024-09-18,11600.0,21152.7109375
42,2024-09-20,12700.0,21052.953125
42,2024-09-25,12500.0,21008.50390625
42,2024-09-27,13000.0,20885.029296875
42,2024-10-04,13500.0,20830.41015625
42,2024-10-11,13000.0,20021.15625
42,2024-10-16,13000.0,20054.4609375
42,2024-10-18,13600.0,20079.87109375
42,2024-10-23,13500.0,20090.33984375
42,2024-10-25,11300.0,20117.203125
42,2024-10-30,12700.0,20128.19140625
42,2024-11-01,13000.0,20155.61328125
42,2024-11-06,13500.0,20166.56640625
42,2024-11-08,13600.0,20194.22265625
42,2024-11-13,12200.0,20205.3515625
42,2024-11-15,12700.0,20233.107421875
42,2024-11-20,13000.0,20244.169921875
42,2024-11-22,12500.0,20271.53515625
42,2024-11-27,12300.0,20282.35546875
42,2024-11-29,12300.0,20308.91796875
42,2024-12-04,13500.0,20319.283203125
42,2024-12-06,13500.0,20344.3203125
42,2024-12-09,13200.0,20353.916015625
42,2024-12-11,13200.0,22021.849609375
42,2024-12-13,13000.0,22018.322265625
42,2024-12-16,13000.0,22014.47265625
42,2024-12-18,13000.0,22008.158203125
42,2024-12-20,13000.0,22003.5703125
43,2021-05-04,10000.0,40807.33984375
43,2021-05-04,7700.0,40717.98828125
43,2021-05-06,10000.0,42495.1640625
43,2021-05-06,7700.0,40538.9296875
43,2021-05-07,7700.0,42292.58203125
43,2021-05-10,10500.0,42196.77734375
43,2021-05-11,10500.0,40178.92578125
43,2021-05-11,9500.0,40087.99609375
43,2021-05-13,10500.0,41831.55859375
43,2021-05-13,13000.0,39904.15234375
43,2021-05-14,10000.0,41658.66015625
43,2021-05-18,13000.0,41572.66796875
43,2021-05-20,13000.0,41234.6640625
43,2021-05-21,10000.0,41072.5625
43,2021-05-24,10500.0,40992.37890625
43,2021-05-25,10500.0,38851.3984375
43,2021-05-26,13000.0,38754.12890625
43,2021-05-27,10500.0,40587.14453125
43,2021-05-28,9000.0,38560.81640625
43,2021-05-31,10500.0,40429.18359375
43,2021-06-04,8000.0,38177.25
43,2021-06-07,10500.0,39881.91796875
43,2021-06-08,10500.0,37521.25390625
43,2021-06-08,7500.0,37430.33203125
43,2021-06-09,11500.0,39576.0078125
43,2021-06-10,10500.0,39500.6796875
43,2021-06-11,11500.0,37250.34765625
43,2021-06-14,10500.0,39351.76953125
43,2021-06-15,11000.0,36899.6796875
43,2021-06-15,10500.0,39058.35546875
43,2021-06-17,10500.0,36813.6796875
43,2021-06-17,9500.0,36645.40234375
43,2021-06-18,7500.0,38914.97265625
43,2021-06-21,10500.0,38844.96484375
43,2021-06-22,10500.0,36320.578125
43,2021-06-22,11000.0,36242.45703125
43,2021-07-01,10500.0,38574.82421875
43,2021-07-02,8000.0,38034.77734375
43,2021-07-05,7400.0,37981.828125
43,2021-07-08,7500.0,37832.53515625
43,2021-07-09,7500.0,37697.9609375
43,2021-07-15,7500.0,37656.56640625
43,2021-07-20,11000.0,37443.98046875
43,2021-07-22,11000.0,37317.76171875
43,2021-07-23,11000.0,37280.78125
43,2021-08-02,7500.0,37265.26953125
43,2021-08-05,7500.0,34611.69140625
43,2021-08-06,9000.0,34639.71484375
43,2021-08-10,8000.0,37257.13671875
43,2021-08-10,7500.0,37326.66015625
43,2021-08-12,8500.0,34733.76171875
43,2021-08-17,8000.0,37373.19921875
43,2021-08-23,8000.0,34962.02734375
43,2021-08-30,7800.0,35244.07421875
43,2021-09-20,7500.0,35663.08984375
43,2023-01-02,13850.0,37353.98046875
43,2023-01-04,13850.0,20893.89453125
43,2023-01-05,10000.0,21445.43359375
43,2023-01-06,13850.0,21102.611328125
43,2023-01-11,14050.0,21451.83984375
43,2023-01-13,14250.0,21465.888671875
43,2023-01-16,14500.0,21470.765625
43,2023-01-18,13850.0,20934.6640625
43,2023-01-20,13850.0,21480.76171875
43,2023-01-25,13850.0,21483.865234375
43,2023-01-27,13750.0,21489.43359375
43,2023-01-30,10000.0,21490.783203125
43,2023-02-01,13850.0,21146.982421875
43,2023-02-03,13750.0,21491.9609375
43,2023-02-06,9500.0,21491.546875
43,2023-02-06,14500.0,21145.375
43,2023-02-08,13650.0,20949.26953125
43,2023-02-10,14250.0,21488.345703125
43,2023-02-15,13850.0,21486.19140625
43,2023-02-17,13850.0,21478.783203125
43,2023-02-20,14500.0,21475.0
43,2023-02-20,11000.0,20927.294921875
43,2023-02-22,13850.0,21123.732421875
43,2023-02-23,13000.0,21463.44140625
43,2023-02-25,13750.0,21115.96875
43,2023-02-27,14650.0,21455.06640625
43,2023-02-27,11500.0,20907.171875
43,2023-03-01,13850.0,21103.966796875
43,2023-03-02,14650.0,21442.291015625
43,2023-03-05,13750.0,20896.73828125
43,2023-03-06,11000.0,21427.79296875
43,2023-03-06,14000.0,21078.54296875
43,2023-03-08,13850.0,20881.234375
43,2023-03-09,11000.0,21415.80859375
43,2023-03-10,13650.0,21065.986328125
43,2023-03-13,13850.0,21407.31640625
43,2023-03-13,10000.0,20850.1640625
43,2023-03-15,13850.0,21047.80078125
43,2023-03-17,13850.0,21384.3984375
43,2023-03-20,13850.0,21374.50390625
43,2023-03-20,9000.0,20814.45703125
43,2023-03-22,13850.0,21012.2109375
43,2023-03-23,11000.0,21348.072265625
43,2023-03-27,13850.0,20995.578125
43,2023-03-27,12000.0,20775.41796875
43,2023-03-29,13750.0,20972.279296875
43,2023-03-30,11000.0,21307.267578125
43,2023-03-30,13850.0,20953.970703125
43,2023-04-03,16000.0,20757.5078125
43,2023-04-03,10500.0,20732.68359375
43,2023-04-05,16250.0,20928.57421875
43,2023-04-06,16250.0,21262.416015625
43,2023-04-06,10500.0,20713.4609375
43,2023-04-07,16250.0,20908.810546875
43,2023-04-10,16300.0,21248.93359375
43,2023-04-10,11000.0,20687.072265625
43,2023-04-11,16500.0,20882.361328125
43,2023-04-12,16322.0,20680.361328125
43,2023-04-13,16300.0,21214.412109375
43,2023-04-13,9000.0,20666.845703125
43,2023-04-14,16322.0,20862.048828125
43,2023-04-17,16300.0,21200.265625
43,2023-04-19,16522.0,20639.4453125
43,2023-04-20,16500.0,21164.1171875
43,2023-04-20,10500.0,20618.54296875
43,2023-04-21,16522.0,20813.3359375
43,2023-04-24,10500.0,21149.330078125
43,2023-04-24,16500.0,20784.857421875
43,2023-04-25,16522.0,20590.51953125
43,2023-04-27,16500.0,21119.59765625
43,2023-04-27,16522.0,20569.40234375
43,2023-05-03,16250.0,21104.546875
43,2023-05-05,16250.0,21058.96875
43,2023-05-08,9500.0,21043.7265625
43,2023-05-10,16072.0,20684.171875
43,2023-05-12,16272.0,21005.609375
43,2023-05-17,16522.0,20990.455078125
43,2023-05-19,16522.0,20952.91796875
43,2023-05-24,16722.0,20938.083984375
43,2023-05-26,16522.0,20901.5859375
43,2023-06-07,16450.0,20887.625
43,2023-06-09,16250.0,20809.05859375
43,2023-06-14,16472.0,20796.875
43,2023-06-16,16472.0,20767.841796875
43,2023-06-21,16522.0,20756.826171875
43,2023-06-23,16722.0,20730.890625
43,2023-06-28,16922.0,20721.21875
43,2023-06-30,16522.0,20698.740234375
43,2023-07-05,16450.0,20690.458984375
43,2023-07-07,16250.0,20671.66015625
43,2023-07-12,16450.0,20664.931640625
43,2023-07-14,16450.0,20650.16796875
43,2023-07-19,16500.0,20645.06640625
43,2023-07-21,16700.0,20634.43359375
43,2023-07-26,16900.0,20631.02734375
43,2023-07-28,16500.0,20624.689453125
43,2023-08-02,15750.0,20623.03125
43,2023-08-04,15750.0,20621.10546875
43,2023-08-09,17250.0,20621.212890625
43,2023-08-11,17250.0,20623.6796875
43,2023-08-16,17250.0,20625.548828125
43,2023-08-18,17250.0,20632.42578125
43,2023-08-23,15750.0,20636.05859375
43,2023-08-30,15750.0,20647.24609375
43,2023-09-06,17250.0,20667.92578125
43,2023-09-08,17250.0,20694.2734375
43,2023-09-13,15000.0,20702.7890625
43,2023-09-15,15000.0,20725.859375
43,2023-09-20,15000.0,20735.79296875
43,2023-09-22,15000.0,20762.390625
43,2023-09-27,15000.0,20773.666015625
43,2023-09-29,15000.0,20803.23046875
43,2023-10-03,15000.0,20815.55078125
43,2023-10-05,15000.0,20841.15234375
43,2023-10-10,15000.0,20854.384765625
43,2023-10-12,15150.0,20888.865234375
43,2023-10-17,15150.0,20903.314453125
43,2023-10-19,15350.0,20940.234375
43,2023-10-24,15350.0,20955.23828125
43,2023-10-26,15350.0,20993.23046875
43,2023-10-31,15350.0,21008.5859375
43,2023-11-02,19000.0,21047.138671875
43,2023-11-07,19000.0,21062.5625
43,2023-11-09,19000.0,21100.96875
43,2023-11-14,19250.0,21116.197265625
43,2023-11-16,19250.0,21153.7265625
43,2023-11-21,19250.0,21168.48828125
43,2023-11-23,19350.0,21204.89453125
43,2023-11-28,19350.0,21219.11328125
43,2023-11-30,19350.0,21253.537109375
43,2023-12-05,19350.0,21266.859375
43,2023-12-07,19550.0,21299.0859375
43,2023-12-12,19650.0,21311.408203125
43,2023-12-14,19650.0,21340.724609375
43,2023-12-19,19600.0,21351.833984375
43,2024-01-03,21000.0,21378.0078125
43,2024-01-05,19250.0,16960.490234375
43,2024-01-10,19850.0,17018.8125
43,2024-01-12,19500.0,17161.19921875
43,2024-01-17,20500.0,17213.673828125
43,2024-01-19,19750.0,17321.94140625
43,2024-01-24,20600.0,17356.10546875
43,2024-01-26,21500.0,17420.890625
43,2024-01-31,21500.0,17436.427734375
43,2024-02-02,21000.0,17448.869140625
43,2024-02-07,19250.0,17443.380859375
43,2024-02-09,19850.0,17403.61328125
43,2024-02-14,19500.0,17377.37890625
43,2024-02-16,20500.0,17290.744140625
43,2024-02-21,19750.0,17247.41796875
43,2024-02-23,20600.0,17117.31640625
43,2024-02-28,21500.0,17059.7109375
43,2024-03-01,21000.0,16919.43359375
43,2024-03-06,19250.0,16871.27734375
43,2024-03-08,19850.0,16807.76171875
43,2024-03-13,19500.0,16813.337890625
43,2024-03-15,20500.0,16858.66796875
43,2024-03-20,19750.0,16879.634765625
43,2024-03-22,20600.0,16929.615234375
43,2024-03-27,21500.0,16947.50390625
43,2024-03-29,21500.0,17009.28515625
43,2024-04-03,21100.0,17069.9375
43,2024-04-05,20100.0,17327.474609375
43,2024-04-10,20600.0,17459.498046875
43,2024-04-12,19650.0,17793.671875
43,2024-04-17,20250.0,17936.912109375
43,2024-04-24,19650.0,18285.578125
43,2024-05-01,19000.0,18746.62890625
43,2024-05-03,19500.0,19175.953125
43,2024-05-08,18350.0,19291.75
43,2024-05-10,19000.0,19566.44140625
43,2024-05-15,18000.0,19670.546875
43,2024-05-17,18000.0,19914.9453125
43,2024-05-22,18100.0,20006.359375
43,2024-05-24,17500.0,20219.1484375
43,2024-05-29,18100.0,20297.9609375
43,2024-05-31,17500.0,20479.61328125
43,2024-06-05,21100.0,20546.365234375
43,2024-06-07,20100.0,20699.234375
43,2024-06-12,20600.0,20754.921875
43,2024-06-14,19650.0,20881.33984375
43,2024-06-19,18000.0,20927.02734375
43,2024-06-21,18000.0,21030.130859375
43,2024-06-26,18100.0,21067.037109375
43,2024-06-28,17500.0,21149.12109375
43,2024-07-10,19650.0,21178.123046875
43,2024-07-17,20250.0,21310.673828125
43,2024-07-19,19650.0,21358.251953125
43,2024-07-24,20600.0,21368.318359375
43,2024-07-26,20100.0,21386.853515625
43,2024-07-31,21100.0,21391.65625
43,2024-08-02,18100.0,21397.23046875
43,2024-08-07,17500.0,21396.8984375
43,2024-08-09,18000.0,21389.65625
43,2024-08-14,18100.0,21384.169921875
43,2024-08-16,19000.0,21363.83203125
43,2024-08-21,18000.0,21352.966796875
43,2024-08-23,19500.0,21318.671875
43,2024-08-28,18350.0,21301.970703125
43,2024-08-30,19000.0,21252.28125
43,2024-09-04,17500.0,21229.060546875
43,2024-09-06,18000.0,21162.12890625
43,2024-09-11,18100.0,21131.603515625
43,2024-09-13,19650.0,21045.322265625
43,2024-09-18,18000.0,21006.5546875
43,2024-09-20,20600.0,20898.13671875
43,2024-09-25,20100.0,20849.89453125
43,2024-09-27,21100.0,20716.625
43,2024-10-04,21500.0,20658.017578125
43,2024-10-11,20600.0,19882.53125
43,2024-10-16,19500.0,19911.28515625
43,2024-10-18,20500.0,19933.17578125
43,2024-10-23,21000.0,19942.169921875
43,2024-10-25,19250.0,19965.212890625
43,2024-10-30,19850.0,19974.595703125
43,2024-11-01,20600.0,19998.27734375
43,2024-11-06,21500.0,20007.9375
43,2024-11-08,20500.0,20032.33203125
43,2024-11-13,19750.0,20042.05859375
43,2024-11-15,19850.0,20066.77734375
43,2024-11-20,19500.0,20076.666015625
43,2024-11-22,21000.0,20101.3125
43,2024-11-27,19250.0,20111.1171875
43,2024-11-29,19250.0,20135.20703125
43,2024-12-04,21500.0,20144.59765625
43,2024-12-06,21500.0,20167.3359375
43,2024-12-09,19750.0,20176.033203125
43,2024-12-11,19750.0,22003.76953125
43,2024-12-13,20600.0,21998.31640625
43,2024-12-16,19500.0,21992.556640625
43,2024-12-18,19500.0,21983.259765625
43,2024-12-20,19500.0,21976.62890625
44,2021-05-13,10500.0,40022.56640625
44,2021-05-24,10500.0,39842.0546875
44,2021-05-25,10000.0,38808.5546875
44,2021-05-27,10000.0,38713.26171875
44,2021-05-31,10000.0,38523.8046875
44,2021-06-07,9500.0,38148.25
44,2021-06-08,9500.0,37504.22265625
44,2021-06-10,9500.0,37414.9453125
44,2021-06-14,9500.0,37238.09765625
44,2021-06-15,9500.0,36894.32421875
44,2021-06-17,9500.0,36810.20703125
44,2021-06-21,9500.0,36644.8515625
44,2021-06-22,9500.0,36326.41015625
44,2021-08-02,7500.0,36249.63671875
44,2021-08-05,7500.0,34657.0078125
44,2021-08-10,7500.0,34684.40625
44,2021-08-17,7500.0,34776.0703125
44,2021-08-23,7500.0,34999.1171875
44,2021-08-30,7500.0,35274.83984375
44,2021-09-20,7500.0,35683.26171875
44,2023-01-02,7600.0,37333.4921875
44,2023-01-04,6500.0,20971.826171875
44,2023-01-06,6500.0,21511.0078125
44,2023-01-11,6700.0,21517.2578125
44,2023-01-13,6900.0,21530.81640625
44,2023-01-18,6500.0,21535.4140625
44,2023-01-20,6800.0,21544.865234375
44,2023-01-25,6800.0,21547.814453125
44,2023-01-27,6700.0,21553.099609375
44,2023-02-01,6500.0,21554.375
44,2023-02-03,6700.0,21555.466796875
44,2023-02-06,8000.0,21555.068359375
44,2023-02-08,6600.0,21025.83203125
44,2023-02-10,6900.0,21551.98046875
44,2023-02-15,6500.0,21549.91015625
44,2023-02-17,6800.0,21542.66796875
44,2023-02-20,7500.0,21538.9453125
44,2023-02-22,6800.0,21004.2109375
44,2023-02-25,6700.0,21527.609375
44,2023-02-27,7200.0,21519.412109375
44,2023-03-01,6500.0,20984.4296875
44,2023-03-02,7100.0,21506.873046875
44,2023-03-05,6700.0,20974.220703125
44,2023-03-06,6800.0,21492.53125
44,2023-03-08,6500.0,20959.05859375
44,2023-03-10,6600.0,21480.7421875
44,2023-03-13,6500.0,21472.48046875
44,2023-03-15,6500.0,20928.42578125
44,2023-03-17,6800.0,21449.9921875
44,2023-03-20,6500.0,21440.3359375
44,2023-03-22,6500.0,20892.927734375
44,2023-03-27,6500.0,21414.587890625
44,2023-03-29,6700.0,20853.23828125
44,2023-03-30,6500.0,21375.236328125
44,2023-04-03,9000.0,20835.107421875
44,2023-04-05,8800.0,20810.013671875
44,2023-04-06,8800.0,21332.03515625
44,2023-04-07,8800.0,20790.724609375
44,2023-04-10,8700.0,21319.0546875
44,2023-04-11,8300.0,20764.71875
44,2023-04-12,8722.0,20758.0859375
44,2023-04-13,8500.0,21285.447265625
44,2023-04-14,8722.0,20744.68359375
44,2023-04-17,8500.0,21271.59375
44,2023-04-19,8722.0,20717.4609375
44,2023-04-20,8700.0,21236.1875
44,2023-04-21,8722.0,20696.736328125
44,2023-04-24,8700.0,21221.751953125
44,2023-04-25,8722.0,20668.76953125
44,2023-04-27,8700.0,21192.67578125
44,2023-04-27,8722.0,20647.75390625
44,2023-05-03,8800.0,21178.0078125
44,2023-05-05,8800.0,21133.634765625
44,2023-05-10,8622.0,21118.80078125
44,2023-05-12,8822.0,21081.6640625
44,2023-05-17,8722.0,21066.841796875
44,2023-05-19,8722.0,21030.14453125
44,2023-05-24,8922.0,21015.626953125
44,2023-05-26,8722.0,20979.95703125
44,2023-06-07,9000.0,20965.978515625
44,2023-06-09,8800.0,20886.5703125
44,2023-06-14,9022.0,20874.25
44,2023-06-16,9022.0,20845.5390625
44,2023-06-21,8722.0,20834.7109375
44,2023-06-23,8922.0,20809.24609375
44,2023-06-28,9122.0,20799.65625
44,2023-06-30,8722.0,20777.451171875
44,2023-07-05,9000.0,20769.28125
44,2023-07-07,8800.0,20750.720703125
44,2023-07-12,9000.0,20744.064453125
44,2023-07-14,9000.0,20729.419921875
44,2023-07-19,8700.0,20724.408203125
44,2023-07-21,8900.0,20713.9453125
44,2023-07-26,9100.0,20710.591796875
44,2023-07-28,8700.0,20704.359375
44,2023-08-02,9200.0,20702.734375
44,2023-08-04,9200.0,20700.8359375
44,2023-08-09,10000.0,20700.95703125
44,2023-08-11,10000.0,20703.4375
44,2023-08-16,10000.0,20705.3046875
44,2023-08-18,10000.0,20712.12890625
44,2023-08-23,9200.0,20715.7109375
44,2023-08-30,9200.0,20726.787109375
44,2023-09-06,10000.0,20747.34375
44,2023-09-08,10000.0,20773.44921875
44,2023-09-13,9500.0,20781.873046875
44,2023-09-15,9500.0,20804.630859375
44,2023-09-20,9500.0,20814.390625
44,2023-09-22,9000.0,20840.544921875
44,2023-09-27,9000.0,20851.806640625
44,2023-09-29,9000.0,20881.80078125
44,2023-10-03,9000.0,20894.359375
44,2023-10-05,9000.0,20920.41015625
44,2023-10-10,9000.0,20933.82421875
44,2023-10-12,9150.0,20968.3203125
44,2023-10-17,9150.0,20982.4609375
44,2023-10-19,9350.0,21018.611328125
44,2023-10-24,9350.0,21033.30859375
44,2023-10-26,9350.0,21070.4375
44,2023-10-31,9350.0,21085.427734375
44,2023-11-02,11000.0,21122.94921875
44,2023-11-07,11000.0,21137.92578125
44,2023-11-09,11000.0,21175.130859375
44,2023-11-14,11500.0,21189.9921875
44,2023-11-16,11500.0,21226.595703125
44,2023-11-21,11500.0,21240.9609375
44,2023-11-23,12200.0,21276.16015625
44,2023-11-28,12200.0,21289.974609375
44,2023-11-30,12200.0,21323.39453125
44,2023-12-05,12200.0,21336.27734375
44,2023-12-07,12400.0,21367.34375
44,2023-12-12,12500.0,21379.27734375
44,2023-12-14,12500.0,21408.103515625
44,2023-12-19,12450.0,21419.06640625
44,2024-01-03,12500.0,21444.95703125
44,2024-01-05,12000.0,17192.44140625
44,2024-01-10,12300.0,17261.625
44,2024-01-12,12300.0,17417.3671875
44,2024-01-17,13000.0,17472.947265625
44,2024-01-19,12800.0,17588.6015625
44,2024-01-24,13000.0,17625.2109375
44,2024-01-26,12500.0,17691.28515625
44,2024-01-31,12500.0,17706.73046875
44,2024-02-02,12500.0,17717.50390625
44,2024-02-07,12000.0,17710.8125
44,2024-02-09,12400.0,17668.484375
44,2024-02-14,12300.0,17641.220703125
44,2024-02-16,13000.0,17547.9765625
44,2024-02-21,12500.0,17501.169921875
44,2024-02-23,13000.0,17362.37109375
44,2024-02-28,12800.0,17301.3203125
44,2024-03-01,12500.0,17130.26171875
44,2024-03-06,12000.0,17057.716796875
44,2024-03-08,12300.0,16894.9609375
44,2024-03-13,12300.0,16846.09375
44,2024-03-15,13000.0,16812.26953125
44,2024-03-20,12800.0,16827.22265625
44,2024-03-22,13000.0,16883.1640625
44,2024-03-27,12500.0,16904.76953125
44,2024-03-29,12500.0,16953.921875
44,2024-04-03,11700.0,16971.203125
44,2024-04-05,12000.0,17104.7265625
44,2024-04-10,12300.0,17202.857421875
44,2024-04-12,12300.0,17519.09765625
44,2024-04-17,12100.0,17652.599609375
44,2024-04-24,13000.0,18002.078125
44,2024-05-01,11300.0,18479.677734375
44,2024-05-03,10000.0,18922.013671875
44,2024-05-08,12300.0,19042.697265625
44,2024-05-10,12300.0,19328.12890625
44,2024-05-15,11000.0,19436.87890625
44,2024-05-17,11800.0,19693.0390625
44,2024-05-22,10000.0,19789.06640625
44,2024-05-24,10500.0,20013.080078125
44,2024-05-29,10000.0,20096.44921875
44,2024-05-31,10500.0,20289.40625
44,2024-06-05,11700.0,20360.42578125
44,2024-06-07,12000.0,20523.412109375
44,2024-06-12,12300.0,20582.994140625
44,2024-06-14,12300.0,20718.6171875
44,2024-06-19,11000.0,20767.712890625
44,2024-06-21,11800.0,20878.5625
44,2024-06-26,10000.0,20918.39453125
44,2024-06-28,10500.0,21007.26171875
44,2024-07-10,13000.0,21038.71484375
44,2024-07-17,12100.0,21182.9375
44,2024-07-19,12300.0,21235.3046875
44,2024-07-24,12300.0,21246.30859375
44,2024-07-26,12000.0,21266.41796875
44,2024-07-31,11700.0,21271.5546875
44,2024-08-02,10000.0,21277.55078125
44,2024-08-07,10500.0,21277.15234375
44,2024-08-09,11800.0,21269.095703125
44,2024-08-14,10000.0,21263.033203125
44,2024-08-16,12300.0,21240.576171875
44,2024-08-21,11000.0,21228.595703125
44,2024-08-23,10000.0,21190.837890625
44,2024-08-28,12300.0,21172.49609375
44,2024-08-30,11300.0,21118.0703125
44,2024-09-04,10500.0,21092.73046875
44,2024-09-06,11800.0,21019.9609375
44,2024-09-11,10000.0,20986.830078125
44,2024-09-13,12300.0,20893.234375
44,2024-09-18,11000.0,20851.2265625
44,2024-09-20,12300.0,20734.3984375
44,2024-09-25,12000.0,20682.6640625
44,2024-09-27,11700.0,20539.8671875
44,2024-10-04,12500.0,20477.1875
44,2024-10-11,13000.0,19937.26953125
44,2024-10-16,12300.0,19966.84375
44,2024-10-18,13000.0,19989.11328125
44,2024-10-23,12500.0,19998.2421875
44,2024-10-25,12000.0,20021.93359375
44,2024-10-30,12300.0,20031.61328125
44,2024-11-01,13000.0,20056.3671875
44,2024-11-06,12800.0,20066.46484375
44,2024-11-08,13000.0,20091.88671875
44,2024-11-13,12500.0,20102.12890625
44,2024-11-15,12400.0,20127.83984375
44,2024-11-20,12300.0,20137.99609375
44,2024-11-22,12500.0,20162.48828125
44,2024-11-27,12000.0,20172.12890625
44,2024-11-29,12000.0,20195.97265625
44,2024-12-04,12500.0,20205.2890625
44,2024-12-06,12500.0,20227.9609375
44,2024-12-09,12800.0,20236.744140625
44,2024-12-11,12800.0,21976.96875
44,2024-12-13,13000.0,21969.25390625
44,2024-12-16,12300.0,21961.26171875
44,2024-12-18,12300.0,21948.97265625
44,2024-12-20,12300.0,21940.541015625
45,2023-02-08,14100.0,21614.603515625
45,2023-02-10,14600.0,21611.67578125
45,2023-02-15,14000.0,21609.6953125
45,2023-02-17,14300.0,21602.751953125
45,2023-02-22,14300.0,21599.18359375
45,2023-02-25,14200.0,21588.3125
45,2023-03-01,14100.0,21580.431640625
45,2023-03-05,14200.0,21568.36328125
45,2023-03-08,14600.0,21554.6796875
45,2023-03-10,14600.0,21543.287109375
45,2023-03-15,14300.0,21535.18359375
45,2023-03-17,14300.0,21513.171875
45,2023-03-22,14300.0,21503.67578125
45,2023-03-29,14200.0,21478.26171875
45,2023-04-05,15250.0,21439.85546875
45,2023-04-07,15250.0,21397.99609375
45,2023-04-12,15172.0,21385.390625
45,2023-04-14,15172.0,21352.90234375
45,2023-04-19,15172.0,21339.548828125
45,2023-04-21,15172.0,21305.302734375
45,2023-04-25,15122.0,21291.287109375
45,2023-04-27,15122.0,21262.822265625
45,2023-05-03,15250.0,21248.482421875
45,2023-05-05,15050.0,21204.998046875
45,2023-05-10,15172.0,21190.5078125
45,2023-05-12,15372.0,21154.3046875
45,2023-05-17,15172.0,21139.90234375
45,2023-05-19,14872.0,21104.19921875
45,2023-05-24,15122.0,21090.05078125
45,2023-05-26,15122.0,21055.197265625
45,2023-06-07,15450.0,21041.53125
45,2023-06-09,15250.0,20963.9375
45,2023-06-14,15572.0,20951.89453125
45,2023-06-16,15572.0,20923.087890625
45,2023-06-21,15372.0,20912.11328125
45,2023-06-23,15172.0,20886.203125
45,2023-06-28,15172.0,20876.50390625
45,2023-06-30,15122.0,20854.1015625
45,2023-07-05,15450.0,20845.841796875
45,2023-07-07,15250.0,20827.294921875
45,2023-07-12,15550.0,20820.76171875
45,2023-07-14,15550.0,20806.412109375
45,2023-07-19,15350.0,20801.4765625
45,2023-07-21,15150.0,20791.16796875
45,2023-07-26,15150.0,20787.87890625
45,2023-07-28,15100.0,20781.7421875
45,2023-08-02,15250.0,20780.146484375
45,2023-08-04,15250.0,20778.30859375
45,2023-08-09,15750.0,20778.4296875
45,2023-08-11,15750.0,20780.91796875
45,2023-08-16,15750.0,20782.77734375
45,2023-08-18,15750.0,20789.5546875
45,2023-08-23,15250.0,20793.109375
45,2023-08-30,15250.0,20804.025390625
45,2023-09-06,15750.0,20824.302734375
45,2023-09-08,15750.0,20850.796875
45,2023-09-13,14250.0,20859.341796875
45,2023-09-15,14250.0,20882.5234375
45,2023-09-20,14250.0,20892.5
45,2023-09-22,14500.0,20919.10546875
45,2023-09-27,14500.0,20930.35546875
45,2023-09-29,14500.0,20959.90234375
45,2023-10-03,14500.0,20972.232421875
45,2023-10-05,14500.0,20997.771484375
45,2023-10-10,14500.0,21010.912109375
45,2023-10-12,14700.0,21044.6796875
45,2023-10-17,14700.0,21058.501953125
45,2023-10-19,14900.0,21093.779296875
45,2023-10-24,14900.0,21108.08984375
45,2023-10-26,14900.0,21144.17578125
45,2023-10-31,14900.0,21158.66015625
45,2023-11-02,17000.0,21195.234375
45,2023-11-07,17000.0,21209.84765625
45,2023-11-09,17000.0,21246.0625
45,2023-11-14,17250.0,21260.435546875
45,2023-11-16,17250.0,21295.951171875
45,2023-11-21,17250.0,21309.92578125
45,2023-11-23,17050.0,21343.978515625
45,2023-11-28,17050.0,21357.3125
45,2023-11-30,17050.0,21389.96875
45,2023-12-05,17050.0,21402.76171875
45,2023-12-07,17250.0,21433.822265625
45,2023-12-12,17350.0,21445.802734375
45,2023-12-14,17350.0,21473.96484375
45,2023-12-19,17300.0,21484.65234375
45,2024-01-03,20000.0,21509.73046875
45,2024-01-05,17000.0,17445.33203125
45,2024-01-10,18500.0,17519.896484375
45,2024-01-12,18750.0,17684.92578125
45,2024-01-17,18800.0,17740.875
45,2024-01-19,18450.0,17863.337890625
45,2024-01-24,19850.0,17903.091796875
45,2024-01-26,20000.0,17975.466796875
45,2024-01-31,20000.0,17992.70703125
45,2024-02-02,19400.0,18004.8828125
45,2024-02-07,19050.0,17997.251953125
45,2024-02-09,19500.0,17947.578125
45,2024-02-14,18500.0,17916.11328125
45,2024-02-16,18400.0,17812.625
45,2024-02-21,18900.0,17762.0546875
45,2024-02-23,19350.0,17618.48046875
45,2024-02-28,17500.0,17552.25390625
45,2024-03-01,20000.0,17367.404296875
45,2024-03-06,17000.0,17290.599609375
45,2024-03-08,18500.0,17085.197265625
45,2024-03-13,18750.0,17004.97265625
45,2024-03-15,18800.0,16845.759765625
45,2024-03-20,18450.0,16814.703125
45,2024-03-22,19850.0,16832.5859375
45,2024-03-27,20000.0,16856.515625
45,2024-03-29,20000.0,16912.91015625
45,2024-04-03,19750.0,16933.98046875
45,2024-04-05,14250.0,16987.55078125
45,2024-04-10,18500.0,17028.154296875
45,2024-04-12,18900.0,17260.36328125
45,2024-04-17,19300.0,17383.486328125
45,2024-04-24,19850.0,17719.0
45,2024-05-01,18000.0,18208.98046875
45,2024-05-03,19000.0,18666.671875
45,2024-05-08,17900.0,18790.046875
45,2024-05-10,18500.0,19085.419921875
45,2024-05-15,18550.0,19197.984375
45,2024-05-17,18100.0,19465.232421875
45,2024-05-22,18500.0,19565.74609375
45,2024-05-24,18000.0,19800.7578125
45,2024-05-29,18500.0,19888.333984375
45,2024-05-31,18000.0,20091.556640625
45,2024-06-05,19750.0,20166.72265625
45,2024-06-07,14250.0,20339.80078125
45,2024-06-12,18500.0,20403.17578125
45,2024-06-14,18900.0,20547.703125
45,2024-06-19,18550.0,20600.171875
45,2024-06-21,18100.0,20718.8359375
45,2024-06-26,18500.0,20761.48046875
45,2024-06-28,18000.0,20856.90234375
45,2024-07-10,19850.0,20890.828125
45,2024-07-17,19300.0,21046.5859375
45,2024-07-19,18900.0,21103.29296875
45,2024-07-24,18500.0,21115.2421875
45,2024-07-26,14250.0,21137.173828125
45,2024-07-31,19750.0,21142.818359375
45,2024-08-02,18500.0,21149.26171875
45,2024-08-07,18000.0,21148.759765625
45,2024-08-09,18100.0,21139.806640625
45,2024-08-14,18500.0,21133.115234375
45,2024-08-16,18500.0,21108.51171875
45,2024-08-21,18550.0,21095.43359375
45,2024-08-23,19000.0,21054.32421875
45,2024-08-28,17900.0,21034.41015625
45,2024-08-30,18000.0,20975.4296875
45,2024-09-04,18000.0,20948.00390625
45,2024-09-06,18100.0,20869.33984375
45,2024-09-11,18500.0,20833.56640625
45,2024-09-13,18900.0,20732.77734375
45,2024-09-18,18550.0,20687.765625
45,2024-09-20,18500.0,20562.62890625
45,2024-09-25,14250.0,20507.32421875
45,2024-09-27,19750.0,20355.046875
45,2024-10-04,20000.0,20288.197265625
45,2024-10-11,19850.0,19992.865234375
45,2024-10-16,18750.0,20023.193359375
45,2024-10-18,18800.0,20046.26171875
45,2024-10-23,20000.0,20055.841796875
45,2024-10-25,17000.0,20080.279296875
45,2024-10-30,18500.0,20090.28515625
45,2024-11-01,19350.0,20115.521484375
45,2024-11-06,17500.0,20125.65234375
45,2024-11-08,18400.0,20151.0390625
45,2024-11-13,18900.0,20161.173828125
45,2024-11-15,19500.0,20186.607421875
45,2024-11-20,18500.0,20196.76171875
45,2024-11-22,19400.0,20221.81640625
45,2024-11-27,19050.0,20231.72265625
45,2024-11-29,19050.0,20255.8125
45,2024-12-04,20000.0,20265.1796875
45,2024-12-06,20000.0,20288.044921875
45,2024-12-09,18450.0,20296.921875
45,2024-12-11,18450.0,21941.84765625
45,2024-12-13,19850.0,21932.046875
45,2024-12-16,18750.0,21921.87109375
45,2024-12-18,18750.0,21906.11328125
45,2024-12-20,18750.0,21895.36328125
46,2023-02-08,11000.0,21669.552734375
46,2023-02-10,11500.0,21666.748046875
46,2023-02-15,10900.0,21664.892578125
46,2023-02-17,11200.0,21658.37109375
46,2023-02-22,11200.0,21655.0078125
46,2023-02-25,11100.0,21644.734375
46,2023-03-01,11000.0,21637.326171875
46,2023-03-05,11100.0,21625.98828125
46,2023-03-08,11500.0,21612.9609375
46,2023-03-10,11500.0,21602.1015625
46,2023-03-15,11200.0,21594.353515625
46,2023-03-17,11200.0,21573.22265625
46,2023-03-22,11200.0,21564.125
46,2023-03-29,11100.0,21539.83984375
46,2023-04-05,12100.0,21502.15234375
46,2023-04-07,12100.0,21460.7734375
46,2023-04-12,12422.0,21448.59375
46,2023-04-14,12422.0,21417.291015625
46,2023-04-19,12472.0,21404.375
46,2023-04-21,12472.0,21371.1328125
46,2023-04-25,12522.0,21357.4765625
46,2023-04-27,12522.0,21329.85546875
46,2023-05-03,12100.0,21315.96484375
46,2023-05-05,11900.0,21273.677734375
46,2023-05-10,12422.0,21259.50390625
46,2023-05-12,12622.0,21224.08984375
46,2023-05-17,12472.0,21209.958984375
46,2023-05-19,12172.0,21174.9765625
46,2023-05-24,12522.0,21161.171875
46,2023-05-26,12522.0,21127.29296875
46,2023-06-07,12300.0,21114.0
46,2023-06-09,12100.0,21038.21875
46,2023-06-14,12422.0,21026.4375
46,2023-06-16,12422.0,20998.26953125
46,2023-06-21,12222.0,20987.544921875
46,2023-06-23,12472.0,20962.27734375
46,2023-06-28,12472.0,20952.80078125
46,2023-06-30,12522.0,20930.77734375
46,2023-07-05,12300.0,20922.66015625
46,2023-07-07,12100.0,20904.193359375
46,2023-07-12,12400.0,20897.55859375
46,2023-07-14,12400.0,20883.0078125
46,2023-07-19,12200.0,20878.0078125
46,2023-07-21,12450.0,20867.591796875
46,2023-07-26,12450.0,20864.275390625
46,2023-07-28,12500.0,20858.125
46,2023-08-02,13100.0,20856.53125
46,2023-08-04,13100.0,20854.73046875
46,2023-08-09,13500.0,20854.87109375
46,2023-08-11,13500.0,20857.453125
46,2023-08-16,13500.0,20859.353515625
46,2023-08-18,13500.0,20866.27734375
46,2023-08-23,13100.0,20869.91015625
46,2023-08-30,13100.0,20881.095703125
46,2023-09-06,13500.0,20901.73046875
46,2023-09-08,13500.0,20927.876953125
46,2023-09-13,12800.0,20936.302734375
46,2023-09-15,12800.0,20959.12890625
46,2023-09-20,12800.0,20968.921875
46,2023-09-22,12750.0,20995.0625
46,2023-09-27,12750.0,21006.115234375
46,2023-09-29,12750.0,21035.0625
46,2023-10-03,12750.0,21047.134765625
46,2023-10-05,12750.0,21072.046875
46,2023-10-10,12750.0,21084.85546875
46,2023-10-12,12950.0,21117.796875
46,2023-10-17,12950.0,21131.26171875
46,2023-10-19,13150.0,21165.419921875
46,2023-10-24,13150.0,21179.400390625
46,2023-10-26,13150.0,21214.640625
46,2023-10-31,13150.0,21228.77734375
46,2023-11-02,14750.0,21264.212890625
46,2023-11-07,14750.0,21278.37890625
46,2023-11-09,14750.0,21313.61328125
46,2023-11-14,14700.0,21327.521484375
46,2023-11-16,14700.0,21362.109375
46,2023-11-21,14700.0,21375.84765625
46,2023-11-23,15050.0,21409.740234375
46,2023-11-28,15050.0,21423.21875
46,2023-11-30,15050.0,21455.66796875
46,2023-12-05,15050.0,21468.046875
46,2023-12-07,15250.0,21497.8125
46,2023-12-12,15350.0,21509.25
46,2023-12-14,15350.0,21536.3671875
46,2023-12-19,15300.0,21546.619140625
46,2024-01-03,16350.0,21570.47265625
46,2024-01-05,14900.0,17707.15625
46,2024-01-10,15500.0,17781.998046875
46,2024-01-12,16250.0,17960.265625
46,2024-01-17,16350.0,18025.05859375
46,2024-01-19,16000.0,18160.9609375
46,2024-01-24,17250.0,18203.16015625
46,2024-01-26,17750.0,18279.203125
46,2024-01-31,17750.0,18296.951171875
46,2024-02-02,16750.0,18309.1875
46,2024-02-07,17350.0,18301.18359375
46,2024-02-09,16000.0,18249.3125
46,2024-02-14,16250.0,18215.96875
46,2024-02-16,16500.0,18103.412109375
46,2024-02-21,16250.0,18046.51171875
46,2024-02-23,17250.0,17883.564453125
46,2024-02-28,17400.0,17811.412109375
46,2024-03-01,16350.0,17620.55078125
46,2024-03-06,14900.0,17537.541015625
46,2024-03-08,15500.0,17315.947265625
46,2024-03-13,16250.0,17225.92578125
46,2024-03-15,16350.0,17000.140625
46,2024-03-20,16000.0,16922.06640625
46,2024-03-22,17250.0,16810.67578125
46,2024-03-27,17750.0,16813.09765625
46,2024-03-29,17750.0,16867.30859375
46,2024-04-03,16000.0,16890.81640625
46,2024-04-05,14500.0,16945.142578125
46,2024-04-10,15300.0,16964.05078125
46,2024-04-12,16150.0,17062.419921875
46,2024-04-17,15200.0,17154.52734375
46,2024-04-24,17150.0,17457.228515625
46,2024-05-01,15000.0,17934.0703125
46,2024-05-03,14500.0,18407.31640625
46,2024-05-08,14950.0,18535.06640625
46,2024-05-10,14500.0,18838.908203125
46,2024-05-15,15200.0,18954.80078125
46,2024-05-17,14750.0,19232.28125
46,2024-05-22,14650.0,19336.94921875
46,2024-05-24,15100.0,19582.4609375
46,2024-05-29,14650.0,19674.185546875
46,2024-05-31,15100.0,19887.46875
46,2024-06-05,16000.0,19966.42578125
46,2024-06-07,14500.0,20148.73828125
46,2024-06-12,15300.0,20215.826171875
46,2024-06-14,16150.0,20369.1796875
46,2024-06-19,15200.0,20424.97265625
46,2024-06-21,14750.0,20551.28515625
46,2024-06-26,14650.0,20596.74609375
46,2024-06-28,15100.0,20698.5625
46,2024-07-10,17150.0,20734.71875
46,2024-07-17,15200.0,20902.0859375
46,2024-07-19,16150.0,20963.125
46,2024-07-24,15300.0,20975.9765625
46,2024-07-26,14500.0,20999.548828125
46,2024-07-31,16000.0,21005.599609375
46,2024-08-02,14650.0,21012.44921875
46,2024-08-07,15100.0,21011.88671875
46,2024-08-09,14750.0,21002.20703125
46,2024-08-14,14650.0,20994.98828125
46,2024-08-16,14500.0,20968.41015625
46,2024-08-21,15200.0,20954.2890625
46,2024-08-23,14500.0,20909.923828125
46,2024-08-28,14950.0,20888.43359375
46,2024-08-30,15000.0,20824.822265625
46,2024-09-04,15100.0,20795.28125
46,2024-09-06,14750.0,20710.58984375
46,2024-09-11,14650.0,20672.2265625
46,2024-09-13,16150.0,20564.375
46,2024-09-18,15200.0,20516.2578125
46,2024-09-20,15300.0,20382.71875
46,2024-09-25,14500.0,20323.748046875
46,2024-09-27,16000.0,20161.96875
46,2024-10-11,17250.0,20091.30859375
46,2024-10-16,16250.0,19738.08984375
46,2024-10-18,16350.0,19754.248046875
46,2024-10-23,16350.0,19760.84765625
46,2024-10-25,14900.0,19777.96484375
46,2024-10-30,15500.0,19785.0234375
46,2024-11-01,17250.0,19802.978515625
46,2024-11-06,17400.0,19810.26953125
46,2024-11-08,16500.0,19828.701171875
46,2024-11-13,16250.0,19836.130859375
46,2024-11-15,16000.0,19855.296875
46,2024-11-20,16250.0,19862.99609375
46,2024-11-22,16750.0,19882.123046875
46,2024-11-27,17350.0,19889.740234375
46,2024-11-29,17350.0,19908.609375
46,2024-12-04,17750.0,19915.986328125
46,2024-12-06,17750.0,19933.89453125
46,2024-12-09,16000.0,19940.83203125
46,2024-12-11,16000.0,21897.80078125
46,2024-12-13,17250.0,21885.56640625
46,2024-12-16,16250.0,21873.091796875
46,2024-12-18,16250.0,21854.00390625
46,2024-12-20,16250.0,21841.150390625
47,2023-02-08,12600.0,21720.212890625
47,2023-02-10,13100.0,21717.576171875
47,2023-02-15,12500.0,21715.8359375
47,2023-02-17,12800.0,21709.732421875
47,2023-02-22,12800.0,21706.609375
47,2023-02-25,12700.0,21697.078125
47,2023-03-01,12600.0,21690.072265625
47,2023-03-05,12700.0,21679.28515625
47,2023-03-08,13100.0,21666.9609375
47,2023-03-10,13100.0,21656.69921875
47,2023-03-15,12800.0,21649.40625
47,2023-03-17,12800.0,21629.529296875
47,2023-03-22,12800.0,21620.91015625
47,2023-03-29,12700.0,21597.71875
47,2023-04-05,13200.0,21561.63671875
47,2023-04-07,13200.0,21521.861328125
47,2023-04-12,13122.0,21509.83984375
47,2023-04-14,13122.0,21478.767578125
47,2023-04-19,12972.0,21465.94140625
47,2023-04-21,12972.0,21433.79296875
47,2023-04-25,13072.0,21420.7421875
47,2023-04-27,13072.0,21394.134765625
47,2023-05-03,13200.0,21380.609375
47,2023-05-05,13000.0,21339.396484375
47,2023-05-10,13122.0,21325.578125
47,2023-05-12,13322.0,21291.048828125
47,2023-05-17,12972.0,21277.248046875
47,2023-05-19,12672.0,21243.140625
47,2023-05-24,13072.0,21229.63671875
47,2023-05-26,13072.0,21196.32421875
47,2023-06-07,13400.0,21183.30859375
47,2023-06-09,13200.0,21109.5625
47,2023-06-14,13522.0,21098.0859375
47,2023-06-16,13522.0,21070.5859375
47,2023-06-21,13322.0,21060.10546875
47,2023-06-23,12972.0,21035.396484375
47,2023-06-28,12972.0,21026.125
47,2023-06-30,13072.0,21004.5703125
47,2023-07-05,13400.0,20996.62109375
47,2023-07-07,13200.0,20978.5859375
47,2023-07-12,13500.0,20972.125
47,2023-07-14,13500.0,20957.9140625
47,2023-07-19,13300.0,20953.029296875
47,2023-07-21,12950.0,20942.822265625
47,2023-07-26,12950.0,20939.560546875
47,2023-07-28,13050.0,20933.517578125
47,2023-08-02,13500.0,20931.958984375
47,2023-08-04,13500.0,20930.203125
47,2023-08-09,14500.0,20930.361328125
47,2023-08-11,14500.0,20932.921875
47,2023-08-16,14500.0,20934.8046875
47,2023-08-18,14500.0,20941.6484375
47,2023-08-23,13500.0,20945.232421875
47,2023-08-30,13500.0,20956.259765625
47,2023-09-06,14500.0,20976.55078125
47,2023-09-08,14500.0,21002.28515625
47,2023-09-13,13700.0,21010.56640625
47,2023-09-15,13700.0,21032.94921875
47,2023-09-20,13700.0,21042.55078125
47,2023-09-22,13250.0,21068.06640625
47,2023-09-27,13250.0,21078.8359375
47,2023-09-29,13250.0,21107.06640625
47,2023-10-03,13250.0,21118.841796875
47,2023-10-05,13250.0,21143.0703125
47,2023-10-10,13250.0,21155.5
47,2023-10-12,13450.0,21187.6171875
47,2023-10-17,13450.0,21200.76171875
47,2023-10-19,13650.0,21234.125
47,2023-10-24,13650.0,21247.64453125
47,2023-10-26,13650.0,21281.822265625
47,2023-10-31,13650.0,21295.576171875
47,2023-11-02,15750.0,21330.173828125
47,2023-11-07,15750.0,21344.0078125
47,2023-11-09,15750.0,21378.65625
47,2023-11-14,15850.0,21392.57421875
47,2023-11-16,15850.0,21427.33984375
47,2023-11-21,15850.0,21440.9296875
47,2023-11-23,15650.0,21473.76953125
47,2023-11-28,15650.0,21486.4921875
47,2023-11-30,15650.0,21517.54296875
47,2023-12-05,15650.0,21529.5546875
47,2023-12-07,15850.0,21558.265625
47,2023-12-12,15950.0,21569.189453125
47,2023-12-14,15950.0,21595.06640625
47,2023-12-19,15900.0,21604.775390625
47,2024-01-03,16750.0,21627.390625
47,2024-01-05,15750.0,17978.8203125
47,2024-01-10,16100.0,18064.7109375
47,2024-01-12,16000.0,18257.298828125
47,2024-01-17,17000.0,18323.904296875
47,2024-01-19,16750.0,18462.46484375
47,2024-01-24,17350.0,18506.66796875
47,2024-01-26,17750.0,18584.6640625
47,2024-01-31,17750.0,18602.78515625
47,2024-02-02,16800.0,18615.076171875
47,2024-02-07,15650.0,18606.775390625
47,2024-02-09,16250.0,18553.23828125
47,2024-02-14,16400.0,18518.85546875
47,2024-02-16,17000.0,18401.73046875
47,2024-02-21,16750.0,18343.6796875
47,2024-02-23,17350.0,18172.36328125
47,2024-02-28,17500.0,18094.9921875
47,2024-03-01,16750.0,17880.34375
47,2024-03-06,15750.0,17790.1875
47,2024-03-08,16100.0,17561.83203125
47,2024-03-13,16000.0,17464.1875
47,2024-03-15,17000.0,17217.078125
47,2024-03-20,16750.0,17116.24609375
47,2024-03-22,17350.0,16899.69921875
47,2024-03-27,17750.0,16840.919921875
47,2024-03-29,17750.0,16820.767578125
47,2024-04-03,17250.0,16843.515625
47,2024-04-05,16200.0,16904.25390625
47,2024-04-10,17400.0,16926.57421875
47,2024-04-12,16250.0,16976.08203125
47,2024-04-17,17000.0,17011.5625
47,2024-04-24,16850.0,17216.31640625
47,2024-05-01,16000.0,17666.0390625
47,2024-05-03,16700.0,18143.15625
47,2024-05-08,16500.0,18275.572265625
47,2024-05-10,16500.0,18590.564453125
47,2024-05-15,16000.0,18709.98046875
47,2024-05-17,16250.0,18994.41796875
47,2024-05-22,16750.0,19103.3046875
47,2024-05-24,16000.0,19358.8046875
47,2024-05-29,16750.0,19454.37890625
47,2024-05-31,16000.0,19677.3828125
47,2024-06-05,17250.0,19760.11328125
47,2024-06-07,16200.0,19951.478515625
47,2024-06-12,17400.0,20021.90625
47,2024-06-14,16250.0,20183.4296875
47,2024-06-19,16000.0,20242.47265625
47,2024-06-21,16250.0,20376.375
47,2024-06-26,16750.0,20424.6640625
47,2024-06-28,16000.0,20532.8515625
47,2024-07-10,16850.0,20571.326171875
47,2024-07-17,17000.0,20749.41015625
47,2024-07-19,16250.0,20814.87890625
47,2024-07-24,17400.0,20828.65625
47,2024-07-26,16200.0,20853.9453125
47,2024-07-31,17250.0,20860.4296875
47,2024-08-02,16750.0,20867.71875
47,2024-08-07,16000.0,20867.064453125
47,2024-08-09,16250.0,20856.5390625
47,2024-08-14,16750.0,20848.734375
47,2024-08-16,16500.0,20820.01953125
47,2024-08-21,16000.0,20804.796875
47,2024-08-23,16700.0,20757.021484375
47,2024-08-28,16500.0,20733.91796875
47,2024-08-30,16000.0,20665.7109375
47,2024-09-04,16000.0,20634.126953125
47,2024-09-06,16250.0,20543.7890625
47,2024-09-11,16750.0,20502.88671875
47,2024-09-13,16250.0,20388.06640625
47,2024-09-18,16000.0,20336.90234375
47,2024-09-20,17400.0,20195.376953125
47,2024-09-25,16200.0,20133.078125
47,2024-09-27,17250.0,19962.7734375
47,2024-10-11,17350.0,19888.62890625
47,2024-10-16,16000.0,19660.21484375
47,2024-10-18,17000.0,19673.30859375
47,2024-10-23,16750.0,19678.640625
47,2024-10-25,15750.0,19692.23046875
47,2024-10-30,16100.0,19697.83203125
47,2024-11-01,17350.0,19712.421875
47,2024-11-06,17500.0,19718.478515625
47,2024-11-08,17000.0,19733.92578125
47,2024-11-13,16750.0,19740.244140625
47,2024-11-15,16250.0,19755.95703125
47,2024-11-20,16400.0,19762.1875
47,2024-11-22,16800.0,19777.623046875
47,2024-11-27,15650.0,19783.76953125
47,2024-11-29,15650.0,19799.138671875
47,2024-12-04,17750.0,19805.2109375
47,2024-12-06,17750.0,19820.23046875
47,2024-12-09,16750.0,19826.140625
47,2024-12-11,16750.0,21845.203125
47,2024-12-13,17350.0,21830.73046875
47,2024-12-16,16000.0,21816.05859375
47,2024-12-18,16000.0,21793.828125
47,2024-12-20,16000.0,21778.908203125
48,2024-02-07,11600.0,20795.095703125
48,2024-02-09,11300.0,20807.705078125
48,2024-02-14,11300.0,20816.4609375
48,2024-02-16,11300.0,20847.2890625
48,2024-02-21,11300.0,20862.99609375
48,2024-02-23,11300.0,20910.203125
48,2024-02-28,11300.0,20931.9375
48,2024-03-01,11300.0,20992.716796875
48,2024-03-06,11300.0,21019.306640625
48,2024-03-08,11500.0,21090.48046875
48,2024-03-13,11500.0,21120.525390625
48,2024-03-15,11500.0,21198.45703125
48,2024-03-20,11500.0,21230.51953125
48,2024-03-22,11500.0,21311.81640625
48,2024-03-27,11500.0,21344.443359375
48,2024-03-29,11500.0,21425.388671875
48,2024-04-03,11500.0,21457.2578125
48,2024-04-05,11500.0,21534.68359375
48,2024-04-10,11250.0,21564.5546875
48,2024-04-12,11250.0,21635.75
48,2024-04-17,11250.0,21662.7734375
48,2024-04-19,11250.0,21726.6953125
48,2024-04-24,11250.0,21750.51953125
48,2024-04-26,11250.0,21805.439453125
48,2024-05-01,11350.0,21825.537109375
48,2024-05-03,11350.0,21871.03125
48,2024-05-08,11350.0,21887.25
48,2024-05-10,11350.0,21923.326171875
48,2024-05-15,11750.0,21936.05078125
48,2024-05-17,11750.0,21963.546875
48,2024-05-22,11750.0,21972.875
48,2024-05-24,11750.0,21992.63671875
48,2024-05-29,11750.0,21999.21484375
48,2024-05-31,11750.0,22012.33203125
48,2024-06-05,11700.0,22016.3671875
48,2024-06-07,11700.0,22023.865234375
48,2024-06-12,11700.0,22025.984375
48,2024-06-14,11700.0,22029.45703125
48,2024-06-19,11800.0,22030.140625
48,2024-06-21,11800.0,22030.30859375
48,2024-06-26,11750.0,22029.865234375
48,2024-06-28,11750.0,22027.91015625
48,2024-07-03,11550.0,22026.8828125
48,2024-07-05,11550.0,22023.9375
48,2024-07-10,11550.0,22022.69140625
48,2024-07-12,11550.0,22019.64453125
48,2024-07-17,11650.0,22018.560546875
48,2024-07-19,11650.0,22016.138671875
48,2024-07-24,11550.0,22015.322265625
48,2024-07-26,11550.0,22013.7890625
48,2024-07-31,11550.0,22013.3984375
48,2024-08-02,11450.0,22013.05859375
48,2024-08-07,11450.0,22013.1796875
48,2024-08-09,11350.0,22014.142578125
48,2024-08-14,11350.0,22014.771484375
48,2024-08-16,11350.0,22016.896484375
48,2024-08-21,11350.0,22017.955078125
48,2024-08-23,11350.0,22021.001953125
48,2024-08-28,11350.0,22022.35546875
48,2024-08-30,11350.0,22025.9765625
48,2024-09-04,11350.0,22027.4375
48,2024-09-06,11350.0,22030.826171875
48,2024-09-11,11500.0,22032.0078125
48,2024-09-13,11500.0,22034.29296875
48,2024-09-18,11500.0,22034.8125
48,2024-09-20,11500.0,22034.763671875
48,2024-09-25,11300.0,22034.109375
48,2024-09-27,11300.0,22030.65625
48,2024-10-02,11300.0,22028.455078125
48,2024-10-04,11300.0,22020.794921875
48,2024-10-09,11300.0,22016.61328125
48,2024-10-11,11400.0,22002.984375
48,2024-10-16,11400.0,21996.150390625
48,2024-10-18,11300.0,21975.353515625
48,2024-10-23,11300.0,21965.51953125
48,2024-10-25,11300.0,21936.65625
48,2024-10-30,11300.0,21923.3046875
48,2024-11-01,10950.0,21885.5703125
48,2024-11-06,10950.0,21868.56640625
49,2023-02-08,8000.0,36323.890625
49,2023-02-08,7850.0,36253.9296875
49,2023-02-15,7850.0,20660.36328125
49,2023-02-22,7850.0,20651.75390625
49,2023-03-01,7850.0,20637.712890625
49,2023-03-08,7850.0,20618.4375
49,2023-03-09,7850.0,20594.26953125
49,2023-03-15,7850.0,20590.43359375
49,2023-03-29,7900.0,20565.484375
49,2023-03-30,7900.0,20496.54296875
49,2023-04-05,7900.0,20491.16015625
49,2023-04-12,7900.0,20457.736328125
49,2023-04-19,7900.0,20416.7890625
49,2023-04-26,7900.0,20374.34375
49,2023-05-04,7900.0,20331.775390625
49,2023-05-10,7900.0,20282.90625
49,2023-05-10,8022.0,20246.578125
49,2023-05-11,8000.0,27178.5078125
49,2023-05-11,7900.0,20086.720703125
49,2023-05-12,8022.0,20240.57421875
49,2023-05-12,8000.0,26879.83984375
49,2023-05-17,8022.0,20081.248046875
49,2023-05-19,8022.0,26146.15234375
49,2023-05-24,8022.0,25857.79296875
49,2023-05-26,8022.0,25159.466796875
49,2023-06-07,8000.0,24886.9140625
49,2023-06-09,8000.0,23409.921875
49,2023-06-14,8022.0,23184.396484375
49,2023-06-16,8022.0,22654.83984375
49,2023-06-21,7822.0,22455.986328125
49,2023-06-23,7822.0,21988.4453125
49,2023-06-28,7822.0,21813.578125
49,2023-06-30,7822.0,21410.435546875
49,2023-07-05,7800.0,21263.53515625
49,2023-07-07,7800.0,20935.33984375
49,2023-07-12,7800.0,20817.748046875
49,2023-07-14,7800.0,20562.96484375
49,2023-07-19,7800.0,20476.765625
49,2023-07-21,7800.0,20301.07421875
49,2023-07-26,7800.0,20246.859375
49,2023-07-28,7800.0,20151.8046875
49,2023-08-02,7800.0,20130.015625
49,2023-08-04,7800.0,20116.166015625
49,2023-08-09,7800.0,20126.951171875
49,2023-08-11,7800.0,20194.591796875
49,2023-08-16,7800.0,20237.9140625
49,2023-08-18,7800.0,20386.828125
49,2023-08-23,7800.0,20462.56640625
49,2023-08-30,7800.0,20691.87109375
49,2023-09-06,7800.0,21108.7890625
49,2023-09-08,7800.0,21633.6328125
49,2023-09-20,7800.0,21801.732421875
49,2023-09-22,7800.0,22963.232421875
49,2023-09-27,7800.0,23182.92578125
49,2023-09-29,7800.0,23763.380859375
49,2023-10-03,7800.0,24004.98828125
49,2023-10-05,7800.0,24511.16796875
49,2023-10-10,7800.0,24779.908203125
49,2023-10-12,7900.0,25485.01953125
49,2023-10-17,7900.0,25772.6484375
49,2023-10-19,7900.0,26512.12890625
49,2023-10-24,7800.0,26810.33203125
49,2023-10-26,7800.0,27562.361328125
49,2023-10-31,7800.0,27864.390625
49,2023-11-02,7800.0,28613.998046875
49,2023-11-07,7800.0,28912.63671875
49,2023-11-09,7800.0,29656.19921875
49,2023-11-14,7800.0,29948.943359375
49,2023-11-16,7800.0,30659.1796875
49,2023-11-21,7800.0,30936.328125
49,2023-11-23,7800.0,31604.935546875
49,2023-11-28,7800.0,31863.82421875
49,2023-11-30,7800.0,32486.599609375
49,2023-12-05,7800.0,32724.99609375
49,2023-12-07,7800.0,33296.08203125
49,2023-12-12,7800.0,33513.69921875
49,2023-12-14,7800.0,34025.11328125
49,2023-12-19,7800.0,34214.4765625
49,2024-01-02,7900.0,34649.4765625
49,2024-01-04,7900.0,19991.068359375
49,2024-01-09,7900.0,19951.015625
49,2024-01-11,7900.0,19860.92578125
49,2024-01-16,7900.0,19829.060546875
49,2024-01-18,7900.0,19761.40625
49,2024-01-23,7900.0,19739.39453125
49,2024-01-25,7900.0,19697.908203125
49,2024-01-30,7900.0,19686.87109375
49,2024-02-01,7900.0,19673.546875
49,2024-02-06,7900.0,19674.005859375
49,2024-02-08,7900.0,19689.5625
49,2024-02-13,7900.0,19701.4765625
49,2024-02-15,7900.0,19745.01953125
49,2024-02-20,7900.0,19767.751953125
49,2024-02-22,7900.0,19837.015625
49,2024-02-27,7900.0,19869.419921875
49,2024-02-29,7900.0,19961.162109375
49,2024-03-05,7900.0,20001.736328125
49,2024-03-07,7900.0,20111.603515625
49,2024-03-12,7900.0,20158.46484375
49,2024-03-14,7900.0,20281.42578125
49,2024-03-19,7900.0,20332.5390625
49,2024-03-21,7900.0,20463.5078125
49,2024-03-26,7900.0,20516.734375
49,2024-03-28,7900.0,20650.693359375
49,2024-04-02,7900.0,20704.21875
49,2024-04-04,7900.0,20836.576171875
49,2024-04-09,7900.0,20888.53125
49,2024-04-11,7900.0,21014.81640625
49,2024-04-16,7900.0,21063.73828125
49,2024-04-18,7900.0,21181.361328125
49,2024-04-23,7900.0,21226.37109375
49,2024-04-25,7900.0,21333.177734375
49,2024-04-30,7900.0,21373.46484375
49,2024-05-02,7900.0,21468.09375
49,2024-05-07,7900.0,21503.265625
49,2024-05-09,7900.0,21584.54296875
49,2024-05-14,7900.0,21614.42578125
49,2024-05-16,7900.0,21682.9453125
49,2024-05-21,7900.0,21708.064453125
49,2024-05-23,7900.0,21764.8203125
49,2024-05-28,7900.0,21785.21484375
49,2024-05-30,7900.0,21830.78515625
49,2024-06-04,7900.0,21846.99609375
49,2024-06-06,7900.0,21882.7421875
49,2024-06-11,7900.0,21895.244140625
49,2024-06-13,7900.0,21922.72265625
49,2024-06-18,7900.0,21932.25390625
49,2024-06-20,7900.0,21952.73828125
49,2024-06-25,7900.0,21959.701171875
49,2024-06-27,7900.0,21974.38671875
49,2024-07-02,7900.0,21979.28515625
49,2024-07-04,7900.0,21989.71875
49,2024-07-09,7900.0,21993.203125
49,2024-07-11,7900.0,22000.29296875
49,2024-07-16,7900.0,22002.5859375
49,2024-07-18,7900.0,22007.15234375
49,2024-07-23,7900.0,22008.5703125
49,2024-07-25,7900.0,22011.2265625
49,2024-07-30,7900.0,22011.953125
49,2024-08-01,7900.0,22013.044921875
49,2024-08-06,7900.0,22013.19140625
49,2024-08-08,7900.0,22012.8828125
49,2024-08-13,7900.0,22012.4609375
49,2024-08-15,7900.0,22010.64453125
49,2024-08-20,7900.0,22009.57421875
49,2024-08-22,7900.0,22005.8828125
49,2024-08-27,7900.0,22003.958984375
49,2024-08-29,7950.0,21997.83203125
49,2024-09-03,7950.0,21994.767578125
49,2024-09-05,7950.0,21985.35546875
49,2024-09-10,8000.0,21980.78515625
49,2024-09-12,8000.0,21967.19140625
49,2024-09-17,7950.0,21960.6953125
49,2024-09-19,7950.0,21941.44921875
49,2024-09-24,7950.0,21932.427734375
49,2024-09-26,7950.0,21906.171875
50,2024-04-11,7650.0,20874.74609375
50,2024-04-16,7650.0,20927.32421875
50,2024-04-18,7650.0,21053.84765625
50,2024-04-23,7650.0,21102.3515625
50,2024-04-25,7650.0,21217.958984375
50,2024-04-30,7650.0,21261.833984375
50,2024-05-02,7600.0,21365.025390625
50,2024-05-07,7600.0,21403.748046875
50,2024-05-09,7650.0,21493.78515625
50,2024-05-14,7650.0,21527.0390625
50,2024-05-16,7650.0,21603.42578125
50,2024-05-21,7650.0,21631.375
50,2024-05-23,7650.0,21695.296875
50,2024-05-28,7650.0,21718.552734375
50,2024-05-30,7650.0,21770.912109375
50,2024-06-04,7650.0,21789.6484375
50,2024-06-06,7650.0,21831.447265625
50,2024-06-11,7650.0,21846.275390625
50,2024-06-13,7650.0,21878.94921875
50,2024-06-18,7650.0,21890.361328125
50,2024-06-20,7650.0,21915.392578125
50,2024-06-25,7550.0,21924.111328125
50,2024-06-27,7550.0,21942.853515625
50,2024-07-02,7650.0,21949.2421875
50,2024-07-04,7650.0,21962.783203125
50,2024-07-09,7650.0,21967.3046875
50,2024-07-11,7650.0,21976.681640625
50,2024-07-16,7650.0,21979.802734375
50,2024-07-18,7650.0,21986.09765625
50,2024-07-23,7550.0,21988.05859375
50,2024-07-25,7550.0,21991.765625
50,2024-07-30,7550.0,21992.798828125
50,2024-08-01,7650.0,21994.28515625
50,2024-08-06,7650.0,21994.45703125
50,2024-08-08,7650.0,21993.85546875
50,2024-08-13,7650.0,21993.1796875
50,2024-08-15,7650.0,21990.376953125
50,2024-08-20,7650.0,21988.78125
50,2024-08-22,7550.0,21983.44921875
50,2024-08-27,7550.0,21980.71484375
50,2024-08-29,7550.0,21972.25
50,2024-09-03,7650.0,21968.158203125
50,2024-09-05,7650.0,21955.71875
50,2024-09-10,7650.0,21949.79296875
50,2024-09-12,7650.0,21932.240234375
50,2024-09-17,7650.0,21924.021484375
50,2024-09-19,7650.0,21900.158203125
50,2024-09-24,7550.0,21889.2578125
50,2024-09-26,7550.0,21857.892578125
51,2024-02-06,10900.0,19239.51171875
51,2024-02-08,10750.0,19256.572265625
51,2024-02-13,10750.0,19269.55859375
51,2024-02-15,10900.0,19317.03515625
51,2024-02-20,10900.0,19341.787109375
51,2024-02-22,10900.0,19417.24609375
51,2024-02-27,10900.0,19452.55078125
51,2024-02-29,10900.0,19552.578125
51,2024-03-05,10900.0,19596.91796875
51,2024-03-07,10900.0,19717.3359375
51,2024-03-12,10900.0,19768.880859375
51,2024-03-14,10900.0,19904.37890625
51,2024-03-19,10900.0,19960.82421875
51,2024-03-21,10900.0,20106.12890625
51,2024-03-26,8100.0,20165.421875
51,2024-03-28,8100.0,20315.12890625
51,2024-04-02,7750.0,20375.25
51,2024-04-04,7750.0,20524.3515625
51,2024-04-09,7750.0,20583.1953125
51,2024-04-11,7750.0,20727.376953125
51,2024-04-16,7750.0,20783.58203125
51,2024-04-18,7750.0,20919.375
51,2024-04-23,7750.0,20971.4375
51,2024-04-25,7750.0,21095.7578125
51,2024-04-30,7750.0,21142.984375
51,2024-05-02,7750.0,21254.8046875
51,2024-05-07,7750.0,21296.87890625
51,2024-05-09,7750.0,21395.22265625
51,2024-05-14,7750.0,21431.875
51,2024-05-16,7750.0,21516.47265625
51,2024-05-21,7750.0,21547.5625
51,2024-05-23,7750.0,21618.623046875
51,2024-05-28,7750.0,21644.525390625
51,2024-05-30,9050.0,21703.544921875
51,2024-06-04,8900.0,21724.890625
51,2024-06-06,8900.0,21772.81640625
51,2024-06-11,9000.0,21789.916015625
51,2024-06-13,9000.0,21827.94921875
51,2024-06-18,9000.0,21841.412109375
51,2024-06-20,9000.0,21871.03515625
51,2024-06-25,8900.0,21881.3671875
51,2024-06-27,8900.0,21903.84765625
51,2024-07-02,8900.0,21911.689453125
51,2024-07-04,8900.0,21928.525390625
51,2024-07-09,8900.0,21934.228515625
51,2024-07-11,8900.0,21946.21875
51,2024-07-16,8900.0,21950.181640625
51,2024-07-18,8900.0,21958.21484375
51,2024-07-23,7400.0,21960.7421875
51,2024-07-25,7400.0,21965.48046875
51,2024-07-30,7400.0,21966.77734375
51,2024-08-01,6950.0,21968.615234375
51,2024-08-06,6950.0,21968.8046875
51,2024-08-08,6950.0,21967.91015625
51,2024-08-13,6950.0,21966.9921875
51,2024-08-15,6950.0,21963.22265625
51,2024-08-20,6950.0,21961.09765625
51,2024-08-22,6950.0,21954.078125
51,2024-08-27,6950.0,21950.53515625
51,2024-08-29,6950.0,21939.6328125
51,2024-09-03,6950.0,21934.37109375
51,2024-09-05,6950.0,21918.701171875
51,2024-09-10,7000.0,21911.32421875
51,2024-09-12,7000.0,21889.9921875
51,2024-09-17,6950.0,21880.17578125
51,2024-09-19,6950.0,21851.8203125
51,2024-09-24,6950.0,21838.8125
51,2024-09-26,6950.0,21802.0703125
52,2022-02-23,5400.0,38001.65234375
52,2022-03-04,5300.0,37924.1015625
52,2022-03-07,5300.0,37495.56640625
52,2022-03-08,5300.0,37324.91796875
52,2022-03-09,5300.0,37265.02734375
52,2022-03-10,5800.0,37203.67578125
52,2022-03-11,5800.0,37140.828125
52,2022-03-14,5600.0,37076.52734375
52,2022-03-15,5600.0,36873.4765625
52,2022-03-17,5800.0,36802.88671875
52,2022-03-18,5800.0,36657.53515625
52,2022-03-21,5800.0,36582.5390625
52,2022-03-22,5800.0,36348.33984375
52,2022-03-23,5700.0,36266.94921875
52,2022-03-24,5800.0,36183.79296875
52,2022-03-25,5800.0,36098.66796875
52,2022-03-30,5800.0,36011.90234375
52,2022-04-05,5600.0,35558.61328125
52,2022-04-06,5600.0,34969.6796875
52,2022-04-07,5600.0,34866.61328125
52,2022-04-08,5600.0,34762.23828125
52,2022-04-12,5700.0,34656.33203125
52,2022-04-13,5700.0,34216.51953125
52,2022-04-14,5700.0,34102.08203125
52,2022-04-18,5600.0,33986.7109375
52,2022-04-19,5600.0,33516.3046875
52,2022-04-20,5600.0,33396.21875
52,2022-04-21,5600.0,33275.40234375
52,2022-04-22,5600.0,33154.0
52,2022-04-25,5600.0,33031.97265625
52,2022-04-26,5600.0,32662.88671875
52,2022-04-27,5600.0,32538.369140625
52,2022-04-28,5600.0,32413.185546875
52,2022-04-29,5600.0,32287.546875
52,2022-05-04,5600.0,32161.52734375
52,2022-05-05,5600.0,31523.83984375
52,2022-05-06,5600.0,31395.103515625
52,2022-05-09,5600.0,31265.82421875
52,2022-05-10,5600.0,30876.47265625
52,2022-05-11,5600.0,30746.52734375
52,2022-05-12,5600.0,30617.013671875
52,2022-05-16,5500.0,30487.208984375
52,2022-05-17,5500.0,29966.25390625
52,2022-05-18,5500.0,29834.84375
52,2022-05-19,5500.0,29703.986328125
52,2022-05-31,5500.0,29573.751953125
52,2022-06-01,5500.0,28087.376953125
52,2022-06-03,5600.0,27969.9453125
52,2022-06-06,5600.0,27738.5859375
52,2022-06-07,5600.0,27397.6171875
52,2022-06-08,5600.0,27285.044921875
52,2022-06-09,5600.0,27174.080078125
52,2022-06-10,5600.0,27064.40625
52,2022-06-13,5600.0,26956.3515625
52,2022-06-14,5700.0,26641.708984375
52,2022-06-16,5650.0,26540.01953125
52,2022-06-17,5650.0,26339.275390625
52,2022-06-20,5600.0,26241.1875
52,2022-06-21,5600.0,25956.7578125
52,2022-06-23,5600.0,25865.8046875
52,2022-06-24,5600.0,25688.9765625
52,2022-06-27,5700.0,25604.93359375
52,2022-07-08,5700.0,25363.94921875
52,2022-07-13,5700.0,24636.642578125
52,2022-07-14,5700.0,24399.736328125
52,2022-07-15,5700.0,24359.2734375
52,2022-07-18,5700.0,24321.0234375
52,2022-07-19,5700.0,24219.1953125
52,2022-07-20,5700.0,24189.74609375
52,2022-07-21,5700.0,24162.49609375
52,2022-07-22,5700.0,24137.5
52,2022-07-25,5600.0,24114.640625
52,2022-07-26,5500.0,24059.86328125
52,2022-07-27,5500.0,24046.140625
52,2022-07-28,5500.0,24034.728515625
52,2022-07-29,5500.0,24025.5234375
52,2022-08-01,5600.0,24018.64453125
52,2022-08-02,5600.0,24011.66015625
52,2022-08-03,5600.0,24013.951171875
52,2022-08-04,5500.0,24018.48828125
52,2022-08-05,5500.0,24025.33203125
52,2022-08-08,5450.0,24034.458984375
52,2022-08-09,5450.0,24075.564453125
52,2022-08-10,5500.0,24093.775390625
52,2022-08-11,5500.0,24114.28125
52,2022-08-12,5500.0,24137.1328125
52,2022-08-15,5500.0,24162.212890625
52,2022-08-16,5500.0,24250.982421875
52,2022-08-17,5500.0,24285.044921875
52,2022-08-18,5500.0,24321.3046875
52,2022-08-22,5500.0,24359.75
52,2022-08-23,5600.0,24535.65625
52,2022-08-24,5500.0,24586.0703125
52,2022-08-31,5500.0,24638.666015625
52,2022-09-07,5500.0,25073.96484375
52,2022-09-08,5600.0,25613.77734375
52,2022-09-09,5600.0,25698.4609375
52,2022-09-12,5600.0,25786.40625
52,2022-09-13,5500.0,26062.111328125
52,2022-09-14,5500.0,26157.669921875
52,2022-09-16,5500.0,26254.939453125
52,2022-09-19,5500.0,26453.46484375
52,2022-09-20,5500.0,26761.7890625
52,2022-09-21,5400.0,26867.861328125
52,2022-09-22,5400.0,26975.45703125
52,2022-09-23,5400.0,27087.10546875
52,2022-09-26,5400.0,27200.466796875
52,2022-09-27,5500.0,27548.21875
52,2022-09-28,5500.0,27666.392578125
52,2022-09-29,5500.0,27785.9609375
52,2022-09-30,5500.0,27906.900390625
52,2022-10-03,5500.0,28028.609375
52,2022-10-04,5500.0,28398.138671875
52,2022-10-05,5500.0,28523.501953125
52,2022-10-06,5500.0,28649.95703125
52,2022-10-07,5500.0,28777.1796875
52,2022-10-10,5500.0,28905.130859375
52,2022-10-11,5400.0,29294.38671875
52,2022-10-13,5400.0,29425.90625
52,2022-10-17,5500.0,29691.1640625
52,2022-10-19,5500.0,30223.39453125
52,2022-10-20,5500.0,30488.712890625
52,2022-10-21,5500.0,30620.80859375
52,2022-10-24,5900.0,30753.513671875
52,2022-10-25,5900.0,31151.591796875
52,2022-10-26,6300.0,31283.802734375
52,2022-10-27,6300.0,31415.435546875
52,2022-10-28,6300.0,31546.89453125
52,2022-10-31,6300.0,31678.244140625
52,2022-11-01,6300.0,32068.8984375
52,2022-11-02,6350.0,32198.3984375
52,2022-11-03,6400.0,32327.5546875
52,2022-11-07,6500.0,32456.0859375
52,2022-11-08,6600.0,32958.03515625
52,2022-11-09,6600.0,33082.08203125
52,2022-11-14,6600.0,33205.5234375
52,2022-11-15,6600.0,33810.49609375
52,2022-11-16,6600.0,33928.65625
52,2022-11-17,6600.0,34045.875
52,2022-11-18,6600.0,34162.03515625
52,2022-11-21,6600.0,34275.3203125
52,2022-11-22,6500.0,34605.39453125
52,2022-11-23,6500.0,34712.53515625
52,2022-11-24,6500.0,34818.60546875
52,2022-11-25,6500.0,34922.93359375
52,2022-11-28,6500.0,35026.1875
52,2022-11-29,6500.0,35325.04296875
52,2022-12-05,6600.0,35422.30859375
52,2022-12-08,6600.0,35978.8203125
52,2022-12-12,6700.0,36236.26953125
52,2022-12-13,6700.0,36554.80078125
52,2022-12-14,6700.0,36630.8828125
52,2022-12-19,6700.0,36705.30859375
52,2022-12-20,6700.0,37055.01171875
52,2022-12-23,6700.0,37120.2265625
52,2022-12-26,6700.0,37306.87890625
52,2022-12-27,6700.0,37479.84765625
52,2023-01-03,6600.0,37534.41796875
52,2023-01-09,6600.0,37872.56640625
52,2023-01-10,6600.0,38099.05859375
52,2023-01-16,6500.0,38130.94921875
52,2023-01-17,6500.0,38285.73046875
52,2023-01-30,6550.0,38305.94921875
52,2023-01-31,6550.0,38422.78515625
52,2023-02-01,6550.0,38420.5625
52,2023-02-02,6500.0,38416.7109375
52,2023-02-03,6500.0,38411.25390625
52,2023-02-06,6400.0,38404.21484375
52,2023-02-07,6500.0,38373.43359375
52,2023-02-08,6600.0,38360.00390625
52,2023-02-09,6600.0,38345.00390625
52,2023-02-10,6600.0,38328.34765625
52,2023-02-13,6600.0,38310.125
52,2023-02-14,6500.0,38245.95703125
52,2023-02-15,6500.0,38221.4375
52,2023-02-17,6500.0,38195.29296875
52,2023-02-20,6500.0,38137.63671875
52,2023-02-21,6550.0,38038.02734375
52,2023-02-22,6500.0,38001.65234375
52,2023-02-24,6500.0,37963.68359375
52,2023-02-27,6500.0,37882.9296875
52,2023-02-28,6500.0,37749.6640625
52,2023-03-01,6500.0,37702.01171875
52,2023-03-03,6500.0,37652.67578125
52,2023-03-07,6500.0,37549.44921875
52,2023-03-08,6600.0,37324.91796875
52,2023-03-09,6500.0,37265.02734375
52,2023-03-10,6150.0,37203.67578125
52,2023-03-13,6100.0,37140.828125
52,2023-03-15,6100.0,36942.62109375
52,2023-03-16,6100.0,36802.88671875
52,2023-03-17,6200.0,36730.9765625
52,2023-03-20,6000.0,36657.53515625
52,2023-03-21,6000.0,36427.99609375
52,2023-03-22,6050.0,36348.33984375
52,2023-03-23,6100.0,36266.94921875
52,2023-03-24,6200.0,36183.79296875
52,2023-03-27,6200.0,36098.66796875
52,2023-03-28,6300.0,35834.65234375
52,2023-03-29,6300.0,35743.90234375
52,2023-03-30,6300.0,35652.03125
52,2023-03-31,6300.0,35558.61328125
52,2023-04-03,6300.0,35464.04296875
52,2023-04-05,6300.0,35172.30859375
52,2023-04-06,6300.0,34969.6796875
52,2023-04-07,6300.0,34866.61328125
52,2023-04-10,6300.0,34762.23828125
52,2023-04-11,6300.0,34440.21484375
52,2023-04-12,6200.0,34329.921875
52,2023-04-13,6200.0,34216.51953125
52,2023-04-14,6400.0,34102.08203125
52,2023-04-17,6400.0,33986.7109375
52,2023-04-18,6400.0,33635.484375
52,2024-07-04,6900.0,33516.3046875
52,2024-07-09,6900.0,24807.453125
52,2024-07-12,6900.0,24534.30859375
52,2024-07-15,7000.0,24399.736328125
52,2024-07-18,6800.0,24284.880859375
52,2024-08-01,7000.0,24189.74609375
52,2024-08-02,7000.0,24013.951171875
52,2024-08-05,7000.0,24018.48828125
52,2024-08-06,7000.0,24045.87890625
52,2024-08-07,7000.0,24059.607421875
53,2023-02-03,11750.0,38383.94921875
53,2023-02-07,11750.0,38367.90625
53,2023-02-10,11750.0,38324.48828125
53,2023-02-14,11750.0,38275.48828125
53,2023-02-17,11750.0,38188.28125
53,2023-02-21,11750.0,38105.57421875
53,2023-02-24,11750.0,37971.9609375
53,2023-02-28,11750.0,37855.26171875
53,2023-03-03,11750.0,37677.37109375
53,2023-03-07,11750.0,37527.578125
53,2023-03-10,11750.0,37307.15234375
53,2023-03-14,11750.0,37126.45703125
53,2023-03-17,11750.0,36864.11328125
53,2023-03-21,11750.0,36652.31640625
53,2023-03-24,11750.0,36349.34765625
53,2023-03-28,11750.0,36105.02734375
53,2023-03-31,11750.0,35757.19921875
53,2023-04-04,15500.0,35482.73828125
53,2023-04-07,15500.0,35098.76171875
53,2023-04-11,15500.0,34795.73828125
53,2023-04-14,15500.0,34373.25390625
53,2023-04-18,15500.0,34038.55078125
53,2023-04-21,15500.0,33577.93359375
53,2023-04-25,15500.0,33222.88671875
53,2023-04-27,15000.0,32741.44140625
53,2023-04-28,15500.0,20009.5
53,2023-05-01,15500.0,32374.310546875
53,2023-05-02,15500.0,19989.783203125
53,2023-05-04,15500.0,31877.921875
53,2023-05-05,15500.0,19975.3046875
53,2023-05-08,15000.0,31501.23046875
53,2023-05-09,15500.0,19956.291015625
53,2023-05-11,15000.0,30995.2734375
53,2023-05-12,15500.0,19942.40234375
53,2023-05-15,15000.0,30615.28515625
53,2023-05-16,15500.0,19924.2734375
53,2023-05-18,15000.0,30107.326171875
53,2023-05-19,15500.0,19910.986328125
53,2023-05-23,15500.0,29724.73046875
53,2023-05-26,15500.0,29220.96484375
53,2023-06-03,15500.0,28853.80078125
53,2023-06-06,15500.0,27927.005859375
53,2023-06-13,15500.0,27595.64453125
53,2023-06-16,15500.0,26864.96875
53,2023-06-20,15500.0,26570.23046875
53,2023-06-23,15500.0,26197.291015625
53,2023-06-27,15500.0,25934.439453125
53,2023-06-30,15500.0,25611.8203125
53,2023-07-04,15500.0,25393.08984375
53,2023-07-07,15500.0,25128.064453125
53,2023-07-11,15500.0,24951.1796875
53,2023-07-14,15500.0,24745.91015625
53,2023-07-18,15500.0,24617.65234375
53,2023-07-21,15500.0,24478.39453125
53,2023-07-25,15500.0,24398.2890625
53,2023-07-28,15500.0,24322.396484375
53,2023-08-01,15500.0,24288.9375
53,2023-08-04,15500.0,24275.64453125
53,2023-08-08,15500.0,24289.2890625
53,2023-08-11,15500.0,24338.765625
53,2023-08-15,17000.0,24399.3359375
53,2023-08-18,17000.0,24511.220703125
53,2023-08-22,17000.0,24619.8828125
53,2023-08-25,17000.0,24797.087890625
53,2023-08-29,17000.0,24955.63671875
53,2023-09-05,16500.0,25197.654296875
53,2023-09-08,16500.0,25698.14453125
53,2023-09-12,17000.0,25946.0
53,2023-09-15,17000.0,26302.837890625
53,2023-09-19,16250.0,26585.71875
53,2023-09-22,16250.0,26985.966796875
53,2023-09-26,17000.0,27305.59765625
53,2023-09-29,17000.0,27756.291015625
53,2023-10-02,18500.0,28106.857421875
53,2023-10-04,18500.0,28465.68359375
53,2023-10-09,18500.0,28710.533203125
53,2023-10-11,18600.0,29338.14453125
53,2023-10-16,18600.0,29595.291015625
53,2023-10-18,18500.0,30242.787109375
53,2023-10-23,18500.0,30501.802734375
53,2023-10-25,18500.0,31150.00390625
53,2023-10-30,18500.0,31408.18359375
53,2023-11-01,18500.0,32043.541015625
53,2023-11-06,18700.0,32294.609375
53,2023-11-08,18700.0,32912.2890625
53,2023-11-13,19000.0,33155.8515625
53,2023-11-15,19000.0,33752.48828125
53,2023-11-20,19200.0,33984.6875
53,2023-11-22,19200.0,34537.54296875
53,2023-11-27,19200.0,34747.76953125
53,2023-11-29,19200.0,35250.38671875
53,2023-12-04,19200.0,35442.21484375
53,2023-12-06,19400.0,35900.22265625
53,2023-12-11,19300.0,36073.6875
53,2023-12-13,19300.0,36475.7734375
53,2023-12-18,19300.0,36626.26953125
53,2023-12-20,19400.0,36976.859375
54,2023-02-10,6800.0,28541.18359375
54,2023-02-14,6200.0,28471.544921875
54,2023-02-17,6200.0,28345.765625
54,2023-02-21,6200.0,28227.01953125
54,2023-02-24,6200.0,28036.9296875
54,2023-02-28,6200.0,27870.408203125
54,2023-03-03,6200.0,27617.6640625
54,2023-03-07,6200.0,27406.0859375
54,2023-03-10,6200.0,27094.37890625
54,2023-03-14,6200.0,26837.908203125
54,2023-03-17,6200.0,26470.578125
54,2023-03-21,6200.0,26175.1484375
54,2023-03-24,6200.0,25758.173828125
54,2023-03-28,6200.0,25434.7421875
54,2023-03-31,6200.0,24981.349609375
54,2023-04-04,6800.0,24629.15625
54,2023-04-07,6800.0,24154.23046875
54,2023-04-11,6200.0,23787.685546875
54,2023-04-14,6200.0,23288.85546875
54,2023-04-18,6800.0,22910.791015625
54,2023-04-21,6800.0,22406.16015625
54,2023-04-25,6800.0,22031.58203125
54,2023-04-28,6800.0,21526.521484375
54,2023-05-02,6800.0,21145.67578125
54,2023-05-05,6800.0,20636.224609375
54,2023-05-09,6800.0,20260.73828125
54,2023-05-12,6800.0,19768.470703125
54,2023-05-16,6800.0,19423.40234375
54,2023-05-19,6800.0,18972.994140625
54,2023-05-23,6800.0,18649.55078125
54,2023-05-26,6800.0,18245.5625
54,2023-06-03,6800.0,17966.478515625
54,2023-06-06,6800.0,17365.7578125
54,2023-06-13,6800.0,17174.68359375
54,2023-06-16,6800.0,16883.25
54,2023-06-20,6800.0,16869.880859375
54,2023-06-23,6800.0,16905.4765625
54,2023-06-27,6800.0,16936.111328125
54,2023-06-30,6800.0,16971.146484375
54,2023-07-04,6800.0,16993.44921875
54,2023-07-07,6800.0,17018.43359375
54,2023-07-11,6800.0,17033.9140625
54,2023-07-14,6800.0,17050.884765625
54,2023-07-18,6800.0,17067.13671875
54,2023-07-21,6800.0,17089.138671875
54,2023-07-25,6800.0,17104.22265625
54,2023-07-28,6800.0,17124.283203125
54,2023-08-01,7200.0,17133.375
54,2023-08-04,7200.0,17137.796875
54,2023-08-08,8200.0,17135.32421875
54,2023-08-11,8200.0,17124.283203125
54,2023-08-15,8200.0,17109.9765625
54,2023-08-18,8200.0,17090.1796875
54,2023-08-22,8200.0,17074.37890625
54,2023-08-25,8200.0,17053.8203125
54,2023-08-29,8200.0,17041.740234375
54,2023-09-05,7900.0,17021.859375
54,2023-09-08,7900.0,16974.7578125
54,2023-09-12,8200.0,16948.986328125
54,2023-09-15,8200.0,16908.681640625
54,2023-09-19,8200.0,16881.2421875
54,2023-09-22,8200.0,16898.244140625
54,2023-09-26,8200.0,16993.26171875
54,2023-09-29,8200.0,17210.05859375
54,2023-10-02,8200.0,17405.25
54,2023-10-04,8200.0,17621.34765625
54,2023-10-09,8200.0,17770.607421875
54,2023-10-11,8300.0,18209.2421875
54,2023-10-16,8400.0,18405.474609375
54,2023-10-18,8400.0,18934.49609375
54,2023-10-23,8400.0,19158.4140625
54,2023-10-25,8600.0,19731.203125
54,2023-10-30,8600.0,19974.029296875
54,2023-11-01,8600.0,20615.80859375
54,2023-11-06,8600.0,20878.701171875
54,2023-11-08,8700.0,21532.5234375
54,2023-11-13,8600.0,21792.830078125
54,2023-11-15,8700.0,22435.62890625
54,2023-11-20,8800.0,22690.421875
54,2023-11-22,8700.0,23323.1796875
54,2023-11-27,8800.0,23574.74609375
54,2023-11-29,8700.0,24190.814453125
54,2023-12-04,8700.0,24429.7265625
54,2023-12-06,9000.0,25019.947265625
54,2023-12-11,9000.0,25248.87890625
54,2023-12-13,9200.0,25794.140625
54,2023-12-18,9200.0,26005.2890625
54,2023-12-20,9200.0,26504.46875
55,2023-02-10,7600.0,28729.58203125
55,2023-02-14,7600.0,28660.671875
55,2023-02-17,7600.0,28536.59375
55,2023-02-21,7600.0,28419.90625
55,2023-02-24,7600.0,28233.123046875
55,2023-02-28,7600.0,28070.32421875
55,2023-03-03,7600.0,27823.041015625
55,2023-03-07,7600.0,27615.607421875
55,2023-03-10,7600.0,27311.32421875
55,2023-03-14,7600.0,27061.95703125
55,2023-03-17,7600.0,26700.302734375
55,2023-03-21,7600.0,26411.23828125
55,2023-03-24,7600.0,26000.8984375
55,2023-03-28,7600.0,25677.796875
55,2023-03-31,7600.0,25236.666015625
55,2023-04-04,7600.0,24888.505859375
55,2023-04-07,7600.0,24416.2109375
55,2023-04-11,7600.0,24056.880859375
55,2023-04-14,7600.0,23565.255859375
55,2023-04-18,7600.0,23190.857421875
55,2023-04-21,7600.0,22691.44140625
55,2023-04-25,7600.0,22321.1640625
55,2023-04-28,7600.0,21826.83984375
55,2023-05-02,7600.0,21452.890625
55,2023-05-05,7600.0,20953.376953125
55,2023-05-09,7600.0,20581.53515625
55,2023-05-12,7600.0,20092.787109375
55,2023-05-16,7600.0,19736.046875
55,2023-05-19,7600.0,19291.232421875
55,2023-05-23,7600.0,18964.92578125
55,2023-05-26,7600.0,18551.9375
55,2023-06-03,7600.0,18263.271484375
55,2023-06-06,7600.0,17617.08984375
55,2023-06-13,7600.0,17413.056640625
55,2023-06-16,7600.0,17020.09765625
55,2023-06-20,7600.0,16915.82421875
55,2023-06-23,7600.0,16866.9375
55,2023-06-27,7600.0,16883.5859375
55,2023-06-30,7600.0,16920.33984375
55,2023-07-04,7600.0,16945.212890625
55,2023-07-07,7600.0,16973.416015625
55,2023-07-11,7600.0,16991.1796875
55,2023-07-14,7600.0,17010.71875
55,2023-07-18,7600.0,17022.662109375
55,2023-07-21,7600.0,17035.19921875
55,2023-07-25,7600.0,17042.345703125
55,2023-07-28,7600.0,17049.125
55,2023-08-01,7600.0,17052.25390625
55,2023-08-04,7600.0,17053.951171875
55,2023-08-08,7600.0,17053.3671875
55,2023-08-11,7600.0,17050.091796875
55,2023-08-15,7600.0,17045.6875
55,2023-08-18,7600.0,17037.044921875
55,2023-08-22,7600.0,17028.306640625
55,2023-08-25,7600.0,17013.248046875
55,2023-08-29,7600.0,16999.212890625
55,2023-09-05,7400.0,16976.326171875
55,2023-09-08,7400.0,16923.23046875
55,2023-09-12,7600.0,16894.84375
55,2023-09-15,7600.0,16874.0390625
55,2023-09-19,7600.0,16908.75
55,2023-09-22,7600.0,17046.14453125
55,2023-09-26,8700.0,17205.4375
55,2023-09-29,8700.0,17452.884765625
55,2023-10-02,8700.0,17659.291015625
55,2023-10-04,8700.0,17879.95703125
55,2023-10-09,8700.0,18046.2578125
55,2023-10-11,8800.0,18514.67578125
55,2023-10-16,8900.0,18717.39453125
55,2023-10-18,8900.0,19253.01953125
55,2023-10-23,8900.0,19474.46484375
55,2023-10-25,9100.0,20056.62890625
55,2023-10-30,9100.0,20301.640625
55,2023-11-01,9100.0,20936.37109375
55,2023-11-06,9100.0,21193.9453125
55,2023-11-08,9200.0,21835.00390625
55,2023-11-13,9100.0,22089.259765625
55,2023-11-15,9200.0,22722.22265625
55,2023-11-20,9300.0,22972.05859375
55,2023-11-22,9200.0,23600.65234375
55,2023-11-27,9300.0,23848.734375
55,2023-11-29,9200.0,24452.421875
55,2023-12-04,9200.0,24689.09765625
55,2023-12-06,9500.0,25272.826171875
55,2023-12-11,9500.0,25495.572265625
55,2023-12-13,9700.0,26036.3984375
55,2023-12-18,9700.0,26244.150390625
55,2023-12-20,9700.0,26733.7109375
56,2023-02-10,7400.0,28908.392578125
56,2023-02-14,6600.0,28841.14453125
56,2023-02-17,6600.0,28719.23828125
56,2023-02-21,6600.0,28604.47265625
56,2023-02-24,6600.0,28421.01953125
56,2023-02-28,6600.0,28261.091796875
56,2023-03-03,6600.0,28018.921875
56,2023-03-07,6600.0,27815.521484375
56,2023-03-10,6600.0,27516.75390625
56,2023-03-14,6600.0,27272.75390625
56,2023-03-17,6600.0,26920.298828125
56,2023-03-21,6600.0,26637.03515625
56,2023-03-24,6600.0,26236.6015625
56,2023-03-28,6600.0,25919.330078125
56,2023-03-31,6600.0,25481.5625
56,2023-04-04,7200.0,25142.0546875
56,2023-04-07,7200.0,24671.1875
56,2023-04-11,6600.0,24316.0625
56,2023-04-14,6600.0,23833.109375
56,2023-04-18,7300.0,23463.5859375
56,2023-04-21,7300.0,22966.451171875
56,2023-04-25,7400.0,22601.7578125
56,2023-04-28,7400.0,22115.75390625
56,2023-05-02,7400.0,21748.5859375
56,2023-05-05,7400.0,21258.251953125
56,2023-05-09,7400.0,20892.859375
56,2023-05-12,7400.0,20409.453125
56,2023-05-16,7500.0,20052.79296875
56,2023-05-19,7500.0,19598.62109375
56,2023-05-23,7500.0,19276.75
56,2023-05-26,7500.0,18860.185546875
56,2023-06-03,7500.0,18563.765625
56,2023-06-06,7500.0,17869.99609375
56,2023-06-13,7500.0,17662.119140625
56,2023-06-16,7500.0,17237.78125
56,2023-06-20,7500.0,17084.35546875
56,2023-06-23,7500.0,16935.4921875
56,2023-06-27,7500.0,16877.625
56,2023-06-30,7500.0,16873.2734375
56,2023-07-04,7800.0,16892.578125
56,2023-07-07,7500.0,16923.83984375
56,2023-07-11,7500.0,16943.56640625
56,2023-07-14,7500.0,16965.515625
56,2023-07-18,7500.0,16978.984375
56,2023-07-21,7500.0,16993.310546875
56,2023-07-25,7500.0,17001.4765625
56,2023-07-28,7500.0,17009.2265625
56,2023-08-01,8000.0,17012.796875
56,2023-08-04,8000.0,17014.671875
56,2023-08-08,8800.0,17013.935546875
56,2023-08-11,8800.0,17010.060546875
56,2023-08-15,9000.0,17004.919921875
56,2023-08-18,9000.0,16994.876953125
56,2023-08-22,9000.0,16984.779296875
56,2023-08-25,9000.0,16967.63671875
56,2023-08-29,9000.0,16951.76171875
56,2023-09-05,8700.0,16926.162109375
56,2023-09-08,8700.0,16877.2265625
56,2023-09-12,8800.0,16879.37890625
56,2023-09-15,8800.0,16954.595703125
56,2023-09-19,8800.0,17065.06640625
56,2023-09-22,8800.0,17268.9765625
56,2023-09-26,9000.0,17443.24609375
56,2023-09-29,9000.0,17702.5078125
56,2023-10-02,9000.0,17916.03125
56,2023-10-04,9000.0,18163.93359375
56,2023-10-09,9000.0,18341.82421875
56,2023-10-11,9100.0,18823.6328125
56,2023-10-16,9200.0,19028.79296875
56,2023-10-18,9200.0,19562.86328125
56,2023-10-23,9200.0,19784.29296875
56,2023-10-25,9400.0,20376.859375
56,2023-10-30,9400.0,20619.41796875
56,2023-11-01,9400.0,21244.54296875
56,2023-11-06,9400.0,21496.73828125
56,2023-11-08,9500.0,22125.08984375
56,2023-11-13,9400.0,22375.51953125
56,2023-11-15,9500.0,22998.2265625
56,2023-11-20,9600.0,23249.146484375
56,2023-11-22,9500.0,23869.28125
56,2023-11-27,9600.0,24112.91796875
56,2023-11-29,9500.0,24707.23828125
56,2023-12-04,9500.0,24944.34765625
56,2023-12-06,9800.0,25514.599609375
56,2023-12-11,9800.0,25734.80859375
56,2023-12-13,10000.0,26270.484375
56,2023-12-18,10000.0,26473.87890625
56,2023-12-20,10000.0,26955.05078125
57,2021-03-15,6200.0,53370.99609375
57,2021-03-19,6500.0,27039.59375
57,2021-03-22,6000.0,52987.53125
57,2021-03-26,6500.0,26358.43359375
57,2021-04-09,6500.0,52553.83203125
57,2021-04-16,6300.0,51554.5078125
57,2021-04-23,6300.0,51020.71484375
57,2021-04-30,6300.0,50458.49609375
57,2021-05-07,5800.0,49880.71484375
57,2021-05-14,5800.0,49289.11328125
57,2021-05-17,6200.0,48700.5
57,2021-05-21,5800.0,19792.13671875
57,2021-05-24,6200.0,48126.35546875
57,2021-05-28,5800.0,19064.51171875
57,2021-06-07,5700.0,47569.47265625
57,2021-06-14,5700.0,17843.046875
57,2021-06-21,5500.0,17413.484375
57,2021-07-05,6500.0,17071.373046875
57,2021-07-12,6500.0,16880.90234375
57,2021-07-19,6500.0,16921.28515625
57,2021-07-26,6600.0,16950.087890625
57,2021-09-20,5100.0,16966.091796875
57,2022-02-14,6050.0,17565.791015625
57,2022-02-17,5600.0,28894.55859375
57,2022-02-21,5600.0,28782.1640625
57,2022-02-24,5600.0,28601.810546875
57,2022-02-28,5800.0,28444.478515625
57,2022-03-03,5600.0,28206.39453125
57,2022-03-07,5700.0,28007.12109375
57,2022-03-10,5600.0,27714.0390625
57,2022-03-17,5600.0,27474.572265625
57,2022-03-21,5600.0,26852.216796875
57,2022-03-28,5600.0,26460.23046875
57,2022-03-31,5600.0,25717.40234375
57,2022-04-04,5600.0,25385.12109375
57,2022-04-07,6000.0,24922.228515625
57,2022-04-14,5600.0,24567.03125
57,2022-04-18,5600.0,23727.546875
57,2023-01-05,5600.0,23235.8359375
57,2023-01-10,6400.0,28475.3984375
57,2023-01-12,6600.0,28723.880859375
57,2023-01-17,6600.0,28808.12890625
57,2023-01-20,6600.0,28977.904296875
57,2023-01-24,6600.0,29052.869140625
57,2023-01-27,6600.0,29121.515625
57,2023-01-31,6600.0,29149.48046875
57,2023-02-03,6600.0,29155.37890625
57,2023-02-07,6400.0,29136.37109375
57,2023-02-10,6400.0,29079.63671875
57,2023-02-14,5600.0,29013.46875
57,2023-02-17,5600.0,28894.55859375
57,2023-02-21,5600.0,28782.1640625
57,2023-02-24,5600.0,28601.810546875
57,2023-02-28,5600.0,28444.478515625
57,2023-03-03,5600.0,28206.39453125
57,2023-03-07,5600.0,28007.12109375
57,2023-03-10,5600.0,27714.0390625
57,2023-03-14,5600.0,27474.572265625
57,2023-03-17,5600.0,27130.359375
57,2023-03-21,5600.0,26852.216796875
57,2023-03-24,5600.0,26460.23046875
57,2023-03-28,5600.0,26149.9453125
57,2023-03-31,5600.0,25717.40234375
57,2023-04-04,6200.0,25385.12109375
57,2023-04-07,6200.0,24922.228515625
57,2023-04-11,5600.0,24567.03125
57,2023-04-14,5600.0,24092.18359375
57,2023-04-18,6300.0,23727.546875
57,2023-04-21,6300.0,23235.8359375
57,2023-04-25,6400.0,22872.16015625
57,2023-04-27,6400.0,22392.46875
57,2023-04-28,6400.0,20281.01953125
57,2023-05-01,6400.0,22033.1328125
57,2023-05-02,6400.0,20258.8203125
57,2023-05-04,6400.0,21550.67578125
57,2023-05-05,6400.0,20242.12109375
57,2023-05-08,6500.0,21192.97265625
57,2023-05-09,6400.0,20219.994140625
57,2023-05-11,6500.0,20716.50390625
57,2023-05-12,6400.0,20203.58203125
57,2023-05-15,6500.0,20364.1171875
57,2023-05-16,6500.0,20182.087890625
57,2023-05-18,6500.0,19903.4296875
57,2023-05-19,6500.0,20166.19921875
57,2023-05-23,6500.0,19578.56640625
57,2023-05-26,6500.0,19165.55078125
57,2023-06-03,6500.0,18866.45703125
57,2023-06-06,6500.0,18147.44140625
57,2023-06-13,6500.0,17914.1953125
57,2023-06-16,6500.0,17471.4140625
57,2023-06-20,6500.0,17308.07421875
57,2023-06-23,6500.0,17112.83984375
57,2023-06-27,6500.0,16996.04296875
57,2023-06-30,6500.0,16898.4609375
57,2023-07-04,6800.0,16869.7421875
57,2023-07-07,6500.0,16876.078125
57,2023-07-11,6500.0,16891.736328125
57,2023-07-14,6500.0,16916.00390625
57,2023-07-18,6500.0,16930.931640625
57,2023-07-21,6500.0,16946.794921875
57,2023-07-25,6500.0,16955.892578125
57,2023-07-28,6500.0,16964.53515625
57,2023-08-01,7000.0,16968.4921875
57,2023-08-04,7000.0,16970.5546875
57,2023-08-08,7800.0,16969.66796875
57,2023-08-11,7800.0,16965.22265625
57,2023-08-15,8000.0,16959.375
57,2023-08-18,8000.0,16948.05078125
57,2023-08-22,8000.0,16936.75
57,2023-08-25,8000.0,16917.61328125
57,2023-08-29,8000.0,16899.94921875
57,2023-09-05,7800.0,16879.09765625
57,2023-09-08,7800.0,16911.833984375
57,2023-09-12,7800.0,16985.501953125
57,2023-09-15,7800.0,17139.529296875
57,2023-09-19,7800.0,17286.171875
57,2023-09-22,7800.0,17506.0546875
57,2023-09-26,8000.0,17688.3671875
57,2023-09-29,8000.0,17958.6953125
57,2023-10-02,8000.0,18197.92578125
57,2023-10-04,8000.0,18456.42578125
57,2023-10-09,8000.0,18640.515625
57,2023-10-11,8100.0,19129.955078125
57,2023-10-16,8200.0,19335.3046875
57,2023-10-18,8200.0,19870.423828125
57,2023-10-23,8200.0,20100.234375
57,2023-10-25,8400.0,20688.375
57,2023-10-30,8400.0,20927.716796875
57,2023-11-01,8400.0,21541.05859375
57,2023-11-06,8400.0,21788.7109375
57,2023-11-08,8500.0,22405.794921875
57,2023-11-13,8400.0,22652.658203125
57,2023-11-15,8500.0,23270.53515625
57,2023-11-20,8600.0,23517.66796875
57,2023-11-22,8500.0,24128.078125
57,2023-11-27,8600.0,24366.34765625
57,2023-11-29,8500.0,24958.046875
57,2023-12-04,8500.0,25190.69921875
57,2023-12-06,8800.0,25750.03515625
57,2023-12-11,8800.0,25969.5546875
57,2023-12-13,9000.0,26495.4375
57,2023-12-18,9000.0,26695.576171875
57,2023-12-20,9000.0,27166.4140625
58,2023-02-06,9500.0,22034.44921875
58,2023-02-09,9500.0,22034.11328125
58,2023-02-09,9980.0,22033.74609375
58,2023-02-13,9500.0,20959.798828125
58,2023-02-16,9960.0,22033.0859375
58,2023-02-16,9500.0,20950.69140625
58,2023-02-20,9500.0,22032.412109375
58,2023-02-23,9300.0,22031.2265625
58,2023-02-23,9960.0,22030.09375
58,2023-02-27,9300.0,20936.54296875
58,2023-03-03,9500.0,22028.173828125
58,2023-03-06,9500.0,22025.69921875
58,2023-03-09,9500.0,22023.5390625
58,2023-03-13,10200.0,20893.958984375
58,2023-03-16,10200.0,22016.802734375
58,2023-03-16,9500.0,22013.10546875
58,2023-03-20,10200.0,20866.18359375
58,2023-03-23,10200.0,22007.3359375
58,2023-03-26,10200.0,22002.41796875
58,2023-03-27,10200.0,20820.29296875
58,2023-03-30,10200.0,21994.94921875
58,2023-04-03,10640.0,21988.708984375
58,2023-04-06,10640.0,21979.34375
58,2023-04-06,10640.0,21971.55859375
58,2023-04-10,10400.0,20763.048828125
58,2023-04-13,10400.0,21960.1015625
58,2023-04-17,10880.0,21950.75
58,2023-04-20,10880.0,21937.41015625
58,2023-04-20,10880.0,21926.8125
58,2023-04-24,10880.0,20683.841796875
58,2023-04-27,10880.0,21911.890625
58,2023-04-27,10880.0,20643.115234375
58,2023-05-04,10880.0,21900.0390625
58,2023-05-05,10880.0,21870.484375
58,2023-05-08,10880.0,20596.1796875
58,2023-05-11,10880.0,21852.810546875
58,2023-05-12,10880.0,21839.31640625
58,2023-05-15,10880.0,20555.478515625
58,2023-05-18,10880.0,21821.09765625
58,2023-05-22,10880.0,21807.24609375
58,2023-05-25,9600.0,21788.54296875
58,2023-05-29,9600.0,21774.46484375
58,2023-06-01,9600.0,21755.7109375
58,2023-06-05,9600.0,21741.7578125
58,2023-06-08,9600.0,21723.5390625
58,2023-06-12,9600.0,21710.2109375
58,2023-06-15,11400.0,21692.908203125
58,2023-06-19,11400.0,21680.484375
58,2023-06-22,11400.0,21665.109375
58,2023-06-26,11400.0,21654.23828125
58,2023-06-29,11400.0,21640.64453125
58,2023-07-03,11700.0,21631.23828125
58,2023-07-06,11700.0,21619.7109375
58,2023-07-10,11700.0,21611.884765625
58,2023-07-13,11700.0,21602.59765625
58,2023-07-17,11820.0,21596.5390625
58,2023-07-20,11820.0,21589.7109375
58,2023-07-24,12860.0,21585.5703125
58,2023-07-27,12860.0,21581.400390625
58,2023-07-31,12860.0,21579.296875
58,2023-08-03,13700.0,21577.85546875
58,2023-08-07,13700.0,21577.79296875
58,2023-08-10,15500.0,21579.083984375
58,2023-08-17,15500.0,21581.0703125
58,2023-08-21,14400.0,21589.099609375
58,2023-08-24,14400.0,21595.7890625
58,2023-08-28,14400.0,21601.77734375
58,2023-08-31,14400.0,21610.96484375
58,2023-09-04,14400.0,21618.74609375
58,2023-09-07,14400.0,21630.23828125
58,2023-09-11,14400.0,21639.654296875
58,2023-09-14,14400.0,21653.2109375
58,2023-09-18,14900.0,21664.478515625
58,2023-09-21,14900.0,21680.337890625
58,2023-09-25,14900.0,21692.869140625
58,2023-09-28,14900.0,21710.240234375
58,2023-10-03,13700.0,21723.6796875
58,2023-10-05,13700.0,21746.61328125
58,2023-10-10,13700.0,21755.94921875
58,2023-10-12,13800.0,21779.578125
58,2023-10-17,13800.0,21789.107421875
58,2023-10-19,13700.0,21812.791015625
58,2023-10-24,13700.0,21822.13671875
58,2023-10-26,13700.0,21845.205078125
58,2023-10-31,13700.0,21854.33984375
58,2023-11-02,15610.0,21876.61328125
58,2023-11-07,15610.0,21885.27734375
58,2023-11-09,15730.0,21906.0078125
58,2023-11-14,15730.0,21913.81640625
58,2023-11-16,15680.0,21932.5703125
58,2023-11-21,15680.0,21939.685546875
58,2023-11-23,15760.0,21956.3203125
58,2023-11-28,15760.0,21962.5546875
58,2023-11-30,15760.0,21976.8828125
58,2023-12-05,15760.0,21982.0078125
58,2023-12-07,15760.0,21993.57421875
58,2023-12-12,15860.0,21997.671875
58,2023-12-14,15860.0,22006.787109375
58,2023-12-19,15860.0,22010.009765625
59,2023-02-06,9300.0,22036.109375
59,2023-02-09,9300.0,22035.953125
59,2023-02-09,9630.0,22035.8359375
59,2023-02-13,9300.0,21022.80859375
59,2023-02-16,9740.0,22035.65625
59,2023-02-16,9300.0,21013.849609375
59,2023-02-20,9300.0,22035.482421875
59,2023-02-23,9300.0,22035.109375
59,2023-02-23,9740.0,22034.69140625
59,2023-02-27,9300.0,20999.943359375
59,2023-03-03,9300.0,22033.865234375
59,2023-03-06,9300.0,22032.658203125
59,2023-03-09,9300.0,22031.42578125
59,2023-03-13,10000.0,20958.150390625
59,2023-03-16,10000.0,22027.07421875
59,2023-03-16,9300.0,22024.53515625
59,2023-03-20,10000.0,20930.80859375
59,2023-03-23,10000.0,22020.501953125
59,2023-03-26,10000.0,22016.83203125
59,2023-03-27,10000.0,20885.298828125
59,2023-03-30,10000.0,22011.05078125
59,2023-04-03,10410.0,22006.0078125
59,2023-04-06,10410.0,21998.392578125
59,2023-04-06,10410.0,21992.05859375
59,2023-04-10,10200.0,20828.28515625
59,2023-04-13,10200.0,21982.568359375
59,2023-04-17,10600.0,21974.73046875
59,2023-04-20,10600.0,21963.18359375
59,2023-04-20,10600.0,21953.79296875
59,2023-04-24,10600.0,20748.880859375
59,2023-04-27,10600.0,21940.41796875
59,2023-04-27,10600.0,20707.609375
59,2023-05-04,10600.0,21929.8515625
59,2023-05-05,10600.0,21903.57421875
59,2023-05-08,10600.0,20661.392578125
59,2023-05-11,10600.0,21887.26171875
59,2023-05-12,10600.0,21874.87890625
59,2023-05-15,10600.0,20621.05078125
59,2023-05-18,10600.0,21857.884765625
59,2023-05-22,10600.0,21845.02734375
59,2023-05-25,9400.0,21827.767578125
59,2023-05-29,9400.0,21814.765625
59,2023-06-01,9400.0,21797.43359375
59,2023-06-05,9400.0,21784.498046875
59,2023-06-08,9400.0,21767.43359375
59,2023-06-12,9400.0,21754.86328125
59,2023-06-15,11200.0,21738.55078125
59,2023-06-19,11200.0,21726.796875
59,2023-06-22,11200.0,21711.7734375
59,2023-06-26,11200.0,21701.060546875
59,2023-06-29,11200.0,21687.595703125
59,2023-07-03,11460.0,21678.203125
59,2023-07-06,11460.0,21666.8125
59,2023-07-10,11460.0,21659.31640625
59,2023-07-13,11460.0,21650.423828125
59,2023-07-17,11580.0,21644.62890625
59,2023-07-20,11580.0,21638.16015625
59,2023-07-24,12260.0,21634.23828125
59,2023-07-27,12260.0,21630.265625
59,2023-07-31,12260.0,21628.248046875
59,2023-08-03,13460.0,21626.85546875
59,2023-08-07,13460.0,21626.8125
59,2023-08-10,16000.0,21628.072265625
59,2023-08-17,16000.0,21629.9921875
59,2023-08-21,14000.0,21637.73046875
59,2023-08-24,14000.0,21644.1328125
59,2023-08-28,14000.0,21649.890625
59,2023-08-31,14000.0,21659.056640625
59,2023-09-04,14000.0,21666.796875
59,2023-09-07,14000.0,21678.2109375
59,2023-09-11,14000.0,21687.572265625
59,2023-09-14,14000.0,21701.029296875
59,2023-09-18,14730.0,21711.8046875
59,2023-09-21,14730.0,21726.890625
59,2023-09-25,14730.0,21738.705078125
59,2023-09-28,14730.0,21755.01953125
59,2023-10-03,13100.0,21767.71875
59,2023-10-05,13100.0,21789.390625
59,2023-10-10,13100.0,21798.15625
59,2023-10-12,13200.0,21820.09375
59,2023-10-17,13200.0,21828.859375
59,2023-10-19,13100.0,21850.8125
59,2023-10-24,13100.0,21859.515625
59,2023-10-26,13100.0,21880.958984375
59,2023-10-31,13100.0,21889.337890625
59,2023-11-02,15420.0,21909.427734375
59,2023-11-07,15420.0,21917.140625
59,2023-11-09,15550.0,21935.734375
59,2023-11-14,15550.0,21942.80859375
59,2023-11-16,15500.0,21959.48828125
59,2023-11-21,15500.0,21965.80859375
59,2023-11-23,15580.0,21980.2265625
59,2023-11-28,15580.0,21985.421875
59,2023-11-30,15580.0,21997.1953125
59,2023-12-05,15580.0,22001.380859375
59,2023-12-07,15580.0,22010.765625
59,2023-12-12,15680.0,22014.0625
59,2023-12-14,15680.0,22021.15625
59,2023-12-19,15680.0,22023.55078125
60,2023-02-06,9700.0,22032.91015625
60,2023-02-09,9700.0,22032.927734375
60,2023-02-09,10340.0,22033.080078125
60,2023-02-13,9700.0,21083.80078125
60,2023-02-16,10180.0,22033.416015625
60,2023-02-16,9500.0,21074.9921875
60,2023-02-20,9500.0,22033.75
60,2023-02-23,9700.0,22034.22265625
60,2023-02-23,10180.0,22034.55078125
60,2023-02-27,9700.0,21061.33203125
60,2023-03-03,9700.0,22034.84765625
60,2023-03-06,9700.0,22034.890625
60,2023-03-09,9700.0,22034.6796875
60,2023-03-13,10500.0,21020.20703125
60,2023-03-16,10500.0,22033.04296875
60,2023-03-16,9700.0,22031.7421875
60,2023-03-20,10500.0,20993.34375
60,2023-03-23,10500.0,22029.302734375
60,2023-03-26,10500.0,22026.873046875
60,2023-03-27,10500.0,20948.65234375
60,2023-03-30,10500.0,22022.91015625
60,2023-04-03,10880.0,22019.296875
60,2023-04-06,10880.0,22013.51953125
60,2023-04-06,10880.0,22008.44140625
60,2023-04-10,10880.0,20892.22265625
60,2023-04-13,10880.0,22000.7578125
60,2023-04-17,11100.0,21994.32421875
60,2023-04-20,11100.0,21984.82421875
60,2023-04-20,11100.0,21976.96875
60,2023-04-24,11100.0,20813.248046875
60,2023-04-27,11100.0,21965.482421875
60,2023-04-27,11100.0,20772.177734375
60,2023-05-04,11100.0,21956.158203125
60,2023-05-05,11100.0,21932.546875
60,2023-05-08,11100.0,20724.984375
60,2023-05-11,11100.0,21918.12890625
60,2023-05-12,11100.0,21906.998046875
60,2023-05-15,11100.0,20684.77734375
60,2023-05-18,11100.0,21891.4140625
60,2023-05-22,11100.0,21879.626953125
60,2023-05-25,9870.0,21863.62109375
60,2023-05-29,9870.0,21851.5234375
60,2023-06-01,9870.0,21835.44140625
60,2023-06-05,9870.0,21823.494140625
60,2023-06-08,9870.0,21807.716796875
60,2023-06-12,9870.0,21796.06640625
60,2023-06-15,11700.0,21780.90625
60,2023-06-19,11700.0,21769.8671875
60,2023-06-22,11700.0,21755.72265625
60,2023-06-26,11700.0,21745.609375
60,2023-06-29,11700.0,21732.953125
60,2023-07-03,11930.0,21724.11328125
60,2023-07-06,11930.0,21713.26953125
60,2023-07-10,11930.0,21705.8828125
60,2023-07-13,11930.0,21697.1171875
60,2023-07-17,12000.0,21691.38671875
60,2023-07-20,12000.0,21684.935546875
60,2023-07-24,13460.0,21681.025390625
60,2023-07-27,13460.0,21677.14453125
60,2023-07-31,13460.0,21675.2109375
60,2023-08-03,13900.0,21673.91796875
60,2023-08-07,13900.0,21673.9296875
60,2023-08-10,15000.0,21675.25390625
60,2023-08-17,15000.0,21677.21484375
60,2023-08-21,14750.0,21684.9765625
60,2023-08-24,14750.0,21691.392578125
60,2023-08-28,14750.0,21697.087890625
60,2023-08-31,14750.0,21705.875
60,2023-09-04,14750.0,21713.2734375
60,2023-09-07,14750.0,21724.1328125
60,2023-09-11,14750.0,21733.0078125
60,2023-09-14,14750.0,21745.74609375
60,2023-09-18,15090.0,21755.91796875
60,2023-09-21,15090.0,21770.2265625
60,2023-09-25,15090.0,21781.396484375
60,2023-09-28,15090.0,21796.765625
60,2023-10-03,14300.0,21808.53515625
60,2023-10-05,14300.0,21828.515625
60,2023-10-10,14300.0,21836.62890625
60,2023-10-12,14400.0,21857.11328125
60,2023-10-17,14400.0,21865.24609375
60,2023-10-19,14300.0,21885.57421875
60,2023-10-24,14300.0,21893.5546875
60,2023-10-26,14300.0,21912.75
60,2023-10-31,14300.0,21920.265625
60,2023-11-02,15790.0,21938.4375
60,2023-11-07,15790.0,21945.3828125
60,2023-11-09,15910.0,21961.94140625
60,2023-11-14,15910.0,21968.2265625
60,2023-11-16,15870.0,21982.578125
60,2023-11-21,15870.0,21987.822265625
60,2023-11-23,15940.0,21999.6875
60,2023-11-28,15940.0,22003.9453125
60,2023-11-30,15940.0,22013.478515625
60,2023-12-05,15940.0,22016.83984375
60,2023-12-07,15940.0,22024.009765625
60,2023-12-12,16040.0,22026.37890625
60,2023-12-14,16040.0,22031.11328125
60,2023-12-19,16040.0,22032.671875
61,2021-11-16,6800.0,39180.7265625
61,2021-11-23,7000.0,39666.2421875
61,2021-11-30,6800.0,40109.01953125
61,2021-12-07,6700.0,40513.18359375
61,2021-12-14,7000.0,40885.54296875
61,2022-01-04,7000.0,41225.16796875
61,2022-01-12,6200.0,42044.33984375
61,2022-01-18,6700.0,42256.30859375
61,2022-01-25,6900.0,42368.24609375
61,2022-02-08,6700.0,42437.265625
61,2022-02-15,6600.0,42376.93359375
61,2022-02-22,6700.0,42248.625
61,2022-03-01,6500.0,42065.82421875
61,2022-03-08,6700.0,41834.6796875
61,2022-03-15,6600.0,41567.34765625
61,2022-03-22,6600.0,41264.34765625
61,2022-03-29,6600.0,40927.89453125
61,2022-04-05,6500.0,40561.3984375
61,2022-04-12,6700.0,40162.29296875
61,2022-04-19,6600.0,39727.22265625
61,2023-01-04,6800.0,39247.64453125
61,2023-01-05,6800.0,35873.77734375
61,2023-01-06,7000.0,21255.53125
61,2023-01-11,7200.0,35947.31640625
61,2023-01-12,6800.0,36104.59765625
61,2023-01-13,7400.0,21270.81640625
61,2023-01-18,6800.0,36157.02734375
61,2023-01-20,7000.0,36260.75390625
61,2023-01-25,6800.0,36291.5546875
61,2023-01-27,6800.0,36341.94921875
61,2023-01-27,7000.0,21287.9375
61,2023-02-01,7000.0,36351.44140625
61,2023-02-02,6600.0,36348.2734375
61,2023-02-03,7200.0,21288.69140625
61,2023-02-08,7400.0,36336.33203125
61,2023-02-09,6700.0,36279.74609375
61,2023-02-10,6800.0,21285.1171875
61,2023-02-15,7000.0,36246.53515625
61,2023-02-16,6700.0,36137.1328125
61,2023-02-17,6800.0,21276.75
61,2023-02-22,7000.0,36082.8515625
61,2023-02-23,6700.0,35921.1796875
61,2023-02-25,7000.0,21263.70703125
61,2023-03-01,7000.0,35804.46484375
61,2023-03-02,6800.0,35626.33203125
61,2023-03-05,6800.0,21246.15234375
61,2023-03-08,6600.0,35424.91015625
61,2023-03-10,6600.0,35258.55859375
61,2023-03-10,6800.0,35140.66796875
61,2023-03-15,6400.0,21220.8125
61,2023-03-16,6600.0,34822.41015625
61,2023-03-17,6800.0,21198.345703125
61,2023-03-22,7000.0,34685.08203125
61,2023-03-23,6600.0,34316.39453125
61,2023-03-29,7000.0,21168.978515625
61,2023-03-31,6400.0,33742.06640625
61,2023-04-05,6400.0,21131.27734375
61,2023-04-07,6400.0,33097.5390625
61,2023-04-07,6400.0,32903.3671875
61,2023-04-12,6522.0,21095.306640625
61,2023-04-13,6500.0,32403.3984375
61,2023-04-14,6522.0,21062.681640625
61,2023-04-19,6622.0,32196.783203125
61,2023-04-20,6600.0,31667.8359375
61,2023-04-21,6622.0,21023.041015625
61,2023-04-25,6422.0,31451.76171875
61,2023-04-27,6422.0,31012.357421875
61,2023-04-27,6400.0,30789.544921875
61,2023-05-03,6600.0,20982.23046875
61,2023-05-04,6600.0,30110.517578125
61,2023-05-05,6600.0,20940.845703125
61,2023-05-10,6422.0,29882.23046875
61,2023-05-11,6400.0,29306.294921875
61,2023-05-12,6422.0,20899.6328125
61,2023-05-12,6400.0,29075.169921875
61,2023-05-17,6622.0,20893.787109375
61,2023-05-19,6622.0,28506.63671875
61,2023-05-24,6822.0,28286.2421875
61,2023-05-26,6822.0,27744.01171875
61,2023-06-07,6800.0,27530.77734375
61,2023-06-09,6800.0,26319.703125
61,2023-06-14,6822.0,26133.41796875
61,2023-06-16,6822.0,25688.35546875
61,2023-06-21,6822.0,25521.650390625
61,2023-06-23,6822.0,25131.0390625
61,2023-06-28,6822.0,24984.76953125
61,2023-06-30,6822.0,24648.7109375
61,2023-07-05,6600.0,24527.212890625
61,2023-07-07,6600.0,24259.294921875
61,2023-07-12,6600.0,24164.357421875
61,2023-07-14,6600.0,23957.76171875
61,2023-07-19,6600.0,23886.396484375
61,2023-07-21,6600.0,23741.150390625
61,2023-07-26,6900.0,23696.5078125
61,2023-07-28,6900.0,23618.59375
61,2023-08-02,6900.0,23601.0859375
61,2023-08-04,6900.0,23591.31640625
61,2023-08-09,7800.0,23601.017578125
61,2023-08-11,7800.0,23659.71484375
61,2023-08-16,7800.0,23696.830078125
61,2023-08-18,7800.0,23823.40625
61,2023-08-23,7800.0,23887.390625
61,2023-08-30,7800.0,24080.50390625
61,2023-09-06,7800.0,24427.46875
61,2023-09-08,7800.0,24868.35546875
61,2023-09-13,7600.0,25011.4296875
61,2023-09-15,7600.0,25396.103515625
61,2023-09-20,8000.0,25561.16796875
61,2023-09-22,8000.0,26001.20703125
61,2023-09-27,8000.0,26186.759765625
61,2023-09-29,8200.0,26673.1328125
61,2023-10-03,8200.0,26874.693359375
61,2023-10-05,8200.0,27295.08203125
61,2023-10-10,8200.0,27512.140625
61,2023-10-12,8300.0,28063.30078125
61,2023-10-17,8300.0,28288.736328125
61,2023-10-19,8300.0,28861.435546875
61,2023-10-24,8500.0,29094.0625
61,2023-10-26,8500.0,29676.7265625
61,2023-10-31,8700.0,29908.28515625
61,2023-11-02,8700.0,30484.18359375
61,2023-11-07,8700.0,30711.28515625
61,2023-11-09,8900.0,31271.19921875
61,2023-11-14,8900.0,31491.44921875
61,2023-11-16,8900.0,32030.546875
61,2023-11-21,8900.0,32241.330078125
61,2023-11-23,9000.0,32751.603515625
61,2023-11-28,9000.0,32950.00390625
61,2023-11-30,9000.0,33427.5390625
61,2023-12-05,9000.0,33610.96484375
61,2023-12-07,9100.0,34040.2890625
61,2023-12-12,9100.0,34202.5703125
61,2023-12-14,9100.0,34583.625
61,2023-12-19,9100.0,34725.43359375
62,2021-07-01,7600.0,29321.3203125
62,2021-07-08,7600.0,27166.79296875
62,2021-07-15,7600.0,26811.25
62,2021-07-22,7600.0,26543.390625
62,2021-08-05,7400.0,26368.810546875
62,2021-08-12,7200.0,26308.4140625
62,2021-09-09,7550.0,26423.5078125
62,2021-09-16,7550.0,27798.671875
62,2021-09-23,7550.0,28338.9375
62,2021-09-30,7550.0,28950.23828125
62,2021-10-07,7550.0,29624.87890625
62,2021-10-14,7550.0,30333.1171875
62,2021-10-21,7550.0,31063.96875
62,2021-10-28,7550.0,31805.17578125
62,2021-11-04,7550.0,32547.84765625
62,2021-11-18,7550.0,33281.28515625
62,2021-11-25,7550.0,34649.7265625
62,2021-12-09,7550.0,35261.6640625
62,2021-12-15,7550.0,36326.921875
62,2021-12-30,7550.0,36709.69921875
62,2022-01-06,7550.0,37474.796875
62,2022-01-13,7550.0,37734.53515625
62,2022-01-20,7550.0,37926.078125
62,2022-01-27,7550.0,38047.53515625
62,2022-02-10,7550.0,38101.47265625
62,2023-01-05,7850.0,38006.4765625
62,2023-01-10,7850.0,37701.66015625
62,2023-01-12,7850.0,37852.43359375
62,2023-01-17,7850.0,37903.05859375
62,2023-01-20,7850.0,38003.70703125
62,2023-01-24,7850.0,38047.53515625
62,2023-01-27,7850.0,38086.63671875
62,2023-01-31,7850.0,38101.47265625
62,2023-02-03,7850.0,38101.87109375
62,2023-02-07,7850.0,38087.703125
62,2023-02-10,7850.0,38049.51953125
62,2023-02-14,7850.0,38006.4765625
62,2023-02-17,7850.0,37929.6484375
62,2023-02-21,7850.0,37856.6640625
62,2023-02-24,7850.0,37740.17578125
62,2023-02-28,7850.0,37638.375
62,2023-03-03,7850.0,37483.79296875
62,2023-03-07,7850.0,37354.07421875
62,2023-03-10,7850.0,37163.2734375
62,2023-03-14,7850.0,37007.06640625
62,2023-03-17,7900.0,36781.8828125
62,2023-03-21,7900.0,36599.140625
62,2023-03-24,7900.0,36339.5859375
62,2023-03-28,7900.0,36133.25390625
62,2023-03-31,7900.0,35837.55078125
62,2023-04-04,7900.0,35602.6953125
62,2023-04-07,7900.0,35279.15234375
62,2023-04-11,7900.0,35027.14453125
62,2023-04-14,7900.0,34676.16015625
62,2023-04-18,7900.0,34403.0234375
62,2023-04-21,7900.0,34026.12890625
62,2023-04-25,7900.0,33729.55859375
62,2023-04-28,7900.0,33325.0078125
62,2023-05-02,7900.0,33016.13671875
62,2023-05-05,7900.0,32601.1953125
62,2023-05-09,7900.0,32287.24609375
62,2023-05-12,7900.0,31866.833984375
62,2023-05-16,7900.0,31551.1640625
62,2023-05-19,7900.0,31131.45703125
62,2023-05-23,7900.0,30817.451171875
62,2023-05-26,7900.0,30403.4765625
62,2023-06-03,7900.0,30097.2578125
62,2023-06-06,7900.0,29321.3203125
62,2023-06-13,7900.0,29043.234375
62,2023-06-16,7900.0,28434.35546875
62,2023-06-20,7900.0,28191.349609375
62,2023-06-23,7900.0,27886.88671875
62,2023-06-27,7900.0,27672.546875
62,2023-06-30,7900.0,27406.6328125
62,2023-07-04,7900.0,27224.205078125
62,2023-07-07,7900.0,27003.974609375
62,2023-07-11,7900.0,26856.83984375
62,2023-07-14,7900.0,26685.19140625
62,2023-07-18,7900.0,26575.95703125
62,2023-07-21,7900.0,26456.94140625
62,2023-07-25,7900.0,26388.01953125
62,2023-07-28,7900.0,26323.25
62,2023-08-01,7900.0,26295.4765625
62,2023-08-04,7900.0,26286.08203125
62,2023-08-08,7900.0,26299.79296875
62,2023-08-11,7900.0,26345.93359375
62,2023-08-15,7900.0,26401.2109375
62,2023-08-18,7900.0,26502.29296875
62,2023-08-22,7900.0,26598.3671875
62,2023-08-25,7900.0,26753.0859375
62,2023-08-29,7900.0,26888.66796875
62,2023-09-05,7900.0,27094.701171875
62,2023-09-08,7900.0,27520.71875
62,2023-09-12,7900.0,27727.0390625
62,2023-09-15,7900.0,28021.43359375
62,2023-09-19,7900.0,28257.48046875
62,2023-09-22,7900.0,28590.6015625
62,2023-09-26,7900.0,28858.109375
62,2023-09-29,7900.0,29233.52734375
62,2023-10-02,8000.0,29526.02734375
62,2023-10-04,8000.0,29824.234375
62,2023-10-09,8000.0,30025.94921875
62,2023-10-11,8000.0,30540.1484375
62,2023-10-16,8000.0,30748.791015625
62,2023-10-18,7900.0,31274.8359375
62,2023-10-23,7900.0,31486.7109375
62,2023-10-25,7900.0,32017.65625
62,2023-10-30,7900.0,32230.5234375
62,2023-11-01,7900.0,32758.35546875
62,2023-11-06,8100.0,32968.19921875
62,2023-11-08,8100.0,33487.07421875
62,2023-11-13,8100.0,33690.51953125
62,2023-11-15,8100.0,34181.70703125
62,2023-11-20,8300.0,34371.69921875
62,2023-11-22,8300.0,34829.51171875
62,2023-11-27,8300.0,35004.78515625
62,2023-11-29,8300.0,35428.5234375
62,2023-12-04,8300.0,35591.375
62,2023-12-11,8300.0,35976.89453125
62,2023-12-13,8300.0,36459.00390625
62,2023-12-18,8300.0,36586.68359375
63,2023-01-31,19000.0,38076.95703125
63,2023-02-01,18000.0,38077.34375
63,2023-02-03,18000.0,21526.646484375
63,2023-02-07,18000.0,38063.37890625
63,2023-02-08,18000.0,38025.7734375
63,2023-02-10,18000.0,21524.08203125
63,2023-02-14,18000.0,37983.41796875
63,2023-02-15,18000.0,37907.73046875
63,2023-02-17,18000.0,21517.19140625
63,2023-02-21,18000.0,37835.80078125
63,2023-02-22,18000.0,37721.03125
63,2023-02-24,18000.0,21506.033203125
63,2023-02-28,18000.0,37620.80859375
63,2023-03-01,18000.0,37468.5703125
63,2023-03-03,18000.0,21490.6171875
63,2023-03-07,18000.0,37340.84765625
63,2023-03-08,18000.0,37153.0234375
63,2023-03-09,18000.0,21471.162109375
63,2023-03-10,18000.0,21468.060546875
63,2023-03-14,18000.0,36999.234375
63,2023-03-15,18000.0,36777.58203125
63,2023-03-17,18000.0,21447.873046875
63,2023-03-21,18000.0,36597.87109375
63,2023-03-24,18000.0,36342.36328125
63,2023-03-28,18000.0,36139.63671875
63,2023-03-29,18000.0,35849.48046875
63,2023-03-30,18000.0,21390.873046875
63,2023-03-31,18000.0,21386.33203125
63,2023-04-04,18000.0,35618.3984375
63,2023-04-05,18000.0,35296.7265625
63,2023-04-07,18000.0,21358.06640625
63,2023-04-11,18000.0,35045.328125
63,2023-04-12,18000.0,34700.48828125
63,2023-04-14,18000.0,21322.83203125
63,2023-04-18,18000.0,34432.34765625
63,2023-04-19,18000.0,34062.89453125
63,2023-04-21,18000.0,21285.853515625
63,2023-04-25,18000.0,33773.68359375
63,2023-04-26,18000.0,33377.3828125
63,2023-04-27,18000.0,21247.62109375
63,2023-04-28,18000.0,21242.078125
63,2023-05-02,18000.0,33073.91015625
63,2023-05-04,18000.0,32665.88671875
63,2023-05-05,18000.0,21202.90234375
63,2023-05-09,18000.0,32357.83984375
63,2023-05-10,18000.0,31944.509765625
63,2023-05-11,18000.0,21169.20703125
63,2023-05-12,18000.0,21163.59765625
63,2023-05-16,18000.0,31635.03515625
63,2023-05-18,18000.0,31223.0078125
63,2023-05-19,18000.0,21124.59375
63,2023-05-23,18000.0,30916.462890625
63,2023-05-26,18000.0,30510.91015625
63,2023-06-03,18000.0,30210.658203125
63,2023-06-06,18000.0,29450.5625
63,2023-06-13,18000.0,29176.779296875
63,2023-06-16,18000.0,28577.671875
63,2023-06-20,18000.0,28339.162109375
63,2023-06-23,18000.0,28039.48046875
63,2023-06-27,18000.0,27829.681640625
63,2023-06-30,18000.0,27569.35546875
63,2023-07-04,18000.0,27389.65625
63,2023-07-07,18000.0,27173.51953125
63,2023-07-11,18000.0,27029.25390625
63,2023-07-14,18000.0,26861.03515625
63,2023-07-18,18000.0,26754.208984375
63,2023-07-21,18000.0,26637.74609375
63,2023-07-25,18000.0,26569.80078125
63,2023-07-28,18000.0,26506.1328125
63,2023-08-01,18000.0,26478.767578125
63,2023-08-04,18000.0,26469.515625
63,2023-08-08,18500.0,26483.146484375
63,2023-08-11,18500.0,26528.6484375
63,2023-08-15,18500.0,26583.173828125
63,2023-08-18,18500.0,26682.767578125
63,2023-08-22,18500.0,26777.34765625
63,2023-08-25,18500.0,26929.693359375
63,2023-08-29,18500.0,27063.072265625
63,2023-09-05,18500.0,27265.13671875
63,2023-09-08,18500.0,27683.67578125
63,2023-09-12,18500.0,27885.49609375
63,2023-09-15,18500.0,28174.927734375
63,2023-09-19,18500.0,28406.544921875
63,2023-09-22,18500.0,28733.07421875
63,2023-10-02,18500.0,28996.0078125
63,2023-10-04,18500.0,29943.7890625
63,2023-10-09,18500.0,30141.53125
63,2023-10-11,18600.0,30646.01953125
63,2023-10-16,18600.0,30850.5625
63,2023-10-18,18500.0,31366.814453125
63,2023-10-23,18500.0,31574.609375
63,2023-10-25,18500.0,32096.275390625
63,2023-10-30,18500.0,32305.416015625
63,2023-11-01,18500.0,32823.69140625
63,2023-11-06,18700.0,33030.03125
63,2023-11-08,18700.0,33539.4765625
63,2023-11-13,19000.0,33739.26953125
63,2023-11-15,19000.0,34220.234375
63,2023-11-20,19200.0,34406.75
63,2023-11-22,19200.0,34855.9375
63,2023-11-27,19200.0,35028.33203125
63,2023-11-29,19200.0,35443.7578125
63,2023-12-04,19200.0,35603.12890625
64,2021-04-01,5400.0,40343.75
64,2021-04-02,6800.0,35555.90625
64,2021-04-02,6600.0,47679.05078125
64,2021-04-05,7300.0,33533.70703125
64,2021-04-06,6700.0,28783.9296875
64,2021-04-08,5100.0,39958.45703125
64,2021-04-09,6800.0,34985.69140625
64,2021-04-09,6400.0,47147.58984375
64,2021-04-12,7300.0,32895.61328125
64,2021-04-13,6600.0,28044.91796875
64,2021-04-14,6500.0,39531.96875
64,2021-04-16,6600.0,34460.4765625
64,2021-04-16,6600.0,46577.87109375
64,2021-04-19,7200.0,32216.87109375
64,2021-04-20,6600.0,27272.640625
64,2021-04-22,7000.0,39065.45703125
64,2021-04-23,6400.0,33718.546875
64,2021-04-23,6400.0,45975.30078125
64,2021-04-26,7100.0,31504.671875
64,2021-04-27,6500.0,26473.44140625
64,2021-04-29,6300.0,38565.19140625
64,2021-04-30,6300.0,33028.97265625
64,2021-04-30,6400.0,45347.98828125
64,2021-05-03,7200.0,30767.5078125
64,2021-05-04,6600.0,25674.587890625
64,2021-05-06,6400.0,38036.55078125
64,2021-05-07,6500.0,32324.515625
64,2021-05-07,6400.0,44709.765625
64,2021-05-10,7100.0,30013.3515625
64,2021-05-11,6500.0,24893.74609375
64,2021-05-13,6500.0,37493.87109375
64,2021-05-14,6500.0,31614.509765625
64,2021-05-14,6500.0,29254.02734375
64,2021-05-17,7100.0,44090.29296875
64,2021-05-18,6500.0,24134.626953125
64,2021-05-20,6400.0,36948.875
64,2021-05-21,6500.0,30910.525390625
64,2021-05-24,7100.0,43504.0
64,2021-05-25,6400.0,23408.48828125
64,2021-05-25,6400.0,36409.4375
64,2021-05-27,6400.0,28105.779296875
64,2021-05-28,6300.0,30223.43359375
64,2021-05-31,7400.0,27807.69140625
64,2021-06-01,6200.0,22733.46484375
64,2021-06-03,6400.0,35879.3359375
64,2021-06-07,7400.0,29574.7890625
64,2021-06-07,7300.0,22112.876953125
64,2021-06-08,7200.0,37165.1796875
64,2021-06-08,6100.0,37101.62109375
64,2021-06-10,7500.0,35375.98046875
64,2021-06-11,6300.0,36976.765625
64,2021-06-14,7400.0,26513.873046875
64,2021-06-14,7500.0,21544.341796875
64,2021-06-15,6100.0,36735.16015625
64,2021-06-15,7500.0,34902.55078125
64,2021-06-17,7500.0,36676.49609375
64,2021-06-18,5400.0,36561.58203125
64,2021-06-21,7500.0,25950.89453125
64,2021-06-21,7400.0,36342.23046875
64,2021-06-22,7600.0,21033.09375
64,2021-06-22,6000.0,36289.56640625
64,2021-07-01,6000.0,34472.29296875
64,2021-07-02,6600.0,27494.390625
64,2021-07-02,5900.0,41405.58984375
64,2021-07-05,8400.0,25042.552734375
64,2021-07-06,6000.0,20222.791015625
64,2021-07-08,6200.0,33776.95703125
64,2021-07-09,6600.0,27151.671875
64,2021-07-09,6100.0,41240.33203125
64,2021-07-12,8500.0,24709.19140625
64,2021-07-12,8400.0,35478.44140625
64,2021-07-13,6100.0,19937.2890625
64,2021-07-15,6350.0,33538.47265625
64,2021-07-16,6100.0,26894.091796875
64,2021-07-16,6500.0,24466.55078125
64,2021-07-19,8400.0,41122.671875
64,2021-07-20,6100.0,19740.94921875
64,2021-07-22,8500.0,33376.92578125
64,2021-07-22,6100.0,35272.16796875
64,2021-07-23,6500.0,26726.16015625
64,2021-07-23,6100.0,41051.15625
64,2021-07-26,8000.0,24315.4453125
64,2021-08-03,6800.0,19633.494140625
64,2021-08-04,6400.0,33295.7265625
64,2021-08-05,5800.0,19616.23828125
64,2021-08-06,5750.0,26669.271484375
64,2021-08-06,5950.0,41054.71875
64,2021-08-10,5200.0,24283.443359375
64,2021-08-11,6400.0,33378.19140625
64,2021-08-12,5900.0,19697.240234375
64,2021-08-13,6000.0,26781.09375
64,2021-08-17,5300.0,41130.32421875
64,2021-08-18,6400.0,33541.0
64,2021-08-23,6000.0,19864.5859375
64,2021-08-30,6000.0,20039.13671875
64,2021-09-01,6000.0,20355.693359375
64,2021-09-02,5341.67,20461.10546875
64,2021-09-06,6000.0,27655.15625
64,2021-09-07,5600.0,20753.111328125
64,2021-09-08,6000.0,34468.68359375
64,2021-09-09,5675.0,20880.984375
64,2021-09-10,5750.0,28106.052734375
64,2021-09-13,5500.0,25772.494140625
64,2021-09-14,5500.0,21224.888671875
64,2021-09-15,5500.0,34892.5625
64,2021-09-16,5650.0,21371.576171875
64,2021-09-17,5750.0,28627.3203125
64,2021-09-20,5500.0,26315.4296875
64,2021-09-21,5600.0,21761.7578125
64,2021-09-22,5500.0,35360.2734375
64,2021-09-23,5550.0,21926.41796875
64,2021-09-23,5700.0,26833.6484375
64,2021-09-27,5500.0,29218.84375
64,2021-09-28,5500.0,22356.9140625
64,2021-09-30,5700.0,35865.3203125
64,2021-10-01,5650.0,29867.5625
64,2021-10-04,8300.0,27590.08203125
64,2021-10-05,5800.0,23007.7265625
64,2021-10-06,8300.0,36396.75390625
64,2021-10-07,5750.0,23207.24609375
64,2021-10-08,5650.0,30548.89453125
64,2021-10-12,5800.0,28307.5703125
64,2021-10-13,8300.0,36937.83984375
64,2021-10-14,5750.0,23932.70703125
64,2021-10-15,5650.0,31251.962890625
64,2021-10-18,8300.0,29059.75390625
64,2021-10-19,5800.0,24469.82421875
64,2021-10-20,8300.0,37485.8359375
64,2021-10-21,5750.0,24694.6171875
64,2021-10-22,5650.0,31966.7578125
64,2021-10-25,8300.0,29826.32421875
64,2021-10-26,5700.0,25274.84765625
64,2021-10-27,8300.0,38033.44921875
64,2021-10-28,5750.0,25506.234375
64,2021-10-29,8300.0,32683.34765625
64,2021-11-01,6000.0,25738.822265625
64,2021-11-02,5500.0,26093.046875
64,2021-11-03,6000.0,38564.234375
64,2021-11-04,5900.0,26329.26171875
64,2021-11-05,5950.0,33391.51171875
64,2021-11-08,6000.0,31335.30078125
64,2021-11-09,5700.0,26914.255859375
64,2021-11-10,6000.0,39065.3828125
64,2021-11-12,5950.0,27145.056640625
64,2021-11-15,6000.0,32060.9921875
64,2021-11-16,5800.0,27712.30859375
64,2021-11-17,6000.0,39532.49609375
64,2021-11-18,6250.0,27934.9609375
64,2021-11-19,5950.0,34708.109375
64,2021-11-22,6000.0,32754.69921875
64,2021-11-23,6000.0,28480.134765625
64,2021-11-24,5700.0,39960.53125
64,2021-11-25,6250.0,28693.4296875
64,2021-11-26,5700.0,35296.8125
64,2021-11-26,5950.0,28902.513671875
64,2021-11-30,5700.0,33408.32421875
64,2021-12-01,5700.0,40348.1484375
64,2021-12-03,5950.0,29401.646484375
64,2021-12-06,5700.0,34003.63671875
64,2021-12-07,5700.0,29866.30078125
64,2021-12-08,5700.0,40704.69921875
64,2021-12-09,6050.0,30042.59375
64,2021-12-10,5950.0,36324.0703125
64,2021-12-13,5700.0,34535.59765625
64,2021-12-14,5900.0,30457.9453125
64,2021-12-15,5700.0,41026.44921875
64,2021-12-15,6150.0,30614.017578125
64,2021-12-17,5950.0,36698.953125
64,2021-12-30,6050.0,35001.42578125
64,2021-12-31,5950.0,37445.84375
64,2022-01-02,5800.0,35737.703125
64,2022-01-04,5900.0,31743.96875
64,2022-01-05,5800.0,41782.91015625
64,2022-01-06,6075.0,31881.69921875
64,2022-01-07,5950.0,37696.93359375
64,2022-01-11,5800.0,35996.01171875
64,2022-01-12,5800.0,32110.072265625
64,2022-01-12,5500.0,32141.91015625
64,2022-01-13,6075.0,41975.01953125
64,2022-01-14,6050.0,37882.93359375
64,2022-01-17,5800.0,36184.0546875
64,2022-01-18,5800.0,32274.24609375
64,2022-01-19,5800.0,42072.27734375
64,2022-01-20,6000.0,32314.83984375
64,2022-01-21,5950.0,38000.79296875
64,2022-01-24,5900.0,36305.26953125
64,2022-01-25,5800.0,32385.1796875
64,2022-01-26,5900.0,42133.1015625
64,2022-01-27,5950.0,32400.751953125
64,2022-01-28,5950.0,38053.16015625
64,2022-02-07,5900.0,36354.71484375
64,2022-02-08,5800.0,32342.9609375
64,2022-02-10,5950.0,42078.125
64,2022-02-11,5950.0,37961.0078125
64,2022-02-14,5900.0,36236.28125
64,2022-02-15,5900.0,32190.8046875
64,2022-02-15,5600.0,32161.974609375
64,2022-02-17,5700.0,41966.1953125
64,2022-02-21,5900.0,37815.57421875
64,2022-02-22,5800.0,31952.076171875
64,2022-02-23,5950.0,41799.76953125
64,2022-02-24,5600.0,31868.1328125
64,2022-02-25,5600.0,37603.74609375
64,2022-02-28,5950.0,35832.9296875
64,2022-03-01,5700.0,31628.8359375
64,2022-03-02,5950.0,41593.296875
64,2022-03-03,5750.0,31521.580078125
64,2022-03-04,5600.0,37327.984375
64,2022-03-07,5800.0,35519.28515625
64,2022-03-08,5800.0,31225.3046875
64,2022-03-10,5725.0,41346.50390625
64,2022-03-14,5800.0,36991.58203125
64,2022-03-15,5600.0,30745.953125
64,2022-03-16,5800.0,41061.76953125
64,2022-03-17,5900.0,30595.189453125
64,2022-03-18,5800.0,36596.64453125
64,2022-03-21,5750.0,34697.09765625
64,2022-03-22,5600.0,30192.96484375
64,2022-03-24,6100.0,40746.73046875
64,2022-03-25,6000.0,36145.5390625
64,2022-03-28,5750.0,34190.23046875
64,2022-03-29,6000.0,29570.1484375
64,2022-03-30,5800.0,40395.98828125
64,2022-03-31,5950.0,29381.12890625
64,2022-04-04,5900.0,35633.66015625
64,2022-04-05,5800.0,28886.55078125
64,2022-04-06,5900.0,40015.87109375
64,2022-04-07,5850.0,28680.57421875
64,2022-04-08,5900.0,35069.94140625
64,2022-04-12,5800.0,32989.57421875
64,2022-04-13,5750.0,39595.3671875
64,2022-04-14,5900.0,27936.552734375
64,2022-04-15,5800.0,34460.4765625
64,2022-04-18,5700.0,32316.37890625
64,2022-04-19,5900.0,27384.623046875
64,2023-01-05,7000.0,39133.94140625
64,2023-01-10,7000.0,37665.0546875
64,2023-01-12,6950.0,37811.34765625
64,2023-01-17,6950.0,37860.4609375
64,2023-01-20,6950.0,37958.26171875
64,2023-01-24,6950.0,38000.79296875
64,2023-01-27,6950.0,38038.76953125
64,2023-01-31,6950.0,38053.16015625
64,2023-02-03,7050.0,38053.55078125
64,2023-02-07,7050.0,38039.81640625
64,2023-02-10,6800.0,38002.76953125
64,2023-02-14,6900.0,37961.0078125
64,2023-02-17,6900.0,37886.39453125
64,2023-02-21,6900.0,37815.57421875
64,2023-02-24,6900.0,37702.4921875
64,2023-02-28,6900.0,37603.74609375
64,2023-03-03,6900.0,37453.8125
64,2023-03-07,6900.0,37327.984375
64,2023-03-10,6450.0,37143.015625
64,2023-03-14,6500.0,36991.58203125
64,2023-03-17,6500.0,36773.375
64,2023-03-21,6500.0,36596.64453125
64,2023-03-24,6500.0,36345.12109375
64,2023-03-28,6500.0,36145.5390625
64,2023-03-31,6500.0,35861.05078125
64,2023-04-04,6500.0,35633.66015625
64,2023-04-07,6500.0,35317.2734375
64,2023-04-11,6700.0,35069.94140625
64,2023-04-14,6700.0,34726.83203125
64,2023-04-18,6850.0,34460.4765625
64,2023-04-21,6850.0,34097.44140625
64,2023-04-25,6700.0,33814.84375
64,2023-04-28,6700.0,33426.97265625
64,2023-05-02,6700.0,33128.84375
64,2023-05-05,6700.0,32728.25
64,2023-05-09,6675.0,32426.12109375
64,2023-05-12,6675.0,32019.748046875
64,2023-05-16,6750.0,31715.7578125
64,2023-05-19,6750.0,31311.041015625
64,2023-05-23,6900.0,31010.185546875
64,2023-05-26,6900.0,30612.857421875
64,2023-06-03,6900.0,30319.67578125
64,2023-06-06,6900.0,29574.7890625
64,2023-06-13,6900.0,29306.2578125
64,2023-06-16,6900.0,28716.421875
64,2023-06-20,6900.0,28482.029296875
64,2023-06-23,6900.0,28187.296875
64,2023-06-27,6900.0,27980.951171875
64,2023-06-30,6900.0,27725.951171875
64,2023-07-04,6900.0,27550.07421875
64,2023-07-07,6900.0,27337.1953125
64,2023-07-11,7000.0,27195.45703125
64,2023-07-14,7000.0,27030.77734375
64,2023-07-18,7000.0,26925.48828125
64,2023-07-21,7000.0,26810.828125
64,2023-07-25,7000.0,26744.556640625
64,2023-07-28,7000.0,26682.54296875
64,2023-08-01,7450.0,26655.99609375
64,2023-08-04,7450.0,26647.38671875
64,2023-08-08,7900.0,26660.9921875
64,2023-08-11,7900.0,26705.724609375
64,2023-08-15,7900.0,26759.4140625
64,2023-08-18,7900.0,26857.52734375
64,2023-08-22,8100.0,26950.876953125
64,2023-08-25,8100.0,27100.392578125
64,2023-08-29,8100.0,27231.296875
64,2023-09-05,8100.0,27430.21875
64,2023-09-08,8100.0,27839.46484375
64,2023-09-12,8100.0,28037.140625
64,2023-09-15,8100.0,28321.6015625
64,2023-09-19,8000.0,28548.87890625
64,2023-09-22,8000.0,28870.48828125
64,2023-09-26,7950.0,29129.5859375
64,2023-09-29,7950.0,29492.55859375
64,2023-10-02,8100.0,29772.626953125
64,2023-10-04,8100.0,30058.85546875
64,2023-10-09,8100.0,30253.44140625
64,2023-10-11,8200.0,30748.16015625
64,2023-10-16,8200.0,30948.7734375
64,2023-10-18,8100.0,31455.419921875
64,2023-10-23,8100.0,31659.68359375
64,2023-10-25,8100.0,32172.2890625
64,2023-10-30,8100.0,32377.556640625
64,2023-11-01,8100.0,32886.890625
64,2023-11-06,8300.0,33089.80078125
64,2023-11-08,8300.0,33590.046875
64,2023-11-13,8600.0,33786.31640625
64,2023-11-15,8600.0,34257.51953125
65,2023-01-31,14500.0,38030.0859375
65,2023-02-01,14500.0,38030.49609375
65,2023-02-03,14500.0,21615.70703125
65,2023-02-07,14500.0,38016.95703125
65,2023-02-08,14500.0,37980.46484375
65,2023-02-10,14500.0,21613.2109375
65,2023-02-14,14500.0,37939.2734375
65,2023-02-15,14500.0,37865.68359375
65,2023-02-17,14500.0,21606.5859375
65,2023-02-21,14500.0,37795.9140625
65,2023-02-22,14500.0,37684.48046875
65,2023-02-24,14500.0,21595.89453125
65,2023-02-28,14500.0,37587.18359375
65,2023-03-01,14500.0,37439.46484375
65,2023-03-03,14500.0,21581.310546875
65,2023-03-07,14500.0,37315.51953125
65,2023-03-08,14500.0,37133.34765625
65,2023-03-09,14500.0,21563.0859375
65,2023-03-10,14500.0,21560.19921875
65,2023-03-14,14500.0,36984.23828125
65,2023-03-15,14500.0,36769.328125
65,2023-03-17,14500.0,21541.400390625
65,2023-03-21,14500.0,36595.42578125
65,2023-03-24,14500.0,36347.80859375
65,2023-03-28,14500.0,36151.28515625
65,2023-03-29,14500.0,35872.0390625
65,2023-03-30,14500.0,21488.18359375
65,2023-03-31,14500.0,21483.8828125
65,2023-04-04,14500.0,35648.39453125
65,2023-04-05,14500.0,35337.21484375
65,2023-04-07,14500.0,21456.94921875
65,2023-04-11,14500.0,35093.81640625
65,2023-04-12,14500.0,34756.70703125
65,2023-04-14,14500.0,21423.46875
65,2023-04-18,14500.0,34493.97265625
65,2023-04-19,14500.0,34131.94921875
65,2023-04-21,14500.0,21388.12109375
65,2023-04-25,14500.0,33854.5234375
65,2023-04-26,14500.0,33473.22265625
65,2023-04-27,14500.0,21351.54296875
65,2023-04-28,14500.0,21346.23828125
65,2023-05-02,14500.0,33181.45703125
65,2023-05-04,14500.0,32787.80078125
65,2023-05-05,14500.0,21308.71484375
65,2023-05-09,14500.0,32491.03125
65,2023-05-10,14500.0,32092.55078125
65,2023-05-11,14500.0,21276.57421875
65,2023-05-12,14500.0,21271.234375
65,2023-05-16,14500.0,31793.82421875
65,2023-05-18,14500.0,31396.337890625
65,2023-05-19,14500.0,21234.140625
65,2023-05-23,14500.0,31100.779296875
65,2023-05-26,14500.0,30710.765625
65,2023-06-03,14500.0,30422.70703125
65,2023-06-06,14500.0,29694.193359375
65,2023-06-13,14500.0,29431.75390625
65,2023-06-16,14500.0,28851.0078125
65,2023-06-20,14500.0,28620.107421875
65,2023-06-23,14500.0,28330.67578125
65,2023-06-27,14500.0,28127.4140625
65,2023-06-30,14500.0,27877.04296875
65,2023-07-04,14500.0,27704.71484375
65,2023-07-07,14500.0,27496.083984375
65,2023-07-11,14500.0,27356.38671875
65,2023-07-14,14500.0,27194.2421875
65,2023-07-18,14500.0,27091.27734375
65,2023-07-21,14500.0,26978.849609375
65,2023-07-25,14500.0,26913.453125
65,2023-07-28,14500.0,26852.32421875
65,2023-08-01,14500.0,26826.2265625
65,2023-08-04,14500.0,26817.765625
65,2023-08-08,15500.0,26831.306640625
65,2023-08-11,15500.0,26875.76953125
65,2023-08-15,15500.0,26928.91796875
65,2023-08-18,15500.0,27025.357421875
65,2023-08-22,15500.0,27116.712890625
65,2023-08-25,15500.0,27263.62890625
65,2023-08-29,15500.0,27392.458984375
65,2023-09-05,15500.0,27587.97265625
65,2023-09-08,15500.0,27988.8125
65,2023-09-12,16000.0,28183.595703125
65,2023-09-15,16000.0,28463.1484375
65,2023-09-19,16000.0,28686.984375
65,2023-09-22,16000.0,29003.671875
65,2023-09-26,16000.0,29259.28515625
65,2023-09-29,16000.0,29614.8515625
65,2023-10-02,16000.0,29889.37890625
65,2023-10-04,16000.0,30170.38671875
65,2023-10-09,16000.0,30361.10546875
65,2023-10-11,16100.0,30846.638671875
65,2023-10-16,16100.0,31043.58203125
66,2023-01-27,7000.0,36362.078125
66,2023-02-01,7000.0,21535.318359375
66,2023-02-02,6900.0,36360.3828125
66,2023-02-03,7200.0,21535.90234375
66,2023-02-08,7400.0,36349.71875
66,2023-02-09,6800.0,36297.91796875
66,2023-02-10,6800.0,21532.76953125
66,2023-02-15,7000.0,36267.26171875
66,2023-02-16,6800.0,36165.87109375
66,2023-02-17,6800.0,21525.53515625
66,2023-02-22,7000.0,36115.49609375
66,2023-02-23,6800.0,35965.55859375
66,2023-02-25,7000.0,21514.283203125
66,2023-03-01,7000.0,35859.26953125
66,2023-03-02,6800.0,35695.9609375
66,2023-03-05,6700.0,21499.1015625
66,2023-03-08,6700.0,35508.41796875
66,2023-03-10,6700.0,35354.015625
66,2023-03-10,6700.0,35244.26953125
66,2023-03-15,6500.0,21477.0703125
66,2023-03-16,6700.0,34947.58984375
66,2023-03-17,6800.0,21457.28125
66,2023-03-22,7000.0,34820.27734375
66,2023-03-23,6700.0,34479.84765625
66,2023-03-29,7000.0,21431.08984375
66,2023-03-31,6500.0,33952.61328125
66,2023-04-05,6500.0,21397.55859375
66,2023-04-07,6500.0,33368.43359375
66,2023-04-07,6500.0,33191.67578125
66,2023-04-12,6522.0,21365.46484375
66,2023-04-13,6500.0,32733.53125
66,2023-04-14,6522.0,21336.203125
66,2023-04-19,6722.0,32545.39453125
66,2023-04-20,6700.0,32062.87890625
66,2023-04-21,6722.0,21300.4453125
66,2023-04-25,6622.0,31865.404296875
66,2023-04-27,6600.0,31465.58203125
66,2023-04-27,6622.0,21263.51171875
66,2023-05-03,6700.0,31263.2734375
66,2023-05-04,6700.0,30647.921875
66,2023-05-05,6700.0,21225.87890625
66,2023-05-10,6722.0,30441.1640625
66,2023-05-11,6700.0,29920.22265625
66,2023-05-12,6722.0,21188.126953125
66,2023-05-12,6700.0,29711.72265625
66,2023-05-17,6722.0,21182.78515625
66,2023-05-19,6722.0,29190.939453125
66,2023-05-24,6722.0,28987.619140625
66,2023-05-26,6722.0,28489.57421875
66,2023-06-07,6700.0,28295.34375
66,2023-06-09,6700.0,27195.26171875
66,2023-06-14,6722.0,27024.58203125
66,2023-06-16,6722.0,26617.77734375
66,2023-06-21,6722.0,26463.380859375
66,2023-06-23,6722.0,26100.013671875
66,2023-06-28,6722.0,25964.712890625
66,2023-06-30,6722.0,25652.095703125
66,2023-07-05,6700.0,25538.83203125
66,2023-07-07,6700.0,25283.29296875
66,2023-07-12,6700.0,25192.6171875
66,2023-07-14,6700.0,24996.00390625
66,2023-07-19,6700.0,24929.3125
66,2023-07-21,6700.0,24793.732421875
66,2023-07-26,6700.0,24752.263671875
66,2023-07-28,6700.0,24681.96875
66,2023-08-02,6800.0,24666.640625
66,2023-08-04,6800.0,24660.01171875
66,2023-08-09,7000.0,24670.046875
66,2023-08-11,7000.0,24727.11328125
66,2023-08-16,7000.0,24762.923828125
66,2023-08-18,7000.0,24885.6484375
66,2023-08-23,7000.0,24947.33984375
66,2023-08-30,7000.0,25131.931640625
66,2023-09-06,7000.0,25462.7265625
66,2023-09-08,7000.0,25873.216796875
66,2023-09-13,6800.0,26005.04296875
66,2023-09-15,6800.0,26360.46484375
66,2023-09-20,7000.0,26512.529296875
66,2023-09-22,7000.0,26914.75
66,2023-09-27,7000.0,27084.07421875
67,2021-05-03,7850.0,38480.98828125
67,2021-05-04,8600.0,26231.19921875
67,2021-05-10,7850.0,37974.33984375
67,2021-05-11,8300.0,25481.857421875
67,2021-05-17,7350.0,37454.51953125
67,2021-05-18,8300.0,24749.150390625
67,2021-05-24,7350.0,36933.17578125
67,2021-05-25,8400.0,24060.640625
67,2021-05-31,7450.0,36418.89453125
67,2021-06-01,8300.0,23411.302734375
67,2021-06-07,8000.0,35913.75
67,2021-06-07,7450.0,35500.65234375
67,2021-06-08,8100.0,22810.60546875
67,2021-06-14,7450.0,35433.87109375
67,2021-06-15,8100.0,22268.134765625
67,2021-06-21,7450.0,34984.45703125
67,2021-06-22,8100.0,21785.021484375
67,2021-07-05,7450.0,34577.3359375
67,2021-07-06,8000.0,21014.5
67,2021-07-12,7450.0,33917.19921875
67,2021-07-13,8000.0,20738.416015625
67,2021-07-19,7450.0,33685.33984375
67,2021-07-20,8000.0,20543.64453125
67,2021-07-26,7250.0,33526.88671875
67,2021-08-03,5700.0,20432.921875
67,2021-08-04,7150.0,33444.5625
67,2021-08-10,7900.0,20415.57421875
67,2021-08-11,7350.0,33522.28515625
67,2021-08-17,7200.0,20498.962890625
67,2021-08-18,7350.0,33677.66796875
67,2021-08-23,7350.0,20666.505859375
67,2021-08-30,7350.0,20836.8828125
67,2021-09-01,7350.0,21142.689453125
67,2021-09-06,7350.0,21243.57421875
67,2021-09-07,7000.0,21522.71484375
67,2021-09-08,7350.0,34560.5
67,2021-09-13,6650.0,21644.40234375
67,2021-09-14,6900.0,21972.640625
67,2021-09-15,6650.0,34966.61328125
67,2021-09-20,6650.0,22112.56640625
67,2021-09-21,6900.0,22485.8828125
67,2021-09-22,6650.0,35415.08984375
67,2021-09-27,6650.0,22643.24609375
67,2021-09-28,6900.0,23058.08203125
67,2021-10-04,6750.0,35896.58984375
67,2021-10-05,7000.0,23697.671875
67,2021-10-06,6750.0,36402.66796875
67,2021-10-12,7100.0,23890.19921875
67,2021-10-13,6750.0,36918.71875
67,2021-10-18,6750.0,24583.1328125
67,2021-10-19,7200.0,25108.625
67,2021-10-20,6750.0,37442.66796875
67,2021-10-25,6750.0,25325.39453125
67,2021-10-26,7200.0,25875.6484375
67,2021-10-27,6750.0,37967.765625
67,2021-10-29,6750.0,26100.5390625
67,2021-11-01,6750.0,26325.69140625
67,2021-11-02,7200.0,26662.29296875
67,2021-11-03,6750.0,38477.43359375
67,2021-11-08,6750.0,26886.4453125
67,2021-11-09,7400.0,27437.45703125
67,2021-11-10,6750.0,38959.53125
67,2021-11-15,6750.0,27653.90625
67,2021-11-16,7500.0,28186.16015625
67,2021-11-17,6750.0,39408.84765625
67,2021-11-22,6750.0,28395.59765625
67,2021-11-23,7600.0,28907.421875
67,2021-11-24,6750.0,39822.66015625
67,2021-11-26,6750.0,29105.875
67,2021-11-30,7500.0,29299.7734375
67,2021-12-01,6750.0,40197.48046875
67,2021-12-06,6750.0,29767.84375
67,2021-12-07,7500.0,30206.640625
67,2021-12-08,7050.0,40537.23046875
67,2021-12-13,6750.0,30373.703125
67,2021-12-14,7500.0,30767.2890625
67,2021-12-15,6750.0,40844.0
67,2022-01-02,6750.0,30915.265625
67,2022-01-04,7500.0,31988.94921875
67,2022-01-05,6750.0,41552.5
67,2022-01-11,6750.0,32118.1484375
67,2022-01-12,7100.0,32332.208984375
67,2022-01-12,6750.0,41726.16796875
67,2022-01-17,6750.0,32362.15625
67,2022-01-18,7800.0,32487.068359375
67,2022-01-19,6750.0,41814.54296875
67,2022-01-24,6700.0,32525.35546875
67,2022-01-25,8000.0,32591.322265625
67,2022-01-26,6700.0,41871.80078125
67,2022-02-07,6800.0,32605.90625
67,2022-02-08,7800.0,32550.16796875
67,2022-02-14,6800.0,41819.90625
67,2022-02-15,6800.0,32405.470703125
67,2022-02-15,7800.0,32378.1015625
67,2022-02-21,6800.0,41718.03515625
67,2022-02-22,8000.0,32179.818359375
67,2022-02-23,8000.0,41568.19921875
67,2022-02-28,7500.0,32100.5234375
67,2022-03-01,7800.0,31873.490234375
67,2022-03-02,7500.0,41376.06640625
67,2022-03-07,8000.0,31771.595703125
67,2022-03-08,8000.0,31490.703125
67,2022-03-14,8100.0,41142.375
67,2022-03-15,8000.0,31036.25390625
67,2022-03-16,8100.0,40874.4765625
67,2022-03-21,8200.0,30894.19921875
67,2022-03-22,8100.0,30514.533203125
67,2022-03-28,8200.0,40573.3046875
67,2022-03-29,8000.0,29929.0703125
67,2022-03-30,8200.0,40239.23046875
67,2022-04-04,8200.0,29750.24609375
67,2022-04-05,8000.0,29285.009765625
67,2022-04-06,8200.0,39873.19140625
67,2022-04-12,8000.0,29091.10546875
67,2022-04-13,8200.0,39467.80859375
67,2022-04-18,8200.0,28382.46484375
67,2022-04-19,8100.0,27857.76953125
67,2023-01-05,7200.0,39026.5234375
67,2023-01-12,7200.0,21551.08984375
67,2023-01-27,7200.0,21563.892578125
67,2023-02-02,7100.0,21578.267578125
67,2023-02-09,7000.0,21578.921875
67,2023-02-16,7000.0,21575.865234375
67,2023-02-23,7000.0,21568.791015625
67,2023-03-02,7000.0,21557.73828125
67,2023-03-10,7000.0,21542.91015625
67,2023-03-16,7000.0,21521.62890625
67,2023-03-23,7000.0,21502.73046875
67,2023-03-31,7000.0,21477.61328125
67,2023-04-07,7000.0,21444.962890625
67,2023-04-13,7000.0,21413.66015625
67,2023-04-20,7000.0,21385.14453125
67,2023-04-27,7000.0,21350.3203125
67,2023-05-04,7000.0,21314.181640625
67,2023-05-11,7000.0,21277.400390625
67,2023-05-12,7000.0,21240.50390625
68,2023-03-23,12500.0,22014.349609375
68,2023-03-27,12000.0,22012.91796875
68,2023-03-30,12500.0,22010.361328125
68,2023-04-03,12500.0,22007.95703125
68,2023-04-06,12500.0,22004.06640625
68,2023-04-10,12000.0,22000.7734375
68,2023-04-13,12500.0,21995.859375
68,2023-04-20,12500.0,21991.673828125
68,2023-04-24,12500.0,21980.025390625
68,2023-05-08,12500.0,21972.296875
69,2023-04-03,18500.0,22013.935546875
69,2023-04-06,18500.0,22011.5078125
69,2023-04-10,18500.0,22009.1328125
69,2023-04-24,18500.0,22005.234375
69,2023-05-08,18500.0,21986.208984375
70,2023-03-23,35000.0,22016.12890625
70,2023-03-27,35000.0,22016.6953125
70,2023-03-30,35000.0,22016.94140625
70,2023-04-03,35000.0,22016.703125
70,2023-04-06,35000.0,22015.7890625
70,2023-04-10,33000.0,22014.591796875
70,2023-04-13,35000.0,22012.263671875
70,2023-04-20,33000.0,22009.921875
70,2023-04-24,35000.0,22002.69140625
70,2023-05-08,35000.0,21997.57421875
71,2023-03-23,14500.0,22012.7265625
71,2023-03-27,13500.0,22014.1484375
71,2023-03-30,14000.0,22015.66796875
71,2023-04-03,14000.0,22016.470703125
71,2023-04-06,14000.0,22017.0
71,2023-04-10,14000.0,22016.9296875
71,2023-04-13,14000.0,22016.15625
71,2023-04-20,15000.0,22015.03125
71,2023-04-24,14500.0,22010.443359375
71,2023-05-08,14000.0,22006.5859375
72,2023-03-30,14250.0,22016.673828125
72,2023-04-03,15250.0,22014.984375
72,2023-04-06,15250.0,22012.09375
72,2023-04-10,15100.0,22009.38671875
72,2023-04-11,15000.0,22005.296875
72,2023-04-13,15250.0,22004.16015625
72,2023-04-17,15250.0,22001.734375
72,2023-04-20,15150.0,21996.267578125
72,2023-04-24,15150.0,21991.64453125
72,2023-04-27,15150.0,21984.87890625
73,2021-05-13,10500.0,38727.1171875
73,2021-05-24,10500.0,38602.4765625
73,2021-05-25,10500.0,37916.09375
73,2021-05-27,10500.0,37854.3203125
73,2021-05-31,10500.0,37731.6484375
73,2021-06-07,10500.0,37490.75
73,2021-06-08,10500.0,37086.90234375
73,2021-06-10,10600.0,37031.171875
73,2021-06-14,10600.0,36921.60546875
73,2021-06-15,10600.0,36711.09765625
73,2021-06-17,10600.0,36660.328125
73,2021-06-21,10500.0,36560.77734375
73,2021-06-22,10500.0,36371.10546875
73,2021-08-02,7800.0,36325.44921875
73,2021-08-05,7800.0,35401.37109375
73,2021-08-10,7500.0,35417.08203125
73,2023-01-02,12950.0,35469.69140625
73,2023-01-16,13250.0,22017.443359375
73,2023-02-06,13150.0,22012.1875
73,2023-02-20,12650.0,22009.53125
73,2023-02-27,12550.0,22012.484375
73,2023-03-02,12600.0,22014.76171875
73,2023-03-06,12500.0,22015.763671875
73,2023-03-13,12500.0,22017.0625
73,2023-03-20,12500.0,22019.03125
73,2023-03-27,12500.0,22020.068359375
73,2023-03-30,12500.0,22019.65625
73,2023-04-03,13250.0,22018.927734375
73,2023-04-06,13200.0,22017.41015625
73,2023-04-10,13100.0,22015.7890625
73,2023-04-11,12900.0,22012.970703125
73,2023-04-13,13000.0,22012.12109375
73,2023-04-17,13000.0,22010.26171875
73,2023-04-20,12950.0,22006.130859375
73,2023-04-24,13050.0,22002.55859375
73,2023-04-27,13050.0,21997.109375
74,2021-04-16,7400.0,39140.08984375
74,2021-04-20,7800.0,32853.21875
74,2021-04-23,7430.0,38730.28515625
74,2021-04-27,7700.0,32241.921875
74,2021-04-30,7430.0,38289.29296875
74,2021-05-04,7700.0,31608.921875
74,2021-05-07,7430.0,37827.66796875
74,2021-05-11,7500.0,30967.5078125
74,2021-05-14,7430.0,37355.48828125
74,2021-05-18,7700.0,30330.6953125
74,2021-05-25,7700.0,36885.08984375
74,2021-05-25,7430.0,36422.65234375
74,2021-05-28,7300.0,29368.69140625
74,2021-06-01,7700.0,29116.056640625
74,2021-06-08,7500.0,35972.33984375
74,2021-06-11,7300.0,35540.86328125
74,2021-06-15,7400.0,28022.8984375
74,2021-06-18,7300.0,35140.46484375
74,2021-06-22,7300.0,27547.515625
74,2021-07-02,7400.0,34776.265625
74,2021-07-06,7300.0,26771.783203125
74,2021-07-09,7400.0,34194.578125
74,2021-07-13,7400.0,26484.173828125
74,2021-07-16,7400.0,33987.27734375
74,2021-07-20,7400.0,26271.1640625
74,2021-07-23,7400.0,33845.26171875
74,2021-08-02,8500.0,26136.82421875
74,2021-08-03,6000.0,35417.34765625
74,2021-08-04,8000.0,33770.65625
74,2021-08-05,8500.0,22051.86328125
74,2021-08-06,6950.0,35432.95703125
74,2021-08-10,7400.0,26110.45703125
74,2021-08-10,7600.0,33839.56640625
74,2021-08-11,8000.0,35484.79296875
74,2021-08-17,6800.0,22129.896484375
74,2021-08-17,8100.0,33978.125
74,2021-08-18,8000.0,35610.59765625
74,2021-08-23,8000.0,22282.859375
74,2021-08-23,7700.0,35766.39453125
74,2021-08-30,8000.0,22436.65234375
74,2021-08-30,8000.0,36000.8046875
74,2021-09-01,7700.0,22712.080078125
74,2021-09-06,7700.0,22803.529296875
74,2021-09-07,6700.0,23057.18359375
74,2021-09-08,7700.0,34759.62890625
74,2021-09-10,6950.0,23169.53125
74,2021-09-13,7500.0,27413.33203125
74,2021-09-14,6600.0,23473.27734375
74,2021-09-15,7500.0,35122.94921875
74,2021-09-17,6950.0,23603.55078125
74,2021-09-20,7500.0,27875.931640625
74,2021-09-20,8000.0,23949.453125
74,2021-09-21,6700.0,36969.73046875
74,2021-09-22,7500.0,35524.8359375
74,2021-09-23,6950.0,24094.40625
74,2021-09-27,7500.0,28314.70703125
74,2021-09-28,6600.0,24473.107421875
74,2021-10-01,6650.0,35959.76171875
74,2021-10-04,7300.0,28958.935546875
74,2021-10-05,6800.0,25060.4921875
74,2021-10-06,7300.0,36412.70703125
74,2021-10-08,6650.0,25236.09375
74,2021-10-12,6800.0,29566.015625
74,2021-10-13,7300.0,36879.5546875
74,2021-10-15,6650.0,25873.18359375
74,2021-10-18,7300.0,30194.0625
74,2021-10-19,7000.0,26352.94921875
74,2021-10-20,7300.0,37352.578125
74,2021-10-22,6650.0,26549.76171875
74,2021-10-25,7300.0,30830.33984375
74,2021-10-26,7000.0,27045.66015625
74,2021-10-27,7300.0,37828.92578125
74,2021-10-29,7300.0,27244.232421875
74,2021-11-01,7500.0,27443.375
74,2021-11-02,7000.0,27741.2265625
74,2021-11-03,7500.0,38292.73828125
74,2021-11-05,7050.0,27938.703125
74,2021-11-08,7500.0,32098.484375
74,2021-11-09,7100.0,28430.515625
74,2021-11-10,7500.0,38734.56640625
74,2021-11-12,7050.0,28625.27734375
74,2021-11-15,7500.0,32710.75390625
74,2021-11-16,7400.0,29102.23828125
74,2021-11-17,7500.0,39145.55859375
74,2021-11-19,7050.0,29287.9453125
74,2021-11-22,7700.0,33307.33984375
74,2021-11-23,7400.0,29739.845703125
74,2021-11-24,7700.0,39526.87109375
74,2021-11-26,7700.0,29914.125
74,2021-11-26,7050.0,30084.67578125
74,2021-11-30,7100.0,33860.40234375
74,2021-12-01,7700.0,39874.78125
74,2021-12-03,7050.0,30496.4765625
74,2021-12-06,7700.0,34365.57421875
74,2021-12-07,7100.0,30882.373046875
74,2021-12-08,7700.0,40188.12109375
74,2021-12-10,7050.0,31029.5546875
74,2021-12-13,7500.0,34819.921875
74,2021-12-14,7200.0,31378.44921875
74,2021-12-15,7700.0,40466.29296875
74,2021-12-17,7050.0,31509.90625
74,2021-12-31,6950.0,35223.01953125
74,2022-01-02,7000.0,35851.953125
74,2022-01-04,7200.0,32458.248046875
74,2022-01-05,7000.0,41099.83984375
74,2022-01-07,6950.0,32572.931640625
74,2022-01-11,7000.0,36075.640625
74,2022-01-12,7000.0,32763.4296875
74,2022-01-12,6900.0,32790.12890625
74,2022-01-14,6950.0,41251.3515625
74,2022-01-17,7000.0,36239.64453125
74,2022-01-18,7000.0,32903.28515625
74,2022-01-19,7000.0,41328.92578125
74,2022-01-21,6950.0,32937.94140625
74,2022-01-24,7000.0,36342.703125
74,2022-01-25,7000.0,32997.94140625
74,2022-01-26,7000.0,41376.81640625
74,2022-01-28,6950.0,33011.25390625
74,2022-02-07,7200.0,36383.76953125
74,2022-02-08,6800.0,32962.6796875
74,2022-02-11,6950.0,41334.12109375
74,2022-02-14,7200.0,36280.06640625
74,2022-02-15,7200.0,32833.07421875
74,2022-02-15,6600.0,32808.44921875
74,2022-02-21,7200.0,41244.03125
74,2022-02-22,6800.0,32629.080078125
74,2022-02-23,6775.0,41113.03125
74,2022-02-25,6700.0,32557.609375
74,2022-02-28,6850.0,35932.59765625
74,2022-03-01,6600.0,32353.91015625
74,2022-03-02,6850.0,40943.109375
74,2022-03-04,6700.0,32262.73828125
74,2022-03-07,6800.0,35670.85546875
74,2022-03-08,6800.0,32010.583984375
74,2022-03-14,7000.0,40738.5703125
74,2022-03-15,6700.0,31602.392578125
74,2022-03-16,7000.0,40495.89453125
74,2022-03-18,6700.0,31475.5859375
74,2022-03-21,6800.0,34963.45703125
74,2022-03-22,6700.0,31138.248046875
74,2022-03-25,7000.0,40222.26953125
74,2022-03-28,6800.0,34530.41015625
74,2022-03-29,6700.0,30620.828125
74,2022-03-30,6900.0,39915.4921875
74,2022-04-04,7000.0,30463.681640625
74,2022-04-05,6600.0,30053.6484375
74,2022-04-06,7000.0,39572.12109375
74,2022-04-08,7000.0,29884.06640625
74,2022-04-12,6600.0,33516.39453125
74,2022-04-13,6800.0,39196.35546875
74,2022-04-15,7000.0,29261.046875
74,2022-04-18,6800.0,32938.40234375
74,2022-04-19,6800.0,28794.83984375
75,2021-04-02,6700.0,39826.73828125
75,2021-04-05,5300.0,34011.75390625
75,2021-04-06,6600.0,30065.17578125
75,2021-04-09,6700.0,39481.97265625
75,2021-04-09,6400.0,47948.69921875
75,2021-04-12,5300.0,33482.75
75,2021-04-13,6500.0,29458.10546875
75,2021-04-16,6700.0,39105.6953125
75,2021-04-16,6500.0,32908.76171875
75,2021-04-19,5300.0,47479.296875
75,2021-04-20,6400.0,28817.037109375
75,2021-04-23,6000.0,38700.46484375
75,2021-04-23,6500.0,32308.01953125
75,2021-04-26,5300.0,46985.6328125
75,2021-04-27,6400.0,28151.02734375
75,2021-04-30,6300.0,38264.37890625
75,2021-04-30,6500.0,31684.52734375
75,2021-05-03,5300.0,46476.640625
75,2021-05-04,6400.0,27482.76953125
75,2021-05-07,6300.0,37808.328125
75,2021-05-07,6000.0,31052.908203125
75,2021-05-10,5300.0,45957.60546875
75,2021-05-11,6300.0,26818.82421875
75,2021-05-14,6000.0,37341.85546875
75,2021-05-14,6400.0,45440.92578125
75,2021-05-17,5300.0,30421.5
75,2021-05-18,6400.0,26163.732421875
75,2021-05-21,6000.0,36877.5390625
75,2021-05-24,5300.0,44930.76953125
75,2021-05-25,6200.0,25530.04296875
75,2021-05-25,6200.0,29473.4296875
75,2021-05-28,6200.0,36421.15234375
75,2021-05-28,6000.0,29225.53125
75,2021-05-31,5300.0,44442.98046875
75,2021-06-01,6100.0,24933.9296875
75,2021-06-07,5300.0,35977.41796875
75,2021-06-08,6100.0,24385.71875
75,2021-06-14,5300.0,35551.890625
75,2021-06-15,6000.0,23893.5546875
75,2021-06-18,5400.0,35157.94921875
75,2021-06-21,5300.0,27679.734375
75,2021-06-22,5800.0,23452.609375
75,2021-07-02,5600.0,34800.78515625
75,2021-07-05,5300.0,26915.98046875
75,2021-07-06,5700.0,22764.55859375
75,2021-07-09,6200.0,34228.0390625
75,2021-07-12,5300.0,26634.76171875
75,2021-07-13,5900.0,22526.0859375
75,2021-07-16,6000.0,34024.921875
75,2021-07-19,5300.0,26425.216796875
75,2021-07-20,5900.0,22358.712890625
75,2021-07-23,6000.0,33885.1171875
75,2021-07-26,5300.0,26292.73046875
75,2021-08-03,6100.0,22264.31640625
75,2021-08-04,5300.0,33811.7265625
75,2021-08-06,5200.0,22252.71484375
75,2021-08-10,6100.0,26266.74609375
75,2021-08-11,5300.0,33879.63671875
75,2021-08-13,4700.0,22329.37890625
75,2021-08-18,5300.0,26373.927734375
75,2021-08-23,5300.0,22479.90625
75,2021-08-30,5300.0,22631.607421875
75,2021-09-01,5300.0,22904.380859375
75,2021-09-06,5300.0,22994.96484375
75,2021-09-07,5100.0,23249.46484375
75,2021-09-08,5300.0,34784.76953125
75,2021-09-10,4950.0,23360.75390625
75,2021-09-13,5300.0,27550.4609375
75,2021-09-14,5200.0,23661.431640625
75,2021-09-15,5300.0,35142.69921875
75,2021-09-17,4950.0,23790.2421875
75,2021-09-20,5300.0,28006.5390625
75,2021-09-21,5100.0,24130.52734375
75,2021-09-22,5300.0,35538.72265625
75,2021-09-23,4900.0,24273.671875
75,2021-09-27,5300.0,28439.087890625
75,2021-09-28,5200.0,24649.609375
75,2021-10-01,4900.0,35967.67578125
75,2021-10-04,5300.0,29073.9609375
75,2021-10-05,5200.0,25232.73046875
75,2021-10-06,5300.0,36412.91796875
75,2021-10-08,4900.0,25405.833984375
75,2021-10-12,5200.0,29669.755859375
75,2021-10-13,5300.0,36871.98828125
75,2021-10-15,4900.0,26037.99609375
75,2021-10-18,5300.0,30285.9296875
75,2021-10-19,5400.0,26510.140625
75,2021-10-20,5300.0,37338.99609375
75,2021-10-22,5000.0,26704.37109375
75,2021-10-25,5300.0,30912.296875
75,2021-10-26,5200.0,27192.2109375
75,2021-10-27,5300.0,37809.38671875
75,2021-10-29,5300.0,27388.24609375
75,2021-11-01,5300.0,27584.51171875
75,2021-11-02,5000.0,27877.32421875
75,2021-11-03,5300.0,38267.6875
75,2021-11-05,5200.0,28072.232421875
75,2021-11-08,5300.0,32161.3046875
75,2021-11-09,5300.0,28557.45703125
75,2021-11-10,5300.0,38704.58203125
75,2021-11-12,5500.0,28748.55078125
75,2021-11-15,5300.0,32771.25
75,2021-11-16,5200.0,29216.07421875
75,2021-11-17,5300.0,39111.0234375
75,2021-11-19,5500.0,29398.22265625
75,2021-11-22,5300.0,33358.26953125
75,2021-11-23,5400.0,29842.783203125
75,2021-11-24,5300.0,39488.25390625
75,2021-11-26,5300.0,30013.626953125
75,2021-11-26,5500.0,30181.859375
75,2021-11-30,5400.0,33902.046875
75,2021-12-01,5300.0,39832.65625
75,2021-12-03,5500.0,30586.95703125
75,2021-12-06,5300.0,34398.83203125
75,2021-12-07,5400.0,30966.857421875
75,2021-12-10,5500.0,40143.34765625
75,2021-12-13,5300.0,34845.69921875
75,2021-12-14,5600.0,31455.2265625
75,2021-12-15,5300.0,40417.3203125
75,2021-12-17,5500.0,31584.09375
75,2021-12-31,5300.0,35241.88671875
75,2022-01-02,5300.0,35861.015625
75,2022-01-04,5600.0,32516.01953125
75,2022-01-05,5300.0,41043.5234375
75,2022-01-07,5300.0,32631.15625
75,2022-01-11,5300.0,36081.62890625
75,2022-01-12,5300.0,32822.953125
75,2022-01-12,7000.0,32849.58203125
75,2022-01-14,5300.0,41190.8671875
75,2022-01-17,5400.0,36243.3671875
75,2022-01-18,5500.0,32960.83203125
75,2022-01-19,5400.0,41267.64453125
75,2022-01-21,5300.0,32995.02734375
75,2022-01-24,5300.0,36345.07421875
75,2022-01-25,5600.0,33053.98828125
75,2022-01-26,5300.0,41315.06640625
75,2022-01-28,5300.0,33067.03515625
75,2022-02-07,5400.0,36385.44921875
75,2022-02-08,5600.0,33019.2890625
75,2022-02-11,5300.0,41272.83203125
75,2022-02-14,5400.0,36283.2265625
75,2022-02-15,5600.0,32891.8671875
75,2022-02-15,5400.0,41183.70703125
75,2022-02-21,5400.0,32867.7109375
75,2022-02-22,5600.0,32691.2421875
75,2022-02-23,5400.0,41056.484375
75,2022-02-25,5400.0,32620.76953125
75,2022-02-28,5400.0,35940.47265625
75,2022-03-01,5500.0,32419.97265625
75,2022-03-02,5400.0,40889.67578125
75,2022-03-04,5400.0,32330.068359375
75,2022-03-07,5600.0,35682.75390625
75,2022-03-08,5600.0,32082.1875
75,2022-03-18,5800.0,40687.07421875
75,2022-03-25,5800.0,34985.94140625
75,2022-03-29,5800.0,34558.98046875
75,2022-04-05,5500.0,39873.140625
75,2022-04-08,5700.0,39533.18359375
75,2022-04-12,5500.0,33561.453125
75,2022-04-13,5550.0,39161.37890625
75,2022-04-15,5600.0,29368.67578125
75,2022-04-18,5500.0,32992.69921875
75,2022-04-19,5700.0,28910.658203125
76,2021-06-08,6000.0,35982.26171875
76,2021-06-15,6000.0,35562.62109375
76,2021-06-22,5800.0,35174.25
76,2021-07-06,6000.0,34822.53515625
76,2021-07-13,6100.0,34260.37890625
76,2021-07-20,6100.0,34061.5078125
76,2021-08-06,6200.0,33923.67578125
76,2021-08-10,4600.0,40389.49609375
76,2021-08-13,6200.0,33918.62109375
76,2021-08-17,4700.0,40453.26171875
76,2021-09-07,5500.0,34053.0703125
76,2021-09-14,5400.0,34809.34765625
76,2021-09-21,5500.0,35162.02734375
76,2021-09-28,5400.0,35552.3046875
76,2021-10-05,5800.0,35973.67578125
76,2021-10-12,5700.0,36411.69921875
76,2021-10-19,5800.0,36864.75
76,2021-10-26,5600.0,37325.80859375
76,2021-11-02,5500.0,37790.32421875
76,2021-11-09,5600.0,38243.23046875
76,2021-11-16,5500.0,38675.33984375
76,2021-11-23,5600.0,39077.3515625
76,2021-11-30,5500.0,39450.57421875
76,2021-12-07,5500.0,39791.5625
76,2021-12-14,5900.0,40099.328125
76,2022-01-04,5900.0,40370.75390625
76,2022-01-12,5200.0,40988.17578125
76,2022-01-18,5600.0,41133.4453125
76,2022-01-25,5700.0,41207.82421875
76,2022-02-08,5700.0,41254.75390625
76,2022-02-15,5600.0,41213.02734375
76,2022-02-22,5800.0,41126.71484375
76,2022-03-01,5700.0,41000.2265625
76,2022-03-08,5800.0,40836.81640625
76,2022-03-15,5500.0,40636.23046875
76,2022-03-22,5500.0,40399.24609375
76,2022-03-29,5800.0,40133.13671875
76,2022-04-05,5700.0,39831.75390625
76,2022-04-12,5700.0,39495.17578125
76,2022-04-19,5800.0,39127.296875
77,2021-03-26,6600.0,45937.59765625
77,2021-03-26,6700.0,34550.79296875
77,2021-03-29,6300.0,44513.48828125
77,2021-03-30,5000.0,30802.62890625
77,2021-04-01,6800.0,39745.55078125
77,2021-04-02,6700.0,35730.08984375
77,2021-04-02,6600.0,44040.04296875
77,2021-04-02,6100.0,34083.421875
77,2021-04-05,6300.0,45476.81640625
77,2021-04-06,6500.0,30249.1484375
77,2021-04-08,6400.0,39408.0625
77,2021-04-09,6300.0,35261.59765625
77,2021-04-09,6400.0,44978.71484375
77,2021-04-09,6500.0,33571.37890625
77,2021-04-12,6000.0,43553.68359375
77,2021-04-13,6400.0,29661.9921875
77,2021-04-14,6100.0,39039.36328125
77,2021-04-16,6100.0,34832.69921875
77,2021-04-16,6600.0,44452.34375
77,2021-04-16,6200.0,33015.38671875
77,2021-04-19,6000.0,43090.8671875
77,2021-04-20,6400.0,29041.880859375
77,2021-04-22,6400.0,38643.0703125
77,2021-04-23,6000.0,34227.8671875
77,2021-04-23,6000.0,32431.884765625
77,2021-04-26,6000.0,42649.7578125
77,2021-04-27,6400.0,28395.54296875
77,2021-04-29,6000.0,38216.39453125
77,2021-04-30,6150.0,33671.34375
77,2021-04-30,6000.0,42227.37890625
77,2021-05-03,6000.0,31829.39453125
77,2021-05-04,6400.0,27745.685546875
77,2021-05-06,6000.0,37771.02734375
77,2021-05-07,6000.0,33091.57421875
77,2021-05-07,6100.0,31217.0703125
77,2021-05-10,5900.0,41845.7578125
77,2021-05-11,6200.0,27103.7578125
77,2021-05-13,6000.0,37315.72265625
77,2021-05-14,6100.0,32508.37890625
77,2021-05-14,6100.0,41499.60546875
77,2021-05-17,5900.0,30604.97265625
77,2021-05-20,6000.0,26468.921875
77,2021-05-21,6200.0,31931.533203125
77,2021-05-24,5900.0,41170.578125
77,2021-05-25,6000.0,25851.248046875
77,2021-05-27,6000.0,29673.15234375
77,2021-05-28,5800.0,31371.5078125
77,2021-05-28,6100.0,29432.734375
77,2021-05-31,5900.0,40864.3828125
77,2021-06-03,6000.0,25271.896484375
77,2021-06-04,6100.0,30844.8203125
77,2021-06-07,5900.0,40576.32421875
77,2021-06-11,6100.0,24730.302734375
77,2021-06-14,6150.0,40310.95703125
77,2021-06-18,5600.0,24248.67578125
77,2021-06-18,5400.0,40070.58984375
77,2021-06-21,6150.0,27933.857421875
77,2021-07-02,5400.0,23820.884765625
77,2021-07-05,6150.0,27193.345703125
77,2021-07-07,6550.0,23142.9375
77,2021-07-09,6000.0,39560.66015625
77,2021-07-12,5800.0,26919.2578125
77,2021-07-14,6550.0,22906.4296875
77,2021-07-16,6000.0,39436.78125
77,2021-07-19,5800.0,26717.177734375
77,2021-07-21,6550.0,22742.76171875
77,2021-07-22,5500.0,39356.40234375
77,2021-07-23,6000.0,28551.328125
77,2021-07-26,5800.0,26590.193359375
77,2021-08-04,5600.0,22650.89453125
77,2021-08-04,6300.0,22639.7734375
77,2021-08-06,5200.0,39332.1640625
77,2021-08-10,6300.0,26567.1640625
77,2021-08-11,5600.0,33956.33203125
77,2021-08-13,5100.0,22714.66015625
77,2021-08-17,6500.0,26671.03515625
77,2021-08-18,5600.0,34088.375
77,2021-08-23,5600.0,22861.953125
77,2021-08-30,5600.0,23010.97265625
77,2021-09-01,5150.0,23283.373046875
77,2021-09-02,5100.0,23373.80078125
77,2021-09-06,5150.0,29313.541015625
77,2021-09-07,5000.0,23623.4921875
77,2021-09-08,5150.0,34833.12890625
77,2021-09-09,5100.0,23732.537109375
77,2021-09-10,5200.0,29678.9453125
77,2021-09-13,5150.0,27813.59765625
77,2021-09-14,5100.0,24025.2421875
77,2021-09-15,5150.0,35179.8203125
77,2021-09-16,5100.0,24149.9921875
77,2021-09-17,5200.0,30099.017578125
77,2021-09-20,5150.0,28255.5546875
77,2021-09-21,5000.0,24479.595703125
77,2021-09-22,5150.0,35563.15234375
77,2021-09-23,5000.0,24620.6171875
77,2021-09-23,5100.0,28676.033203125
77,2021-09-27,5150.0,30573.8125
77,2021-09-28,5100.0,24996.83203125
77,2021-09-30,5100.0,35978.50390625
77,2021-10-01,5100.0,31090.0703125
77,2021-10-04,5150.0,29290.201171875
77,2021-10-05,5150.0,25563.29296875
77,2021-10-06,5150.0,36410.45703125
77,2021-10-07,5100.0,25733.0703125
77,2021-10-08,5000.0,31642.5625
77,2021-10-12,5100.0,29866.56640625
77,2021-10-13,5150.0,36857.68359375
77,2021-10-14,5100.0,26352.34765625
77,2021-10-15,5000.0,32218.38671875
77,2021-10-18,5150.0,30462.623046875
77,2021-10-19,5300.0,26812.076171875
77,2021-10-20,5150.0,37312.9296875
77,2021-10-22,5100.0,27000.16015625
77,2021-10-25,5150.0,31068.7421875
77,2021-10-26,5300.0,27474.01953125
77,2021-10-27,5150.0,37771.75390625
77,2021-10-29,5150.0,27664.27734375
77,2021-11-01,5150.0,27853.9453125
77,2021-11-02,5100.0,28138.59765625
77,2021-11-03,5150.0,38219.44140625
77,2021-11-05,5300.0,28327.828125
77,2021-11-08,5150.0,32292.537109375
77,2021-11-09,5200.0,28796.5859375
77,2021-11-10,5150.0,38646.81640625
77,2021-11-12,5600.0,28981.33984375
77,2021-11-15,5150.0,32887.2734375
77,2021-11-16,5000.0,29432.80078125
77,2021-11-17,5150.0,39044.47265625
77,2021-11-19,5700.0,29609.880859375
77,2021-11-22,5150.0,33455.75
77,2021-11-23,5200.0,30038.5078125
77,2021-11-24,5150.0,39413.80859375
77,2021-11-26,5300.0,30204.845703125
77,2021-11-26,5700.0,30368.25
77,2021-11-30,5200.0,33981.234375
77,2021-12-01,5300.0,39751.51171875
77,2021-12-03,5700.0,30759.224609375
77,2021-12-06,5300.0,34460.77734375
77,2021-12-07,5200.0,31126.83984375
77,2021-12-08,5300.0,40056.19140625
77,2021-12-10,5700.0,31267.046875
77,2021-12-13,5300.0,34892.93359375
77,2021-12-14,5400.0,31598.671875
77,2021-12-15,5300.0,40325.5859375
77,2021-12-17,5700.0,31723.83984375
77,2021-12-31,5600.0,35277.97265625
77,2022-01-02,5300.0,35878.4921875
77,2022-01-04,5400.0,32640.3046875
77,2022-01-05,5300.0,40934.015625
77,2022-01-07,5600.0,32752.28515625
77,2022-01-11,5300.0,36093.1484375
77,2022-01-12,5300.0,32937.41015625
77,2022-01-14,5600.0,32963.31640625
77,2022-01-17,5400.0,36250.62890625
77,2022-01-18,5200.0,33070.92578125
77,2022-01-19,5400.0,41150.05078125
77,2022-01-21,5600.0,33103.96484375
77,2022-01-24,5400.0,36349.35546875
77,2022-01-25,5200.0,33161.109375
77,2022-01-26,5400.0,41195.80859375
77,2022-01-28,5600.0,33173.8203125
77,2022-02-07,5400.0,36388.66015625
77,2022-02-08,5500.0,33127.39453125
77,2022-02-11,5600.0,41154.68359375
77,2022-02-14,5400.0,36289.41796875
77,2022-02-15,5400.0,33004.09765625
77,2022-02-15,5300.0,32980.59765625
77,2022-02-21,5500.0,41070.95703125
77,2022-02-22,5500.0,32810.3046875
77,2022-02-23,5400.0,40945.08984375
77,2022-02-25,5400.0,32742.046875
77,2022-02-28,5400.0,35955.7109375
77,2022-03-01,5500.0,32546.982421875
77,2022-03-02,5400.0,40784.92578125
77,2022-03-04,5500.0,32459.8046875
77,2022-03-07,5400.0,35704.91015625
77,2022-03-08,5500.0,32219.37109375
77,2022-03-15,7400.0,40586.390625
77,2022-03-18,5600.0,40353.28125
77,2022-03-25,5700.0,35028.953125
77,2022-03-29,5600.0,34613.9296875
77,2022-04-05,5500.0,39791.19140625
77,2022-04-08,5600.0,39458.06640625
77,2022-04-12,5500.0,33647.2734375
77,2022-04-15,5500.0,39093.9765625
77,2022-04-19,5600.0,33096.8046875
78,2021-05-04,6200.0,27871.119140625
78,2021-05-10,6100.0,37752.88671875
78,2021-05-11,6300.0,27238.560546875
78,2021-05-17,6400.0,37302.921875
78,2021-05-18,6400.0,26613.533203125
78,2021-05-24,6400.0,36855.87890625
78,2021-05-25,6400.0,26006.501953125
78,2021-05-31,6400.0,36416.67578125
78,2021-06-01,6300.0,25431.93359375
78,2021-06-07,6550.0,35991.28515625
78,2021-06-07,6000.0,24900.74609375
78,2021-06-08,6200.0,35639.51953125
78,2021-06-14,6550.0,35582.9609375
78,2021-06-15,6200.0,24418.69140625
78,2021-06-21,6250.0,35205.48828125
78,2021-06-22,6000.0,23997.8046875
78,2021-07-05,6250.0,34863.91015625
78,2021-07-06,6000.0,23327.68359375
78,2021-07-12,6300.0,34318.50390625
78,2021-07-13,6300.0,23092.052734375
78,2021-07-19,6300.0,34127.73046875
78,2021-07-20,6300.0,22928.099609375
78,2021-07-26,6400.0,33996.19921875
78,2021-08-03,6000.0,22837.3359375
78,2021-08-04,6600.0,33927.3515625
78,2021-08-10,5800.0,22826.390625
78,2021-08-11,6600.0,33992.7265625
78,2021-08-17,5700.0,22900.626953125
78,2021-08-18,6500.0,34121.7109375
78,2021-08-18,5600.0,23047.599609375
78,2021-08-23,6500.0,39453.94921875
78,2021-08-30,6500.0,23197.57421875
78,2021-09-01,6300.0,23467.439453125
78,2021-09-06,6300.0,23557.03125
78,2021-09-07,6500.0,23803.88671875
78,2021-09-08,6300.0,34853.84375
78,2021-09-13,6100.0,23911.37109375
78,2021-09-14,7100.0,24199.28515625
78,2021-09-15,6100.0,35195.43359375
78,2021-09-20,6100.0,24322.140625
78,2021-09-21,7200.0,24649.92578125
78,2021-09-22,6200.0,35573.5625
78,2021-09-27,6200.0,24791.1484375
78,2021-09-28,7100.0,25163.185546875
78,2021-10-04,6200.0,35983.28125
78,2021-10-05,7400.0,25723.275390625
78,2021-10-06,6200.0,36409.33203125
78,2021-10-12,7200.0,25893.107421875
78,2021-10-13,6200.0,36850.734375
78,2021-10-18,6200.0,26503.07421875
78,2021-10-19,7400.0,26956.4765625
78,2021-10-20,6200.0,37300.42578125
78,2021-10-25,6200.0,27141.5703125
78,2021-10-26,7400.0,27609.1953125
78,2021-10-27,6200.0,37753.66015625
78,2021-10-29,6200.0,27795.494140625
78,2021-11-01,6400.0,27982.15234375
78,2021-11-02,7200.0,28262.58203125
78,2021-11-03,6400.0,38196.19140625
78,2021-11-08,6400.0,28449.3671875
78,2021-11-09,7300.0,28910.9609375
78,2021-11-10,6400.0,38618.96484375
78,2021-11-15,6400.0,29092.140625
78,2021-11-16,7300.0,29536.8515625
78,2021-11-17,6400.0,39012.22265625
78,2021-11-22,6400.0,29711.359375
78,2021-11-23,7500.0,30132.51953125
78,2021-11-24,6400.0,39377.93359375
78,2021-11-26,6400.0,30296.23828125
78,2021-11-30,7200.0,30456.08203125
78,2021-12-01,6400.0,39712.34375
78,2021-12-06,6400.0,30840.140625
78,2021-12-07,7200.0,31202.646484375
78,2021-12-08,6400.0,40014.04296875
78,2021-12-13,6400.0,31340.421875
78,2021-12-14,7200.0,31667.609375
78,2021-12-15,6500.0,40281.203125
78,2022-01-02,6500.0,31793.203125
78,2022-01-04,7200.0,32700.078125
78,2022-01-05,6500.0,40882.90234375
78,2022-01-11,6500.0,32809.9921875
78,2022-01-12,6500.0,32992.21875
78,2022-01-12,5800.0,33017.59765625
78,2022-01-17,6500.0,41024.33984375
78,2022-01-18,7500.0,33123.62109375
78,2022-01-19,6500.0,41095.4609375
78,2022-01-24,6700.0,33156.2109375
78,2022-01-25,7500.0,33212.5625
78,2022-01-26,6700.0,41139.3828125
78,2022-02-07,6700.0,33225.01171875
78,2022-02-08,7300.0,33179.26171875
78,2022-02-14,6700.0,41099.36328125
78,2022-02-15,6700.0,33057.66015625
78,2022-02-15,7200.0,33034.6484375
78,2022-02-21,6800.0,41016.34375
78,2022-02-22,7300.0,32867.015625
78,2022-02-23,7200.0,40892.89453125
78,2022-02-28,7200.0,32800.02734375
78,2022-03-01,7200.0,32608.240234375
78,2022-03-02,7200.0,40734.16796875
78,2022-03-07,7000.0,32522.21875
78,2022-03-08,7300.0,32285.072265625
78,2022-03-14,7000.0,40537.73046875
78,2022-03-15,5800.0,31900.859375
78,2022-03-16,7000.0,40307.94140625
78,2022-03-21,7200.0,31779.78515625
78,2022-03-22,5700.0,31457.6640625
78,2022-03-28,7200.0,40046.578125
78,2022-03-29,7500.0,30963.640625
78,2022-03-30,7200.0,39751.01953125
78,2022-04-04,7400.0,30814.0546875
78,2022-04-05,7600.0,30423.86328125
78,2022-04-06,7400.0,39421.8359375
78,2022-04-12,7600.0,30261.28515625
78,2022-04-13,7400.0,39061.37890625
78,2022-04-18,7400.0,29674.015625
78,2022-04-19,7800.0,29237.87890625
79,2021-06-08,7000.0,35647.7265625
79,2021-06-15,6800.0,35591.87890625
79,2021-06-22,6700.0,35219.42578125
79,2021-07-06,6800.0,34882.640625
79,2021-07-13,6800.0,34345.44140625
79,2021-07-20,6800.0,34157.72265625
79,2021-08-03,7400.0,34029.03515625
79,2021-08-10,5900.0,33961.3828125
79,2021-09-07,5500.0,34025.62890625
79,2021-09-14,5600.0,34873.69140625
79,2021-09-21,5600.0,35210.63671875
79,2021-09-28,5600.0,35583.71875
79,2021-10-05,5800.0,35987.84375
79,2021-10-12,5900.0,36408.18359375
79,2021-10-19,6000.0,36844.01953125
79,2021-10-26,6000.0,37288.16796875
79,2021-11-02,6000.0,37736.00390625
79,2021-11-09,6200.0,38173.52734375
79,2021-11-16,6200.0,38591.70703125
79,2021-11-23,6500.0,38980.77734375
79,2021-11-30,6400.0,39342.8828125
79,2021-12-07,6400.0,39673.87109375
79,2021-12-14,6500.0,39972.73046875
79,2022-01-04,6500.0,40237.75390625
79,2022-01-12,5900.0,40833.14453125
79,2022-01-18,6700.0,40971.3359375
79,2022-01-25,6800.0,41042.08984375
79,2022-02-08,7000.0,41085.50390625
79,2022-02-15,7000.0,41045.62109375
79,2022-02-22,7100.0,40962.6484375
79,2022-03-01,7000.0,40842.23046875
79,2022-03-08,7100.0,40684.578125
79,2022-03-15,5900.0,40490.13671875
79,2022-03-22,5800.0,40263.65234375
79,2022-03-29,7200.0,40004.61328125
79,2022-04-05,7200.0,39711.53125
79,2022-04-12,7200.0,39386.0703125
79,2022-04-19,7300.0,39029.14453125
80,2021-05-03,6300.0,28737.947265625
80,2021-05-10,6300.0,28112.68359375
80,2021-05-17,6300.0,27497.97265625
80,2021-05-24,6300.0,26891.16015625
80,2021-05-31,6300.0,26301.162109375
80,2021-06-07,6300.0,25738.02734375
80,2021-06-14,6300.0,25224.056640625
80,2021-06-21,6300.0,24749.5859375
80,2021-07-05,6300.0,24335.96484375
80,2021-07-12,6200.0,23685.16796875
80,2021-07-19,6200.0,23454.064453125
80,2021-07-26,6200.0,23292.24609375
80,2021-08-04,5950.0,23201.5859375
80,2021-08-06,5150.0,23190.89453125
80,2021-08-11,5950.0,40209.55859375
80,2021-08-13,5250.0,23265.283203125
80,2021-08-18,5850.0,40271.4765625
80,2021-08-23,5700.0,23411.248046875
80,2021-08-30,5700.0,23558.55859375
80,2021-09-01,5700.0,23822.794921875
80,2021-09-06,5700.0,23910.154296875
80,2021-09-08,5700.0,24149.15625
80,2021-09-13,5700.0,24253.33984375
80,2021-09-15,5700.0,24533.115234375
80,2021-09-20,5700.0,24655.2578125
80,2021-09-22,5700.0,24983.666015625
80,2021-09-27,5700.0,25121.50390625
80,2021-10-04,5700.0,25482.703125
80,2021-10-06,5700.0,26035.384765625
80,2021-10-13,5700.0,26199.9453125
80,2021-10-18,5700.0,26792.91796875
80,2021-10-20,5700.0,27231.779296875
80,2021-10-25,5700.0,27411.818359375
80,2021-10-27,5700.0,27864.029296875
80,2021-10-29,5700.0,28045.619140625
80,2021-11-01,5700.0,28227.69140625
80,2021-11-03,5700.0,28500.873046875
80,2021-11-08,5700.0,28681.59765625
80,2021-11-10,5700.0,29128.63671875
80,2021-11-15,5700.0,29304.015625
80,2021-11-17,5700.0,29734.435546875
80,2021-11-22,5700.0,29901.283203125
80,2021-11-24,5700.0,30309.185546875
80,2021-11-26,5700.0,30467.349609375
80,2021-12-01,5700.0,30622.052734375
80,2021-12-06,5700.0,30995.466796875
80,2021-12-08,5700.0,31352.76953125
80,2021-12-13,5700.0,31489.2734375
80,2021-12-15,5800.0,31812.91796875
80,2022-01-02,5700.0,31934.859375
80,2022-01-05,5700.0,32814.37109375
80,2022-01-11,5700.0,32920.72265625
80,2022-01-12,5700.0,33096.984375
80,2022-01-17,5700.0,33121.65234375
80,2022-01-19,5700.0,33224.7109375
80,2022-01-24,5800.0,33256.1953125
80,2022-01-26,5800.0,33310.640625
80,2022-02-07,5800.0,33322.71875
80,2022-02-14,5800.0,33278.484375
80,2022-02-15,5800.0,33160.60546875
80,2022-02-21,5900.0,33138.2890625
80,2022-02-23,5800.0,32976.26953125
80,2022-02-28,5800.0,32911.37109375
80,2022-03-02,5800.0,32725.91796875
80,2022-03-07,5800.0,32642.19140625
80,2022-04-18,5600.0,32411.3359375
81,2021-03-15,6400.0,35405.81640625
81,2021-03-19,6800.0,30262.703125
81,2021-03-22,6400.0,35054.23828125
81,2021-03-26,6800.0,29813.71484375
81,2021-04-02,6800.0,34655.23046875
81,2021-04-09,6600.0,34214.48046875
81,2021-04-16,6800.0,33732.1484375
81,2021-04-23,6200.0,33211.2578125
81,2021-04-30,6200.0,32659.71484375
81,2021-05-07,6200.0,32092.8046875
81,2021-05-14,6300.0,31516.603515625
81,2021-05-25,6300.0,30941.87890625
81,2021-05-28,6300.0,30066.09375
81,2022-01-14,6150.0,29835.962890625
81,2022-01-21,6150.0,36261.65234375
81,2022-01-28,6150.0,36354.16796875
81,2022-02-11,6150.0,36390.88671875
81,2022-02-25,6100.0,36296.52734375
81,2022-03-04,6100.0,35980.3125
81,2022-03-18,5900.0,35742.90625
81,2022-03-25,6000.0,35107.29296875
81,2022-03-31,5800.0,34714.84765625
81,2022-04-07,5800.0,35822.08203125
81,2022-04-08,5900.0,35387.25390625
81,2022-04-14,5800.0,33803.23046875
81,2022-04-15,5900.0,34917.25390625
82,2021-04-23,6100.0,33257.109375
82,2021-04-30,6100.0,32712.97265625
82,2021-05-07,6100.0,32154.5078125
82,2021-05-14,6200.0,31586.03125
82,2021-05-25,6100.0,31019.404296875
82,2021-05-28,6100.0,30157.1875
82,2021-07-02,5800.0,29931.15625
82,2021-07-09,5800.0,41260.33984375
82,2021-07-16,5800.0,41135.24609375
82,2021-10-08,5100.0,41045.07421875
82,2021-10-15,5100.0,30320.3359375
82,2021-10-22,5200.0,30881.1484375
82,2021-11-05,5350.0,31451.89453125
82,2021-11-12,5650.0,32593.5546875
82,2021-11-19,5750.0,33146.6015625
82,2021-11-26,5750.0,33667.6484375
82,2021-12-03,5750.0,34151.875
82,2021-12-10,5650.0,34595.98828125
82,2021-12-17,5650.0,35000.38671875
82,2021-12-31,5450.0,35359.71484375
82,2022-01-07,5450.0,35916.17578125
82,2022-01-14,5450.0,36116.0078125
82,2022-01-21,5450.0,36262.5234375
82,2022-01-28,5450.0,36353.8515625
82,2022-02-11,5450.0,36390.14453125
82,2022-02-25,5400.0,36296.92578125
82,2022-03-04,5400.0,35984.7734375
82,2022-03-18,5600.0,35750.328125
82,2022-03-25,5600.0,35123.55078125
82,2022-04-08,5500.0,34736.73828125
82,2022-04-15,5500.0,33839.66796875
83,2021-04-23,6000.0,33301.48828125
83,2021-04-30,6000.0,32765.1328125
83,2021-05-07,6000.0,32214.587890625
83,2021-05-14,6200.0,31653.69921875
83,2021-05-25,6100.0,31094.6953125
83,2021-05-28,6000.0,30245.708984375
83,2021-06-18,5400.0,30023.69140625
83,2021-07-02,5800.0,28628.771484375
83,2021-07-02,5300.0,41205.90234375
83,2021-07-09,5800.0,27936.35546875
83,2021-07-09,5700.0,41081.76171875
83,2021-07-16,5800.0,27686.40625
83,2021-07-16,5500.0,40993.25
83,2021-07-23,5500.0,27501.35546875
83,2021-08-06,5150.0,27384.732421875
83,2021-08-13,5100.0,27364.076171875
83,2021-09-10,5150.0,27460.595703125
83,2021-09-17,5150.0,28511.482421875
83,2021-09-23,4850.0,28920.109375
83,2021-10-01,4945.0,29306.57421875
83,2021-10-08,4850.0,29875.681640625
83,2021-10-15,4850.0,30408.45703125
83,2021-10-22,4950.0,30960.53515625
83,2021-11-05,5150.0,31523.119140625
83,2021-11-12,5450.0,32648.697265625
83,2021-11-19,5450.0,33192.63671875
83,2021-11-26,5450.0,33705.6875
83,2021-12-03,5450.0,34182.83984375
83,2021-12-10,5450.0,34621.01171875
83,2021-12-17,5450.0,35020.25
83,2021-12-31,5350.0,35373.48046875
83,2022-01-07,5350.0,35921.33984375
83,2022-01-14,5350.0,36118.73046875
83,2022-01-21,5350.0,36263.3359375
83,2022-01-28,5350.0,36353.55859375
83,2022-02-11,5350.0,36389.41796875
83,2022-02-25,5300.0,36297.30859375
83,2022-03-04,5300.0,35989.06640625
83,2022-03-18,5500.0,35757.578125
83,2022-03-25,5700.0,35139.37109375
83,2022-04-08,5600.0,34757.5546875
83,2022-04-15,5500.0,33874.53515625
84,2021-05-27,6300.0,35817.65234375
84,2021-06-03,6100.0,34929.87890625
84,2021-06-10,6100.0,34508.09765625
84,2021-06-17,5700.0,34109.07421875
84,2021-07-01,5600.0,33740.77734375
84,2021-07-08,5600.0,33126.1015625
84,2021-07-15,5600.0,32898.65625
84,2021-08-05,5500.0,32728.203125
84,2021-08-11,5200.0,32585.5078125
84,2021-09-02,5100.0,32648.79296875
84,2021-09-09,5100.0,33268.88671875
84,2021-09-16,5100.0,33580.5546875
84,2021-09-23,5100.0,33933.75390625
84,2021-09-30,5100.0,34320.11328125
84,2021-10-07,5100.0,34733.48046875
84,2021-10-14,5100.0,35167.96484375
84,2021-10-21,5100.0,35616.16796875
84,2021-10-28,5100.0,36064.40625
84,2021-11-04,5100.0,36509.65234375
84,2021-11-11,5100.0,36947.91015625
84,2021-11-18,5700.0,37375.67578125
84,2021-11-25,5900.0,37786.04296875
84,2021-12-02,5900.0,38164.42578125
84,2021-12-09,5900.0,38508.96875
84,2021-12-15,5900.0,38814.57421875
84,2021-12-30,5900.0,39047.953125
84,2022-01-06,5900.0,39510.7734375
84,2022-01-13,5750.0,39664.17578125
84,2022-01-20,5650.0,39777.44140625
84,2022-01-27,5650.0,39850.19140625
84,2022-02-17,5700.0,39881.75
84,2022-02-24,5650.0,39729.17578125
84,2022-03-03,5650.0,39598.16015625
84,2022-03-10,5700.0,39428.20703125
84,2022-03-17,5800.0,39218.13671875
84,2022-03-24,5700.0,38969.50390625
84,2022-03-31,5700.0,38684.37109375
84,2022-04-07,5600.0,38362.37890625
84,2022-04-14,5850.0,38002.84375
85,2021-04-02,9500.0,38289.66015625
85,2021-04-05,8000.0,45656.86328125
85,2021-04-08,7200.0,30938.72265625
85,2021-04-09,9500.0,37929.64453125
85,2021-04-12,8000.0,45210.84765625
85,2021-04-16,9500.0,30410.798828125
85,2021-04-19,8100.0,44734.1171875
85,2021-04-22,7100.0,29854.21484375
85,2021-04-23,9500.0,37124.00390625
85,2021-04-26,7900.0,44245.56640625
85,2021-04-29,7000.0,29274.26171875
85,2021-04-30,9500.0,36697.76171875
85,2021-05-03,8100.0,43770.66796875
85,2021-05-06,7000.0,28683.44921875
85,2021-05-07,9500.0,36262.03515625
85,2021-05-10,7900.0,43307.6875
85,2021-05-13,7000.0,28097.962890625
85,2021-05-14,9500.0,35822.87890625
85,2021-05-17,8200.0,42903.546875
85,2021-05-21,9500.0,27522.34765625
85,2021-05-24,8200.0,42527.66015625
85,2021-05-27,7000.0,26971.6875
85,2021-05-28,9500.0,34946.41796875
85,2021-05-31,8200.0,42195.18359375
85,2021-06-03,7000.0,26444.484375
85,2021-06-04,9500.0,34530.14453125
85,2021-06-07,8200.0,41907.55078125
85,2021-06-10,7000.0,25953.578125
85,2021-06-14,8200.0,34136.34765625
85,2021-06-17,7000.0,25508.23046875
85,2021-06-18,9500.0,33773.88671875
85,2021-06-21,8200.0,41442.51953125
85,2021-07-01,7000.0,25115.970703125
85,2021-07-02,9500.0,33167.328125
85,2021-07-05,8200.0,41100.01953125
85,2021-07-08,7000.0,24494.66015625
85,2021-07-09,9500.0,32942.68359375
85,2021-07-12,8000.0,40979.26171875
85,2021-07-15,7000.0,24282.3203125
85,2021-07-16,9500.0,32774.48828125
85,2021-07-19,8000.0,40894.58203125
85,2021-07-23,9000.0,24132.15234375
85,2021-07-26,8000.0,40844.51171875
85,2021-08-04,7750.0,24048.09765625
85,2021-08-05,7000.0,24039.078125
85,2021-08-06,9000.0,32633.6328125
85,2021-08-11,7750.0,40851.63671875
85,2021-08-11,7000.0,24109.28125
85,2021-08-13,9000.0,32696.140625
85,2021-08-18,7650.0,40908.828125
85,2021-08-23,7500.0,24246.203125
85,2021-08-30,7650.0,24383.47265625
85,2021-09-01,7500.0,24632.220703125
85,2021-09-02,7000.0,24715.41015625
85,2021-09-06,7500.0,33309.328125
85,2021-09-08,7500.0,24947.591796875
85,2021-09-09,7200.0,25048.158203125
85,2021-09-13,7500.0,33617.23828125
85,2021-09-15,7500.0,25318.87109375
85,2021-09-16,7200.0,25434.392578125
85,2021-09-20,7500.0,33964.70703125
85,2021-09-22,7500.0,25742.80078125
85,2021-09-23,7200.0,25874.546875
85,2021-09-27,7500.0,34346.1640625
85,2021-09-30,7200.0,26220.3515625
85,2021-10-04,7500.0,34753.66015625
85,2021-10-06,7500.0,26738.806640625
85,2021-10-07,7200.0,26891.560546875
85,2021-10-13,7500.0,35182.77734375
85,2021-10-14,7200.0,27441.8984375
85,2021-10-18,7300.0,35625.39453125
85,2021-10-20,7100.0,27851.734375
85,2021-10-21,7200.0,28019.0234375
85,2021-10-25,7100.0,36067.62109375
85,2021-10-27,7100.0,28441.453125
85,2021-10-28,7200.0,28610.41796875
85,2021-10-29,7500.0,36507.6015625
85,2021-11-01,7100.0,28779.6640625
85,2021-11-03,7100.0,29031.73828125
85,2021-11-04,7200.0,29198.482421875
85,2021-11-08,7100.0,36940.6875
85,2021-11-10,7100.0,29614.634765625
85,2021-11-11,7200.0,29779.42578125
85,2021-11-15,7100.0,37363.5625
85,2021-11-17,7100.0,30183.75390625
85,2021-11-18,7400.0,30342.453125
85,2021-11-22,7100.0,37769.2890625
85,2021-11-24,7100.0,30727.359375
85,2021-11-25,7400.0,30877.158203125
85,2021-11-26,7500.0,38143.40234375
85,2021-12-01,7500.0,31024.384765625
85,2021-12-02,7400.0,31378.82421875
85,2021-12-06,7500.0,38484.828125
85,2021-12-08,7500.0,31713.2265625
85,2021-12-09,7300.0,31840.826171875
85,2021-12-13,7100.0,38787.16796875
85,2021-12-15,7300.0,32141.56640625
85,2021-12-15,7500.0,39018.1953125
85,2021-12-30,7300.0,32254.8046875
85,2022-01-02,7100.0,39477.18359375
85,2022-01-05,7100.0,33073.984375
85,2022-01-06,7300.0,33172.75
85,2022-01-11,7100.0,39629.28125
85,2022-01-12,7100.0,33335.08203125
85,2022-01-13,7300.0,33357.671875
85,2022-01-17,7100.0,39741.39453125
85,2022-01-19,7100.0,33451.8671875
85,2022-01-20,7400.0,33480.79296875
85,2022-01-24,7200.0,39813.55078125
85,2022-01-26,7200.0,33530.71875
85,2022-01-27,7400.0,33541.7421875
85,2022-02-07,7200.0,39845.72265625
85,2022-02-14,7200.0,33500.12109375
85,2022-02-15,7200.0,33391.2734375
85,2022-02-17,7400.0,33370.68359375
85,2022-02-21,7200.0,39693.66796875
85,2022-02-23,8150.0,33220.625
85,2022-02-24,7400.0,33160.34375
85,2022-02-28,8400.0,39563.18359375
85,2022-03-02,8400.0,32987.97265625
85,2022-03-03,7400.0,32910.73828125
85,2022-03-07,8400.0,39394.65625
85,2022-03-10,7400.0,32696.4375
85,2022-03-14,8200.0,39185.93359375
85,2022-03-16,8200.0,32347.38671875
85,2022-03-17,7600.0,32238.369140625
85,2022-03-21,8300.0,38939.87890625
85,2022-03-24,7400.0,31948.265625
85,2022-03-28,8300.0,38657.60546875
85,2022-03-30,8500.0,31500.216796875
85,2022-03-31,7500.0,31364.52734375
85,2022-04-04,8500.0,38338.6640625
85,2022-04-06,8500.0,31011.537109375
85,2022-04-07,7400.0,30865.2734375
85,2022-04-13,8500.0,37982.86328125
85,2022-04-14,7400.0,30332.69140625
87,2021-07-22,5000.0,29701.6875
87,2021-10-21,5450.0,29584.2578125
87,2021-10-28,5450.0,33280.62890625
87,2021-11-04,5450.0,33782.0546875
87,2021-11-18,5200.0,34271.50390625
87,2021-11-25,5200.0,35197.14453125
87,2021-12-09,5050.0,35621.58203125
87,2021-12-15,5200.0,36360.13671875
87,2021-12-30,5150.0,36631.60546875
87,2022-01-06,5150.0,37178.97265625
87,2022-01-13,5150.0,37364.55859375
87,2022-01-20,5150.0,37502.64453125
87,2022-01-27,5150.0,37591.62890625
87,2022-02-10,5150.0,37630.15234375
87,2022-02-17,5400.0,37559.21484375
87,2022-02-24,5500.0,37450.11328125
87,2022-03-03,5350.0,37292.80078125
87,2022-03-10,5450.0,37088.91015625
87,2022-03-17,5400.0,36840.859375
87,2022-03-24,5850.0,36551.41796875
87,2022-03-31,5725.0,36222.71484375
87,2022-04-07,5675.0,35858.0
88,2021-06-07,6400.0,26829.814453125
88,2021-06-14,6400.0,26354.375
88,2021-06-21,6400.0,25922.09765625
88,2021-07-05,6400.0,25538.49609375
88,2021-07-12,6400.0,24939.966796875
88,2021-07-19,6400.0,24726.97265625
88,2021-07-26,6200.0,24580.294921875
88,2021-08-04,6100.0,24498.7578125
88,2021-08-06,5700.0,24491.318359375
88,2021-08-11,6300.0,39891.67578125
88,2021-08-13,5550.0,24561.0234375
88,2021-08-18,6300.0,39949.67578125
88,2021-08-23,6300.0,24696.580078125
88,2021-08-30,6300.0,24833.8671875
88,2021-09-01,6300.0,25077.93359375
88,2021-09-06,6300.0,25158.484375
88,2021-09-08,6300.0,25380.072265625
88,2021-09-13,6300.0,25476.57421875
88,2021-09-15,6300.0,25738.134765625
88,2021-09-20,6300.0,25851.484375
88,2021-09-22,6300.0,26151.19921875
88,2021-09-27,6300.0,26277.140625
88,2021-10-04,6300.0,26609.9453125
88,2021-10-06,6300.0,27105.21875
88,2021-10-13,6300.0,27252.00390625
88,2021-10-18,6300.0,27780.8125
88,2021-10-20,6300.0,28176.73828125
88,2021-10-25,6300.0,28338.42578125
88,2021-10-27,6300.0,28748.203125
88,2021-10-29,6300.0,28912.640625
88,2021-11-01,6300.0,29076.767578125
88,2021-11-03,6300.0,29321.65234375
88,2021-11-08,6300.0,29484.478515625
88,2021-11-10,6300.0,29885.544921875
88,2021-11-15,6300.0,30043.55859375
88,2021-11-17,6300.0,30432.4296875
88,2021-11-22,6300.0,30583.908203125
88,2021-11-24,6000.0,30954.140625
88,2021-11-26,6000.0,31098.23828125
88,2021-12-01,6000.0,31239.4375
88,2021-12-06,6000.0,31579.966796875
88,2021-12-08,6000.0,31901.515625
88,2021-12-13,6000.0,32023.53515625
88,2021-12-15,6000.0,32312.26171875
88,2022-01-02,6000.0,32421.359375
88,2022-01-05,6000.0,33205.87890625
88,2022-01-11,6000.0,33299.99609375
88,2022-01-12,6000.0,33456.12109375
88,2022-01-17,6000.0,33478.0078125
88,2022-01-19,6000.0,33569.4453125
88,2022-01-24,6000.0,33597.32421875
88,2022-01-26,6000.0,33645.59375
88,2022-02-07,6000.0,33656.34765625
88,2022-02-14,6000.0,33618.1484375
88,2022-02-15,6000.0,33513.89453125
88,2022-02-21,6000.0,33494.12109375
88,2022-02-23,6000.0,33350.64453125
88,2022-02-28,6000.0,33293.5390625
88,2022-03-02,6000.0,33128.62890625
88,2022-03-07,6900.0,33054.31640625
88,2022-03-14,7000.0,32849.01171875
88,2022-03-16,7000.0,32514.224609375
88,2022-03-30,6900.0,32409.15234375
89,2021-06-08,8100.0,28945.203125
89,2021-06-15,8100.0,39035.8984375
89,2021-06-17,8000.0,38786.06640625
89,2021-06-22,8100.0,38718.375
89,2021-07-06,8100.0,38557.71484375
89,2021-07-13,8100.0,38189.61328125
89,2021-07-20,8100.0,38061.34765625
89,2021-09-07,8100.0,37975.0234375
89,2021-09-14,8100.0,38599.74609375
89,2021-09-21,8100.0,38835.19140625
89,2021-09-28,8100.0,39092.44921875
89,2021-10-05,8100.0,39368.078125
89,2021-10-12,8100.0,39656.31640625
89,2021-10-19,8000.0,39949.30078125
89,2021-10-26,8000.0,40242.4140625
89,2021-11-02,8000.0,40537.4921875
89,2021-11-09,8000.0,40833.35546875
89,2021-11-16,8000.0,41126.5
89,2021-11-23,8000.0,41423.10546875
89,2021-11-30,8000.0,41715.9765625
89,2021-12-07,8000.0,42011.0703125
89,2021-12-14,8000.0,42305.55859375
89,2022-01-04,8000.0,42591.72265625
89,2022-01-12,7900.0,43262.421875
89,2022-01-18,8000.0,43432.27734375
89,2022-01-25,7900.0,43517.55078125
89,2022-02-08,7900.0,43567.51171875
89,2022-02-15,7900.0,43497.59375
89,2022-02-22,7900.0,43382.6640625
89,2022-03-01,7900.0,43220.68359375
89,2022-03-08,7900.0,43030.05859375
89,2022-03-15,7900.0,42797.25390625
90,2021-06-08,6500.0,29034.490234375
90,2021-06-15,6500.0,39006.83203125
90,2021-06-17,6500.0,38759.24609375
90,2021-06-22,6500.0,38692.09375
90,2021-07-06,6500.0,38532.88671875
90,2021-07-13,6500.0,38169.40234375
90,2021-07-20,6500.0,38042.375
90,2021-09-07,6500.0,37956.90234375
90,2021-09-14,6500.0,38575.40234375
90,2021-09-21,6500.0,38807.92578125
90,2021-09-28,6500.0,39062.75390625
90,2021-10-05,6500.0,39336.05859375
90,2021-10-12,6500.0,39621.40234375
90,2021-10-19,6500.0,39911.74609375
90,2021-10-26,6500.0,40202.67578125
90,2021-11-02,6500.0,40494.09765625
90,2021-11-09,6500.0,40787.578125
90,2021-11-16,6500.0,41077.19140625
90,2021-11-23,6500.0,41370.33984375
90,2021-11-30,6500.0,41659.1015625
90,2021-12-07,6500.0,41947.11328125
90,2021-12-14,6500.0,42232.32421875
90,2022-01-04,6500.0,42509.93359375
90,2022-01-12,6400.0,43165.703125
90,2022-01-18,6500.0,43327.84765625
90,2022-01-25,6400.0,43410.14453125
90,2022-02-08,6400.0,43458.09765625
90,2022-02-15,6400.0,43391.15234375
90,2022-02-22,6400.0,43280.609375
90,2022-03-01,6400.0,43129.38671875
90,2022-03-08,6400.0,42940.58984375
90,2022-03-15,6400.0,42711.90234375
91,2021-10-06,6850.0,27445.67578125
91,2021-10-13,6850.0,27589.125
91,2021-10-18,6850.0,28105.90234375
91,2021-10-20,6850.0,28494.052734375
91,2021-10-25,6850.0,28651.421875
91,2021-10-27,6850.0,29046.015625
91,2021-10-29,6850.0,29203.376953125
91,2021-11-01,6850.0,29360.751953125
91,2021-11-03,6850.0,29596.73828125
91,2021-11-08,6850.0,29752.23046875
91,2021-11-10,6850.0,30137.205078125
91,2021-11-15,6850.0,30289.5078125
91,2021-11-17,6850.0,30661.9609375
91,2021-11-22,6850.0,30808.03515625
91,2021-11-24,6850.0,31164.69140625
91,2021-11-26,6850.0,31303.01953125
91,2021-12-01,6850.0,31438.93359375
91,2021-12-06,6850.0,31766.6484375
91,2021-12-13,6850.0,32074.212890625
91,2021-12-15,6850.0,32469.078125
91,2022-01-02,6850.0,32574.078125
91,2022-01-05,6850.0,33322.1484375
91,2022-01-11,6850.0,33412.00390625
91,2022-01-12,6850.0,33561.3671875
91,2022-01-17,6900.0,33582.140625
91,2022-01-19,6900.0,33668.56640625
91,2022-01-24,6900.0,33695.09375
91,2022-01-26,6900.0,33740.92578125
91,2022-02-07,6900.0,33750.96875
91,2022-02-14,6900.0,33713.1875
91,2022-02-15,6900.0,33614.3203125
91,2022-02-21,6900.0,33595.62890625
91,2022-02-23,6900.0,33458.46484375
91,2022-02-28,6900.0,33403.703125
91,2022-03-02,6900.0,33247.58203125
91,2022-03-07,6900.0,33177.0546875
92,2021-08-05,6900.0,30007.765625
92,2021-10-21,6950.0,29974.330078125
92,2021-10-28,6950.0,33466.61328125
92,2021-11-04,6750.0,33934.69921875
92,2021-11-18,6750.0,34392.48046875
92,2021-11-25,6750.0,35263.8125
92,2021-12-09,6750.0,35661.29296875
92,2021-12-15,6750.0,36358.34765625
92,2021-12-30,6750.0,36615.046875
92,2022-01-27,6800.0,37133.6640625
92,2022-02-10,6800.0,37562.10546875
93,2021-05-13,11500.0,38212.89453125
93,2021-05-24,11000.0,38112.6953125
93,2021-05-25,11000.0,37563.1171875
93,2021-05-27,11000.0,37514.0859375
93,2021-05-31,11000.0,37416.78125
93,2021-06-07,9500.0,37225.95703125
93,2021-06-08,10000.0,36907.37109375
93,2021-06-10,10000.0,36863.875
93,2021-06-14,10000.0,36778.33203125
93,2021-06-15,10000.0,36613.11328125
93,2021-06-17,10000.0,36573.24609375
93,2021-06-21,10000.0,36495.515625
93,2021-06-22,10500.0,36348.16796875
93,2021-08-02,8500.0,36313.14453125
93,2021-08-05,8500.0,35600.33984375
93,2021-08-10,8000.0,35612.5625
93,2021-08-17,8600.0,35653.55859375
93,2021-08-23,8500.0,35753.1875
93,2021-08-30,8500.0,35874.984375
93,2021-09-20,8000.0,36057.734375
94,2021-05-13,11000.0,38191.96875
94,2021-05-24,11000.0,38092.734375
94,2021-05-25,10500.0,37548.40234375
94,2021-05-27,10500.0,37499.83984375
94,2021-05-31,10500.0,37403.4765625
94,2021-06-07,9500.0,37214.609375
94,2021-06-08,9500.0,36899.62109375
94,2021-06-10,9500.0,36856.48828125
94,2021-06-14,9500.0,36771.87109375
94,2021-06-15,10000.0,36608.40234375
94,2021-06-17,10000.0,36568.98046875
94,2021-06-21,10000.0,36492.02734375
94,2021-06-22,10000.0,36346.23046875
94,2021-08-02,8500.0,36311.54296875
94,2021-08-05,8500.0,35607.67578125
94,2021-08-10,8000.0,35619.81640625
94,2021-08-17,8600.0,35660.32421875
94,2021-08-23,8500.0,35758.65625
94,2021-08-30,8500.0,35879.06640625
94,2021-09-20,8000.0,36059.8046875
95,2021-05-07,9200.0,42820.76171875
95,2021-05-14,9200.0,42464.921875
95,2021-05-21,9200.0,42139.46875
95,2021-05-28,9200.0,41845.92578125
95,2021-05-28,6800.0,41583.15234375
95,2021-06-04,9200.0,30932.97265625
95,2021-06-11,5800.0,41344.921875
95,2021-06-18,5800.0,30118.42578125
95,2021-06-18,9200.0,29761.529296875
95,2021-07-02,9200.0,40939.66796875
95,2021-07-02,5900.0,40641.36328125
95,2021-07-09,9200.0,29177.47265625
95,2021-07-09,5900.0,40532.42578125
95,2021-07-16,9200.0,28961.85546875
95,2021-07-16,5900.0,40453.65234375
95,2021-07-23,8900.0,28801.67578125
95,2021-07-23,5900.0,40408.39453125
95,2021-08-06,8900.0,28701.171875
95,2021-08-06,5850.0,40414.56640625
95,2021-08-13,8900.0,28683.771484375
95,2021-08-13,5800.0,40466.35546875
95,2021-09-10,5850.0,28767.837890625
95,2021-09-17,5850.0,29675.734375
96,2021-05-07,9200.0,42742.9453125
96,2021-05-14,9200.0,42395.1875
96,2021-05-21,9200.0,42077.82421875
96,2021-05-28,9200.0,41790.0625
96,2021-05-28,6800.0,41532.46484375
96,2021-06-04,9200.0,30995.568359375
96,2021-06-11,5800.0,41296.69140625
96,2021-06-18,5800.0,30191.01953125
96,2021-06-18,9200.0,29839.2734375
96,2021-07-02,9200.0,40896.51171875
96,2021-07-02,6000.0,40600.36328125
96,2021-07-09,9200.0,29262.265625
96,2021-07-09,6000.0,40492.01171875
96,2021-07-16,9200.0,29049.28515625
96,2021-07-16,6000.0,40414.98046875
96,2021-07-23,8900.0,28891.5
96,2021-07-23,6000.0,40370.0546875
96,2021-08-06,8900.0,28792.13671875
96,2021-08-13,8900.0,40376.18359375
96,2021-08-13,5800.0,40427.12109375
96,2021-09-10,5900.0,28859.4375
96,2021-09-17,5900.0,29754.9765625
97,2021-07-12,9000.0,35935.77734375
97,2021-07-13,11000.0,35791.95703125
97,2021-07-15,11500.0,35774.91796875
97,2021-07-18,11000.0,35743.390625
97,2021-07-20,9500.0,35702.59765625
97,2021-07-22,9000.0,35680.07421875
98,2021-07-05,10000.0,36037.93359375
98,2021-07-12,7700.0,35938.29296875
98,2021-07-13,10000.0,35795.96484375
98,2021-07-15,10500.0,35779.16015625
98,2021-07-18,10500.0,35748.13671875
98,2021-07-20,8000.0,35708.41015625
98,2021-07-22,7500.0,35686.1484375
99,2021-07-20,8000.0,35713.375
99,2021-07-22,8000.0,35691.6796875
101,2021-07-12,8000.0,35945.60546875
101,2021-07-13,10000.0,35807.46875
101,2021-07-15,10000.0,35791.1796875
101,2021-07-18,9500.0,35761.20703125
101,2021-07-20,9000.0,35722.8125
101,2021-07-22,8500.0,35701.671875
102,2021-05-13,10000.0,38038.61328125
102,2021-05-24,9850.0,37946.56640625
102,2021-05-25,9500.0,37440.17578125
102,2021-05-27,9500.0,37395.16015625
102,2021-05-31,9500.0,37305.97265625
102,2021-06-07,10000.0,37131.24609375
102,2021-06-08,10000.0,36840.5546875
102,2021-06-10,9500.0,36800.79296875
102,2021-06-14,9500.0,36722.80859375
102,2021-06-15,9500.0,36572.72265625
102,2021-06-17,9500.0,36536.44921875
102,2021-06-21,9500.0,36465.64453125
102,2021-06-22,9600.0,36331.43359375
105,2024-03-21,15000.0,17709.4296875
105,2024-03-25,15000.0,17628.62890625
105,2024-03-28,15000.0,17516.4921875
105,2024-04-01,15000.0,17429.958984375
105,2024-04-04,15000.0,17313.154296875
105,2024-04-08,15000.0,17226.66796875
105,2024-04-11,15000.0,17109.30078125
105,2024-04-15,15000.0,17025.9765625
105,2024-04-18,15000.0,16927.10546875
105,2024-04-22,15000.0,16868.853515625
105,2024-04-25,15000.0,16819.0859375
105,2024-05-02,15000.0,16807.609375
105,2024-05-06,12000.0,16837.095703125
105,2024-05-09,20000.0,16863.83203125
105,2024-05-13,20000.0,16882.8828125
105,2024-05-16,20000.0,16906.76953125
105,2024-05-20,20000.0,16923.5546875
105,2024-05-23,20000.0,16944.3515625
105,2024-05-27,18000.0,16958.767578125
105,2024-05-30,18000.0,16976.486328125
105,2024-06-03,15000.0,16992.79296875
105,2024-06-06,15000.0,17022.28515625
105,2024-06-10,15000.0,17053.5546875
105,2024-06-17,15000.0,17110.181640625
105,2024-06-20,15000.0,17228.03515625
105,2024-06-24,15000.0,17281.75
105,2024-06-27,15000.0,17347.5625
105,2024-07-01,15000.0,17397.9921875
105,2024-07-12,15000.0,17461.5
105,2024-07-15,15000.0,17594.869140625
105,2024-07-25,25000.0,17620.689453125
105,2024-07-29,15000.0,17673.82421875
105,2024-08-01,25000.0,17680.919921875
105,2024-08-05,20000.0,17680.916015625
105,2024-08-08,20000.0,17673.828125
105,2024-08-12,25000.0,17663.205078125
105,2024-08-15,25000.0,17641.9296875
105,2024-08-19,25000.0,17620.66015625
105,2024-08-22,25000.0,17585.166015625
105,2024-08-26,25000.0,17553.2109375
105,2024-08-29,25000.0,17503.49609375
105,2024-09-05,25000.0,17460.8984375
105,2024-09-09,25000.0,17347.14453125
105,2024-09-12,20000.0,17280.970703125
105,2024-09-16,20000.0,17226.875
105,2024-09-19,25000.0,17160.03515625
105,2024-09-23,25000.0,17109.412109375
105,2024-09-26,25000.0,17054.658203125
105,2024-09-30,25000.0,17024.765625
105,2024-10-03,25000.0,16995.125
105,2024-10-07,25000.0,16980.21875
105,2024-10-10,25000.0,16962.5390625
105,2024-10-14,25000.0,16948.087890625
105,2024-10-17,25000.0,16927.171875
105,2024-10-21,25000.0,16910.2734375
105,2024-10-28,25000.0,16886.1171875
105,2024-10-31,25000.0,16839.625
105,2024-11-04,25000.0,16823.0390625
105,2024-11-07,25000.0,16812.84765625
105,2024-11-11,20000.0,16827.693359375
105,2024-11-14,20000.0,16883.75390625
105,2024-11-18,15000.0,16944.47265625
105,2024-11-21,20000.0,17048.42578125
105,2024-11-25,20000.0,17134.7734375
105,2024-11-28,20000.0,17253.6015625
105,2024-12-05,20000.0,17340.7421875
105,2024-12-09,20000.0,17546.912109375
105,2024-12-12,20000.0,17659.048828125
105,2024-12-16,20000.0,17739.58984375
105,2025-01-02,20000.0,17847.15625
105,2025-01-06,20000.0,18232.8203125
105,2025-01-09,20000.0,18307.8515625
105,2025-01-13,20000.0,18356.90234375
105,2025-01-16,20000.0,18413.15234375
105,2025-01-20,20000.0,18447.84765625
105,2025-01-23,20000.0,18483.916015625
105,2025-02-03,20000.0,18502.765625
105,2025-02-06,10000.0,18512.40625
105,2025-02-10,10000.0,18497.94921875
105,2025-03-17,15000.0,18467.453125
105,2025-03-20,15000.0,17762.2109375
105,2025-03-24,15000.0,17682.693359375
105,2025-03-27,10000.0,17573.06640625
105,2025-03-31,10000.0,17488.044921875
105,2025-04-03,10000.0,17370.671875
105,2025-04-10,15000.0,17284.630859375
105,2025-04-14,15000.0,17080.658203125
105,2025-04-21,12000.0,16973.435546875
105,2025-04-24,10000.0,16839.494140625
105,2025-04-28,10000.0,16813.7265625
105,2025-05-05,10000.0,16811.666015625
105,2025-05-08,10000.0,16850.61328125
105,2025-05-12,10000.0,16870.28515625
105,2025-05-19,10000.0,16895.021484375
106,2023-02-27,10000.0,18414.36328125
106,2023-03-03,10000.0,18334.80078125
106,2023-03-06,10000.0,18245.65234375
106,2023-03-09,10000.0,18172.53515625
106,2023-03-13,15000.0,18095.09375
106,2023-03-16,15000.0,17984.783203125
106,2023-03-20,15000.0,17901.037109375
106,2023-03-23,15000.0,17787.921875
106,2023-03-27,15000.0,17704.12890625
106,2023-03-30,15000.0,17590.875
106,2023-04-03,15000.0,17503.03515625
106,2023-04-06,15000.0,17383.078125
106,2025-02-06,10000.0,17294.63671875
106,2025-02-10,10000.0,18628.017578125
106,2025-02-13,15000.0,18597.736328125
106,2025-02-17,15000.0,18566.828125
106,2025-02-20,15000.0,18514.72265625
106,2025-02-24,15000.0,18467.638671875
106,2025-02-27,15000.0,18395.375
106,2025-03-03,15000.0,18334.80078125
106,2025-03-06,15000.0,18245.65234375
106,2025-03-13,15000.0,18172.53515625
106,2025-03-17,15000.0,17984.783203125
106,2025-03-20,15000.0,17873.14453125
106,2025-03-24,15000.0,17787.921875
106,2025-03-27,15000.0,17676.201171875
106,2025-03-31,15000.0,17590.875
106,2025-04-03,15000.0,17473.5234375
106,2025-04-10,15000.0,17383.078125
106,2025-04-14,15000.0,17176.26171875
106,2025-04-21,10000.0,17059.181640625
106,2025-04-24,10000.0,16891.365234375
106,2025-04-28,10000.0,16842.42578125
106,2025-05-05,10000.0,16810.69140625
106,2025-05-08,10000.0,16829.208984375
106,2025-05-12,10000.0,16849.20703125
106,2025-05-19,10000.0,16874.93359375
107,2022-06-13,5000.0,26837.4765625
107,2022-06-16,5000.0,26634.15625
107,2022-06-20,5000.0,26488.91015625
107,2022-06-23,5000.0,26306.6015625
107,2022-06-27,5000.0,26178.87109375
107,2022-06-30,5000.0,26021.658203125
107,2022-07-04,5000.0,25913.87109375
107,2022-07-07,5000.0,25784.0078125
107,2022-07-11,5000.0,25697.064453125
107,2022-07-14,5000.0,25597.31640625
107,2022-07-18,5000.0,25533.97265625
107,2022-07-21,5000.0,25464.828125
107,2022-07-25,5000.0,25424.654296875
107,2022-07-28,5000.0,25386.546875
107,2022-08-01,5000.0,25369.90625
107,2022-08-04,6000.0,25363.73046875
107,2022-08-08,5000.0,25371.142578125
107,2022-08-11,5000.0,25397.00390625
107,2022-08-15,5000.0,25428.3828125
107,2022-08-18,5000.0,25486.0546875
107,2022-08-22,5000.0,25540.9765625
107,2022-08-25,5000.0,25629.453125
107,2022-08-29,6000.0,25708.216796875
107,2022-09-01,5000.0,25828.65234375
107,2022-09-05,5000.0,25929.4921875
107,2022-09-08,5000.0,26078.103515625
107,2022-09-12,5000.0,26199.771484375
107,2022-09-15,5000.0,26374.8828125
107,2022-09-19,5000.0,26514.65625
107,2022-09-22,5000.0,26711.609375
107,2022-09-28,5000.0,26867.11328125
107,2022-10-06,5000.0,27197.521484375
107,2022-10-10,5000.0,27669.19140625
107,2022-10-13,5000.0,27915.328125
107,2022-10-17,5000.0,28105.587890625
107,2022-10-20,5000.0,28362.80859375
107,2022-10-24,5000.0,28558.69921875
107,2022-10-27,5000.0,28825.796875
107,2022-11-07,7000.0,29026.02734375
107,2022-11-14,7000.0,29754.02734375
107,2022-11-17,7000.0,30203.27734375
107,2022-11-21,7000.0,30390.14453125
107,2022-11-24,7000.0,30633.59375
107,2022-11-28,7000.0,30811.6953125
107,2022-12-01,7000.0,31041.3984375
107,2023-01-04,20000.0,31207.171875
107,2023-01-11,20000.0,18522.16015625
107,2023-01-15,20000.0,18642.2578125
107,2023-01-18,20000.0,18695.44921875
107,2023-01-22,20000.0,18727.19921875
107,2023-09-04,15000.0,18758.20703125
107,2023-09-07,15000.0,17188.76953125
107,2023-09-11,15000.0,17150.4453125
107,2023-09-14,15000.0,17096.48046875
107,2023-09-18,15000.0,17061.90625
107,2023-09-21,15000.0,17026.43359375
107,2023-09-25,15000.0,17007.1015625
107,2023-09-28,15000.0,16984.537109375
107,2023-10-02,15000.0,16972.96484375
107,2023-10-05,15000.0,16956.01171875
107,2023-10-09,15000.0,16942.109375
107,2023-10-12,15000.0,16921.953125
107,2023-10-16,15000.0,16905.55859375
107,2023-10-19,15000.0,16882.1328125
107,2023-10-23,14000.0,16863.3359375
107,2023-10-26,15000.0,16836.6796875
107,2023-10-30,20000.0,16821.734375
107,2023-11-06,20000.0,16814.794921875
107,2023-11-09,20000.0,16891.583984375
107,2023-11-13,20000.0,16954.3671875
107,2023-11-16,20000.0,17061.013671875
107,2023-11-23,20000.0,17149.818359375
107,2023-11-27,20000.0,17361.828125
107,2023-11-30,18000.0,17486.90625
107,2023-12-04,20000.0,17578.72265625
107,2023-12-07,20000.0,17697.28125
107,2023-12-11,20000.0,17785.033203125
107,2023-12-14,20000.0,17904.904296875
107,2023-12-18,20000.0,17994.1875
107,2023-12-25,20000.0,18111.35546875
107,2024-01-25,20000.0,18298.515625
107,2024-01-29,20000.0,18773.015625
107,2024-02-01,20000.0,18781.296875
107,2024-02-19,20000.0,18778.982421875
107,2024-02-22,20000.0,18613.076171875
107,2024-02-26,20000.0,18561.8125
107,2024-02-29,20000.0,18483.51953125
107,2024-03-04,20000.0,18417.71484375
107,2024-03-07,20000.0,18322.810546875
107,2024-03-11,20000.0,18245.9140625
107,2024-03-14,20000.0,18136.5234375
107,2024-03-18,20000.0,18049.552734375
107,2024-03-21,20000.0,17929.2578125
107,2024-03-25,20000.0,17839.5703125
107,2024-03-28,20000.0,17722.0078125
107,2024-04-01,20000.0,17634.8671875
107,2024-04-04,20000.0,17515.05859375
107,2024-04-08,20000.0,17423.8046875
107,2024-04-11,20000.0,17302.5078125
107,2024-04-15,20000.0,17213.021484375
107,2024-04-18,20000.0,17093.3671875
107,2024-04-22,25000.0,17010.19140625
107,2024-04-25,25000.0,16914.470703125
107,2024-05-02,25000.0,16859.36328125
107,2024-05-06,25000.0,16809.201171875
107,2024-05-09,20000.0,16823.484375
107,2024-05-13,20000.0,16841.111328125
107,2024-05-16,20000.0,16866.8984375
107,2024-05-20,20000.0,16885.125
107,2024-05-23,20000.0,16907.90234375
107,2024-05-27,20000.0,16923.8125
107,2024-05-30,20000.0,16943.44140625
107,2024-06-03,15000.0,16956.9765625
107,2024-06-06,15000.0,16973.6328125
107,2024-06-10,15000.0,16984.982421875
107,2024-06-17,15000.0,17011.552734375
107,2024-06-20,15000.0,17071.55859375
107,2024-06-24,15000.0,17109.60546875
107,2024-06-27,15000.0,17163.98046875
107,2024-07-01,15000.0,17201.052734375
107,2024-07-12,15000.0,17255.767578125
107,2024-07-15,15000.0,17373.333984375
107,2024-07-25,25000.0,17399.640625
107,2024-07-29,15000.0,17453.869140625
107,2024-08-01,25000.0,17461.103515625
107,2024-08-05,25000.0,17461.0390625
107,2024-08-08,25000.0,17453.75
107,2024-08-12,25000.0,17442.794921875
107,2024-08-15,25000.0,17420.93359375
107,2024-08-19,25000.0,17399.158203125
107,2024-08-22,25000.0,17363.1640625
107,2024-08-26,25000.0,17335.326171875
107,2024-08-29,25000.0,17292.08203125
107,2024-09-05,25000.0,17254.998046875
107,2024-09-09,25000.0,17163.59765625
107,2024-09-12,25000.0,17108.951171875
107,2024-09-16,25000.0,17071.48046875
107,2024-09-19,25000.0,17032.53125
107,2024-09-23,25000.0,17013.740234375
107,2024-09-26,25000.0,16988.1796875
107,2024-09-30,25000.0,16976.9296875
107,2024-10-03,25000.0,16960.416015625
107,2024-10-07,25000.0,16946.86328125
107,2024-10-10,25000.0,16927.16796875
107,2024-10-14,25000.0,16911.1484375
107,2024-10-17,25000.0,16888.16015625
107,2024-10-21,25000.0,16869.716796875
107,2024-10-28,25000.0,16843.5078125
107,2024-10-31,25000.0,16813.30859375
107,2024-11-04,25000.0,16823.66796875
107,2024-11-07,25000.0,16872.892578125
107,2024-11-11,20000.0,16931.9453125
107,2024-11-14,20000.0,17033.453125
107,2024-11-18,20000.0,17119.529296875
107,2024-11-21,20000.0,17241.357421875
107,2024-11-25,20000.0,17331.794921875
107,2024-11-28,20000.0,17456.0234375
107,2024-12-05,20000.0,17548.05078125
107,2024-12-09,20000.0,17755.6015625
107,2024-12-12,20000.0,17875.12890625
107,2024-12-16,20000.0,17964.5546875
107,2025-01-02,20000.0,18082.78125
107,2025-01-06,20000.0,18481.35546875
107,2025-01-09,20000.0,18560.09765625
107,2025-01-13,20000.0,18611.662109375
107,2025-01-16,20000.0,18670.4375
107,2025-01-20,20000.0,18706.8203125
107,2025-01-23,20000.0,18744.263671875
107,2025-02-03,20000.0,18763.953125
107,2025-02-06,10000.0,18773.265625
107,2025-02-10,10000.0,18758.646484375
107,2025-02-13,10000.0,18727.880859375
107,2025-02-17,10000.0,18696.44921875
107,2025-02-20,10000.0,18643.55859375
107,2025-02-24,5000.0,18596.697265625
107,2025-02-27,5000.0,18524.044921875
107,2025-03-03,5000.0,18462.078125
107,2025-03-06,5000.0,18371.16015625
107,2025-03-13,5000.0,18297.78515625
107,2025-03-17,15000.0,18108.037109375
107,2025-03-20,15000.0,17989.41015625
107,2025-03-24,15000.0,17899.26171875
107,2025-03-27,15000.0,17779.89453125
107,2025-03-31,15000.0,17693.015625
107,2025-04-03,15000.0,17575.498046875
107,2025-04-10,15000.0,17484.916015625
107,2025-04-14,15000.0,17272.900390625
107,2025-04-21,12000.0,17152.669921875
107,2025-04-24,10000.0,16958.2578125
107,2025-04-28,10000.0,16894.79296875
107,2025-05-05,10000.0,16832.21484375
107,2025-05-08,10000.0,16814.75
107,2025-05-12,10000.0,16828.390625
107,2025-05-19,10000.0,16854.1953125
108,2021-07-13,25000.0,20505.341796875
108,2021-07-15,25000.0,20526.978515625
108,2021-07-16,20000.0,20536.255859375
108,2021-07-20,30000.0,20540.4921875
108,2021-07-22,30000.0,20554.875
108,2021-07-23,28000.0,20560.5
108,2021-07-27,35000.0,20562.92578125
108,2021-07-29,30000.0,20570.05078125
108,2021-07-30,35000.0,20572.048828125
108,2022-06-03,45000.0,20572.68359375
108,2022-06-07,45000.0,20122.29296875
108,2022-06-10,45000.0,20181.44921875
108,2022-06-14,45000.0,20223.123046875
108,2022-06-17,45000.0,20275.12109375
108,2022-06-21,45000.0,20311.373046875
108,2022-06-24,40000.0,20356.072265625
108,2022-06-27,25000.0,20386.859375
108,2022-06-28,40000.0,17111.193359375
108,2022-07-01,40000.0,20424.25390625
108,2022-07-04,30000.0,20449.517578125
108,2022-07-05,40000.0,17188.904296875
108,2022-07-08,40000.0,20479.533203125
108,2022-07-12,45000.0,20499.2890625
108,2022-07-15,40000.0,20521.97265625
108,2022-07-19,35000.0,20536.255859375
108,2022-07-22,35000.0,20551.6640625
108,2022-07-26,35000.0,20560.5
108,2022-07-29,30000.0,20568.6484375
108,2022-08-02,35000.0,20572.048828125
108,2022-08-05,30000.0,20572.96875
108,2022-08-09,30000.0,20570.94921875
108,2022-08-12,30000.0,20564.625
108,2023-04-17,30000.0,20557.150390625
108,2023-04-20,30000.0,17157.375
108,2023-04-24,35000.0,17068.81640625
108,2023-04-27,35000.0,16961.80078125
108,2023-05-04,40000.0,16897.78125
108,2023-05-08,40000.0,16813.09375
108,2023-05-11,35000.0,16814.33984375
108,2023-05-15,35000.0,16827.517578125
108,2023-05-18,40000.0,16852.4375
108,2023-05-22,40000.0,16871.033203125
108,2023-05-25,35000.0,16894.25390625
108,2025-04-21,30000.0,16910.546875
108,2025-04-24,30000.0,17040.908203125
108,2025-04-28,30000.0,16961.80078125
108,2025-05-05,30000.0,16878.84765625
108,2025-05-08,30000.0,16809.73046875
108,2025-05-12,35000.0,16814.33984375
108,2025-05-19,35000.0,16832.921875
109,2021-08-20,22000.0,20456.841796875
109,2021-08-24,25000.0,20451.88671875
109,2021-08-26,20000.0,20429.33984375
109,2021-08-27,20000.0,20416.44140625
109,2021-08-31,20000.0,20409.58984375
109,2021-09-07,20000.0,20379.494140625
109,2021-09-09,20000.0,20316.400390625
109,2021-09-10,15000.0,20295.94921875
109,2021-09-14,15000.0,20285.3203125
109,2021-09-16,15000.0,20240.1015625
109,2021-09-17,20000.0,20215.859375
109,2021-09-21,20000.0,20203.3203125
109,2021-09-23,20000.0,20150.607421875
109,2021-09-24,15000.0,20122.6171875
109,2021-09-28,15000.0,20108.1796875
109,2021-09-30,15000.0,20047.88671875
109,2021-10-01,15000.0,20016.1796875
109,2021-10-05,20000.0,19999.9375
109,2021-10-07,20000.0,19932.5703125
109,2021-10-08,20000.0,19897.453125
109,2021-10-12,20000.0,19879.55859375
109,2021-10-14,20000.0,19805.6796875
109,2021-10-15,15000.0,19767.443359375
109,2021-10-19,20000.0,19747.9609375
109,2021-10-21,20000.0,19668.052734375
109,2021-10-22,15000.0,19626.857421875
109,2021-10-26,15000.0,19605.990234375
109,2021-10-28,20000.0,19520.69921875
109,2021-10-29,15000.0,19477.05859375
109,2021-11-02,15000.0,19454.966796875
109,2021-11-04,20000.0,19364.58984375
109,2021-11-05,15000.0,19318.58984375
109,2021-11-09,15000.0,19295.376953125
109,2021-11-11,20000.0,19201.591796875
109,2021-11-12,20000.0,19154.22265625
109,2021-11-16,20000.0,19130.4609375
109,2021-11-18,20000.0,19034.875
109,2021-11-19,15000.0,18987.345703125
109,2021-11-23,15000.0,18963.65234375
109,2021-11-25,20000.0,18869.255859375
109,2021-11-26,20000.0,18822.2734375
109,2021-11-30,20000.0,18798.9140625
109,2021-12-02,20000.0,18706.1875
109,2021-12-03,20000.0,18660.431640625
109,2021-12-07,20000.0,18637.775390625
109,2021-12-09,20000.0,18548.546875
109,2021-12-10,20000.0,18504.97265625
109,2021-12-14,20000.0,18483.4921875
109,2021-12-16,25000.0,18399.73828125
109,2021-12-17,20000.0,18359.3046875
109,2021-12-21,20000.0,18339.470703125
109,2021-12-23,25000.0,18263.056640625
109,2021-12-24,20000.0,18226.80859375
109,2021-12-28,20000.0,18209.13671875
109,2021-12-30,20000.0,18142.15234375
109,2021-12-31,20000.0,18110.921875
109,2022-04-26,25000.0,18095.912109375
109,2022-04-29,25000.0,19287.31640625
109,2022-05-06,25000.0,19356.29296875
109,2022-08-16,25000.0,19511.94140625
109,2022-08-19,25000.0,20470.109375
109,2022-10-17,25000.0,20456.841796875
109,2022-11-11,30000.0,16834.009765625
109,2022-11-22,30000.0,19154.22265625
109,2022-11-25,30000.0,18892.8125
109,2022-11-29,30000.0,18822.2734375
109,2022-12-06,30000.0,18729.216796875
109,2022-12-09,30000.0,18570.599609375
109,2022-12-13,30000.0,18504.97265625
109,2022-12-20,30000.0,18420.33203125
109,2023-01-03,25000.0,18281.697265625
109,2023-01-04,25000.0,18053.296875
109,2023-01-05,25000.0,18779.13671875
109,2023-01-10,22000.0,18027.076171875
109,2023-01-11,25000.0,17969.3359375
109,2023-01-12,26000.0,18900.578125
109,2023-01-15,25000.0,17949.56640625
109,2023-01-17,22000.0,18954.0234375
109,2023-01-18,25000.0,17908.861328125
109,2023-01-20,25000.0,18986.01171875
109,2023-01-22,25000.0,17890.5078125
109,2023-01-24,25000.0,19017.3359375
109,2023-01-27,25000.0,17873.41015625
109,2023-04-10,25000.0,17866.119140625
109,2023-04-13,25000.0,17468.94921875
109,2023-04-17,25000.0,17373.97265625
109,2023-04-20,25000.0,17252.4296875
109,2023-04-24,25000.0,17160.92578125
109,2023-04-27,25000.0,17044.064453125
109,2023-05-04,25000.0,16964.84375
109,2023-05-08,25000.0,16836.603515625
109,2023-05-11,30000.0,16810.7421875
109,2023-05-15,30000.0,16813.87109375
109,2023-05-18,30000.0,16831.419921875
109,2023-05-22,30000.0,16850.46484375
109,2023-05-25,25000.0,16874.58203125
109,2023-05-29,25000.0,16891.48828125
109,2023-06-01,25000.0,16912.5234375
109,2023-06-05,25000.0,16927.095703125
109,2023-06-08,25000.0,16944.95703125
109,2023-06-12,25000.0,16957.298828125
109,2023-06-15,25000.0,16972.291015625
109,2023-06-19,25000.0,16982.45703125
109,2023-06-22,25000.0,17002.158203125
109,2023-06-26,25000.0,17018.513671875
109,2023-06-29,20000.0,17043.66015625
109,2023-07-03,20000.0,17066.15625
109,2023-07-06,20000.0,17102.04296875
109,2023-07-10,22000.0,17130.93359375
109,2023-07-13,22000.0,17165.03515625
109,2023-07-17,25000.0,17186.8203125
109,2023-07-20,25000.0,17212.0859375
109,2023-07-24,25000.0,17229.62890625
109,2023-07-27,25000.0,17246.6953125
109,2023-07-31,25000.0,17254.794921875
109,2023-08-03,25000.0,17259.2421875
109,2023-08-07,20000.0,17257.857421875
109,2023-08-10,25000.0,17249.666015625
109,2023-08-17,25000.0,17238.80078125
109,2023-08-21,25000.0,17199.375
109,2023-08-24,25000.0,17172.47265625
109,2023-08-28,25000.0,17148.4296875
109,2023-08-31,25000.0,17111.23046875
109,2023-09-04,25000.0,17084.251953125
109,2023-09-07,25000.0,17052.12890625
109,2023-09-11,25000.0,17030.46875
109,2023-09-14,25000.0,17009.541015625
109,2023-09-18,25000.0,16992.1640625
109,2023-09-21,25000.0,16978.615234375
109,2023-09-22,25000.0,16967.896484375
109,2023-09-25,25000.0,20136.73828125
109,2023-09-26,30000.0,16952.263671875
109,2023-09-28,25000.0,20078.57421875
109,2023-09-29,25000.0,16939.36328125
109,2023-10-02,25000.0,20032.158203125
109,2023-10-03,25000.0,16920.560546875
109,2023-10-05,25000.0,19966.73828125
109,2023-10-06,25000.0,16905.2109375
109,2023-10-09,25000.0,19915.10546875
109,2023-10-10,25000.0,16883.166015625
109,2023-10-12,25000.0,19843.05078125
109,2023-10-13,25000.0,16865.37109375
109,2023-10-16,25000.0,19786.65234375
109,2023-10-19,25000.0,16840.001953125
109,2023-10-23,25000.0,16824.626953125
109,2023-10-26,15000.0,16814.146484375
109,2023-10-30,25000.0,16826.916015625
109,2023-11-06,25000.0,16878.66015625
109,2023-11-09,25000.0,17040.90234375
109,2023-11-13,25000.0,17127.97265625
109,2023-11-16,25000.0,17251.08203125
109,2023-11-23,25000.0,17343.0234375
109,2023-11-27,25000.0,17566.5703125
109,2023-11-30,26000.0,17691.32421875
109,2023-12-04,25000.0,17784.140625
109,2023-12-07,25000.0,17912.90625
109,2023-12-11,25000.0,18010.59375
109,2023-12-14,25000.0,18139.873046875
109,2023-12-18,25000.0,18232.92578125
109,2023-12-25,25000.0,18351.58203125
109,2024-01-25,25000.0,18547.32421875
109,2024-01-29,25000.0,19032.251953125
109,2024-02-01,25000.0,19040.625
109,2024-02-19,25000.0,19038.19140625
109,2024-02-22,25000.0,18870.578125
109,2024-02-26,25000.0,18818.6484375
109,2024-02-29,25000.0,18739.443359375
109,2024-03-04,25000.0,18672.6171875
109,2024-03-07,25000.0,18575.5
109,2024-03-11,22000.0,18496.47265625
109,2024-03-14,25000.0,18383.73828125
109,2024-03-18,25000.0,18295.421875
109,2024-03-21,25000.0,18171.55859375
109,2024-03-25,25000.0,18075.259765625
109,2024-03-28,25000.0,17943.05078125
109,2024-04-01,25000.0,17845.3984375
109,2024-04-04,25000.0,17718.265625
109,2024-04-08,25000.0,17625.53125
109,2024-04-11,25000.0,17500.365234375
109,2024-04-12,30000.0,17405.84765625
109,2024-04-15,25000.0,18980.6171875
109,2024-04-18,25000.0,17282.6640625
109,2024-04-22,25000.0,17191.544921875
109,2024-04-25,25000.0,17072.16796875
109,2024-05-02,25000.0,16990.5703125
109,2024-05-06,25000.0,16849.962890625
109,2024-05-09,25000.0,16814.314453125
109,2024-05-13,25000.0,16811.232421875
109,2024-05-16,25000.0,16826.53125
109,2024-05-20,25000.0,16844.146484375
109,2024-05-23,25000.0,16868.716796875
109,2024-05-27,25000.0,16885.953125
109,2024-05-30,25000.0,16907.43359375
109,2024-06-03,25000.0,16922.3515625
109,2024-06-06,25000.0,16940.65625
109,2024-06-10,25000.0,16953.287109375
109,2024-06-17,25000.0,16968.69921875
109,2024-06-20,25000.0,16996.37109375
109,2024-06-24,25000.0,17013.21875
109,2024-06-27,25000.0,17035.685546875
109,2024-07-01,25000.0,17058.888671875
109,2024-07-12,25000.0,17093.3046875
109,2024-07-15,25000.0,17186.8203125
109,2024-07-25,25000.0,17205.32421875
109,2024-08-01,25000.0,17252.53515625
109,2024-08-05,25000.0,17258.767578125
109,2024-08-08,25000.0,17252.39453125
109,2024-08-12,25000.0,17242.865234375
109,2024-08-15,25000.0,17223.849609375
109,2024-08-19,25000.0,17205.203125
109,2024-08-22,25000.0,17179.734375
109,2024-08-26,25000.0,17156.794921875
109,2024-08-29,25000.0,17121.083984375
109,2024-09-05,25000.0,17093.31640625
109,2024-09-09,25000.0,17036.39453125
109,2024-09-12,25000.0,17015.02734375
109,2024-09-16,25000.0,16998.10546875
109,2024-09-19,25000.0,16981.99609375
109,2024-09-20,30000.0,16971.560546875
109,2024-09-23,25000.0,20150.607421875
109,2024-09-24,30000.0,16956.33203125
109,2024-09-26,25000.0,20093.509765625
109,2024-09-27,30000.0,16943.77734375
109,2024-09-30,25000.0,20047.88671875
109,2024-10-01,30000.0,16925.44140625
109,2024-10-03,25000.0,19983.439453125
109,2024-10-04,30000.0,16910.435546875
109,2024-10-07,25000.0,19932.5703125
109,2024-10-08,30000.0,16888.853515625
109,2024-10-10,25000.0,19861.4375
109,2024-10-11,30000.0,16871.427734375
109,2024-10-14,25000.0,19805.6796875
109,2024-10-15,30000.0,16846.515625
109,2024-10-17,23000.0,19728.29296875
109,2024-10-18,30000.0,16829.220703125
109,2024-10-21,23000.0,19668.052734375
109,2024-10-22,30000.0,16814.875
109,2024-10-28,24000.0,19584.94921875
109,2024-10-29,30000.0,16862.671875
109,2024-10-31,27000.0,19432.70703125
109,2024-11-04,24000.0,16917.27734375
109,2024-11-05,30000.0,17013.625
109,2024-11-07,25000.0,19272.076171875
109,2024-11-08,30000.0,17097.92578125
109,2024-11-11,25000.0,19201.591796875
109,2024-11-12,30000.0,17220.23828125
109,2024-11-14,25000.0,19106.61328125
109,2024-11-15,30000.0,17312.484375
109,2024-11-18,25000.0,19034.875
109,2024-11-21,25000.0,17438.908203125
109,2024-11-22,30000.0,17534.5703125
109,2024-11-25,25000.0,18869.255859375
109,2024-11-26,30000.0,17660.689453125
109,2024-11-28,25000.0,18775.587890625
109,2024-12-05,25000.0,17752.96484375
109,2024-12-06,30000.0,17978.0
109,2024-12-09,25000.0,18548.546875
109,2024-12-10,30000.0,18108.1484375
109,2024-12-12,25000.0,18462.171875
109,2024-12-13,30000.0,18202.0
109,2024-12-16,25000.0,18399.73828125
109,2024-12-17,25000.0,18322.685546875
109,2025-01-02,25000.0,18319.908203125
109,2025-01-03,28000.0,18737.86328125
109,2025-01-06,26000.0,18053.296875
109,2025-01-07,28000.0,18817.53515625
109,2025-01-09,25000.0,18002.58203125
109,2025-01-10,28000.0,18869.58984375
109,2025-01-13,25000.0,17969.3359375
109,2025-01-14,28000.0,18928.73828125
109,2025-01-16,25000.0,17931.765625
109,2025-01-17,28000.0,18965.55859375
109,2025-01-20,25000.0,17908.861328125
109,2025-01-21,28000.0,19003.3359375
109,2025-01-23,25000.0,17885.46875
109,2025-01-24,28000.0,19023.125
109,2025-02-03,25000.0,17873.41015625
109,2025-02-06,25000.0,19032.4296875
109,2025-02-10,25000.0,19017.640625
109,2025-02-13,25000.0,18986.44921875
109,2025-02-17,25000.0,18954.63671875
109,2025-02-20,25000.0,18901.353515625
109,2025-02-24,25000.0,18853.9765625
109,2025-02-27,25000.0,18780.486328125
109,2025-03-03,25000.0,18717.84375
109,2025-03-06,25000.0,18625.091796875
109,2025-03-13,25000.0,18549.763671875
109,2025-03-17,25000.0,18354.5703125
109,2025-03-20,25000.0,18234.25390625
109,2025-03-24,25000.0,18139.9140625
109,2025-03-27,25000.0,18008.92578125
109,2025-03-31,25000.0,17910.34765625
109,2025-04-03,25000.0,17780.64453125
109,2025-04-04,30000.0,17687.2265625
109,2025-04-08,30000.0,18769.82421875
109,2025-04-10,25000.0,18863.025390625
109,2025-04-11,30000.0,17468.94921875
109,2025-04-14,25000.0,18933.51171875
109,2025-04-15,30000.0,17342.798828125
109,2025-04-18,30000.0,19027.904296875
109,2025-04-21,25000.0,19099.3046875
109,2025-04-22,30000.0,17130.98046875
109,2025-04-24,25000.0,19193.921875
109,2025-04-28,25000.0,17044.064453125
109,2025-05-05,25000.0,16941.05859375
109,2025-05-08,25000.0,16826.3515625
109,2025-05-12,25000.0,16810.7421875
109,2025-05-19,25000.0,16817.55078125
110,2021-05-06,10000.0,16884.455078125
110,2021-05-10,10000.0,16852.4921875
110,2021-05-11,10000.0,16815.587890625
110,2021-05-13,10000.0,16811.802734375
110,2021-05-17,10000.0,16811.1015625
110,2021-05-18,10000.0,16825.396484375
110,2021-05-20,10000.0,16830.01171875
110,2021-05-24,10000.0,16842.021484375
110,2021-05-25,10000.0,16866.11328125
110,2021-05-27,10000.0,16871.8515625
110,2021-06-07,12000.0,16882.98046875
110,2021-06-08,12000.0,16936.318359375
110,2021-06-14,12000.0,16940.53515625
110,2021-06-15,12000.0,16963.552734375
110,2021-06-17,12000.0,16967.02734375
110,2021-06-21,12000.0,16973.68359375
110,2021-06-22,12000.0,16985.82421875
110,2021-06-28,12000.0,16989.548828125
110,2021-06-29,12000.0,17019.365234375
110,2021-07-01,12000.0,17023.7734375
110,2021-07-05,15000.0,17032.8828125
110,2021-07-06,15000.0,17058.439453125
110,2021-07-08,15000.0,17064.26171875
110,2021-07-12,12000.0,17077.3203125
110,2021-07-13,12000.0,17103.580078125
110,2021-07-15,12000.0,17110.18359375
110,2021-07-19,12000.0,17123.052734375
110,2021-07-20,12000.0,17144.359375
110,2021-07-22,12000.0,17148.783203125
110,2021-07-26,12000.0,17156.494140625
110,2021-07-26,20000.0,17167.478515625
110,2021-07-27,12000.0,25714.873046875
110,2021-07-29,12000.0,17169.3359375
110,2021-08-02,12000.0,17171.89453125
110,2021-08-03,12000.0,17172.603515625
110,2021-08-05,12000.0,17171.87890625
110,2021-08-09,12000.0,17169.291015625
110,2021-08-10,12000.0,17159.6796875
110,2021-08-12,12000.0,17156.35546875
110,2021-08-16,18000.0,17148.615234375
110,2021-08-16,12000.0,25838.818359375
110,2021-08-17,12000.0,17128.6796875
110,2021-08-19,12000.0,17122.765625
110,2021-08-23,12000.0,17109.87109375
110,2021-08-23,16000.0,17084.31640625
110,2021-08-24,12000.0,25988.013671875
110,2021-08-26,15000.0,17077.28515625
110,2021-08-30,15000.0,17064.84765625
110,2021-08-30,17000.0,17040.203125
110,2021-08-31,15000.0,26188.65234375
110,2021-09-06,15000.0,17033.68359375
110,2021-09-06,18000.0,17006.71875
110,2021-09-07,15000.0,26437.455078125
110,2021-09-09,15000.0,17001.673828125
110,2021-09-13,18000.0,16991.162109375
110,2021-09-13,15000.0,26729.4765625
110,2021-09-14,15000.0,16979.482421875
110,2021-09-16,15000.0,16976.31640625
110,2021-09-20,10000.0,16969.681640625
110,2021-09-20,15000.0,27061.259765625
110,2021-09-21,15000.0,16955.306640625
110,2021-09-23,15000.0,16951.4609375
110,2021-09-27,15000.0,16943.4375
110,2021-09-27,10000.0,16926.0625
110,2021-09-28,15000.0,27427.611328125
110,2021-09-30,15000.0,16921.41796875
110,2021-10-04,15000.0,16911.783203125
110,2021-10-04,9000.0,16891.197265625
110,2021-10-05,15000.0,27821.23046875
110,2021-10-07,15000.0,16885.75
110,2021-10-11,10000.0,16874.509765625
110,2021-10-11,15000.0,28237.904296875
110,2021-10-12,15000.0,16850.5859375
110,2021-10-14,15000.0,16844.30078125
110,2021-10-18,15000.0,16832.71484375
110,2021-10-18,8000.0,16816.876953125
110,2021-10-19,15000.0,28673.08203125
110,2021-10-21,15000.0,16814.8359375
110,2021-10-25,15000.0,16818.005859375
110,2021-10-25,8000.0,16850.98828125
110,2021-10-26,15000.0,29122.21484375
110,2021-10-28,15000.0,16865.162109375
110,2021-11-01,15000.0,16900.35546875
110,2021-11-01,8000.0,16989.615234375
110,2021-11-02,15000.0,29574.091796875
110,2021-11-04,18000.0,17016.47265625
110,2021-11-08,18000.0,17071.517578125
110,2021-11-08,8000.0,17192.0625
110,2021-11-09,18000.0,30018.994140625
110,2021-11-11,18000.0,17223.05859375
110,2021-11-15,18000.0,17284.8046875
110,2021-11-15,8000.0,17410.55859375
110,2021-11-16,20000.0,30450.990234375
110,2021-11-18,20000.0,17442.919921875
110,2021-11-22,20000.0,17507.306640625
110,2021-11-22,8000.0,17636.24609375
110,2021-11-23,20000.0,30865.91796875
110,2021-11-25,20000.0,17667.6015625
110,2021-11-29,20000.0,17730.3203125
110,2021-11-29,8000.0,17860.0234375
110,2021-11-30,20000.0,31256.33984375
110,2021-12-02,20000.0,17893.171875
110,2021-12-06,20000.0,17960.0078125
110,2021-12-06,8000.0,18095.21875
110,2021-12-07,20000.0,31618.87109375
110,2021-12-09,20000.0,18128.4609375
110,2021-12-13,20000.0,18193.671875
110,2021-12-13,9000.0,18321.853515625
110,2021-12-14,20000.0,31947.578125
110,2021-12-16,20000.0,18353.2421875
110,2021-12-20,20000.0,18415.296875
110,2021-12-20,9000.0,18535.32421875
110,2021-12-21,15000.0,32236.7109375
110,2021-12-23,15000.0,18564.099609375
110,2021-12-27,10000.0,18619.80078125
110,2021-12-27,18000.0,32484.390625
110,2021-12-28,18000.0,18725.609375
110,2021-12-30,18000.0,18750.5546875
110,2022-01-06,14000.0,18798.529296875
110,2022-01-13,12000.0,32760.205078125
110,2022-01-20,12000.0,32897.40234375
110,2022-01-27,13000.0,32986.18359375
110,2022-02-10,13000.0,33026.26953125
110,2022-02-17,5000.0,32960.25390625
110,2022-02-24,10000.0,32854.26953125
110,2022-03-10,11000.0,32700.810546875
110,2022-03-17,5000.0,32257.515625
110,2022-03-24,6000.0,31972.4453125
110,2022-03-31,6000.0,31648.88671875
110,2022-04-07,5000.0,31292.146484375
110,2022-04-14,5000.0,30907.046875
110,2022-04-21,15000.0,30497.73046875
110,2022-04-21,5000.0,17224.796875
110,2022-04-25,15000.0,30070.0625
110,2022-04-28,5000.0,17103.87890625
110,2022-04-28,15000.0,29629.880859375
110,2022-05-05,15000.0,17019.94921875
110,2022-05-09,15000.0,16866.951171875
110,2022-05-09,5000.0,16820.4375
110,2022-05-12,15000.0,28938.5078125
110,2022-05-12,5000.0,16809.8046875
110,2022-05-16,15000.0,28750.326171875
110,2022-05-16,5000.0,16820.9140625
110,2022-05-19,15000.0,28500.505859375
110,2022-05-19,5000.0,16835.748046875
110,2022-05-23,15000.0,28315.82421875
110,2022-05-23,5000.0,16860.265625
110,2022-05-26,5000.0,28075.4765625
110,2022-05-26,15000.0,27898.357421875
110,2022-05-30,15000.0,16877.46875
110,2022-05-30,6000.0,16898.87109375
110,2022-06-02,15000.0,27668.658203125
110,2022-06-02,6000.0,16913.76171875
110,2022-06-06,15000.0,27501.37890625
110,2022-06-06,6000.0,16932.021484375
110,2022-06-09,15000.0,27286.52734375
110,2022-06-09,5000.0,16944.640625
110,2022-06-13,15000.0,27131.39453125
110,2022-06-13,5000.0,16959.98046875
110,2022-06-16,15000.0,26934.02734375
110,2022-06-16,5000.0,16970.40625
110,2022-06-20,6000.0,26793.6875
110,2022-06-20,15000.0,26617.765625
110,2022-06-23,6000.0,16982.9296875
110,2022-06-27,15000.0,26493.927734375
110,2022-06-27,6000.0,17014.796875
110,2022-06-30,6000.0,26341.220703125
110,2022-07-04,15000.0,26236.20703125
110,2022-07-04,6000.0,17052.396484375
110,2022-07-07,6000.0,26109.90234375
110,2022-07-11,15000.0,26025.76171875
110,2022-07-11,6000.0,17097.48046875
110,2022-07-14,15000.0,25928.05859375
110,2022-07-14,6000.0,17116.80859375
110,2022-07-18,15000.0,25865.859375
110,2022-07-18,5000.0,17139.578125
110,2022-07-21,5000.0,25798.05078125
110,2022-07-21,15000.0,25758.4453125
110,2022-07-25,15000.0,17152.80859375
110,2022-07-25,5000.0,17165.30078125
110,2022-07-28,15000.0,25721.30078125
110,2022-07-28,5000.0,17170.796875
110,2022-08-01,15000.0,25705.20703125
110,2022-08-01,5000.0,17172.96875
110,2022-08-04,15000.0,25699.67578125
110,2022-08-04,5000.0,17170.74609375
110,2022-08-08,15000.0,25707.388671875
110,2022-08-08,6000.0,17162.640625
110,2022-08-11,15000.0,25733.341796875
110,2022-08-11,7000.0,17152.673828125
110,2022-08-15,15000.0,25764.69921875
110,2022-08-15,6000.0,17134.21484375
110,2022-08-18,15000.0,25821.89453125
110,2022-08-18,5000.0,17116.486328125
110,2022-08-22,5000.0,25876.16015625
110,2022-08-22,15000.0,25963.578125
110,2022-08-25,15000.0,17091.05078125
110,2022-08-25,5000.0,17070.416015625
110,2022-08-29,15000.0,26040.18359375
110,2022-08-29,6000.0,17046.71484375
110,2022-09-01,15000.0,26156.94140625
110,2022-09-01,5000.0,17029.58984375
110,2022-09-05,15000.0,26254.9921875
110,2022-09-05,5000.0,17011.603515625
110,2022-09-08,15000.0,26399.197265625
110,2022-09-08,5000.0,16996.478515625
110,2022-09-12,15000.0,26516.85546875
110,2022-09-12,5000.0,16982.55078125
110,2022-09-15,5000.0,26685.2109375
110,2022-09-15,15000.0,26820.341796875
110,2022-09-19,15000.0,16973.046875
110,2022-09-19,5000.0,16959.03515625
110,2022-09-22,15000.0,27011.58984375
110,2022-09-22,5000.0,16947.5078125
110,2022-09-26,15000.0,27162.75390625
110,2022-09-28,5000.0,16930.578125
110,2022-10-06,15000.0,27482.203125
110,2022-10-06,5000.0,16880.189453125
110,2022-10-10,15000.0,27938.25390625
110,2022-10-10,5000.0,16856.734375
110,2022-10-13,15000.0,28176.921875
110,2022-10-13,5000.0,16837.90234375
110,2022-10-17,15000.0,28361.052734375
110,2022-10-17,5000.0,16819.87109375
110,2022-10-20,5000.0,28610.43359375
110,2022-10-20,15000.0,28799.81640625
110,2022-10-24,5000.0,16814.8671875
110,2022-10-27,5000.0,29057.44140625
110,2022-10-31,15000.0,29251.927734375
110,2022-11-07,9000.0,16964.083984375
110,2022-11-14,9000.0,29955.9140625
110,2022-11-17,15000.0,30390.33984375
110,2022-11-17,9000.0,17475.20703125
110,2022-11-21,8000.0,30571.40234375
110,2022-11-24,15000.0,30807.771484375
110,2022-11-24,8000.0,17698.732421875
110,2022-11-28,9000.0,30980.20703125
110,2022-12-01,15000.0,31202.142578125
110,2022-12-01,9000.0,17926.361328125
110,2022-12-05,9000.0,31362.92578125
110,2022-12-08,15000.0,31568.921875
110,2022-12-08,10000.0,18161.23828125
110,2022-12-12,10000.0,31716.52734375
110,2022-12-15,10000.0,31903.2109375
110,2022-12-19,18000.0,32034.103515625
110,2022-12-19,10000.0,18506.0
110,2022-12-22,10000.0,32197.7734375
110,2023-01-04,15000.0,32311.896484375
110,2023-01-05,18000.0,18906.45703125
110,2023-01-05,7000.0,18926.07421875
110,2023-01-09,18000.0,32736.74609375
110,2023-01-11,15000.0,18998.0546875
110,2023-01-12,18000.0,19029.466796875
110,2023-01-12,7000.0,19044.0859375
110,2023-01-15,15000.0,32880.78515625
110,2023-01-16,18000.0,19082.953125
110,2023-01-18,15000.0,19094.3671875
110,2023-01-19,18000.0,19114.6328125
110,2023-01-22,15000.0,19123.52734375
110,2023-01-23,18000.0,19145.5703125
110,2023-01-26,18000.0,19151.2890625
110,2023-01-30,18000.0,19163.61328125
110,2023-02-02,15000.0,19168.55859375
110,2023-02-02,7000.0,19163.63671875
110,2023-02-06,15000.0,33021.859375
110,2023-02-09,15000.0,19145.78515625
110,2023-02-13,15000.0,19123.84765625
110,2023-02-16,15000.0,19083.41015625
110,2023-02-16,8000.0,19044.56640625
110,2023-02-20,15000.0,32872.38671875
110,2023-02-23,6000.0,18981.966796875
110,2023-02-23,15000.0,32725.56640625
110,2023-02-27,15000.0,18927.0859375
110,2023-03-02,6000.0,18845.076171875
110,2023-03-03,15000.0,32532.94921875
110,2023-03-06,15000.0,18752.32421875
110,2023-03-09,15000.0,18675.837890625
110,2023-03-09,6000.0,18594.654296875
110,2023-03-13,15000.0,32295.02734375
110,2023-03-16,15000.0,18479.1953125
110,2023-03-16,6000.0,18387.681640625
110,2023-03-20,15000.0,32015.447265625
110,2023-03-23,15000.0,18261.48828125
110,2023-03-23,6000.0,18163.0546875
110,2023-03-27,15000.0,31697.328125
110,2023-03-29,6000.0,18027.78125
110,2023-03-30,6000.0,31397.125
110,2023-03-30,15000.0,31344.92578125
110,2023-04-03,15000.0,17925.37109375
110,2023-04-06,15000.0,17792.115234375
110,2023-04-06,6000.0,17695.984375
110,2023-04-10,15000.0,30963.73046875
110,2023-04-13,15000.0,17569.0625
110,2023-04-17,20000.0,17473.177734375
110,2023-04-20,20000.0,17345.921875
110,2023-04-24,15000.0,17255.171875
110,2023-04-27,15000.0,17133.642578125
110,2023-04-27,6000.0,17046.6953125
110,2023-05-04,15000.0,29692.0
110,2023-05-04,6000.0,16884.455078125
110,2023-05-08,15000.0,29253.33203125
110,2023-05-11,5000.0,16828.38671875
110,2023-05-11,15000.0,28813.04296875
110,2023-05-15,15000.0,16811.802734375
110,2023-05-18,5000.0,16816.9140625
110,2023-05-18,16000.0,28376.70703125
110,2023-05-22,16000.0,16830.01171875
110,2023-05-25,16000.0,16854.30078125
110,2023-05-25,5000.0,16871.8515625
110,2023-05-29,15000.0,27956.90234375
110,2023-06-01,15000.0,16893.6796875
110,2023-06-01,5000.0,16908.90625
110,2023-06-05,15000.0,27556.638671875
110,2023-06-08,15000.0,16927.62890625
110,2023-06-08,5000.0,16940.53515625
110,2023-06-12,15000.0,27182.39453125
110,2023-06-15,12000.0,16956.302734375
110,2023-06-15,5000.0,16967.02734375
110,2023-06-19,12000.0,26839.6953125
110,2023-06-22,5000.0,16979.9453125
110,2023-06-22,12000.0,26534.3359375
110,2023-06-26,12000.0,16989.548828125
110,2023-06-29,12000.0,17010.08203125
110,2023-06-29,5000.0,17023.7734375
110,2023-07-03,12000.0,26270.21484375
110,2023-07-06,12000.0,17046.1328125
110,2023-07-06,5000.0,17064.26171875
110,2023-07-10,12000.0,26052.796875
110,2023-07-13,12000.0,17091.041015625
110,2023-07-13,5000.0,17110.18359375
110,2023-07-17,12000.0,25885.56640625
110,2023-07-20,12000.0,17134.43359375
110,2023-07-20,5000.0,17148.783203125
110,2023-07-24,12000.0,25770.51953125
110,2023-07-27,5000.0,17162.71875
110,2023-07-27,18000.0,25709.439453125
110,2023-07-31,18000.0,17169.3359375
110,2023-08-03,18000.0,17173.0
110,2023-08-07,20000.0,17171.87890625
110,2023-08-10,15000.0,17165.2265625
110,2023-08-17,15000.0,17156.35546875
110,2023-08-21,15000.0,17122.765625
110,2023-08-24,15000.0,17097.4921875
110,2023-08-28,15000.0,17077.28515625
110,2023-08-31,15000.0,17052.984375
110,2023-09-04,15000.0,17033.68359375
110,2023-09-07,15000.0,17016.349609375
110,2023-09-07,5000.0,17001.673828125
110,2023-09-11,15000.0,26476.689453125
110,2023-09-14,6000.0,16985.51953125
110,2023-09-14,15000.0,26774.455078125
110,2023-09-18,15000.0,16976.31640625
110,2023-09-21,15000.0,16962.677734375
110,2023-09-21,6000.0,16951.4609375
110,2023-09-25,15000.0,27111.6640625
110,2023-09-28,15000.0,16934.9765625
110,2023-09-28,5000.0,16921.41796875
110,2023-10-02,15000.0,27482.203125
110,2023-10-05,15000.0,16901.71484375
110,2023-10-05,5000.0,16885.75
110,2023-10-09,15000.0,27879.484375
110,2023-10-12,15000.0,16862.779296875
110,2023-10-16,15000.0,16844.30078125
110,2023-10-19,15000.0,16823.69140625
110,2023-10-23,15000.0,16814.8359375
110,2023-10-26,15000.0,16828.7890625
110,2023-10-30,15000.0,16865.162109375
110,2023-11-06,15000.0,16940.69921875
110,2023-11-09,15000.0,17130.736328125
110,2023-11-13,15000.0,17223.05859375
110,2023-11-16,15000.0,17346.28125
110,2023-11-23,15000.0,17442.919921875
110,2023-11-27,15000.0,17667.6015625
110,2023-11-30,17000.0,17794.111328125
110,2023-12-04,15000.0,17893.171875
110,2023-12-07,15000.0,18027.705078125
110,2023-12-11,15000.0,18128.4609375
110,2023-12-14,15000.0,18258.388671875
110,2023-12-18,15000.0,18353.2421875
110,2023-12-25,15000.0,18476.15625
110,2024-01-25,15000.0,18673.72265625
110,2024-01-29,15000.0,19160.32421875
110,2024-02-01,15000.0,19168.599609375
110,2024-02-19,15000.0,19166.16015625
110,2024-02-22,15000.0,18998.81640625
110,2024-02-26,15000.0,18946.08203125
110,2024-02-29,15000.0,18866.6015625
110,2024-03-04,15000.0,18800.041015625
110,2024-03-07,15000.0,18701.9375
110,2024-03-11,15000.0,18622.09765625
110,2024-03-14,15000.0,18508.91796875
110,2024-03-18,15000.0,18418.466796875
110,2024-03-21,15000.0,18293.654296875
110,2024-03-25,15000.0,18195.853515625
110,2024-03-28,15000.0,18062.142578125
110,2024-04-01,15000.0,17959.3359375
110,2024-04-04,15000.0,17825.341796875
110,2024-04-08,20000.0,17727.765625
110,2024-04-11,20000.0,17601.119140625
110,2024-04-15,20000.0,17505.1640625
110,2024-04-18,20000.0,17377.51171875
110,2024-04-22,20000.0,17285.48828125
110,2024-04-25,20000.0,17163.60546875
110,2024-05-02,20000.0,17074.888671875
110,2024-05-06,20000.0,16903.251953125
110,2024-05-09,20000.0,16839.1015625
110,2024-05-13,20000.0,16815.587890625
110,2024-05-16,20000.0,16813.42578125
110,2024-05-20,20000.0,16825.396484375
110,2024-05-23,16000.0,16848.21875
110,2024-05-27,15000.0,16866.11328125
110,2024-05-30,15000.0,16888.373046875
110,2024-06-03,12000.0,16903.94921875
110,2024-06-06,12000.0,16923.12109375
110,2024-06-10,12000.0,16936.318359375
110,2024-06-17,15000.0,16952.51953125
110,2024-06-20,15000.0,16976.86328125
110,2024-06-24,15000.0,16985.82421875
110,2024-06-27,15000.0,17005.16796875
110,2024-07-01,15000.0,17019.365234375
110,2024-07-12,15000.0,17039.62890625
110,2024-07-15,15000.0,17110.18359375
110,2024-07-25,20000.0,17128.923828125
110,2024-07-29,15000.0,17167.478515625
110,2024-08-01,20000.0,17172.65234375
110,2024-08-05,15000.0,17172.603515625
110,2024-08-08,15000.0,17167.423828125
110,2024-08-12,20000.0,17159.6796875
110,2024-08-15,20000.0,17144.17578125
110,2024-08-19,20000.0,17128.6796875
110,2024-08-22,20000.0,17103.595703125
110,2024-08-26,20000.0,17084.31640625
110,2024-08-29,20000.0,17059.0390625
110,2024-09-05,20000.0,17040.203125
110,2024-09-09,20000.0,17006.71875
110,2024-09-12,20000.0,16988.390625
110,2024-09-16,20000.0,16979.482421875
110,2024-09-19,20000.0,16966.23046875
110,2024-09-23,20000.0,16955.306640625
110,2024-09-26,20000.0,16939.267578125
110,2024-09-30,15000.0,16926.0625
110,2024-10-03,20000.0,16906.802734375
110,2024-10-07,20000.0,16891.197265625
110,2024-10-10,20000.0,16868.703125
110,2024-10-14,20000.0,16850.5859375
110,2024-10-17,20000.0,16828.0
110,2024-10-21,20000.0,16816.876953125
110,2024-10-28,20000.0,16822.3125
110,2024-10-31,20000.0,16920.02734375
110,2024-11-04,20000.0,16989.615234375
110,2024-11-11,15000.0,17100.6796875
110,2024-11-14,15000.0,17315.56640625
110,2024-11-18,15000.0,17410.55859375
110,2024-11-21,15000.0,17539.859375
110,2024-11-25,15000.0,17636.24609375
110,2024-11-28,15000.0,17761.70703125
110,2024-12-05,15000.0,17860.0234375
110,2024-12-09,15000.0,18095.21875
110,2024-12-12,15000.0,18226.18359375
110,2024-12-16,15000.0,18321.853515625
110,2025-01-02,15000.0,18445.77734375
110,2025-01-06,15000.0,18865.390625
110,2025-01-09,15000.0,18945.19140625
110,2025-01-13,15000.0,18998.0546875
110,2025-01-16,15000.0,19057.83984375
110,2025-01-20,15000.0,19094.3671875
110,2025-01-23,15000.0,19131.71875
110,2025-02-03,15000.0,19151.2890625
110,2025-02-06,15000.0,19160.4296875
110,2025-02-10,15000.0,19145.78515625
110,2025-02-13,15000.0,19114.9296875
110,2025-02-17,15000.0,19083.41015625
110,2025-02-20,15000.0,19030.0625
110,2025-02-24,15000.0,18981.966796875
110,2025-02-27,15000.0,18907.4765625
110,2025-03-03,15000.0,18845.076171875
110,2025-03-06,15000.0,18752.32421875
110,2025-03-13,15000.0,18675.837890625
110,2025-03-17,20000.0,18479.1953125
110,2025-03-20,20000.0,18356.5546875
110,2025-03-24,20000.0,18261.48828125
110,2025-04-24,15000.0,18129.796875
110,2025-04-28,15000.0,17133.642578125
110,2025-05-05,15000.0,17019.94921875
110,2025-05-08,15000.0,16866.951171875
110,2025-05-12,15000.0,16828.38671875
110,2025-05-19,15000.0,16809.8046875
111,2024-03-11,24000.0,18748.23046875
111,2024-03-14,25000.0,18633.4765625
111,2024-03-18,25000.0,18543.001953125
111,2024-03-21,25000.0,18415.63671875
111,2024-03-25,25000.0,18317.32421875
111,2024-03-28,25000.0,18181.810546875
111,2024-04-01,25000.0,18078.00390625
111,2024-04-04,25000.0,17937.103515625
111,2024-04-08,25000.0,17834.52734375
111,2024-04-11,25000.0,17702.546875
111,2024-04-15,25000.0,17606.48046875
111,2024-04-18,25000.0,17475.865234375
111,2024-04-22,25000.0,17379.703125
111,2024-04-25,25000.0,17257.0390625
111,2024-05-02,25000.0,17165.63671875
111,2024-05-06,20000.0,16970.419921875
111,2024-05-09,20000.0,16887.373046875
111,2024-05-13,20000.0,16841.8125
111,2024-05-16,20000.0,16812.955078125
111,2024-05-20,20000.0,16813.15234375
111,2024-05-23,18000.0,16828.59765625
111,2024-05-27,15000.0,16845.6640625
111,2024-05-30,15000.0,16868.7578125
111,2024-06-03,12000.0,16884.8828125
111,2024-06-06,12000.0,16904.87109375
111,2024-06-10,12000.0,16918.685546875
111,2024-06-17,12000.0,16935.599609375
111,2024-06-20,12000.0,16961.232421875
111,2024-06-24,12000.0,16970.681640625
111,2024-06-27,12000.0,16981.9765625
111,2024-07-01,12000.0,16990.6015625
111,2024-07-12,12000.0,17008.103515625
111,2024-07-15,12000.0,17052.1875
111,2024-07-18,12000.0,17063.76953125
111,2024-07-25,20000.0,17074.31640625
111,2024-07-29,12000.0,17093.791015625
111,2024-08-01,20000.0,17098.1328125
111,2024-08-05,15000.0,17098.12890625
111,2024-08-08,15000.0,17093.802734375
111,2024-08-12,25000.0,17087.29296875
111,2024-08-15,20000.0,17074.27734375
111,2024-08-19,25000.0,17064.123046875
111,2024-08-22,20000.0,17048.28125
111,2024-08-26,25000.0,17034.046875
111,2024-08-29,20000.0,17020.875
111,2024-09-05,20000.0,17009.375
111,2024-09-09,20000.0,16984.2890625
111,2024-09-12,20000.0,16973.087890625
111,2024-09-16,20000.0,16963.69140625
111,2024-09-19,20000.0,16949.779296875
111,2024-09-23,20000.0,16938.30859375
111,2024-09-26,20000.0,16921.44921875
111,2024-09-30,20000.0,16907.599609375
111,2024-10-03,20000.0,16887.560546875
111,2024-10-07,20000.0,16871.294921875
111,2024-10-10,20000.0,16847.921875
111,2024-10-14,20000.0,16831.21484375
111,2024-10-17,20000.0,16816.515625
111,2024-10-21,20000.0,16819.345703125
111,2024-10-28,20000.0,16853.693359375
111,2024-10-31,20000.0,16992.421875
111,2024-11-04,20000.0,17073.89453125
111,2024-11-07,22000.0,17194.12109375
111,2024-11-11,15000.0,17286.78125
111,2024-11-14,15000.0,17412.921875
111,2024-11-18,15000.0,17510.5078125
111,2024-11-21,15000.0,17640.58984375
111,2024-11-25,15000.0,17736.01953125
111,2024-11-28,15000.0,17868.609375
111,2024-12-05,15000.0,17971.111328125
111,2024-12-09,15000.0,18212.12890625
111,2024-12-12,15000.0,18346.7890625
111,2024-12-16,12000.0,18444.53515625
111,2025-01-02,15000.0,18570.9765625
111,2025-01-06,15000.0,18992.77734375
111,2025-01-09,15000.0,19073.224609375
111,2025-01-13,15000.0,19125.47265625
111,2025-01-16,15000.0,19184.53515625
111,2025-01-20,15000.0,19220.75
111,2025-01-23,15000.0,19257.9453125
111,2025-02-03,15000.0,19277.43359375
111,2025-02-06,10000.0,19286.44921875
111,2025-02-10,10000.0,19271.84765625
111,2025-02-13,10000.0,19241.0859375
111,2025-02-17,10000.0,19209.74609375
111,2025-02-20,10000.0,19156.92578125
111,2025-02-24,10000.0,19109.359375
111,2025-02-27,10000.0,19035.18359375
111,2025-03-03,10000.0,18971.826171875
111,2025-03-06,10000.0,18878.40234375
111,2025-03-13,10000.0,18802.16796875
111,2025-03-17,20000.0,18603.83984375
111,2025-03-20,20000.0,18480.087890625
111,2025-03-24,20000.0,18383.048828125
111,2025-03-27,20000.0,18250.2734375
111,2025-03-31,20000.0,18147.6015625
111,2025-04-03,20000.0,18007.0625
111,2025-04-10,20000.0,17902.615234375
111,2025-04-14,20000.0,17670.671875
111,2025-04-21,20000.0,17541.486328125
111,2025-04-24,20000.0,17317.654296875
111,2025-04-28,20000.0,17226.654296875
111,2025-05-05,15000.0,17106.04296875
111,2025-05-08,15000.0,16925.736328125
111,2025-05-12,15000.0,16869.677734375
111,2025-05-19,15000.0,16822.27734375
112,2021-04-27,10000.0,17258.23828125
112,2021-04-27,4000.0,17227.90625
112,2021-04-30,5000.0,19012.705078125
112,2021-10-21,10000.0,19084.8203125
112,2021-10-22,8000.0,19346.1484375
112,2021-10-26,10000.0,19323.921875
112,2021-10-28,12000.0,19233.16796875
112,2021-10-29,13000.0,19186.7421875
112,2021-11-02,13000.0,19163.263671875
112,2021-11-04,10000.0,19067.9921875
112,2021-11-05,10000.0,19019.65234375
112,2021-11-09,12000.0,18995.580078125
112,2021-11-11,18000.0,18898.4765625
112,2021-11-11,15000.0,17479.3671875
112,2021-11-12,12000.0,18849.482421875
112,2021-11-15,20000.0,18824.9296875
112,2021-11-16,20000.0,17610.716796875
112,2021-11-16,11000.0,17643.146484375
112,2021-11-18,20000.0,18726.271484375
112,2021-11-18,8000.0,17707.173828125
112,2021-11-19,8000.0,18676.802734375
112,2021-11-22,18000.0,18652.072265625
112,2021-11-23,10000.0,17840.078125
112,2021-11-23,18000.0,18553.4140625
112,2021-11-25,8000.0,17874.419921875
112,2021-11-25,18000.0,18504.294921875
112,2021-11-26,8000.0,17943.7890625
112,2021-11-29,20000.0,18479.8984375
112,2021-11-30,20000.0,18086.35546875
112,2021-11-30,10000.0,18121.705078125
112,2021-12-02,20000.0,18383.0390625
112,2021-12-02,10000.0,18192.37890625
112,2021-12-03,10000.0,18335.236328125
112,2021-12-06,20000.0,18311.541015625
112,2021-12-07,20000.0,18332.818359375
112,2021-12-07,8000.0,18366.953125
112,2021-12-09,10000.0,18218.435546875
112,2021-12-09,20000.0,18173.0234375
112,2021-12-10,10000.0,18435.16015625
112,2021-12-13,20000.0,18150.611328125
112,2021-12-14,20000.0,18568.751953125
112,2021-12-14,8000.0,18601.0625
112,2021-12-16,20000.0,18063.36328125
112,2021-12-16,6000.0,18664.39453125
112,2021-12-17,6000.0,18021.30078125
112,2021-12-20,20000.0,18000.671875
112,2021-12-21,20000.0,18786.359375
112,2021-12-21,5000.0,18815.453125
112,2021-12-23,20000.0,17921.451171875
112,2021-12-23,5000.0,18871.82421875
112,2021-12-24,5000.0,17883.875
112,2021-12-27,15000.0,17865.58203125
112,2021-12-28,15000.0,18978.384765625
112,2021-12-28,5000.0,19003.58984375
112,2021-12-30,15000.0,17797.3046875
112,2021-12-30,5000.0,19052.083984375
112,2021-12-31,4000.0,17768.091796875
112,2022-04-21,15000.0,17754.015625
112,2022-04-25,15000.0,17413.32421875
112,2022-04-28,15000.0,17288.466796875
112,2022-05-05,15000.0,17197.63671875
112,2022-05-09,15000.0,16998.72265625
112,2022-05-12,15000.0,16909.0859375
112,2022-05-16,15000.0,16858.2109375
112,2022-05-19,15000.0,16818.5625
112,2022-09-19,15000.0,16811.05859375
112,2022-09-26,15000.0,16924.705078125
112,2022-10-06,15000.0,16893.45703125
112,2022-10-10,15000.0,16838.896484375
112,2022-10-13,20000.0,16821.546875
112,2022-10-17,20000.0,16814.998046875
112,2022-10-20,22000.0,16833.21875
112,2022-10-31,20000.0,16870.8046875
112,2022-11-11,7000.0,17134.81640625
112,2022-11-17,15000.0,18849.482421875
112,2022-11-22,7000.0,17675.21875
112,2022-11-24,15000.0,18578.009765625
112,2022-11-25,6000.0,17908.814453125
112,2022-11-29,7000.0,18504.294921875
112,2022-12-01,15000.0,18407.12109375
112,2022-12-06,7000.0,18156.95703125
112,2022-12-08,15000.0,18241.42578125
112,2022-12-09,6000.0,18401.234375
112,2022-12-13,10000.0,18173.0234375
112,2022-12-19,20000.0,18084.822265625
112,2022-12-20,10000.0,18756.68359375
112,2023-01-03,8000.0,17940.77734375
112,2023-01-05,20000.0,17714.19921875
112,2023-01-05,8000.0,19179.88671875
112,2023-01-05,7000.0,17689.681640625
112,2023-01-09,20000.0,17689.681640625
112,2023-01-09,7000.0,19250.796875
112,2023-01-10,8000.0,17645.68359375
112,2023-01-12,7000.0,17635.771484375
112,2023-01-12,20000.0,17617.322265625
112,2023-01-12,8000.0,19296.02734375
112,2023-01-16,20000.0,17617.322265625
112,2023-01-17,8000.0,19345.67578125
112,2023-01-19,20000.0,17579.23828125
112,2023-01-20,8000.0,19374.625
112,2023-01-23,20000.0,17562.1171875
112,2023-01-24,8000.0,19402.09375
112,2023-01-26,20000.0,17546.154296875
112,2023-01-27,8000.0,19414.291015625
112,2023-01-30,20000.0,17539.349609375
112,2023-01-31,6000.0,19419.12890625
112,2023-02-02,10000.0,17537.30859375
112,2023-02-03,6000.0,19414.251953125
112,2023-02-06,10000.0,17541.03515625
112,2023-02-07,6000.0,19396.4375
112,2023-02-09,10000.0,17552.9921875
112,2023-02-10,6000.0,19374.6484375
112,2023-02-13,10000.0,17567.13671875
112,2023-02-14,6000.0,19334.5234375
112,2023-02-16,10000.0,17592.724609375
112,2023-02-17,7000.0,19296.22265625
112,2023-02-20,10000.0,17616.8671875
112,2023-02-21,7000.0,19234.462890625
112,2023-02-23,10000.0,17655.41796875
112,2023-02-24,7000.0,19180.404296875
112,2023-02-27,10000.0,17688.912109375
112,2023-02-28,6000.0,19098.228515625
112,2023-03-03,10000.0,17739.3515625
112,2023-03-03,6000.0,19004.60546875
112,2023-03-06,10000.0,17781.291015625
112,2023-03-07,6000.0,18927.2109375
112,2023-03-09,10000.0,17846.3359375
112,2023-03-10,7000.0,18845.517578125
112,2023-03-13,15000.0,17900.91796875
112,2023-03-16,15000.0,18728.6015625
112,2023-03-20,15000.0,18635.3125
112,2023-03-23,15000.0,18506.0390625
112,2023-03-27,14000.0,18404.82421875
112,2023-03-30,14000.0,18267.33984375
112,2023-04-03,14000.0,18161.4453125
112,2023-04-06,14000.0,18017.55078125
112,2023-04-10,10000.0,17910.556640625
112,2023-04-13,10000.0,17772.49609375
112,2023-04-17,10000.0,17674.74609375
112,2023-04-20,10000.0,17544.66796875
112,2023-04-24,10000.0,17445.892578125
112,2023-04-27,10000.0,17318.75
112,2023-05-04,10000.0,17227.90625
112,2023-05-08,10000.0,17024.95703125
112,2023-05-11,10000.0,16928.642578125
112,2023-05-15,10000.0,16872.890625
112,2023-05-18,12000.0,16824.51171875
112,2023-05-22,12000.0,16811.474609375
112,2023-05-25,10000.0,16818.703125
112,2023-11-17,17000.0,16831.3046875
112,2023-12-01,10000.0,18701.546875
112,2023-12-04,7000.0,18359.087890625
112,2023-12-08,7000.0,18288.001953125
112,2023-12-12,7000.0,18195.62109375
112,2023-12-15,10000.0,18106.49609375
112,2023-12-19,10000.0,18042.1875
112,2023-12-26,7000.0,17960.39453125
112,2024-01-26,8000.0,17830.140625
112,2024-01-30,8000.0,17541.09375
112,2024-02-02,8000.0,17537.0390625
112,2024-02-20,6000.0,17539.28125
112,2024-02-23,6000.0,17645.107421875
112,2024-02-27,5000.0,17677.33984375
112,2024-03-01,5000.0,17726.142578125
112,2024-03-05,5000.0,17766.9609375
112,2024-03-08,5000.0,17828.87890625
112,2024-03-12,5000.0,17882.341796875
112,2024-03-15,5000.0,17958.63671875
112,2024-03-19,6000.0,18019.2578125
112,2024-03-22,5000.0,18104.025390625
112,2024-03-26,6000.0,18170.16015625
112,2024-04-02,6000.0,18261.31640625
112,2024-04-05,6000.0,18426.9921875
112,2024-10-22,7000.0,18499.63671875
112,2024-10-29,7000.0,19301.53515625
112,2024-11-05,8000.0,19139.671875
112,2024-11-08,6000.0,18971.419921875
112,2024-11-12,6000.0,18898.4765625
112,2024-11-15,5000.0,18800.318359375
112,2024-11-19,5000.0,18726.271484375
112,2024-11-22,5000.0,18627.349609375
112,2024-11-26,5000.0,18553.4140625
112,2024-12-06,5000.0,18455.560546875
112,2024-12-10,5000.0,18218.435546875
112,2024-12-13,5000.0,18128.44140625
112,2024-12-17,5000.0,18063.36328125
112,2025-01-03,5000.0,17980.38671875
112,2025-01-07,5000.0,17714.19921875
112,2025-01-10,5000.0,17666.8203125
112,2025-01-14,5000.0,17635.771484375
112,2025-01-17,5000.0,17600.6953125
112,2025-01-21,5000.0,17579.23828125
112,2025-01-24,5000.0,17557.380859375
112,2025-02-04,5000.0,17546.154296875
112,2025-02-07,5000.0,17543.267578125
112,2025-02-11,5000.0,17552.9921875
112,2025-02-14,5000.0,17572.802734375
112,2025-02-18,5000.0,17592.724609375
112,2025-02-21,5000.0,17625.85546875
112,2025-02-25,5000.0,17655.41796875
112,2025-02-28,5000.0,17700.927734375
112,2025-03-04,5000.0,17739.3515625
112,2025-03-07,5000.0,17796.009765625
112,2025-03-11,5000.0,17846.3359375
112,2025-03-14,5000.0,17919.8046875
112,2025-03-18,5000.0,17978.509765625
112,2025-03-21,6000.0,18061.134765625
112,2025-03-25,6000.0,18125.830078125
112,2025-03-27,15000.0,18215.34765625
112,2025-03-28,6000.0,18267.33984375
112,2025-03-31,15000.0,18284.52734375
112,2025-04-01,7000.0,18125.943359375
112,2025-04-03,15000.0,18379.015625
112,2025-04-04,7000.0,18017.55078125
112,2025-04-08,7000.0,18451.099609375
112,2025-04-10,15000.0,18548.453125
112,2025-04-11,7000.0,17772.49609375
112,2025-04-14,15000.0,18622.013671875
112,2025-04-15,7000.0,17642.52734375
112,2025-04-18,7000.0,18720.40625
112,2025-04-21,15000.0,18794.15234375
112,2025-04-22,7000.0,17413.32421875
112,2025-04-24,15000.0,18891.91015625
112,2025-04-28,15000.0,17318.75
112,2025-05-05,15000.0,17197.63671875
112,2025-05-08,15000.0,16998.72265625
112,2025-05-12,15000.0,16928.642578125
112,2025-05-19,15000.0,16858.2109375
113,2021-06-11,15000.0,19809.09375
113,2021-06-14,15000.0,19823.8984375
113,2021-06-15,12000.0,16912.353515625
113,2021-06-15,12000.0,16916.341796875
113,2021-06-17,10000.0,19880.3046875
113,2021-06-17,15000.0,16924.072265625
113,2021-06-18,15000.0,19906.833984375
113,2021-06-21,10000.0,19919.6484375
113,2021-06-22,10000.0,16938.216796875
113,2021-06-22,15000.0,16941.494140625
113,2021-06-25,20000.0,19968.203125
113,2021-06-28,12000.0,20001.6875
113,2021-06-29,12000.0,16959.09375
113,2021-06-29,20000.0,16961.6796875
113,2021-07-01,25000.0,20042.24609375
113,2021-07-02,25000.0,20060.76171875
113,2022-05-27,45000.0,20069.59375
113,2022-05-30,25000.0,19573.7109375
113,2022-05-31,45000.0,16839.41015625
113,2022-06-02,25000.0,19646.2578125
113,2022-06-03,35000.0,16856.037109375
113,2022-06-06,25000.0,19697.943359375
113,2022-06-07,35000.0,16876.5546875
113,2022-06-09,20000.0,19763.103515625
113,2022-06-10,35000.0,16890.8203125
113,2022-06-13,25000.0,19809.09375
113,2022-06-14,35000.0,16908.25390625
113,2022-06-16,25000.0,19866.630859375
113,2022-06-17,35000.0,16920.2578125
113,2022-06-20,25000.0,19906.833984375
113,2022-06-21,35000.0,16934.83984375
113,2022-06-24,30000.0,19956.466796875
113,2022-06-27,25000.0,19990.810546875
113,2022-06-28,30000.0,16956.40234375
113,2022-07-01,30000.0,20032.541015625
113,2022-07-04,25000.0,20060.76171875
113,2022-07-05,30000.0,16973.310546875
113,2022-07-08,30000.0,20094.314453125
113,2022-07-15,30000.0,20116.427734375
113,2023-05-25,30000.0,20157.716796875
113,2023-05-29,25000.0,16817.560546875
113,2023-06-01,25000.0,16833.7421875
113,2023-06-05,25000.0,16850.609375
113,2023-06-08,25000.0,16871.58203125
113,2023-06-12,25000.0,16886.181640625
113,2023-06-15,25000.0,16904.0625
113,2023-06-19,25000.0,16916.341796875
113,2023-06-22,25000.0,16931.3515625
113,2023-06-26,25000.0,16941.494140625
113,2024-05-17,45000.0,16953.625
113,2024-05-28,45000.0,19394.892578125
113,2024-05-31,42500.0,19610.484375
113,2025-05-19,45000.0,19663.74609375
114,2021-06-17,15000.0,16898.166015625
114,2021-06-21,12000.0,16906.12109375
114,2021-06-22,10000.0,16920.890625
114,2021-06-28,10000.0,16924.34375
114,2021-06-29,10000.0,16942.783203125
114,2021-07-01,10000.0,16945.51171875
114,2021-07-05,15000.0,16950.6875
114,2021-07-08,15000.0,16959.9140625
114,2021-07-12,15000.0,16965.90625
114,2022-05-26,20000.0,16972.701171875
114,2022-05-30,20000.0,16812.103515625
114,2022-06-02,20000.0,16823.021484375
114,2022-06-06,20000.0,16835.63671875
114,2022-06-09,15000.0,16856.90234375
114,2022-06-13,20000.0,16871.62890625
114,2022-06-16,25000.0,16889.7734375
114,2022-06-20,20000.0,16902.19921875
114,2022-06-27,20000.0,16917.35546875
114,2022-07-04,20000.0,16939.95703125
114,2024-05-13,40000.0,16957.74609375
114,2024-05-16,40000.0,16935.669921875
114,2024-05-20,40000.0,16881.078125
114,2024-05-23,40000.0,16830.34375
114,2024-05-27,40000.0,16814.455078125
114,2024-05-30,40000.0,16816.21484375
114,2024-06-03,40000.0,16826.97265625
114,2024-06-06,40000.0,16846.5
114,2024-06-10,40000.0,16861.923828125
114,2024-06-17,40000.0,16880.9296875
114,2024-06-20,40000.0,16909.966796875
114,2024-06-24,40000.0,16920.890625
114,2024-06-27,40000.0,16934.01171875
114,2024-07-01,40000.0,16942.783203125
114,2024-07-12,40000.0,16953.13671875
114,2024-07-15,40000.0,16974.193359375
114,2024-07-29,30000.0,16978.171875
114,2025-05-19,30000.0,16987.546875
115,2021-08-05,40000.0,20040.462890625
115,2021-08-06,30000.0,20038.517578125
115,2021-08-10,35000.0,20037.08203125
115,2021-08-12,35000.0,20028.296875
115,2021-08-31,30000.0,20022.09375
115,2021-09-07,35000.0,19902.568359375
115,2021-09-09,35000.0,19831.044921875
115,2021-09-10,35000.0,19807.93359375
115,2021-09-14,30000.0,19795.896484375
115,2021-09-16,35000.0,19744.87890625
115,2022-05-10,45000.0,19717.55078125
115,2022-05-13,45000.0,19026.021484375
115,2022-05-16,45000.0,19095.265625
115,2022-05-20,45000.0,19162.68359375
115,2022-05-24,40000.0,19249.470703125
115,2022-05-27,40000.0,19332.453125
115,2022-05-31,40000.0,19392.05078125
115,2022-06-03,45000.0,19467.98046875
115,2022-06-07,45000.0,19522.107421875
115,2022-06-10,45000.0,19589.734375
115,2022-06-14,50000.0,19637.447265625
115,2022-06-17,45000.0,19697.046875
115,2022-06-21,50000.0,19738.6875
115,2022-06-24,45000.0,19790.099609375
115,2022-06-28,45000.0,19825.552734375
115,2022-07-01,45000.0,19868.716796875
115,2022-07-05,45000.0,19897.8984375
115,2022-07-08,45000.0,19932.640625
115,2022-07-12,45000.0,19955.58203125
115,2022-07-15,45000.0,19981.9609375
115,2022-07-19,45000.0,19998.578125
115,2022-07-22,45000.0,20016.486328125
115,2022-07-26,45000.0,20026.751953125
115,2022-07-29,45000.0,20036.1640625
115,2022-08-02,45000.0,20040.052734375
115,2022-08-05,45000.0,20040.98828125
115,2022-08-09,45000.0,20038.517578125
115,2022-08-12,45000.0,20030.9453125
115,2022-08-16,45000.0,20022.09375
115,2022-08-19,45000.0,20006.0234375
115,2022-08-23,45000.0,19990.78515625
115,2022-08-26,45000.0,19966.21484375
115,2022-08-30,45000.0,19944.626953125
115,2022-09-02,45000.0,19911.58984375
115,2022-09-06,45000.0,19883.66015625
115,2022-09-13,45000.0,19842.19140625
115,2022-09-20,45000.0,19758.07421875
115,2022-09-27,45000.0,19659.41015625
115,2023-04-18,45000.0,19546.4921875
115,2023-04-21,45000.0,18484.46875
115,2023-04-25,45000.0,18561.060546875
115,2023-04-28,45000.0,18662.34765625
115,2023-05-02,45000.0,18737.37109375
115,2023-05-05,45000.0,18835.85546875
115,2023-05-09,55000.0,18908.26171875
115,2023-05-12,55000.0,19002.73046875
115,2023-05-16,55000.0,19072.375
115,2023-05-19,55000.0,19162.68359375
115,2023-05-23,55000.0,19228.11328125
115,2023-05-26,55000.0,19312.09375
115,2023-05-30,55000.0,19372.42578125
115,2023-06-03,55000.0,19449.373046875
115,2023-06-06,55000.0,19522.107421875
115,2023-06-09,45000.0,19573.28515625
115,2023-06-13,40000.0,19621.828125
115,2023-06-16,40000.0,19682.5859375
115,2023-06-20,40000.0,19725.103515625
115,2023-06-23,40000.0,19777.701171875
115,2023-06-27,40000.0,19814.03125
115,2023-06-30,40000.0,19858.36328125
115,2023-07-04,45000.0,19888.45703125
115,2023-07-07,45000.0,19924.40625
115,2023-07-11,45000.0,19948.228515625
115,2023-07-14,45000.0,19975.79296875
115,2023-07-18,45000.0,19993.34375
115,2023-07-21,45000.0,20012.48046875
115,2023-07-25,45000.0,20023.6328125
115,2023-07-28,45000.0,20034.26953125
115,2023-08-01,47500.0,20039.0546875
115,2023-08-04,45000.0,20041.20703125
115,2023-08-08,45000.0,20039.6328125
115,2023-08-11,45000.0,20033.3125
115,2023-08-15,45000.0,20025.3671875
115,2023-08-18,45000.0,20010.50390625
115,2023-08-22,45000.0,19996.166015625
115,2023-08-25,45000.0,19972.8046875
115,2023-08-29,55000.0,19952.12109375
115,2023-09-08,50000.0,19920.279296875
115,2023-09-12,50000.0,19819.62109375
115,2023-09-15,50000.0,19770.98828125
115,2023-09-19,50000.0,19731.349609375
115,2023-09-22,60000.0,19674.36328125
115,2023-09-26,60000.0,19628.5859375
115,2023-10-03,55000.0,19563.47265625
115,2023-10-06,52000.0,19437.765625
115,2023-10-10,55000.0,19379.63671875
115,2023-10-13,55000.0,19298.61328125
115,2023-10-17,60000.0,19235.2109375
115,2023-10-20,60000.0,19147.365234375
115,2023-10-24,55000.0,19079.21875
115,2024-06-25,50000.0,18986.01171875
115,2024-06-28,50000.0,19847.72265625
115,2024-07-02,45000.0,19878.734375
115,2024-07-05,45000.0,19915.873046875
115,2024-07-09,45000.0,19940.578125
115,2024-07-12,45000.0,19969.361328125
115,2024-07-16,45000.0,19987.78515625
115,2024-07-19,45000.0,20008.12109375
115,2024-07-23,50000.0,20020.20703125
115,2024-10-04,55000.0,20032.060546875
115,2024-10-08,55000.0,19399.2890625
115,2024-10-11,55000.0,19319.2578125
115,2024-10-15,55000.0,19256.578125
115,2024-10-18,55000.0,19169.67578125
115,2025-05-13,55000.0,19102.138671875
116,2021-05-04,22000.0,18686.63671875
116,2021-05-06,20000.0,18785.4453125
116,2021-05-07,20000.0,18833.943359375
116,2021-05-10,12000.0,18857.994140625
116,2021-05-11,14000.0,29306.67578125
116,2021-05-13,18000.0,18952.36328125
116,2021-05-14,20000.0,18998.41796875
116,2021-05-17,7000.0,19021.2265625
116,2021-05-18,20000.0,28898.328125
116,2021-05-20,20000.0,19111.15625
116,2021-05-21,15000.0,19154.78515625
116,2021-05-24,7000.0,19176.220703125
116,2021-05-25,15000.0,28501.69921875
116,2021-05-27,20000.0,19259.59375
116,2021-05-28,15000.0,19299.75390625
116,2021-05-31,7000.0,19319.43359375
116,2021-06-07,4000.0,28122.43359375
116,2021-06-10,20000.0,27766.01171875
116,2021-06-11,20000.0,19550.328125
116,2021-06-14,4000.0,19565.931640625
116,2021-06-15,16000.0,27438.798828125
116,2021-06-17,15000.0,19625.37890625
116,2021-06-18,15000.0,19653.36328125
116,2021-06-21,4000.0,19666.92578125
116,2021-06-22,16000.0,27146.22265625
116,2021-06-25,16000.0,19718.046875
116,2021-06-28,5000.0,19753.23046875
116,2021-06-29,15000.0,26892.68359375
116,2021-07-01,14000.0,19795.87109375
116,2021-07-02,20000.0,19815.38671875
116,2021-07-05,4000.0,19824.681640625
116,2021-07-06,15000.0,26681.869140625
116,2021-07-08,15000.0,19858.82421875
116,2021-07-09,6000.0,19874.0625
116,2021-07-09,18000.0,21516.9765625
116,2021-07-12,4000.0,19881.21875
116,2021-07-13,18000.0,26517.31640625
116,2021-07-14,7000.0,19906.765625
116,2021-07-15,18000.0,32701.1015625
116,2021-07-16,15000.0,19917.708984375
116,2021-07-16,6000.0,19922.693359375
116,2021-07-19,7000.0,21532.203125
116,2021-07-20,18000.0,26401.58203125
116,2021-07-21,6500.0,19939.6640625
116,2021-07-22,18000.0,32615.1484375
116,2021-07-23,6000.0,19946.31640625
116,2021-07-23,20000.0,21542.015625
116,2021-07-26,4000.0,19949.171875
116,2021-07-27,18000.0,26336.892578125
116,2021-07-28,6000.0,19957.505859375
116,2021-07-29,15000.0,32574.03125
116,2021-07-30,15000.0,19959.82421875
116,2021-07-30,6000.0,19960.544921875
116,2021-08-02,8000.0,21546.447265625
116,2021-08-03,17000.0,26323.9765625
116,2021-08-04,5500.0,19960.23828125
116,2021-08-05,25000.0,32578.59765625
116,2021-08-06,6000.0,19958.24609375
116,2021-08-06,20000.0,21545.548828125
116,2021-08-09,7000.0,19956.78515625
116,2021-08-10,20000.0,26363.314453125
116,2021-08-11,5500.0,19947.83984375
116,2021-08-12,20000.0,32628.853515625
116,2021-08-13,6000.0,19941.5234375
116,2021-08-13,18000.0,21539.306640625
116,2021-08-16,8000.0,19937.8828125
116,2021-08-17,18000.0,26454.31640625
116,2021-08-18,5500.0,19920.3125
116,2021-08-19,25000.0,32724.07421875
116,2021-08-20,20000.0,19909.6875
116,2021-08-20,8500.0,19903.90234375
116,2021-08-23,9000.0,21527.640625
116,2021-08-24,16000.0,26595.3984375
116,2021-08-25,5500.0,19877.671875
116,2021-08-26,18000.0,32862.69140625
116,2021-08-27,8500.0,19862.716796875
116,2021-08-27,20000.0,21510.484375
116,2021-08-30,7000.0,19854.7734375
116,2021-08-31,20000.0,26784.078125
116,2021-09-01,5500.0,19819.896484375
116,2021-09-06,8000.0,33045.66796875
116,2021-09-07,25000.0,27018.3046875
116,2021-09-08,5500.0,19747.1171875
116,2021-09-09,25000.0,33266.18359375
116,2021-09-10,20000.0,19723.548828125
116,2021-09-10,8500.0,19711.2890625
116,2021-09-13,8000.0,21459.197265625
116,2021-09-14,20000.0,27293.8828125
116,2021-09-15,5500.0,19659.322265625
116,2021-09-16,25000.0,33519.265625
116,2021-09-17,8500.0,19631.513671875
116,2021-09-17,25000.0,21424.92578125
116,2021-09-20,6000.0,19617.140625
116,2021-09-21,25000.0,27605.94140625
116,2021-09-22,5500.0,19556.765625
116,2021-09-23,20000.0,33798.36328125
116,2021-09-24,25000.0,19524.5703125
116,2021-09-24,8500.0,19507.9921875
116,2021-09-27,7000.0,21384.48046875
116,2021-09-28,20000.0,27950.3984375
116,2021-09-29,5500.0,19438.66796875
116,2021-09-30,25000.0,34100.37890625
116,2021-10-01,8500.0,19402.328125
116,2021-10-01,20000.0,21337.640625
116,2021-10-04,7000.0,19383.72265625
116,2021-10-05,18000.0,28320.33984375
116,2021-10-06,5500.0,19306.625
116,2021-10-07,20000.0,34419.18359375
116,2021-10-08,8500.0,19266.4453125
116,2021-10-08,20000.0,21284.98046875
116,2021-10-11,5000.0,19245.986328125
116,2021-10-12,20000.0,28712.75390625
116,2021-10-13,6500.0,19161.54296875
116,2021-10-14,20000.0,34751.4921875
116,2021-10-15,8500.0,19117.873046875
116,2021-10-15,20000.0,21226.8359375
116,2021-10-18,5000.0,19095.669921875
116,2021-10-19,20000.0,29119.171875
116,2021-10-20,6500.0,19004.962890625
116,2021-10-21,25000.0,35090.75
116,2021-10-22,8500.0,18958.79296875
116,2021-10-22,20000.0,21163.4140625
116,2021-10-25,7000.0,18935.41796875
116,2021-10-26,22000.0,29542.2109375
116,2021-10-27,6500.0,18840.15625
116,2021-10-28,18000.0,35431.83203125
116,2021-10-29,8500.0,18791.515625
116,2021-10-29,20000.0,21095.21875
116,2021-11-01,8000.0,18766.921875
116,2021-11-02,20000.0,29965.80078125
116,2021-11-03,6500.0,18667.205078125
116,2021-11-04,22000.0,35763.03515625
116,2021-11-05,8500.0,18616.58984375
116,2021-11-05,22000.0,21023.078125
116,2021-11-08,7000.0,18591.099609375
116,2021-11-09,25000.0,30383.6484375
116,2021-11-10,7000.0,18488.341796875
116,2021-11-11,25000.0,36087.5234375
116,2021-11-12,9500.0,18436.453125
116,2021-11-12,25000.0,20948.095703125
116,2021-11-15,9000.0,18410.42578125
116,2021-11-16,25000.0,30790.16796875
116,2021-11-17,7000.0,18305.904296875
116,2021-11-18,25000.0,36402.88671875
116,2021-11-19,25000.0,18253.595703125
116,2021-11-19,9500.0,18227.4296875
116,2021-11-22,9000.0,20871.4921875
116,2021-11-23,25000.0,31178.7578125
116,2021-11-24,7000.0,18123.25390625
116,2021-11-25,25000.0,36705.59765625
116,2021-11-26,9500.0,18071.41796875
116,2021-11-26,25000.0,20794.55859375
116,2021-11-29,9000.0,18045.677734375
116,2021-11-30,25000.0,31545.0390625
116,2021-12-01,7200.0,17943.7890625
116,2021-12-02,25000.0,36990.58203125
116,2021-12-03,25000.0,17893.693359375
116,2021-12-03,9500.0,17868.849609375
116,2021-12-06,8000.0,20718.80078125
116,2021-12-07,25000.0,31884.921875
116,2021-12-08,7400.0,17774.96875
116,2021-12-09,20000.0,37252.26953125
116,2021-12-10,9500.0,17731.966796875
116,2021-12-10,20000.0,20645.841796875
116,2021-12-13,8000.0,17710.791015625
116,2021-12-14,25000.0,32192.04296875
116,2021-12-15,7500.0,17628.34375
116,2021-12-16,25000.0,37486.37890625
116,2021-12-17,25000.0,17588.63671875
116,2021-12-17,9500.0,17569.1796875
116,2021-12-20,7000.0,20577.353515625
116,2021-12-21,20000.0,32463.609375
116,2021-12-22,7000.0,17494.3125
116,2021-12-23,25000.0,37687.19140625
116,2021-12-24,9500.0,17458.76171875
116,2021-12-24,25000.0,20515.2421875
116,2021-12-27,4000.0,17441.47265625
116,2021-12-28,25000.0,32695.287109375
116,2021-12-29,6500.0,17379.5546875
116,2021-12-30,25000.0,37856.58203125
116,2021-12-31,9500.0,17353.51953125
116,2021-12-31,25000.0,20461.025390625
116,2022-01-06,8500.0,17341.0
116,2022-01-06,11000.0,20421.990234375
116,2022-01-13,14000.0,32955.60546875
116,2022-01-13,8500.0,33084.13671875
116,2022-01-20,10000.0,20386.23046875
116,2022-01-20,8500.0,33167.30078125
116,2022-01-26,7000.0,20361.908203125
116,2022-01-27,8500.0,38189.70703125
116,2022-01-27,13000.0,20349.7734375
116,2022-02-09,7500.0,33204.64453125
116,2022-02-10,8500.0,38147.69140625
116,2022-02-16,7500.0,20363.009765625
116,2022-02-17,10000.0,38074.52734375
116,2022-02-23,7000.0,20387.95703125
116,2022-02-24,9500.0,37967.05859375
116,2022-02-24,7000.0,20424.25
116,2022-03-02,7200.0,32898.83984375
116,2022-03-03,1200.0,37824.44140625
116,2022-03-03,9500.0,32711.279296875
116,2022-03-09,7200.0,20470.8984375
116,2022-03-10,9500.0,37649.30859375
116,2022-03-10,12000.0,20526.607421875
116,2022-03-16,7200.0,32483.052734375
116,2022-03-17,7500.0,37442.19921875
116,2022-03-17,8000.0,20589.83984375
116,2022-03-23,7200.0,32214.607421875
116,2022-03-24,7500.0,37205.1171875
116,2022-03-24,8000.0,20659.005859375
116,2022-03-30,7200.0,31910.978515625
116,2022-03-31,7500.0,36942.41796875
116,2022-03-31,8000.0,20732.232421875
116,2022-04-06,7000.0,31574.673828125
116,2022-04-07,8000.0,36657.81640625
116,2022-04-08,6500.0,31212.08984375
116,2022-04-13,7200.0,20818.837890625
116,2022-04-14,7000.0,36355.33203125
116,2022-04-15,6500.0,30827.234375
116,2022-04-20,7200.0,20895.337890625
116,2022-04-21,7000.0,36038.1484375
116,2022-04-22,6500.0,30425.3203125
116,2022-04-26,20000.0,20971.15625
116,2022-04-27,7500.0,18585.833984375
116,2022-04-28,8000.0,35713.26953125
116,2022-04-29,6500.0,30011.27734375
116,2022-04-29,20000.0,21044.9296875
116,2022-05-04,7200.0,18661.625
116,2022-05-06,20000.0,35381.95703125
116,2022-05-06,7500.0,18833.943359375
116,2022-05-09,7000.0,21115.58203125
116,2022-05-10,6000.0,29365.61328125
116,2022-05-10,20000.0,18082.076171875
116,2022-05-11,7000.0,18929.015625
116,2022-05-12,7000.0,35042.69140625
116,2022-05-13,7500.0,29189.1640625
116,2022-05-13,6750.0,21182.0703125
116,2022-05-13,20000.0,20566.3515625
116,2022-05-13,8500.0,18998.41796875
116,2022-05-16,20000.0,20596.931640625
116,2022-05-16,7000.0,19066.62109375
116,2022-05-17,6000.0,28956.1640625
116,2022-05-18,7000.0,18276.33203125
116,2022-05-19,7000.0,34707.33984375
116,2022-05-20,10000.0,28783.18359375
116,2022-05-20,20000.0,20692.181640625
116,2022-05-20,10333.33,19154.78515625
116,2022-05-20,7500.0,19647.859375
116,2022-05-20,7250.0,21243.609375
116,2022-05-23,7000.0,20657.22265625
116,2022-05-24,10333.33,28557.65625
116,2022-05-24,6000.0,19721.6015625
116,2022-05-24,20000.0,18457.431640625
116,2022-05-25,7000.0,19239.140625
116,2022-05-26,7000.0,34379.04296875
116,2022-05-27,7500.0,28391.158203125
116,2022-05-27,8500.0,21299.82421875
116,2022-05-27,20000.0,20740.783203125
116,2022-05-27,10000.0,19299.75390625
116,2022-05-30,7000.0,20779.716796875
116,2022-05-31,20000.0,28175.2109375
116,2022-05-31,5000.0,19376.84375
116,2022-06-01,7000.0,18622.478515625
116,2022-06-02,7000.0,34064.140625
116,2022-06-03,7500.0,28018.0
116,2022-06-03,9500.0,21349.80078125
116,2022-06-03,20000.0,20816.5078125
116,2022-06-03,9500.0,19431.82421875
116,2022-06-06,7000.0,20858.849609375
116,2022-06-07,6000.0,27815.203125
116,2022-06-07,20000.0,18771.55859375
116,2022-06-08,7200.0,19501.3046875
116,2022-06-09,7000.0,33764.9375
116,2022-06-10,10000.0,27669.37890625
116,2022-06-10,18000.0,20929.302734375
116,2022-06-10,7500.0,19550.328125
116,2022-06-10,9000.0,21394.13671875
116,2022-06-13,6000.0,21898.19140625
116,2022-06-14,4000.0,27483.48046875
116,2022-06-14,20000.0,18903.919921875
116,2022-06-14,10000.0,19610.97265625
116,2022-06-15,7200.0,38207.43359375
116,2022-06-16,6000.0,33489.65234375
116,2022-06-17,7500.0,27351.525390625
116,2022-06-17,8500.0,21432.748046875
116,2022-06-17,18000.0,21912.451171875
116,2022-06-17,10000.0,19653.36328125
116,2022-06-20,7000.0,20991.0625
116,2022-06-21,20000.0,27185.6953125
116,2022-06-21,10000.0,19705.69140625
116,2022-06-21,7000.0,38023.4609375
116,2022-06-22,7500.0,19018.904296875
116,2022-06-23,7000.0,33241.31640625
116,2022-06-24,7500.0,27069.5234375
116,2022-06-24,7500.0,21465.640625
116,2022-06-24,20000.0,21924.27734375
116,2022-06-24,10000.0,19741.787109375
116,2022-06-27,7000.0,21043.71484375
116,2022-06-28,8500.0,26926.39453125
116,2022-06-28,20000.0,19117.271484375
116,2022-06-28,10000.0,19785.67578125
116,2022-06-29,7500.0,37863.66796875
116,2022-06-30,7000.0,33028.78515625
116,2022-07-01,7500.0,26827.859375
116,2022-07-01,8000.0,21492.828125
116,2022-07-01,20000.0,21933.8203125
116,2022-07-01,10000.0,19815.38671875
116,2022-07-04,7000.0,21087.287109375
116,2022-07-05,10000.0,26709.2109375
116,2022-07-05,20000.0,19197.5390625
116,2022-07-05,10000.0,19850.7421875
116,2022-07-06,7300.0,37729.84765625
116,2022-07-07,7000.0,32852.70703125
116,2022-07-08,20000.0,26630.01953125
116,2022-07-08,10000.0,19874.0625
116,2022-07-08,7500.0,21121.875
116,2022-07-08,7500.0,21514.35546875
116,2022-07-11,7000.0,21941.2421875
116,2022-07-12,11000.0,26538.02734375
116,2022-07-12,20000.0,19259.408203125
116,2022-07-12,10000.0,19900.8515625
116,2022-07-13,7200.0,37626.71484375
116,2022-07-14,7000.0,32717.05078125
116,2022-07-15,7500.0,26479.150390625
116,2022-07-15,7050.0,21530.361328125
116,2022-07-15,20000.0,21946.693359375
116,2022-07-15,10000.0,19917.708984375
116,2022-07-18,7000.0,21147.619140625
116,2022-07-19,10000.0,26415.00390625
116,2022-07-19,9000.0,37556.58203125
116,2022-07-19,20000.0,19302.65625
116,2022-07-20,7000.0,19935.8828125
116,2022-07-21,7000.0,32624.662109375
116,2022-07-22,8500.0,26377.83984375
116,2022-07-22,5850.0,21540.943359375
116,2022-07-22,20000.0,21950.275390625
116,2022-07-22,9000.0,19946.31640625
116,2022-07-25,7000.0,21164.61328125
116,2022-07-26,9000.0,26342.912109375
116,2022-07-26,20000.0,19327.1953125
116,2022-07-26,10000.0,19955.88671875
116,2022-07-27,6800.0,37520.92578125
116,2022-07-28,6000.0,32577.125
116,2022-07-29,20000.0,26327.8515625
116,2022-07-29,10000.0,19959.82421875
116,2022-07-29,8500.0,21172.951171875
116,2022-07-29,8500.0,21952.107421875
116,2022-08-01,6000.0,21546.138671875
116,2022-08-02,20000.0,26322.69140625
116,2022-08-02,6500.0,19960.765625
116,2022-08-02,10000.0,19333.115234375
116,2022-08-03,6800.0,37519.80859375
116,2022-08-04,7000.0,32575.08984375
116,2022-08-05,8500.0,26329.9765625
116,2022-08-05,8500.0,21546.01171875
116,2022-08-05,20000.0,21952.2109375
116,2022-08-05,10000.0,19958.24609375
116,2022-08-08,7000.0,21172.6484375
116,2022-08-09,8000.0,26354.4765625
116,2022-08-09,20000.0,19320.3046875
116,2022-08-09,10000.0,19950.53125
116,2022-08-10,7000.0,37553.51953125
116,2022-08-11,7000.0,32618.884765625
116,2022-08-12,8500.0,26384.08203125
116,2022-08-12,8500.0,21540.53125
116,2022-08-12,20000.0,21107.638671875
116,2022-08-12,12000.0,19941.5234375
116,2022-08-15,7000.0,22034.869140625
116,2022-08-16,7000.0,26438.17578125
116,2022-08-16,20000.0,34844.5390625
116,2022-08-16,10000.0,19925.15625
116,2022-08-17,7000.0,37621.48046875
116,2022-08-18,7000.0,32707.78515625
116,2022-08-19,10000.0,26489.65625
116,2022-08-19,20000.0,22035.73828125
116,2022-08-19,8500.0,19909.6875
116,2022-08-19,8500.0,21529.63671875
116,2022-08-22,7000.0,21090.0859375
116,2022-08-23,9000.0,26572.34375
116,2022-08-23,20000.0,34961.29296875
116,2022-08-23,10000.0,19884.69921875
116,2022-08-24,7700.0,37723.36328125
116,2022-08-25,7000.0,32840.33984375
116,2022-08-26,9500.0,26644.48046875
116,2022-08-26,7500.0,21513.279296875
116,2022-08-26,20000.0,21064.01953125
116,2022-08-26,10000.0,19862.716796875
116,2022-08-29,7300.0,22036.849609375
116,2022-08-30,9500.0,26754.21875
116,2022-08-30,20000.0,37856.640625
116,2022-08-30,8000.0,19829.080078125
116,2022-08-31,8000.0,35115.59765625
116,2022-09-01,7000.0,33016.98828125
116,2022-09-02,10000.0,26846.46484375
116,2022-09-02,8000.0,21491.3203125
116,2022-09-02,20000.0,21029.33203125
116,2022-09-02,9000.0,19800.658203125
116,2022-09-05,7000.0,22038.056640625
116,2022-09-06,9000.0,26982.18359375
116,2022-09-06,22000.0,35304.18359375
116,2022-09-06,10000.0,19758.439453125
116,2022-09-07,8500.0,38017.2421875
116,2022-09-08,7000.0,33232.4296875
116,2022-09-09,12000.0,27093.1484375
116,2022-09-09,8500.0,22039.181640625
116,2022-09-09,10500.0,20985.974609375
116,2022-09-09,25000.0,21463.634765625
116,2022-09-12,7000.0,19723.548828125
116,2022-09-13,22000.0,27252.263671875
116,2022-09-13,10000.0,19672.75
116,2022-09-14,9000.0,38202.45703125
116,2022-09-15,7000.0,33481.53515625
116,2022-09-16,12500.0,27379.375
116,2022-09-16,9000.0,21430.171875
116,2022-09-16,25000.0,20933.9765625
116,2022-09-16,12000.0,19631.513671875
116,2022-09-19,8000.0,22039.990234375
116,2022-09-20,7250.0,27559.251953125
116,2022-09-20,22000.0,35766.80859375
116,2022-09-20,10000.0,19572.296875
116,2022-09-21,9300.0,38407.48046875
116,2022-09-22,8000.0,33756.87890625
116,2022-09-23,13000.0,27701.3359375
116,2022-09-23,9000.0,21390.6796875
116,2022-09-23,25000.0,20873.36328125
116,2022-09-23,11200.0,19524.5703125
116,2022-09-27,22000.0,22040.203125
116,2022-09-28,7000.0,19456.4375
116,2022-09-28,10000.0,28002.01953125
116,2022-09-30,6000.0,38659.9453125
116,2022-10-06,7000.0,36149.01953125
116,2022-10-07,13500.0,28430.380859375
116,2022-10-07,22000.0,21292.83984375
116,2022-10-10,7000.0,19266.4453125
116,2022-10-11,25000.0,28655.56640625
116,2022-10-11,10000.0,19183.02734375
116,2022-10-12,11000.0,39100.43359375
116,2022-10-13,8000.0,34703.46484375
116,2022-10-17,8000.0,28827.71484375
116,2022-10-18,10000.0,29060.3359375
116,2022-10-19,11000.0,39346.61328125
116,2022-10-20,8000.0,35041.95703125
116,2022-10-21,13500.0,29239.607421875
116,2022-10-21,8500.0,21172.787109375
116,2022-10-21,10500.0,20548.984375
116,2022-10-24,8000.0,22030.427734375
116,2022-10-25,10000.0,29481.4765625
116,2022-10-26,11000.0,39591.4921875
116,2022-10-27,8000.0,35383.50390625
116,2022-10-28,8000.0,29663.05078125
116,2022-10-28,13500.0,22024.31640625
116,2022-10-28,9000.0,21105.23046875
116,2022-10-28,25000.0,20450.45703125
116,2022-11-01,25000.0,18791.515625
116,2022-11-01,10000.0,18692.35546875
116,2022-11-07,8000.0,39832.72265625
116,2022-11-08,8000.0,30324.59765625
116,2022-11-08,10000.0,19587.0625
116,2022-11-09,12500.0,40068.1171875
116,2022-11-11,13500.0,36041.6640625
116,2022-11-11,9000.0,20958.919921875
116,2022-11-11,25000.0,20239.68359375
116,2022-11-11,8000.0,18436.453125
116,2022-11-14,8000.0,22007.53515625
116,2022-11-15,10000.0,30732.93359375
116,2022-11-15,8000.0,40293.76953125
116,2022-11-16,13000.0,19443.09375
116,2022-11-17,8000.0,36358.29296875
116,2022-11-18,9250.0,30903.830078125
116,2022-11-18,13500.0,20130.46484375
116,2022-11-18,9000.0,20882.49609375
116,2022-11-21,8000.0,21997.08203125
116,2022-11-22,25000.0,31124.59375
116,2022-11-22,10000.0,18149.234375
116,2022-11-22,8000.0,40511.87109375
116,2022-11-23,12000.0,19297.95703125
116,2022-11-24,8000.0,36663.44140625
116,2022-11-25,13500.0,31285.748046875
116,2022-11-25,9000.0,20805.509765625
116,2022-11-25,25000.0,20020.8515625
116,2022-11-25,8000.0,18071.41796875
116,2022-11-28,8000.0,21985.37890625
116,2022-11-29,10000.0,31494.19140625
116,2022-11-29,25000.0,40717.26953125
116,2022-11-29,9500.0,17969.04296875
116,2022-11-30,12000.0,19154.56640625
116,2022-12-01,8000.0,36950.9765625
116,2022-12-02,14500.0,31645.279296875
116,2022-12-02,9000.0,20729.484375
116,2022-12-02,9500.0,19913.111328125
116,2022-12-05,8000.0,21051.7265625
116,2022-12-06,25000.0,31838.33203125
116,2022-12-07,11500.0,17796.734375
116,2022-12-08,8000.0,37216.51953125
116,2022-12-09,9000.0,31975.923828125
116,2022-12-09,25000.0,20986.078125
116,2022-12-09,14500.0,17731.966796875
116,2022-12-09,8500.0,20656.03125
116,2022-12-12,8000.0,19809.89453125
116,2022-12-13,25000.0,32150.1953125
116,2022-12-14,8500.0,17648.603515625
116,2022-12-15,8000.0,37454.99609375
116,2022-12-16,12000.0,32273.63671875
116,2022-12-16,9250.0,20586.7890625
116,2022-12-16,10000.0,19713.25390625
116,2022-12-19,8000.0,20924.05078125
116,2022-12-20,25000.0,32427.25390625
116,2022-12-21,9000.0,17512.55859375
116,2022-12-22,8000.0,37660.45703125
116,2022-12-23,10000.0,32533.9140625
116,2022-12-23,12000.0,20867.35546875
116,2022-12-23,9500.0,20523.673828125
116,2023-01-03,12000.0,19625.3359375
116,2023-01-03,25000.0,37956.82421875
116,2023-01-04,9500.0,17305.51953125
116,2023-01-05,25000.0,37974.72265625
116,2023-01-05,8000.0,17283.662109375
116,2023-01-09,25000.0,32933.58203125
116,2023-01-10,12500.0,17244.4296875
116,2023-01-10,25000.0,38067.09375
116,2023-01-11,9500.0,17236.609375
116,2023-01-12,25000.0,38080.06640625
116,2023-01-12,8000.0,17223.32421875
116,2023-01-17,25000.0,33068.63671875
116,2023-01-17,12000.0,17195.982421875
116,2023-01-18,11000.0,38143.12109375
116,2023-01-20,25000.0,38151.12890625
116,2023-01-24,25000.0,17183.697265625
116,2023-01-25,12000.0,17172.1796875
116,2023-01-26,11500.0,38187.34765625
116,2023-01-27,25000.0,33202.16015625
116,2023-01-31,25000.0,17167.287109375
116,2023-02-01,10000.0,17165.833984375
116,2023-02-02,8000.0,38188.82421875
116,2023-02-03,16500.0,33199.94921875
116,2023-02-03,9500.0,20350.14453125
116,2023-02-03,22000.0,19385.3203125
116,2023-02-03,10000.0,17168.515625
116,2023-02-07,22000.0,20709.0
116,2023-02-08,9000.0,17177.091796875
116,2023-02-09,8000.0,38155.30859375
116,2023-02-10,6500.0,33151.69140625
116,2023-02-10,22000.0,19403.58203125
116,2023-02-10,10000.0,17187.2734375
116,2023-02-10,12000.0,20720.287109375
116,2023-02-14,22000.0,20363.009765625
116,2023-02-15,9000.0,17205.67578125
116,2023-02-16,8000.0,38087.10546875
116,2023-02-17,12000.0,33059.33203125
116,2023-02-17,7250.0,20387.95703125
116,2023-02-17,25000.0,19438.4453125
116,2023-02-17,12000.0,17223.0234375
116,2023-02-21,25000.0,20742.509765625
116,2023-02-22,9000.0,17253.57421875
116,2023-02-23,8000.0,37984.53125
116,2023-02-24,12000.0,32921.984375
116,2023-02-24,12000.0,20775.01171875
116,2023-02-24,7250.0,20424.25
116,2023-02-24,25000.0,19489.08984375
116,2023-02-28,22000.0,17283.44921875
116,2023-03-01,9000.0,17328.46875
116,2023-03-02,8000.0,37846.89453125
116,2023-03-03,11000.0,32740.5703125
116,2023-03-03,8000.0,20470.8984375
116,2023-03-03,22000.0,19554.21875
116,2023-03-03,12000.0,17365.884765625
116,2023-03-07,22000.0,20816.8125
116,2023-03-08,10000.0,17424.29296875
116,2023-03-09,8000.0,37676.19921875
116,2023-03-10,25000.0,32518.078125
116,2023-03-10,12000.0,17475.908203125
116,2023-03-10,12000.0,20866.5625
116,2023-03-10,7500.0,20526.607421875
116,2023-03-14,25000.0,19631.98828125
116,2023-03-15,11000.0,17549.2890625
116,2023-03-16,8000.0,37473.76171875
116,2023-03-17,9000.0,32255.2578125
116,2023-03-17,7500.0,20589.83984375
116,2023-03-17,25000.0,19720.361328125
116,2023-03-17,12000.0,17607.390625
116,2023-03-21,25000.0,20922.87890625
116,2023-03-22,11500.0,17688.525390625
116,2023-03-23,8000.0,37240.6484375
116,2023-03-24,7500.0,31956.4921875
116,2023-03-24,12000.0,19817.1484375
116,2023-03-24,9000.0,20984.251953125
116,2023-03-24,25000.0,20659.005859375
116,2023-03-28,25000.0,17751.759765625
116,2023-03-29,8000.0,17842.40234375
116,2023-03-30,8000.0,31673.79296875
116,2023-03-31,9000.0,31624.517578125
116,2023-03-31,9500.0,20732.232421875
116,2023-03-31,25000.0,19920.390625
116,2023-03-31,12000.0,17916.5625
116,2023-04-04,25000.0,21049.056640625
116,2023-04-05,11000.0,18017.5234375
116,2023-04-06,8000.0,36699.66796875
116,2023-04-07,25000.0,31265.23828125
116,2023-04-07,12000.0,18094.46875
116,2023-04-07,7500.0,21115.6640625
116,2023-04-07,10000.0,20807.91015625
116,2023-04-11,25000.0,20027.775390625
116,2023-04-14,25000.0,18197.984375
116,2023-04-18,25000.0,18275.986328125
116,2023-04-21,7500.0,18380.0234375
116,2023-04-21,8250.0,20960.404296875
116,2023-04-21,25000.0,20245.4609375
116,2023-04-21,10000.0,18457.69921875
116,2023-04-25,25000.0,21248.53125
116,2023-04-26,11000.0,18560.38671875
116,2023-04-27,8000.0,35759.83203125
116,2023-04-28,25000.0,30071.076171875
116,2023-04-28,10000.0,18636.478515625
116,2023-04-28,7500.0,21312.798828125
116,2023-04-28,7000.0,21034.564453125
116,2023-05-02,25000.0,20352.04296875
116,2023-05-03,10000.0,18736.30859375
116,2023-05-04,8000.0,35430.04296875
116,2023-05-05,7500.0,29659.423828125
116,2023-05-05,6500.0,21105.71484375
116,2023-05-05,25000.0,20454.904296875
116,2023-05-05,9500.0,18809.78125
116,2023-05-09,25000.0,21374.18359375
116,2023-05-10,10500.0,18905.48828125
116,2023-05-11,8000.0,35091.03515625
116,2023-05-12,25000.0,29247.85546875
116,2023-05-12,10000.0,18975.48828125
116,2023-05-12,7500.0,21431.6640625
116,2023-05-12,7000.0,21172.859375
116,2023-05-16,25000.0,20552.845703125
116,2023-05-17,10000.0,19066.62109375
116,2023-05-18,7000.0,34754.97265625
116,2023-05-19,7500.0,28840.78125
116,2023-05-19,7500.0,21235.1328125
116,2023-05-19,25000.0,20644.65234375
116,2023-05-19,10000.0,19133.0859375
116,2023-05-23,25000.0,21484.67578125
116,2023-05-24,10000.0,19218.42578125
116,2023-05-25,7000.0,34425.14453125
116,2023-05-26,25000.0,28446.208984375
116,2023-05-30,25000.0,19279.7734375
116,2023-05-31,10000.0,19357.97265625
116,2023-06-01,7000.0,34108.48828125
116,2023-06-02,6000.0,28070.1640625
116,2023-06-02,7500.0,20806.1953125
116,2023-06-02,11000.0,21343.0078125
116,2023-06-03,25000.0,21575.849609375
116,2023-06-06,25000.0,19431.82421875
116,2023-06-07,11000.0,19484.34375
116,2023-06-08,7000.0,33806.375
116,2023-06-09,7500.0,27717.416015625
116,2023-06-09,7500.0,21388.15234375
116,2023-06-09,18000.0,20874.84765625
116,2023-06-09,10000.0,19534.294921875
116,2023-06-13,15000.0,21613.98046875
116,2023-06-14,10500.0,19596.2578125
116,2023-06-15,7000.0,33527.45703125
116,2023-06-16,8000.0,27394.810546875
116,2023-06-16,7500.0,21646.951171875
116,2023-06-16,7500.0,21427.578125
116,2023-06-16,15000.0,20935.0546875
116,2023-06-20,18000.0,19639.529296875
116,2023-06-21,10000.0,19693.07421875
116,2023-06-22,7000.0,33274.3671875
116,2023-06-23,7500.0,27107.44140625
116,2023-06-23,7500.0,21461.294921875
116,2023-06-23,18000.0,20986.7890625
116,2023-06-23,8000.0,19730.0625
116,2023-06-27,18000.0,21674.884765625
116,2023-06-28,10000.0,19775.171875
116,2023-06-29,6800.0,33057.01171875
116,2023-06-30,7500.0,26859.853515625
116,2023-06-30,18000.0,21697.91796875
116,2023-06-30,8000.0,19805.779296875
116,2023-06-30,8500.0,21489.29296875
116,2023-07-04,20000.0,21029.873046875
116,2023-07-05,10000.0,19842.375
116,2023-07-06,7000.0,32875.4609375
116,2023-07-07,7500.0,26655.462890625
116,2023-07-07,7500.0,21511.6171875
116,2023-07-07,18000.0,21064.357421875
116,2023-07-07,6000.0,19866.59375
116,2023-07-11,20000.0,21716.21875
116,2023-07-12,9000.0,19894.607421875
116,2023-07-13,7000.0,32733.7578125
116,2023-07-14,6000.0,26497.80078125
116,2023-07-14,7500.0,21730.173828125
116,2023-07-14,8500.0,21528.41015625
116,2023-07-14,20000.0,21090.294921875
116,2023-07-18,18000.0,19912.3984375
116,2023-07-19,8500.0,19931.77734375
116,2023-07-20,7000.0,32635.2109375
116,2023-07-21,7500.0,26389.1796875
116,2023-07-21,8500.0,21539.7578125
116,2023-07-21,18000.0,21107.73046875
116,2023-07-21,8000.0,19943.14453125
116,2023-07-25,20000.0,21739.640625
116,2023-07-26,8500.0,19953.943359375
116,2023-07-27,7000.0,32581.15234375
116,2023-07-28,8000.0,26331.779296875
116,2023-07-28,6000.0,21744.71875
116,2023-07-28,8000.0,21116.71484375
116,2023-07-28,20000.0,21545.71875
116,2023-08-01,20000.0,19958.818359375
116,2023-08-02,8800.0,19960.994140625
116,2023-08-03,7000.0,32572.580078125
116,2023-08-04,7500.0,26326.390625
116,2023-08-04,5900.0,21546.34765625
116,2023-08-04,20000.0,39043.01171875
116,2023-08-04,8500.0,19959.390625
116,2023-08-08,18000.0,21745.474609375
116,2023-08-11,18000.0,19952.92578125
116,2023-08-15,18000.0,19944.83984375
116,2023-08-18,18000.0,19929.716796875
116,2023-08-22,18000.0,19915.150390625
116,2023-08-25,18000.0,19891.40625
116,2023-08-29,20000.0,19870.3515625
116,2023-09-01,8000.0,19837.951171875
116,2023-09-01,9000.0,21704.478515625
116,2023-09-01,8000.0,21034.8203125
116,2023-09-06,9700.0,21494.806640625
116,2023-09-07,7000.0,33199.51953125
116,2023-09-08,7500.0,27055.28515625
116,2023-09-08,8500.0,21467.93359375
116,2023-09-08,20000.0,20992.68359375
116,2023-09-08,8000.0,19735.47265625
116,2023-09-12,20000.0,21682.615234375
116,2023-09-13,10000.0,19685.919921875
116,2023-09-14,7000.0,33444.21875
116,2023-09-15,20000.0,27336.2421875
116,2023-09-15,9000.0,19645.55078125
116,2023-09-15,8000.0,21655.78125
116,2023-09-15,8500.0,21435.3046875
116,2023-09-19,20000.0,39684.08203125
116,2023-09-20,10000.0,19587.52734375
116,2023-09-21,7250.0,33715.9609375
116,2023-09-22,7000.0,27653.34375
116,2023-09-22,9000.0,21396.77734375
116,2023-09-22,20000.0,20882.541015625
116,2023-09-22,8000.0,19540.88671875
116,2023-09-26,22000.0,21623.8125
116,2023-09-27,10000.0,19473.9140625
116,2023-09-28,7000.0,34012.140625
116,2023-09-29,20000.0,28002.01953125
116,2023-09-29,8000.0,19420.623046875
116,2023-09-29,7500.0,21586.521484375
116,2023-09-29,8500.0,21351.6328125
116,2023-10-03,20000.0,20814.595703125
116,2023-10-04,9500.0,19345.72265625
116,2023-10-05,7000.0,34326.36328125
116,2023-10-06,9500.0,28375.12890625
116,2023-10-06,9000.0,21300.599609375
116,2023-10-06,20000.0,20738.2890625
116,2023-10-06,8000.0,19286.65234375
116,2023-10-10,20000.0,21544.25390625
116,2023-10-13,20000.0,19204.265625
116,2023-10-17,22000.0,19139.814453125
116,2023-10-20,23000.0,19050.6484375
116,2023-10-24,25000.0,18981.96875
116,2023-10-25,11000.0,18888.14453125
116,2023-10-27,25000.0,35335.03125
116,2023-10-31,25000.0,18815.888671875
116,2023-11-01,10000.0,18717.33984375
116,2023-11-03,25000.0,35668.921875
116,2023-11-07,25000.0,18641.939453125
116,2023-11-08,10000.0,18539.89453125
116,2023-11-14,25000.0,35995.65234375
116,2023-11-15,10000.0,18358.19140625
116,2023-11-17,25000.0,36313.4609375
116,2023-11-22,10000.0,18279.740234375
116,2023-11-27,10500.0,36620.8828125
116,2023-12-01,25000.0,36829.80859375
116,2023-12-04,22000.0,17918.66015625
116,2023-12-06,10500.0,17844.193359375
116,2023-12-08,22000.0,37180.16015625
116,2023-12-12,25000.0,17753.369140625
116,2023-12-13,10000.0,17669.099609375
116,2023-12-15,25000.0,37422.65234375
116,2023-12-19,25000.0,17608.345703125
116,2023-12-20,11000.0,17531.12890625
116,2023-12-26,25000.0,37633.09765625
116,2024-01-24,12000.0,17407.962890625
116,2024-01-26,25000.0,38184.30859375
116,2024-01-30,25000.0,17168.55859375
116,2024-02-02,25000.0,17165.6328125
116,2024-02-20,22000.0,17167.2421875
116,2024-02-21,10000.0,17244.3828125
116,2024-02-23,22000.0,38001.328125
116,2024-02-27,25000.0,17273.10546875
116,2024-02-28,11000.0,17316.703125
116,2024-03-01,25000.0,37868.6953125
116,2024-03-05,25000.0,17353.080078125
116,2024-03-06,11500.0,17407.76171875
116,2024-03-08,25000.0,37702.53125
116,2024-03-12,25000.0,17458.37109375
116,2024-03-13,11500.0,17530.5
116,2024-03-15,25000.0,37504.546875
116,2024-03-19,25000.0,17587.78125
116,2024-03-20,12000.0,17667.880859375
116,2024-03-22,25000.0,37275.62109375
116,2024-03-26,25000.0,17730.447265625
116,2024-03-27,12000.0,17818.02734375
116,2024-03-29,22000.0,37019.91015625
116,2024-04-02,25000.0,17891.65234375
116,2024-04-03,11000.0,17992.095703125
116,2024-04-05,25000.0,36741.18359375
116,2024-04-09,20000.0,18068.775390625
116,2024-04-10,11000.0,18172.05078125
116,2024-04-12,20000.0,36443.30078125
116,2024-04-16,20000.0,18249.978515625
116,2024-04-17,10500.0,18354.02734375
116,2024-04-19,20000.0,36130.26953125
116,2024-04-26,20000.0,18431.90234375
116,2024-05-03,22000.0,18611.212890625
116,2024-05-08,11500.0,18785.4453125
116,2024-05-14,18000.0,35139.44921875
116,2024-05-15,11500.0,19044.046875
116,2024-05-17,18000.0,34802.62109375
116,2024-05-21,18000.0,19111.15625
116,2024-05-22,12000.0,19197.46484375
116,2024-05-28,16000.0,34471.64453125
116,2024-05-29,12000.0,19338.84765625
116,2024-05-31,18000.0,34153.125
116,2024-06-11,20000.0,19395.44140625
116,2024-06-12,12500.0,19581.24609375
116,2024-06-19,13000.0,33565.7578125
116,2024-06-21,20000.0,33308.13671875
116,2024-06-25,20000.0,19718.046875
116,2024-06-26,12500.0,19764.3515625
116,2024-06-28,20000.0,33086.0859375
116,2024-07-02,20000.0,19795.87109375
116,2024-07-03,12500.0,19833.68359375
116,2024-07-05,20000.0,32899.0703125
116,2024-07-09,20000.0,19858.82421875
116,2024-07-12,20000.0,19888.0703125
116,2024-07-16,20000.0,19906.765625
116,2024-07-17,12500.0,19927.388671875
116,2024-07-19,20000.0,32646.53515625
116,2024-07-23,20000.0,19939.6640625
116,2024-07-24,12700.0,19951.70703125
116,2024-07-31,12300.0,32586.0625
116,2024-08-07,12000.0,32571.0390625
116,2024-08-14,12000.0,32601.70703125
116,2024-08-21,12000.0,32677.826171875
116,2024-08-28,12000.0,32798.1328125
116,2024-09-04,14000.0,32961.92578125
116,2024-09-11,14000.0,33167.36328125
116,2024-09-13,20000.0,33407.37109375
116,2024-09-17,20000.0,19659.322265625
116,2024-09-18,15000.0,19602.49609375
116,2024-09-20,20000.0,33675.515625
116,2024-09-24,22000.0,19556.765625
116,2024-09-25,15500.0,19491.08984375
116,2024-09-27,22000.0,33968.46484375
116,2024-10-01,21000.0,19438.66796875
116,2024-10-02,15000.0,19364.8359375
116,2024-10-04,22000.0,34280.44140625
116,2024-10-08,22000.0,19306.625
116,2024-10-09,14000.0,19225.2578125
116,2024-10-11,25000.0,34607.98828125
116,2024-10-15,22000.0,19161.54296875
116,2024-10-16,14000.0,19073.267578125
116,2024-10-18,25000.0,34944.80078125
116,2024-10-22,25000.0,19004.962890625
116,2024-10-23,15000.0,18911.87890625
116,2024-10-29,25000.0,35286.265625
116,2024-10-30,15500.0,18742.19921875
116,2024-11-05,24000.0,35621.734375
116,2024-11-06,15000.0,18565.53125
116,2024-11-08,25000.0,35949.44140625
116,2024-11-12,26000.0,18488.341796875
116,2024-11-13,16000.0,18384.34765625
116,2024-11-15,25000.0,36268.36328125
116,2024-11-19,25000.0,18305.904296875
116,2024-11-20,17000.0,18201.34765625
116,2024-11-22,22000.0,36577.97265625
116,2024-11-26,22000.0,18123.25390625
116,2024-11-27,17500.0,18020.0
116,2024-12-04,18000.0,36870.5
116,2024-12-06,22000.0,37143.19921875
116,2024-12-10,22000.0,17774.96875
116,2024-12-11,17000.0,17689.798828125
116,2024-12-13,22000.0,37389.765625
116,2024-12-17,22000.0,17628.34375
116,2025-01-03,22000.0,17550.005859375
116,2025-01-07,22000.0,17305.51953125
116,2025-01-08,13000.0,17263.28515625
116,2025-01-10,22000.0,38039.03515625
116,2025-01-14,25000.0,17236.609375
116,2025-01-15,15000.0,17211.3984375
116,2025-01-17,25000.0,38124.90625
116,2025-01-21,25000.0,17195.982421875
116,2025-01-22,15000.0,17180.265625
116,2025-01-24,25000.0,38176.15234375
116,2025-02-04,25000.0,17172.1796875
116,2025-02-05,13000.0,17170.125
116,2025-02-07,20000.0,38173.96875
116,2025-02-11,20000.0,17177.091796875
116,2025-02-14,20000.0,17191.34765625
116,2025-02-18,20000.0,17205.67578125
116,2025-02-19,13000.0,17229.45703125
116,2025-02-21,20000.0,38032.69921875
116,2025-02-25,20000.0,17253.57421875
116,2025-02-26,13500.0,17294.1875
116,2025-02-28,13500.0,37910.234375
116,2025-02-28,20000.0,37868.6953125
116,2025-03-04,20000.0,17328.46875
116,2025-03-05,13500.0,17379.013671875
116,2025-03-07,20000.0,37753.2265625
116,2025-03-11,23000.0,17424.29296875
116,2025-03-12,14000.0,17493.8046875
116,2025-03-14,23000.0,37564.33203125
116,2025-03-18,23000.0,17549.2890625
116,2025-03-19,13000.0,17627.3046875
116,2025-03-21,25000.0,37343.94140625
116,2025-03-25,25000.0,17688.525390625
116,2025-03-26,14000.0,17773.255859375
116,2025-03-28,25000.0,37095.51171875
116,2025-04-01,25000.0,17842.40234375
116,2025-04-02,14500.0,17941.55078125
116,2025-04-04,25000.0,36822.94140625
116,2025-04-08,25000.0,18017.5234375
116,2025-04-09,12500.0,18120.26953125
116,2025-04-11,25000.0,36530.12109375
116,2025-04-15,25000.0,18197.984375
116,2025-04-16,13000.0,18301.98046875
116,2025-04-18,25000.0,36221.484375
116,2025-04-22,25000.0,18380.0234375
116,2025-04-23,11000.0,18483.49609375
116,2025-04-25,11000.0,35898.62890625
116,2025-04-25,25000.0,35806.16796875
116,2025-04-29,25000.0,18560.38671875
116,2025-05-06,25000.0,18661.625
116,2025-05-07,13500.0,18833.943359375
116,2025-05-09,25000.0,35236.41796875
116,2025-05-13,22000.0,18905.48828125
117,2021-09-23,4000.0,19467.59765625
117,2021-09-24,4000.0,19434.72265625
117,2021-09-28,4000.0,19417.80859375
117,2021-09-30,5000.0,19347.37890625
117,2021-10-01,3000.0,19310.439453125
117,2021-10-05,5000.0,19291.515625
117,2022-04-26,6000.0,19213.1640625
117,2022-04-29,5000.0,18483.650390625
117,2022-05-06,6000.0,18560.447265625
117,2022-05-10,5000.0,18735.1953125
117,2022-05-13,5000.0,18831.58203125
117,2022-05-16,6000.0,18901.900390625
117,2022-05-20,6000.0,18970.47265625
117,2022-05-24,6000.0,19059.375
117,2022-05-27,6000.0,19145.021484375
117,2022-05-31,6000.0,19206.6328125
117,2022-06-03,7000.0,19285.01171875
117,2022-06-07,8000.0,19340.884765625
117,2022-06-10,7000.0,19411.416015625
117,2022-06-14,8000.0,19461.306640625
117,2022-06-17,7000.0,19523.68359375
117,2022-06-21,8000.0,19567.189453125
117,2022-06-24,7000.0,19620.44921875
117,2022-06-28,7000.0,19657.197265625
117,2022-07-01,7000.0,19701.87109375
117,2022-07-05,6000.0,19732.08984375
117,2022-07-08,7000.0,19768.0625
117,2022-07-12,6000.0,19791.771484375
117,2022-07-15,7000.0,19819.015625
117,2022-07-19,6000.0,19836.1796875
117,2022-07-22,6000.0,19854.65234375
117,2022-07-26,6000.0,19865.2421875
117,2022-07-29,7000.0,19874.953125
117,2022-08-02,6000.0,19878.958984375
117,2023-03-14,8000.0,19879.916015625
117,2023-03-17,5000.0,17445.349609375
117,2023-03-21,5000.0,17504.15625
117,2023-03-24,5000.0,17586.17578125
117,2023-03-28,5000.0,17650.126953125
117,2023-03-31,5000.0,17738.140625
117,2023-04-04,5000.0,17806.005859375
117,2023-04-07,5000.0,17907.99609375
117,2023-04-11,5000.0,17985.76171875
117,2023-04-14,5000.0,18090.58203125
117,2023-04-18,5000.0,18169.58984375
117,2023-04-21,5000.0,18274.9375
117,2023-04-25,5000.0,18353.6875
117,2023-04-28,5000.0,18457.849609375
117,2023-05-02,5000.0,18534.97265625
117,2023-05-05,5000.0,18636.20703125
117,2023-05-09,5000.0,18710.671875
117,2023-05-12,5000.0,18807.765625
117,2023-05-16,6000.0,18878.640625
117,2023-05-19,6000.0,18970.47265625
117,2023-05-23,6000.0,19037.345703125
117,2023-05-26,5000.0,19123.9921875
117,2023-05-30,6000.0,19186.34375
117,2023-06-03,7000.0,19265.81640625
117,2023-06-06,7000.0,19340.884765625
117,2024-03-19,7000.0,19394.203125
117,2024-03-26,7000.0,17565.314453125
117,2024-03-29,8000.0,17715.8671875
117,2024-04-02,7000.0,17783.1953125
117,2024-04-05,7000.0,17882.318359375
117,2024-04-09,6000.0,17959.740234375
117,2024-04-12,6000.0,18064.30078125
117,2024-04-26,7000.0,18143.23828125
117,2024-05-03,7000.0,18509.373046875
117,2024-05-14,7000.0,18686.00390625
117,2024-05-17,7000.0,18947.84375
117,2024-05-21,7000.0,19015.138671875
117,2024-05-28,6000.0,19102.701171875
117,2024-05-31,6000.0,19246.337890625
117,2024-06-11,6000.0,19303.904296875
117,2024-06-21,6000.0,19493.111328125
117,2024-06-25,7000.0,19633.005859375
117,2024-06-28,7000.0,19680.1328125
117,2024-07-02,6000.0,19712.240234375
117,2024-07-05,6000.0,19750.73046875
117,2024-07-09,6000.0,19776.296875
117,2024-07-12,6000.0,19806.01171875
117,2024-07-16,6000.0,19825.02734375
117,2024-07-19,6000.0,19846.0234375
117,2024-07-23,7000.0,19858.513671875
117,2024-09-20,8000.0,19870.73046875
117,2024-09-24,8000.0,19467.59765625
117,2024-09-27,8000.0,19400.640625
117,2024-10-01,8000.0,19347.37890625
117,2025-04-11,7000.0,19272.33203125
117,2025-04-15,7000.0,18090.58203125
117,2025-04-18,7000.0,18195.919921875
117,2025-04-22,7000.0,18274.9375
117,2025-04-25,7000.0,18379.865234375
117,2025-04-29,7000.0,18457.849609375
117,2025-05-06,7000.0,18560.447265625
117,2025-05-09,7000.0,18735.1953125
117,2025-05-13,6000.0,18807.765625
118,2021-08-13,5000.0,19778.26171875
118,2021-08-17,6000.0,19774.505859375
118,2021-08-19,8000.0,19756.26953125
118,2021-08-20,5000.0,19745.251953125
118,2021-08-24,7000.0,19739.259765625
118,2021-08-26,7000.0,19712.072265625
118,2021-08-27,5000.0,19696.548828125
118,2021-08-31,5000.0,19688.3046875
118,2021-09-07,4000.0,19652.171875
118,2021-09-09,5000.0,19576.69921875
118,2021-09-10,6000.0,19552.06640625
118,2021-09-14,5000.0,19539.24609375
118,2021-09-16,8000.0,19484.80859375
118,2021-09-17,5000.0,19455.68359375
118,2021-09-21,5000.0,19440.6328125
118,2021-09-23,6000.0,19377.48046875
118,2021-09-24,6000.0,19344.0703125
118,2021-09-28,5000.0,19326.921875
118,2021-09-30,7000.0,19255.29296875
118,2021-10-01,4000.0,19217.779296875
118,2021-10-05,3000.0,19198.5625
118,2021-10-07,4000.0,19118.947265625
118,2021-10-08,5000.0,19077.51171875
118,2021-10-12,5000.0,19056.404296875
118,2021-10-14,6000.0,18970.0703125
118,2021-10-15,5000.0,18925.70703125
118,2021-10-19,7000.0,18903.1484375
118,2021-10-21,10000.0,18810.7734375
118,2021-10-22,7000.0,18763.3125
118,2021-10-26,7000.0,18739.2578125
118,2021-10-28,8000.0,18641.23828125
118,2021-10-29,10000.0,18591.181640625
118,2021-11-02,10000.0,18565.931640625
118,2021-11-05,10000.0,18463.4296875
118,2021-11-09,10000.0,18385.12109375
118,2021-11-18,10000.0,18279.3671875
118,2021-11-19,10000.0,18038.59375
118,2021-11-23,10000.0,18011.830078125
118,2021-11-25,10000.0,17905.328125
118,2021-11-26,10000.0,17852.44140625
118,2021-11-30,10000.0,17826.173828125
118,2021-12-02,8000.0,17730.423828125
118,2021-12-03,8000.0,17684.099609375
118,2022-04-26,7000.0,17661.19921875
118,2022-04-29,8000.0,18380.81640625
118,2022-05-06,8000.0,18458.7578125
118,2023-03-10,8000.0,18635.8671875
118,2023-03-14,10000.0,17285.58203125
118,2023-03-17,7000.0,17349.53515625
118,2023-03-21,7000.0,17400.55078125
118,2023-03-24,7000.0,17483.52734375
118,2023-03-28,7000.0,17548.19921875
118,2023-03-31,6000.0,17637.18359375
118,2023-04-04,6000.0,17705.6953125
118,2023-04-07,6000.0,17798.927734375
118,2023-04-11,7000.0,17876.79296875
118,2023-04-14,7000.0,17982.66796875
118,2023-04-18,7000.0,18062.666015625
118,2023-04-21,7000.0,18169.36328125
118,2023-04-25,7000.0,18249.099609375
118,2023-04-28,7000.0,18354.6328125
118,2023-05-02,7000.0,18432.923828125
118,2023-05-05,7000.0,18535.49609375
118,2023-05-09,7000.0,18610.98046875
118,2023-05-12,7000.0,18709.4296875
118,2023-05-16,7000.0,18781.31640625
118,2023-05-19,7000.0,18874.3828125
118,2023-05-23,7000.0,18941.88671875
118,2023-05-26,7000.0,19028.890625
118,2023-05-30,8000.0,19092.125
118,2023-06-03,8000.0,19172.86328125
118,2023-06-06,8000.0,19249.15625
118,2023-06-09,7000.0,19303.34375
118,2023-06-13,7000.0,19354.9140625
118,2023-06-16,7000.0,19419.4765625
118,2023-06-20,7000.0,19464.72265625
118,2023-06-23,7000.0,19520.7421875
118,2023-06-27,7000.0,19559.46484375
118,2023-06-30,7000.0,19606.3125
118,2023-07-04,7000.0,19638.017578125
118,2023-07-07,6000.0,19675.89453125
118,2023-07-11,6000.0,19700.9609375
118,2023-07-14,6000.0,19729.93359375
118,2023-07-18,6000.0,19748.34765625
118,2023-07-21,6000.0,19768.427734375
118,2023-07-25,7000.0,19780.125
118,2023-07-28,7000.0,19791.27734375
118,2023-08-01,7000.0,19796.287109375
118,2023-08-04,7000.0,19798.515625
118,2023-08-08,7000.0,19796.82421875
118,2023-08-11,7000.0,19790.09765625
118,2023-08-15,7000.0,19781.71875
118,2023-08-18,7000.0,19766.04296875
118,2023-08-22,7000.0,19750.92578125
118,2023-08-25,7000.0,19726.291015625
118,2023-08-29,7000.0,19704.47265625
118,2023-09-08,7000.0,19670.876953125
118,2023-09-12,7000.0,19564.55078125
118,2023-09-15,7000.0,19512.65234375
118,2023-09-19,7000.0,19470.40234375
118,2023-09-22,7000.0,19409.673828125
118,2023-09-26,7000.0,19360.91796875
118,2023-09-29,8000.0,19291.69921875
118,2023-10-03,8000.0,19236.697265625
118,2023-10-06,8000.0,19159.33203125
118,2023-10-10,8000.0,19098.375
118,2023-10-13,8000.0,19013.51953125
118,2023-10-17,8000.0,18947.9921875
118,2023-10-20,9000.0,18857.380859375
118,2023-10-24,8000.0,18787.150390625
118,2023-10-27,8000.0,18690.63671875
118,2023-10-31,8000.0,18616.28125
118,2023-11-03,8000.0,18514.95703125
118,2023-11-07,8000.0,18437.431640625
118,2023-11-14,8000.0,18332.41015625
118,2023-11-17,8000.0,18145.873046875
118,2023-12-04,8000.0,18065.41015625
118,2025-04-11,8000.0,17638.34765625
118,2025-04-15,10000.0,17982.66796875
118,2025-04-18,10000.0,18089.33984375
118,2025-04-22,10000.0,18169.36328125
118,2025-04-25,8000.0,18275.587890625
118,2025-04-29,8000.0,18354.6328125
118,2025-05-06,8000.0,18458.7578125
118,2025-05-09,8000.0,18635.8671875
118,2025-05-13,10000.0,18709.4296875
119,2021-05-21,14500.0,18868.61328125
119,2021-05-25,30000.0,18398.76953125
119,2021-05-27,30000.0,18976.767578125
119,2021-05-28,14500.0,19018.294921875
119,2021-05-28,30000.0,18134.7421875
119,2021-06-10,30000.0,19038.90234375
119,2021-06-11,11000.0,19280.9921875
119,2021-06-11,30000.0,17698.69921875
119,2021-06-18,11000.0,19297.5703125
119,2021-06-25,11500.0,17531.798828125
119,2021-07-01,15000.0,17386.373046875
119,2021-07-02,11500.0,19562.771484375
119,2021-07-02,20000.0,17271.85546875
119,2021-07-09,11500.0,19572.662109375
119,2021-07-16,13000.0,17183.0546875
119,2021-07-23,11500.0,17118.486328125
119,2021-07-27,32000.0,17079.2265625
119,2021-07-30,8500.0,19712.509765625
119,2021-07-30,25000.0,17063.609375
119,2021-08-05,25000.0,19715.6484375
119,2021-08-06,30000.0,19713.1640625
119,2021-08-06,8500.0,19711.6015625
119,2021-08-10,30000.0,17070.693359375
119,2021-08-12,30000.0,19702.1484375
119,2021-08-13,7500.0,19695.45703125
119,2021-08-20,7500.0,17101.09375
119,2021-08-20,35000.0,17156.2734375
119,2021-08-24,35000.0,19655.732421875
119,2021-08-26,25000.0,19628.0625
119,2021-08-27,7500.0,19612.2578125
119,2021-08-31,25000.0,17236.521484375
119,2021-09-07,30000.0,19566.888671875
119,2021-09-09,40000.0,19489.224609375
119,2021-09-10,12500.0,19464.1328125
119,2021-09-10,30000.0,17475.328125
119,2021-09-14,25000.0,19451.08984375
119,2021-09-17,12500.0,19395.71484375
119,2021-09-24,9500.0,17632.56640625
119,2021-10-01,9500.0,17813.77734375
119,2021-10-08,9500.0,18035.50390625
119,2021-10-15,9500.0,18292.5390625
119,2021-10-22,9500.0,18574.77734375
119,2021-10-29,11500.0,18878.486328125
119,2021-11-05,9500.0,19195.1015625
119,2021-11-12,14500.0,19515.556640625
119,2021-11-19,14500.0,19839.978515625
119,2021-11-26,14500.0,20171.115234375
119,2021-12-03,14500.0,20492.09765625
119,2021-12-07,35000.0,20794.28515625
119,2021-12-09,30000.0,17468.623046875
119,2021-12-10,14500.0,17424.22265625
119,2021-12-10,30000.0,21073.24609375
119,2021-12-17,14500.0,17402.3515625
119,2021-12-17,30000.0,21324.802734375
119,2021-12-24,14500.0,17277.5234375
119,2021-12-24,30000.0,21543.68359375
119,2021-12-31,12500.0,17180.01171875
119,2022-01-06,10500.0,21729.69140625
119,2022-01-12,9000.0,21860.041015625
119,2022-01-13,7500.0,38049.9296875
119,2022-01-20,7500.0,21976.779296875
119,2022-01-27,7500.0,22053.626953125
119,2022-02-10,19500.0,22089.28515625
119,2022-02-17,15000.0,22035.6015625
119,2022-02-24,11500.0,21947.271484375
119,2022-03-03,11500.0,21819.7109375
119,2022-03-10,11500.0,21654.609375
119,2022-03-17,11500.0,21454.6171875
119,2022-03-24,11500.0,21222.39453125
119,2022-03-31,11500.0,20959.0
119,2022-04-08,11500.0,20671.95703125
119,2022-04-15,13500.0,20320.14453125
119,2022-04-20,11000.0,19997.560546875
119,2022-04-22,13500.0,36045.80859375
119,2022-04-27,13000.0,19671.99609375
119,2022-04-29,13500.0,35726.17578125
119,2022-05-04,13000.0,19355.841796875
119,2022-05-06,13500.0,35403.29296875
119,2022-05-11,13000.0,19040.51171875
119,2022-05-13,13500.0,35073.16015625
119,2022-05-13,7000.0,18731.7578125
119,2022-05-15,24000.0,20364.875
119,2022-05-18,15000.0,18754.5390625
119,2022-05-20,11500.0,34746.95703125
119,2022-05-20,9000.0,18438.5625
119,2022-05-25,16000.0,20461.677734375
119,2022-05-27,11500.0,34427.671875
119,2022-05-27,3000.0,18170.859375
119,2022-06-01,17000.0,20551.181640625
119,2022-06-03,11500.0,34122.41015625
119,2022-06-03,5000.0,17928.3359375
119,2022-06-08,18000.0,20632.603515625
119,2022-06-10,5000.0,33833.3125
119,2022-06-10,11500.0,21841.89453125
119,2022-06-15,18000.0,17724.548828125
119,2022-06-17,11500.0,33566.07421875
119,2022-06-17,8000.0,17554.42578125
119,2022-06-22,18000.0,21859.201171875
119,2022-06-24,11500.0,33325.2734375
119,2022-06-24,6000.0,17405.533203125
119,2022-06-29,19000.0,21873.6640625
119,2022-07-01,11500.0,33119.4921875
119,2022-07-01,14000.0,17286.53125
119,2022-07-06,18400.0,21885.43359375
119,2022-07-08,10900.0,32948.59765625
119,2022-07-08,11000.0,21894.6796875
119,2022-07-13,18000.0,17194.337890625
119,2022-07-15,2000.0,32816.87890625
119,2022-07-15,11500.0,21901.58984375
119,2022-07-20,14000.0,17126.095703125
119,2022-07-22,12500.0,32727.01171875
119,2022-07-27,12000.0,17083.35546875
119,2022-07-29,12500.0,32680.802734375
119,2022-08-03,12000.0,17064.435546875
119,2022-08-05,12500.0,32679.03125
119,2022-08-05,6000.0,17068.25390625
119,2022-08-10,13000.0,21908.515625
119,2022-08-12,12500.0,32721.845703125
119,2022-08-12,6000.0,21428.96875
119,2022-08-17,13000.0,20947.09375
119,2022-08-19,12500.0,32808.484375
119,2022-08-19,6000.0,21416.73046875
119,2022-08-24,17000.0,20928.03515625
119,2022-08-26,10000.0,32937.12890625
119,2022-08-26,30000.0,20899.7421875
119,2022-08-26,12500.0,19612.2578125
119,2022-08-31,17500.0,21398.39453125
119,2022-09-02,12500.0,33108.890625
119,2022-09-02,8000.0,21373.375
119,2022-09-02,30000.0,20862.150390625
119,2022-09-07,19000.0,19546.34765625
119,2022-09-09,12500.0,33318.05859375
119,2022-09-09,19000.0,21341.88671875
119,2022-09-14,20000.0,20815.205078125
119,2022-09-16,15000.0,33558.55859375
119,2022-09-16,12500.0,20758.904296875
119,2022-09-21,22000.0,21303.94140625
119,2022-09-23,6000.0,33826.16015625
119,2022-09-23,12500.0,20693.380859375
119,2022-10-07,12500.0,21259.5625
119,2022-10-12,22000.0,21151.703125
119,2022-10-19,22000.0,34745.41796875
119,2022-10-21,12500.0,35074.62109375
119,2022-10-21,9000.0,21019.666015625
119,2022-10-26,23000.0,20345.67578125
119,2022-10-28,12500.0,35406.76953125
119,2022-10-28,12000.0,20945.97265625
119,2022-10-28,30000.0,20240.73046875
119,2022-11-01,30000.0,18490.19140625
119,2022-11-02,24000.0,18386.736328125
119,2022-11-09,25000.0,35729.9296875
119,2022-11-11,12500.0,36047.96484375
119,2022-11-11,16000.0,20787.634765625
119,2022-11-16,25000.0,20016.53125
119,2022-11-18,12500.0,36359.01953125
119,2022-11-18,20000.0,20705.171875
119,2022-11-23,23000.0,19900.56640625
119,2022-11-25,12500.0,36656.28515625
119,2022-11-25,15000.0,20622.228515625
119,2022-11-30,24000.0,19785.078125
119,2022-12-02,12500.0,36935.87109375
119,2022-12-02,15000.0,17346.9921875
119,2022-12-07,23000.0,41957.875
119,2022-12-09,20000.0,21583.4609375
119,2022-12-09,12500.0,42165.00390625
119,2022-12-13,35000.0,17529.431640625
119,2022-12-14,22000.0,17347.53125
119,2022-12-16,13000.0,21548.63671875
119,2022-12-16,21000.0,17697.232421875
119,2022-12-20,35000.0,42360.14453125
119,2022-12-21,24000.0,17230.453125
119,2022-12-23,16500.0,21516.158203125
119,2022-12-23,18000.0,17856.62109375
119,2023-01-03,26000.0,42541.296875
119,2023-01-03,35000.0,37917.46875
119,2023-01-04,26000.0,17089.421875
119,2023-01-05,35000.0,21461.91796875
119,2023-01-10,30000.0,17078.201171875
119,2023-01-10,25000.0,17059.03515625
119,2023-01-11,27000.0,38025.23828125
119,2023-01-12,30000.0,21441.828125
119,2023-01-17,26000.0,17053.9296875
119,2023-01-17,30000.0,38099.53515625
119,2023-01-18,30000.0,17043.318359375
119,2023-01-20,35000.0,21427.345703125
119,2023-01-24,35000.0,17038.484375
119,2023-01-25,32000.0,17033.927734375
119,2023-01-27,35000.0,21419.015625
119,2023-01-31,35000.0,17031.9453125
119,2023-02-01,34000.0,17031.255859375
119,2023-02-03,35000.0,21417.068359375
119,2023-02-03,19500.0,17032.197265625
119,2023-02-03,13000.0,18318.80078125
119,2023-02-07,35000.0,42977.77734375
119,2023-02-08,32000.0,17035.39453125
119,2023-02-10,19500.0,21421.578125
119,2023-02-10,6000.0,18280.474609375
119,2023-02-10,35000.0,42927.4375
119,2023-02-14,35000.0,17039.220703125
119,2023-02-15,33000.0,17046.15625
119,2023-02-17,19500.0,21432.35546875
119,2023-02-17,10000.0,18208.791015625
119,2023-02-17,35000.0,42841.8203125
119,2023-02-21,35000.0,17052.6953125
119,2023-02-22,25000.0,17063.09375
119,2023-02-24,35000.0,21449.04296875
119,2023-02-24,10000.0,17076.810546875
119,2023-02-24,19500.0,42722.609375
119,2023-02-28,35000.0,18106.7890625
119,2023-03-01,24000.0,17099.7734375
119,2023-03-03,19500.0,21471.06640625
119,2023-03-03,9000.0,17976.33203125
119,2023-03-03,35000.0,42575.71484375
119,2023-03-07,35000.0,17124.48828125
119,2023-03-08,26000.0,17167.0390625
119,2023-03-10,19500.0,21497.6640625
119,2023-03-10,19000.0,17827.5234375
119,2023-03-10,30000.0,42399.68359375
119,2023-03-14,30000.0,17203.921875
119,2023-03-15,25000.0,17260.4375
119,2023-03-17,19500.0,21527.9765625
119,2023-03-17,30000.0,17668.54296875
119,2023-03-17,19000.0,17311.65625
119,2023-03-21,30000.0,42209.39453125
119,2023-03-22,27000.0,17383.091796875
119,2023-03-24,18000.0,21561.14453125
119,2023-03-24,19500.0,42004.38671875
119,2023-03-24,30000.0,17496.33984375
119,2023-03-28,30000.0,17445.92578125
119,2023-03-31,19500.0,17535.90625
119,2023-03-31,15000.0,17312.234375
119,2023-03-31,30000.0,41793.1015625
119,2023-04-04,30000.0,17605.21484375
119,2023-04-05,26000.0,17699.435546875
119,2023-04-07,19500.0,21632.576171875
119,2023-04-07,18000.0,17126.77734375
119,2023-04-07,30000.0,41578.69921875
119,2023-04-11,30000.0,17771.23046875
119,2023-04-14,30000.0,17874.58203125
119,2023-04-18,30000.0,17955.322265625
119,2023-04-21,19500.0,18063.279296875
119,2023-04-21,6000.0,16846.767578125
119,2023-04-21,30000.0,41138.62890625
119,2023-04-25,30000.0,18144.07421875
119,2023-04-26,22000.0,18250.904296875
119,2023-04-28,19500.0,21738.703125
119,2023-04-28,8000.0,16825.26953125
119,2023-04-28,30000.0,40918.08984375
119,2023-05-02,30000.0,18330.14453125
119,2023-05-03,20000.0,18434.26953125
119,2023-05-05,30000.0,21770.94140625
119,2023-05-05,19500.0,18510.796875
119,2023-05-05,20000.0,16860.0
119,2023-05-09,30000.0,40700.6484375
119,2023-05-10,22000.0,18610.5703125
119,2023-05-12,19500.0,21800.79296875
119,2023-05-12,15000.0,16901.125
119,2023-05-12,30000.0,40481.67578125
119,2023-05-16,30000.0,18683.46484375
119,2023-05-17,20000.0,18777.794921875
119,2023-05-19,19500.0,21828.125
119,2023-05-19,8000.0,16937.828125
119,2023-05-19,30000.0,40269.19921875
119,2023-05-23,30000.0,18846.24609375
119,2023-05-24,33000.0,18934.2421875
119,2023-05-26,30000.0,21852.783203125
119,2023-05-30,30000.0,18997.642578125
119,2023-05-31,33000.0,19079.283203125
119,2023-06-02,19500.0,21874.302734375
119,2023-06-02,10000.0,16997.142578125
119,2023-06-03,30000.0,39867.2421875
119,2023-06-06,30000.0,19156.724609375
119,2023-06-07,26000.0,19211.798828125
119,2023-06-09,19500.0,21893.24609375
119,2023-06-09,10000.0,17038.78515625
119,2023-06-09,30000.0,39680.9375
119,2023-06-13,30000.0,19264.1484375
119,2023-06-14,27000.0,19329.7265625
119,2023-06-16,30000.0,21909.44921875
119,2023-06-16,19500.0,19375.66015625
119,2023-06-16,10500.0,17107.27734375
119,2023-06-20,30000.0,39509.76953125
119,2023-06-21,26000.0,19432.5546875
119,2023-06-23,10000.0,21923.025390625
119,2023-06-23,30000.0,39357.09765625
119,2023-06-23,19500.0,19471.91796875
119,2023-06-27,30000.0,17198.41015625
119,2023-06-28,24000.0,19519.92578125
119,2023-06-30,20000.0,21934.1328125
119,2023-06-30,5000.0,17290.587890625
119,2023-06-30,30000.0,39225.72265625
119,2023-07-04,30000.0,19552.54296875
119,2023-07-05,18000.0,19591.40625
119,2023-07-07,30000.0,21942.939453125
119,2023-07-07,19500.0,19616.91796875
119,2023-07-07,2000.0,17368.740234375
119,2023-07-12,16000.0,39119.30859375
119,2023-07-14,19500.0,21949.59375
119,2023-07-14,5000.0,17436.03515625
119,2023-07-19,18000.0,39039.58203125
119,2023-07-21,20000.0,21954.24609375
119,2023-07-21,5000.0,17482.134765625
119,2023-07-26,18000.0,38988.21875
119,2023-07-28,19500.0,21957.001953125
119,2023-07-28,1000.0,17505.228515625
119,2023-08-02,21000.0,38966.44921875
119,2023-08-04,5000.0,21957.923828125
119,2023-08-04,17000.0,38974.7421875
119,2023-09-01,10000.0,17505.197265625
119,2023-09-01,20000.0,39295.95703125
119,2023-09-06,22000.0,17290.55859375
119,2023-09-08,10000.0,21934.017578125
119,2023-09-08,19500.0,39439.875
119,2023-09-13,23000.0,17198.71875
119,2023-09-15,20000.0,21922.7421875
119,2023-09-15,14500.0,17107.873046875
119,2023-09-20,23000.0,39603.57421875
119,2023-09-22,19000.0,33786.34765625
119,2023-09-22,14000.0,17041.279296875
119,2023-09-27,21000.0,39783.9453125
119,2023-09-29,20000.0,34073.66015625
119,2023-09-29,10000.0,17000.65625
119,2023-09-29,35000.0,39977.45703125
119,2023-10-03,35000.0,19143.61328125
119,2023-10-04,23000.0,19065.078125
119,2023-10-06,19500.0,34378.828125
119,2023-10-06,10000.0,16973.44140625
119,2023-10-06,35000.0,40179.83203125
119,2023-10-10,35000.0,19003.4765625
119,2023-10-13,35000.0,18918.38671875
119,2023-10-25,27000.0,18851.96875
119,2023-11-01,27000.0,35359.6640625
119,2023-11-08,26000.0,35684.00390625
119,2023-11-14,32000.0,36002.34765625
119,2023-11-15,24000.0,18038.94140625
119,2023-11-22,30000.0,36315.40234375
119,2023-11-27,28000.0,36614.92578125
119,2023-12-06,27000.0,36818.15234375
119,2023-12-13,26000.0,37159.12890625
119,2023-12-20,25000.0,37395.73046875
119,2024-01-24,27000.0,37601.28515625
119,2024-02-27,40000.0,38139.91015625
119,2024-03-01,40000.0,17093.783203125
119,2024-03-05,40000.0,17115.568359375
119,2024-03-08,40000.0,17155.2421875
119,2024-03-12,36000.0,17191.38671875
119,2024-03-15,37000.0,17243.876953125
119,2024-03-19,40000.0,17294.359375
119,2024-03-20,34000.0,17364.91796875
119,2024-03-22,35000.0,37251.609375
119,2024-03-26,35000.0,17423.90234375
119,2024-03-27,32000.0,17513.13671875
119,2024-04-02,35000.0,37002.23046875
119,2024-04-03,32000.0,17675.71875
119,2024-04-05,35000.0,36730.37109375
119,2024-04-09,35000.0,17747.22265625
119,2024-04-10,30000.0,17847.734375
119,2024-04-12,35000.0,36440.4453125
119,2024-04-17,32000.0,17928.3828125
119,2024-05-03,35000.0,36135.62890625
119,2024-05-08,28000.0,18485.44921875
119,2024-05-14,35000.0,35167.4140625
119,2024-05-15,28000.0,18754.5390625
119,2024-05-17,35000.0,34839.57421875
119,2024-05-21,35000.0,18823.6875
119,2024-05-22,27000.0,18912.580078125
119,2024-05-28,35000.0,34517.87109375
119,2024-05-29,26000.0,19059.22265625
119,2024-05-31,40000.0,34207.9765625
119,2024-06-11,40000.0,19118.564453125
119,2024-06-12,27000.0,19313.814453125
119,2024-06-19,28000.0,33639.54296875
119,2024-06-21,40000.0,33390.8046875
119,2024-06-25,40000.0,19459.13671875
119,2024-06-26,28000.0,19508.40625
119,2024-06-28,40000.0,33174.67578125
119,2024-07-02,40000.0,19541.978515625
119,2024-07-03,28000.0,19582.240234375
119,2024-07-05,40000.0,32993.546875
119,2024-07-09,40000.0,19608.74609375
119,2024-07-12,40000.0,19639.51953125
119,2024-07-16,45000.0,19659.20703125
119,2024-07-17,22000.0,19680.9296875
119,2024-07-19,45000.0,32748.28515625
119,2024-07-24,16000.0,19693.802734375
119,2024-07-31,15000.0,32689.474609375
119,2024-08-07,15000.0,32675.029296875
119,2024-08-14,15000.0,32705.05859375
119,2024-08-21,15000.0,32779.27734375
119,2024-08-28,15000.0,32896.29296875
119,2024-09-04,16000.0,33055.8515625
119,2024-09-11,16000.0,33254.5703125
119,2024-09-18,18000.0,33487.10546875
119,2024-09-25,19000.0,33747.0078125
119,2024-10-02,19000.0,34031.41015625
119,2024-10-09,19500.0,34334.13671875
119,2024-10-16,19000.0,34652.55859375
119,2024-10-23,18500.0,34979.9609375
119,2024-10-30,17000.0,35312.44140625
119,2024-11-06,14000.0,35638.0703125
119,2024-11-13,12000.0,35957.33203125
119,2024-11-20,14000.0,36271.52734375
119,2024-11-27,15000.0,36573.0390625
119,2024-12-04,14000.0,36857.83203125
119,2024-12-11,14000.0,37123.15234375
119,2025-01-08,14000.0,37363.609375
119,2025-01-15,14000.0,37997.84375
119,2025-01-22,14000.0,38081.77734375
119,2025-02-04,45000.0,38131.87109375
119,2025-02-05,23000.0,17032.78515625
119,2025-02-07,45000.0,38129.7109375
119,2025-02-11,45000.0,17035.39453125
119,2025-02-14,45000.0,17040.75390625
119,2025-02-18,45000.0,17046.15625
119,2025-02-19,14000.0,17055.125
119,2025-02-21,45000.0,37991.67578125
119,2025-02-25,45000.0,17063.09375
119,2025-02-26,15000.0,17082.279296875
119,2025-02-28,15000.0,37871.87109375
119,2025-02-28,45000.0,37831.33984375
119,2025-03-04,45000.0,17099.7734375
119,2025-03-05,15000.0,17133.6328125
119,2025-03-07,45000.0,37718.671875
119,2025-03-11,45000.0,17167.0390625
119,2025-03-12,17000.0,17216.6875
119,2025-03-14,45000.0,37534.23046875
119,2025-03-18,45000.0,17260.4375
119,2025-03-19,18000.0,17329.2109375
119,2025-03-21,40000.0,37318.31640625
119,2025-03-25,45000.0,17383.091796875
119,2025-03-26,17000.0,17468.13671875
119,2025-03-28,45000.0,37075.91796875
119,2025-04-01,45000.0,17535.90625
119,2025-04-02,18000.0,17628.5625
119,2025-04-04,45000.0,36810.07421875
119,2025-04-08,45000.0,17699.435546875
119,2025-04-09,20000.0,17795.32421875
119,2025-04-11,40000.0,36524.90234375
119,2025-04-15,40000.0,17874.58203125
119,2025-04-16,21000.0,17982.28515625
119,2025-04-18,40000.0,36224.28125
119,2025-04-22,40000.0,18063.279296875
119,2025-04-23,20000.0,18170.87109375
119,2025-04-25,20000.0,35909.73828125
119,2025-04-25,40000.0,35818.20703125
119,2025-04-29,40000.0,18250.904296875
119,2025-05-06,40000.0,18356.3515625
119,2025-05-07,24000.0,18535.99609375
119,2025-05-09,40000.0,35261.82421875
119,2025-05-13,40000.0,18610.5703125
120,2021-05-05,15000.0,18384.4296875
120,2021-05-06,35000.0,21753.4921875
120,2021-05-07,16500.0,18435.74609375
120,2021-05-07,40000.0,20914.6796875
120,2021-05-11,35000.0,18461.138671875
120,2021-05-12,15000.0,18560.759765625
120,2021-05-13,35000.0,21784.28125
120,2021-05-14,45000.0,18609.404296875
120,2021-05-14,14500.0,18633.3828125
120,2021-05-18,45000.0,20988.44921875
120,2021-05-19,14000.0,18727.3046875
120,2021-05-20,45000.0,21812.3515625
120,2021-05-21,16500.0,18772.84765625
120,2021-05-21,40000.0,21057.15625
120,2021-05-25,35000.0,18795.271484375
120,2021-05-26,14000.0,18882.44140625
120,2021-05-27,40000.0,21837.6328125
120,2021-05-28,40000.0,18924.50390625
120,2021-05-28,11500.0,18945.140625
120,2021-06-10,35000.0,21120.162109375
120,2021-06-11,11000.0,19189.912109375
120,2021-06-11,35000.0,21227.22265625
120,2021-06-15,30000.0,19206.72265625
120,2021-06-16,10000.0,19270.802734375
120,2021-06-17,30000.0,21895.744140625
120,2021-06-18,11500.0,19300.96484375
120,2021-06-18,30000.0,21270.912109375
120,2021-06-22,35000.0,19315.59375
120,2021-06-25,11500.0,19370.779296875
120,2021-06-30,10000.0,21308.11328125
120,2021-07-02,11500.0,21920.888671875
120,2021-07-07,10000.0,21338.79296875
120,2021-07-08,30000.0,21929.76171875
120,2021-07-09,40000.0,19539.482421875
120,2021-07-09,11000.0,19547.224609375
120,2021-07-13,40000.0,21362.740234375
120,2021-07-14,10000.0,19574.83203125
120,2021-07-15,45000.0,21936.3671875
120,2021-07-16,40000.0,19586.66015625
120,2021-07-16,11500.0,19592.06640625
120,2021-07-20,40000.0,21380.29296875
120,2021-07-21,11000.0,19610.24609375
120,2021-07-22,40000.0,21940.83203125
120,2021-07-23,9500.0,19617.326171875
120,2021-07-23,40000.0,21391.58203125
120,2021-07-30,9500.0,19620.375
120,2021-08-06,9500.0,21396.66015625
120,2021-08-13,9500.0,21395.53125
120,2021-08-20,9500.0,21388.208984375
120,2021-08-27,9500.0,21374.27734375
120,2021-09-10,9500.0,21353.875
120,2021-09-17,9500.0,21293.419921875
120,2021-09-24,9500.0,21253.3203125
120,2021-10-01,9500.0,21206.60546875
120,2021-10-05,50000.0,21153.203125
120,2021-10-07,40000.0,18929.8984375
120,2021-10-08,40000.0,18887.80078125
120,2021-10-08,9500.0,18866.39453125
120,2021-10-12,40000.0,21093.34375
120,2021-10-14,40000.0,18778.0546875
120,2021-10-15,9500.0,18732.40234375
120,2021-10-15,40000.0,21027.3984375
120,2021-10-19,40000.0,18709.2109375
120,2021-10-21,40000.0,18614.20703125
120,2021-10-22,9500.0,18565.39453125
120,2021-10-22,40000.0,20955.93359375
120,2021-10-26,40000.0,18540.6875
120,2021-10-28,45000.0,18439.94140625
120,2021-10-29,14500.0,18388.46484375
120,2021-10-29,40000.0,20879.767578125
120,2021-11-02,40000.0,18362.43359375
120,2021-11-04,40000.0,18257.09375
120,2021-11-05,9500.0,18203.689453125
120,2021-11-05,45000.0,20799.603515625
120,2021-11-09,40000.0,18176.796875
120,2021-11-11,50000.0,18068.40234375
120,2021-11-12,40000.0,18013.8671875
120,2021-11-12,17500.0,17986.56640625
120,2021-11-16,35000.0,20716.5703125
120,2021-11-18,40000.0,17877.1484375
120,2021-11-19,35000.0,17822.421875
120,2021-11-19,17500.0,17796.53515625
120,2021-11-23,35000.0,20631.86328125
120,2021-11-25,40000.0,17698.09375
120,2021-11-26,17500.0,17649.228515625
120,2021-11-26,40000.0,20547.1796875
120,2021-11-30,35000.0,17624.93359375
120,2021-12-02,35000.0,17528.771484375
120,2021-12-03,17500.0,17481.4375
120,2021-12-03,35000.0,20464.201171875
120,2021-12-07,40000.0,17457.986328125
120,2021-12-09,40000.0,17371.251953125
120,2021-12-10,17500.0,17333.013671875
120,2021-12-10,40000.0,20384.67578125
120,2021-12-14,30000.0,17314.154296875
120,2021-12-16,40000.0,17241.0390625
120,2021-12-17,35000.0,17212.58984375
120,2021-12-17,17500.0,17198.61328125
120,2021-12-21,40000.0,20310.291015625
120,2021-12-23,35000.0,17144.73046875
120,2021-12-24,17500.0,17123.0625
120,2021-12-24,30000.0,20242.92578125
120,2021-12-28,35000.0,17112.654296875
120,2021-12-30,35000.0,17082.01171875
120,2021-12-31,17500.0,17068.45703125
120,2021-12-31,30000.0,20184.2109375
120,2022-01-06,17500.0,17064.35546875
120,2022-01-12,9000.0,20141.939453125
120,2022-01-13,17500.0,21397.96484375
120,2022-01-20,17500.0,20103.248046875
120,2022-01-27,17500.0,20076.91796875
120,2022-02-10,17500.0,20063.7890625
120,2022-02-17,18000.0,20078.171875
120,2022-02-24,17500.0,20105.1875
120,2022-03-03,17500.0,20144.505859375
120,2022-03-10,17500.0,20195.07421875
120,2022-03-17,20500.0,20255.578125
120,2022-03-24,20500.0,20324.298828125
120,2022-03-31,20500.0,20399.59765625
120,2022-04-08,20500.0,20479.671875
120,2022-04-15,20500.0,20574.853515625
120,2022-04-20,9000.0,20659.421875
120,2022-04-22,20500.0,21679.525390625
120,2022-04-26,35000.0,20743.310546875
120,2022-04-27,9000.0,18173.71875
120,2022-04-29,14000.0,21715.220703125
120,2022-04-29,40000.0,20825.15625
120,2022-05-04,9000.0,18253.66015625
120,2022-05-06,14000.0,21748.875
120,2022-05-06,40000.0,20903.76953125
120,2022-05-11,10000.0,18435.74609375
120,2022-05-12,6000.0,21780.05078125
120,2022-05-13,14000.0,34040.83203125
120,2022-05-13,40000.0,20978.203125
120,2022-05-13,6500.0,18609.404296875
120,2022-05-16,40000.0,21996.24609375
120,2022-05-18,9000.0,18680.798828125
120,2022-05-19,6000.0,21808.50390625
120,2022-05-20,10000.0,33700.421875
120,2022-05-20,35000.0,22006.134765625
120,2022-05-20,14000.0,19292.154296875
120,2022-05-20,40000.0,21047.6875
120,2022-05-24,35000.0,18772.84765625
120,2022-05-24,40000.0,19371.552734375
120,2022-05-25,9000.0,18861.033203125
120,2022-05-26,6000.0,21834.18359375
120,2022-05-27,14500.0,33368.0859375
120,2022-05-27,40000.0,21111.52734375
120,2022-05-27,10200.0,18924.50390625
120,2022-05-31,40000.0,22014.359375
120,2022-06-01,9500.0,19005.44921875
120,2022-06-02,6000.0,21856.93359375
120,2022-06-03,14500.0,33046.328125
120,2022-06-03,40000.0,21169.21484375
120,2022-06-03,10000.0,19063.736328125
120,2022-06-07,40000.0,22020.984375
120,2022-06-08,10000.0,19137.638671875
120,2022-06-10,10000.0,21876.546875
120,2022-06-10,14500.0,21909.19140625
120,2022-06-10,40000.0,21220.447265625
120,2022-06-14,40000.0,19189.912109375
120,2022-06-15,10500.0,19255.265625
120,2022-06-16,10000.0,22008.1484375
120,2022-06-17,19000.0,32471.953125
120,2022-06-17,16500.0,21898.88671875
120,2022-06-17,40000.0,21265.072265625
120,2022-06-21,40000.0,19300.96484375
120,2022-06-22,11000.0,19357.46875
120,2022-06-23,12000.0,22003.498046875
120,2022-06-24,16500.0,32230.12109375
120,2022-06-24,22000.0,21303.20703125
120,2022-06-29,12000.0,21889.5234375
120,2022-06-30,12000.0,21999.15234375
120,2022-07-01,16500.0,32022.0859375
120,2022-07-01,23000.0,21334.8125
120,2022-07-06,14000.0,21881.310546875
120,2022-07-07,12000.0,21995.294921875
120,2022-07-08,19500.0,31851.46875
120,2022-07-08,23000.0,21359.720703125
120,2022-07-13,14000.0,21874.4609375
120,2022-07-14,12000.0,21992.15234375
120,2022-07-15,19500.0,31721.537109375
120,2022-07-15,25000.0,21378.171875
120,2022-07-20,14000.0,21869.166015625
120,2022-07-21,12000.0,21989.89453125
120,2022-07-22,22500.0,31634.771484375
120,2022-07-22,30000.0,21390.3515625
120,2022-07-27,15000.0,21865.5859375
120,2022-07-28,12000.0,21988.634765625
120,2022-07-29,22500.0,31592.85546875
120,2022-07-29,31000.0,21396.3046875
120,2022-08-03,17000.0,21863.7890625
120,2022-08-04,18000.0,21988.43359375
120,2022-08-05,22500.0,31596.373046875
120,2022-08-05,31000.0,21396.0703125
120,2022-08-10,18000.0,21863.83203125
120,2022-08-11,18000.0,21989.30078125
120,2022-08-12,22500.0,31645.3359375
120,2022-08-12,28500.0,21389.630859375
120,2022-08-17,18000.0,22038.458984375
120,2022-08-18,10000.0,32840.796875
120,2022-08-19,26000.0,31739.1015625
120,2022-08-19,22500.0,22038.216796875
120,2022-08-24,19000.0,21376.65625
120,2022-08-25,18000.0,32968.21484375
120,2022-08-26,26000.0,31875.640625
120,2022-08-26,22500.0,22037.658203125
120,2022-08-31,18000.0,21357.1875
120,2022-09-01,18000.0,33138.26171875
120,2022-09-02,23000.0,32052.783203125
120,2022-09-02,25500.0,21331.212890625
120,2022-09-07,19000.0,22036.65625
120,2022-09-08,18000.0,33345.39453125
120,2022-09-09,22500.0,32266.55078125
120,2022-09-09,45000.0,21298.625
120,2022-09-09,23000.0,19375.408203125
120,2022-09-14,19500.0,22034.98046875
120,2022-09-15,18000.0,33583.20703125
120,2022-09-16,23500.0,32520.513671875
120,2022-09-16,24500.0,22032.44921875
120,2022-09-16,45000.0,21259.455078125
120,2022-09-21,18000.0,19275.81640625
120,2022-09-22,18000.0,33848.11328125
120,2022-09-23,28000.0,32805.8359375
120,2022-09-23,29000.0,22028.8125
120,2022-09-23,45000.0,21213.705078125
120,2022-10-07,29000.0,19160.62109375
120,2022-10-07,45000.0,21102.287109375
120,2022-10-11,45000.0,18887.80078125
120,2022-10-12,19000.0,18800.533203125
120,2022-10-19,18000.0,34758.93359375
120,2022-10-21,30000.0,35085.1484375
120,2022-10-21,29000.0,21999.703125
120,2022-10-26,19000.0,20966.4453125
120,2022-10-28,29000.0,35414.20703125
120,2022-10-28,45000.0,20890.916015625
120,2022-10-28,26000.0,18388.46484375
120,2022-11-01,45000.0,21988.26171875
120,2022-11-02,19000.0,18283.62109375
120,2022-11-09,19000.0,35734.39453125
120,2022-11-11,26000.0,36051.08203125
120,2022-11-11,45000.0,21959.8046875
120,2022-11-11,29000.0,18013.8671875
120,2022-11-16,20000.0,20728.56640625
120,2022-11-18,20000.0,36359.39453125
120,2022-11-18,29000.0,21943.248046875
120,2022-11-22,45000.0,20644.02734375
120,2022-11-23,20000.0,17722.59765625
120,2022-11-25,29000.0,36653.36328125
120,2022-11-25,45000.0,20559.20703125
120,2022-11-25,20000.0,17649.228515625
120,2022-11-29,45000.0,21925.546875
120,2022-11-30,20000.0,17552.63671875
120,2022-12-02,18000.0,36930.9453125
120,2022-12-02,29000.0,21907.125
120,2022-12-06,45000.0,20475.87109375
120,2022-12-07,20000.0,17390.63671875
120,2022-12-08,17000.0,21547.55078125
120,2022-12-09,27000.0,36306.71875
120,2022-12-09,45000.0,20395.76171875
120,2022-12-09,18000.0,17333.013671875
120,2022-12-12,17000.0,21888.45703125
120,2022-12-13,45000.0,36445.37109375
120,2022-12-14,19000.0,17258.7421875
120,2022-12-16,26000.0,21511.36328125
120,2022-12-16,27000.0,21870.1953125
120,2022-12-20,45000.0,20320.54296875
120,2022-12-21,19000.0,17157.939453125
120,2022-12-23,27000.0,21477.609375
120,2022-12-23,22000.0,20252.078125
120,2023-01-03,29000.0,21853.0
120,2023-01-03,45000.0,37904.75390625
120,2023-01-04,20000.0,17053.28125
120,2023-01-05,17000.0,21421.291015625
120,2023-01-05,45000.0,37068.640625
120,2023-01-09,45000.0,17046.416015625
120,2023-01-10,28000.0,17033.9921875
120,2023-01-10,50000.0,38011.71484375
120,2023-01-11,21000.0,17031.17578125
120,2023-01-12,47500.0,21400.4765625
120,2023-01-12,17000.0,17025.8984375
120,2023-01-17,28000.0,37175.8359375
120,2023-01-17,50000.0,38085.5078125
120,2023-01-18,22000.0,17019.53515625
120,2023-01-20,55000.0,21385.52734375
120,2023-01-24,55000.0,17016.935546875
120,2023-01-25,27000.0,17014.451171875
120,2023-01-26,20000.0,21376.90625
120,2023-01-27,55000.0,37280.67578125
120,2023-01-31,45000.0,17013.33984375
120,2023-02-01,25000.0,17012.890625
120,2023-02-02,20000.0,21374.89453125
120,2023-02-03,27000.0,37277.64453125
120,2023-02-03,45000.0,20064.205078125
120,2023-02-03,40000.0,17013.328125
120,2023-02-07,45000.0,21802.92578125
120,2023-02-08,22000.0,17014.9296875
120,2023-02-09,20000.0,21379.5859375
120,2023-02-10,27000.0,37237.5234375
120,2023-02-10,45000.0,20078.171875
120,2023-02-10,26000.0,17016.880859375
120,2023-02-14,45000.0,21806.1875
120,2023-02-15,20000.0,17020.42578125
120,2023-02-16,20000.0,21390.78125
120,2023-02-17,30000.0,37160.734375
120,2023-02-17,27000.0,21812.8203125
120,2023-02-17,45000.0,20105.1875
120,2023-02-21,45000.0,17024.724609375
120,2023-02-22,18000.0,17035.48046875
120,2023-02-23,14000.0,21408.109375
120,2023-02-24,27000.0,37048.0390625
120,2023-02-24,45000.0,20144.505859375
120,2023-02-24,32000.0,17044.76171875
120,2023-02-28,45000.0,21822.537109375
120,2023-03-01,19000.0,17058.626953125
120,2023-03-02,15000.0,21430.97265625
120,2023-03-03,32000.0,36901.0078125
120,2023-03-03,27000.0,21834.99609375
120,2023-03-03,45000.0,20195.07421875
120,2023-03-07,45000.0,17073.4375
120,2023-03-08,18000.0,17101.57421875
120,2023-03-09,15000.0,21458.630859375
120,2023-03-10,27000.0,36721.27734375
120,2023-03-10,45000.0,20255.578125
120,2023-03-10,36000.0,17131.921875
120,2023-03-14,45000.0,21849.716796875
120,2023-03-15,19000.0,17183.32421875
120,2023-03-16,14000.0,21490.205078125
120,2023-03-17,38000.0,36512.36328125
120,2023-03-17,27000.0,21866.14453125
120,2023-03-17,45000.0,20324.298828125
120,2023-03-21,45000.0,17225.2890625
120,2023-03-22,19000.0,17294.7421875
120,2023-03-23,20000.0,21524.708984375
120,2023-03-24,50000.0,36276.55078125
120,2023-03-24,27000.0,17351.45703125
120,2023-03-24,30000.0,20399.59765625
120,2023-03-28,45000.0,21883.82421875
120,2023-03-29,22000.0,17434.333984375
120,2023-03-30,22000.0,36054.33203125
120,2023-03-31,27500.0,36015.375
120,2023-03-31,40000.0,20479.671875
120,2023-03-31,28000.0,17504.388671875
120,2023-04-04,45000.0,21902.0390625
120,2023-04-05,18000.0,17599.63671875
120,2023-04-06,20000.0,21598.96875
120,2023-04-07,27000.0,35731.01171875
120,2023-04-07,45000.0,20562.828125
120,2023-04-07,35000.0,17672.24609375
120,2023-04-11,45000.0,21920.1640625
120,2023-04-14,45000.0,17770.0625
120,2023-04-18,45000.0,17847.919921875
120,2023-04-21,20000.0,17956.95703125
120,2023-04-21,45000.0,21954.41015625
120,2023-04-21,27000.0,18038.66796875
120,2023-04-25,50000.0,20731.42578125
120,2023-04-26,18000.0,18146.87890625
120,2023-04-27,15000.0,21710.234375
120,2023-04-28,24500.0,34770.69921875
120,2023-04-28,50000.0,20813.64453125
120,2023-04-28,8000.0,18227.134765625
120,2023-05-02,45000.0,21969.458984375
120,2023-05-03,19000.0,18332.544921875
120,2023-05-04,15000.0,21744.2109375
120,2023-05-05,24500.0,34431.36328125
120,2023-05-05,45000.0,20892.7734375
120,2023-05-05,6000.0,18410.169921875
120,2023-05-09,50000.0,21982.93359375
120,2023-05-10,18000.0,18511.3203125
120,2023-05-11,12000.0,21775.76171875
120,2023-05-12,8000.0,34089.5390625
120,2023-05-12,50000.0,21994.705078125
120,2023-05-12,24500.0,18585.16796875
120,2023-05-16,50000.0,20967.859375
120,2023-05-17,17000.0,18680.798828125
120,2023-05-18,13000.0,21804.603515625
120,2023-05-19,50000.0,33748.73828125
120,2023-05-19,10000.0,18750.1875
120,2023-05-19,24500.0,22004.8203125
120,2023-05-23,50000.0,21038.095703125
120,2023-05-24,18000.0,18839.3515625
120,2023-05-26,50000.0,21830.677734375
120,2023-05-30,40000.0,18903.5859375
120,2023-05-31,18000.0,18985.609375
120,2023-06-01,18000.0,21853.90625
120,2023-06-02,24500.0,33091.19921875
120,2023-06-02,20000.0,21161.37890625
120,2023-06-03,40000.0,22020.11328125
120,2023-06-06,40000.0,19063.736328125
120,2023-06-07,18000.0,19119.609375
120,2023-06-08,15000.0,21873.9140625
120,2023-06-09,15000.0,32785.73046875
120,2023-06-09,45000.0,22025.599609375
120,2023-06-09,24500.0,19172.78125
120,2023-06-13,40000.0,21213.5390625
120,2023-06-14,19000.0,19239.39453125
120,2023-06-15,15000.0,21891.291015625
120,2023-06-16,24000.0,32509.15234375
120,2023-06-16,40000.0,21259.083984375
120,2023-06-16,14000.0,19286.0390625
120,2023-06-20,40000.0,22029.73046875
120,2023-06-21,20000.0,19343.865234375
120,2023-06-22,15000.0,21905.912109375
120,2023-06-23,24500.0,32262.5625
120,2023-06-23,40000.0,21298.15234375
120,2023-06-23,14000.0,19383.796875
120,2023-06-27,40000.0,22032.76171875
120,2023-06-28,19000.0,19432.533203125
120,2023-06-29,15000.0,21917.919921875
120,2023-06-30,12000.0,32049.634765625
120,2023-06-30,40000.0,22034.8984375
120,2023-06-30,25000.0,19465.6484375
120,2023-07-04,40000.0,21330.6953125
120,2023-07-05,19500.0,19505.234375
120,2023-07-06,15000.0,21927.4609375
120,2023-07-07,22000.0,31873.443359375
120,2023-07-07,40000.0,21356.576171875
120,2023-07-07,12000.0,19531.42578125
120,2023-07-11,40000.0,22036.328125
120,2023-07-12,19000.0,19561.6796875
120,2023-07-13,15000.0,21934.70703125
120,2023-07-14,12000.0,31737.4921875
120,2023-07-14,40000.0,22037.28125
120,2023-07-14,24500.0,19580.912109375
120,2023-07-18,40000.0,21375.919921875
120,2023-07-19,20000.0,19601.859375
120,2023-07-20,15000.0,21939.7734375
120,2023-07-21,25000.0,31644.484375
120,2023-07-21,40000.0,21388.986328125
120,2023-07-21,20000.0,19613.96484375
120,2023-07-25,35000.0,22037.900390625
120,2023-07-26,20000.0,19625.48046875
120,2023-07-27,15000.0,21942.767578125
120,2023-07-28,40000.0,31596.01171875
120,2023-07-28,27000.0,19630.625
120,2023-07-28,25000.0,22038.28125
120,2023-08-01,45000.0,21395.837890625
120,2023-08-02,18000.0,19632.91015625
120,2023-08-03,15000.0,21943.759765625
120,2023-08-04,23000.0,31593.041015625
120,2023-08-04,40000.0,21396.4765625
120,2023-08-04,25000.0,19631.12109375
120,2023-08-08,40000.0,22038.46875
120,2023-08-11,40000.0,19624.166015625
120,2023-08-15,40000.0,19615.443359375
120,2023-08-18,40000.0,19599.171875
120,2023-08-22,40000.0,19583.33203125
120,2023-08-25,40000.0,19557.52734375
120,2023-08-29,50000.0,19534.658203125
120,2023-09-01,24500.0,19499.50390625
120,2023-09-01,28000.0,21335.31640625
120,2023-09-06,20000.0,22036.83203125
120,2023-09-07,27000.0,21917.623046875
120,2023-09-08,28000.0,32233.818359375
120,2023-09-08,24500.0,22035.26953125
120,2023-09-08,50000.0,21303.677734375
120,2023-09-12,50000.0,19388.3125
120,2023-09-13,19000.0,19334.6796875
120,2023-09-14,27000.0,21905.4140625
120,2023-09-15,24500.0,32482.16015625
120,2023-09-15,50000.0,21265.4453125
120,2023-09-15,25000.0,19291.013671875
120,2023-09-19,50000.0,22032.8671875
120,2023-09-20,19000.0,19228.333984375
120,2023-09-21,27000.0,21890.3671875
120,2023-09-22,16000.0,32763.55078125
120,2023-09-22,50000.0,22029.412109375
120,2023-09-22,24000.0,19177.99609375
120,2023-09-26,45000.0,21220.640625
120,2023-09-27,20000.0,19106.609375
120,2023-09-28,27000.0,21872.291015625
120,2023-09-29,24500.0,33068.30859375
120,2023-09-29,45000.0,21169.13671875
120,2023-09-29,16000.0,19049.90234375
120,2023-10-03,45000.0,22024.625
120,2023-10-04,19000.0,18970.890625
120,2023-10-05,27000.0,21851.4140625
120,2023-10-06,24500.0,33391.5859375
120,2023-10-06,40000.0,21111.095703125
120,2023-10-06,18000.0,18908.970703125
120,2023-10-10,42000.0,22018.392578125
120,2023-10-13,45000.0,18822.72265625
120,2023-10-17,45000.0,18755.33984375
120,2023-10-20,48000.0,18662.1328125
120,2023-10-24,60000.0,18589.92578125
120,2023-10-25,22000.0,18490.7421875
120,2023-10-27,60000.0,35367.52734375
120,2023-10-31,45000.0,18414.265625
120,2023-11-01,22000.0,18310.01953125
120,2023-11-03,45000.0,35688.89453125
120,2023-11-07,50000.0,18230.43359375
120,2023-11-08,24000.0,18122.7890625
120,2023-11-14,45000.0,36005.80078125
120,2023-11-15,25000.0,17931.875
120,2023-11-17,50000.0,36316.16015625
120,2023-11-22,27000.0,17849.78125
120,2023-11-27,26000.0,36612.421875
120,2023-12-01,45000.0,36814.15234375
120,2023-12-04,45000.0,17505.015625
120,2023-12-06,25000.0,17434.6875
120,2023-12-08,45000.0,37152.37109375
120,2023-12-12,50000.0,17352.046875
120,2023-12-13,26000.0,17276.98828125
120,2023-12-15,45000.0,37387.03515625
120,2023-12-19,45000.0,17226.716796875
120,2023-12-20,28000.0,17171.322265625
120,2023-12-26,45000.0,37591.06640625
120,2024-01-24,29000.0,17096.208984375
120,2024-01-26,50000.0,38125.51953125
120,2024-01-30,50000.0,17013.63671875
120,2024-02-02,50000.0,17012.888671875
120,2024-02-20,45000.0,17013.10546875
120,2024-02-21,27000.0,17032.6171875
120,2024-02-23,50000.0,37947.984375
120,2024-02-27,45000.0,17041.55859375
120,2024-02-28,26000.0,17055.013671875
120,2024-03-01,45000.0,37819.30859375
120,2024-03-05,50000.0,17066.814453125
120,2024-03-06,27000.0,17094.3125
120,2024-03-08,45000.0,37658.3515625
120,2024-03-12,50000.0,17121.38671875
120,2024-03-13,28000.0,17169.775390625
120,2024-03-15,50000.0,37466.4296875
120,2024-03-19,50000.0,17211.109375
120,2024-03-20,27000.0,17276.234375
120,2024-03-22,50000.0,37243.85546875
120,2024-03-26,45000.0,17332.36328125
120,2024-03-27,25000.0,17411.31640625
120,2024-03-29,50000.0,36996.48828125
120,2024-04-02,45000.0,17480.87890625
120,2024-04-03,22000.0,17575.67578125
120,2024-04-05,45000.0,36726.93359375
120,2024-04-09,45000.0,17647.947265625
120,2024-04-10,10200.0,17745.49609375
120,2024-04-12,45000.0,36439.55859375
120,2024-04-16,40000.0,17820.6640625
120,2024-04-17,20000.0,17929.71875
120,2024-04-19,40000.0,36137.32421875
120,2024-04-26,40000.0,18011.44921875
120,2024-05-03,40000.0,18200.4921875
120,2024-05-08,20000.0,18384.4296875
120,2024-05-14,40000.0,35176.44140625
120,2024-05-15,20000.0,18657.23046875
120,2024-05-17,40000.0,34851.45703125
120,2024-05-21,40000.0,18727.3046875
120,2024-05-22,20000.0,18817.43359375
120,2024-05-28,40000.0,34532.73828125
120,2024-05-29,22000.0,18965.498046875
120,2024-05-31,40000.0,34225.5078125
120,2024-06-11,45000.0,19025.046875
120,2024-06-12,22000.0,19223.21484375
120,2024-06-19,24000.0,33663.26171875
120,2024-06-21,45000.0,33417.23828125
120,2024-06-25,45000.0,19370.779296875
120,2024-06-26,25000.0,19420.8359375
120,2024-06-28,45000.0,33203.0625
120,2024-07-02,45000.0,19454.939453125
120,2024-07-03,25000.0,19495.84765625
120,2024-07-05,40000.0,33023.96484375
120,2024-07-09,40000.0,19523.02734375
120,2024-07-12,40000.0,19554.59765625
120,2024-07-16,45000.0,19574.83203125
120,2024-07-17,23000.0,19597.13671875
120,2024-07-19,45000.0,32781.046875
120,2024-07-23,45000.0,19610.24609375
120,2024-07-24,22000.0,19623.080078125
120,2024-07-31,22000.0,32722.77734375
120,2024-08-07,21000.0,32708.455078125
120,2024-08-14,21000.0,32738.25
120,2024-08-21,21000.0,32811.8515625
120,2024-08-28,21000.0,32927.73046875
120,2024-09-04,22000.0,33085.83203125
120,2024-09-11,22000.0,33282.68359375
120,2024-09-13,55000.0,33512.5390625
120,2024-09-17,55000.0,19305.904296875
120,2024-09-18,21000.0,19244.474609375
120,2024-09-20,55000.0,33769.90234375
120,2024-09-24,55000.0,19195.08984375
120,2024-09-25,22000.0,19124.90234375
120,2024-09-27,55000.0,34051.4921875
120,2024-10-01,55000.0,19069.078125
120,2024-10-02,22000.0,18990.96484375
120,2024-10-04,55000.0,34351.34765625
120,2024-10-08,55000.0,18929.8984375
120,2024-10-09,23000.0,18844.693359375
120,2024-10-11,55000.0,34666.87109375
120,2024-10-15,55000.0,18778.0546875
120,2024-10-16,22000.0,18685.810546875
120,2024-10-18,55000.0,34991.3046875
120,2024-10-22,55000.0,18614.20703125
120,2024-10-23,22500.0,18515.8359375
120,2024-10-29,50000.0,35320.78125
120,2024-10-30,23000.0,18336.310546875
120,2024-11-05,50000.0,35643.31640625
120,2024-11-06,22000.0,18149.82421875
120,2024-11-08,50000.0,35960.4609375
120,2024-11-12,50000.0,18068.40234375
120,2024-11-13,20000.0,17959.234375
120,2024-11-15,55000.0,36272.66015625
120,2024-11-19,50000.0,17877.1484375
120,2024-11-20,20000.0,17771.875
120,2024-11-22,45000.0,36571.10546875
120,2024-11-26,45000.0,17698.09375
120,2024-11-27,21000.0,17600.734375
120,2024-12-04,20000.0,36853.52734375
120,2024-12-06,45000.0,37116.6875
120,2024-12-10,45000.0,17371.251953125
120,2024-12-11,20000.0,17295.455078125
120,2024-12-13,45000.0,37355.1875
120,2024-12-17,45000.0,17241.0390625
120,2025-01-03,45000.0,17184.875
120,2025-01-07,45000.0,17053.28125
120,2025-01-08,20000.0,17039.98046875
120,2025-01-10,45000.0,37984.55859375
120,2025-01-14,50000.0,17031.17578125
120,2025-01-15,22000.0,17022.732421875
120,2025-01-17,50000.0,38067.87109375
120,2025-01-21,50000.0,17019.53515625
120,2025-01-22,22000.0,17016.212890625
120,2025-01-24,50000.0,38117.5546875
120,2025-02-04,60000.0,17014.451171875
120,2025-02-05,22000.0,17013.619140625
120,2025-02-07,60000.0,38115.43359375
120,2025-02-11,60000.0,17014.9296875
120,2025-02-14,60000.0,17017.6640625
120,2025-02-18,60000.0,17020.42578125
120,2025-02-19,24000.0,17027.23828125
120,2025-02-21,55000.0,37978.44140625
120,2025-02-25,55000.0,17035.48046875
120,2025-02-26,23000.0,17048.068359375
120,2025-02-28,23000.0,37859.49609375
120,2025-02-28,55000.0,37819.30859375
120,2025-03-04,55000.0,17058.626953125
120,2025-03-05,23000.0,17080.240234375
120,2025-03-07,55000.0,37707.5
120,2025-03-11,50000.0,17101.57421875
120,2025-03-12,24000.0,17143.234375
120,2025-03-14,50000.0,37524.53515625
120,2025-03-18,50000.0,17183.32421875
120,2025-03-19,22000.0,17239.892578125
120,2025-03-21,50000.0,37310.03515625
120,2025-03-25,55000.0,17294.7421875
120,2025-03-26,22000.0,17370.58984375
120,2025-03-28,55000.0,37069.6328125
120,2025-04-01,55000.0,17434.333984375
120,2025-04-02,23000.0,17528.00390625
120,2025-04-04,50000.0,36805.96484375
120,2025-04-08,50000.0,17599.63671875
120,2025-04-09,22000.0,17696.607421875
120,2025-04-11,50000.0,36523.3203125
120,2025-04-15,50000.0,17770.0625
120,2025-04-16,22000.0,17875.1484375
120,2025-04-18,50000.0,36225.19921875
120,2025-04-22,50000.0,17956.95703125
120,2025-04-23,22000.0,18065.830078125
120,2025-04-25,22000.0,35913.3203125
120,2025-04-25,50000.0,35822.61328125
120,2025-04-29,50000.0,18146.87890625
120,2025-05-06,50000.0,18253.66015625
120,2025-05-07,22000.0,18435.74609375
120,2025-05-09,50000.0,35270.05078125
120,2025-05-13,50000.0,18511.3203125
121,2021-05-06,35000.0,18282.92578125
121,2021-05-06,35000.0,17801.35546875
121,2021-05-07,30000.0,18334.818359375
121,2021-05-10,35000.0,18360.5546875
121,2021-05-11,35000.0,17672.20703125
121,2021-05-11,30000.0,17641.193359375
121,2021-05-13,35000.0,18461.6328125
121,2021-05-13,25000.0,17579.546875
121,2021-05-14,30000.0,18510.91015625
121,2021-05-17,35000.0,18535.22265625
121,2021-05-18,35000.0,17457.431640625
121,2021-05-18,25000.0,17427.2578125
121,2021-05-20,35000.0,18630.38671875
121,2021-05-20,25000.0,17367.935546875
121,2021-05-21,20000.0,18676.533203125
121,2021-05-24,30000.0,18699.25390625
121,2021-05-25,30000.0,17259.845703125
121,2021-05-25,22000.0,17233.41015625
121,2021-05-27,30000.0,18787.609375
121,2021-05-27,25000.0,17181.19140625
121,2021-05-28,22000.0,18830.265625
121,2021-06-07,30000.0,18851.1484375
121,2021-06-08,30000.0,16941.072265625
121,2021-06-10,20000.0,16926.09375
121,2021-06-11,20000.0,19098.125
121,2021-06-14,28000.0,19115.17578125
121,2021-06-15,15000.0,16853.73828125
121,2021-06-15,25000.0,19180.2421875
121,2021-06-17,25000.0,16844.953125
121,2021-06-17,20000.0,16831.314453125
121,2021-06-18,15000.0,19210.900390625
121,2021-06-21,20000.0,19225.724609375
121,2021-06-22,20000.0,16817.83984375
121,2021-06-22,15000.0,16816.1171875
121,2021-06-25,15000.0,19281.76953125
121,2021-06-29,15000.0,19320.375
121,2021-07-01,20000.0,19367.21484375
121,2021-07-02,25000.0,19388.642578125
121,2021-07-06,25000.0,19398.86328125
121,2021-07-08,20000.0,19436.35546875
121,2021-07-09,20000.0,19453.083984375
121,2021-07-13,20000.0,19460.947265625
121,2021-07-15,25000.0,19489.02734375
121,2021-07-20,25000.0,19501.025390625
121,2021-07-22,25000.0,19525.08203125
121,2021-07-23,25000.0,19532.341796875
121,2021-07-27,25000.0,19535.453125
121,2022-04-26,30000.0,19544.546875
121,2022-04-29,30000.0,18069.6015625
121,2022-05-06,30000.0,18150.5390625
121,2022-05-10,30000.0,18334.818359375
121,2022-05-16,35000.0,18436.640625
121,2022-05-20,25000.0,18583.2578125
121,2022-05-24,25000.0,18676.533203125
121,2022-05-27,25000.0,18765.912109375
121,2022-05-31,25000.0,18830.265625
121,2022-06-03,25000.0,18912.20703125
121,2022-06-07,25000.0,18970.75
121,2022-06-10,25000.0,19045.109375
121,2022-06-14,25000.0,19098.125
121,2022-06-17,25000.0,19164.4609375
121,2022-06-21,25000.0,19210.900390625
121,2022-06-24,25000.0,19268.23828125
121,2022-06-28,25000.0,19307.83984375
121,2022-07-01,25000.0,19356.033203125
121,2022-07-05,25000.0,19388.642578125
121,2022-07-08,25000.0,19427.478515625
121,2022-07-12,25000.0,19453.083984375
121,2022-07-15,25000.0,19482.5078125
121,2022-07-19,25000.0,19501.025390625
121,2022-07-26,25000.0,19520.947265625
121,2022-08-02,25000.0,19542.77734375
121,2023-05-16,35000.0,19547.953125
121,2023-05-19,35000.0,18583.2578125
121,2023-05-23,35000.0,18653.564453125
121,2023-05-26,25000.0,18743.93359375
121,2023-05-30,25000.0,18809.041015625
121,2023-06-03,25000.0,18892.130859375
121,2023-06-06,25000.0,18970.75
121,2023-06-09,25000.0,19026.8359375
121,2023-06-13,25000.0,19080.7578125
121,2023-06-16,25000.0,19148.35546875
121,2023-06-20,25000.0,19195.73046875
121,2023-06-23,25000.0,19254.404296875
121,2023-06-27,25000.0,19294.96484375
121,2023-06-30,25000.0,19344.4765625
121,2023-07-04,25000.0,19378.09765625
121,2023-07-07,25000.0,19418.2734375
121,2023-07-11,25000.0,19444.88671875
121,2023-07-14,25000.0,19475.64453125
121,2023-07-18,25000.0,19495.197265625
121,2023-07-21,25000.0,19516.4921875
121,2023-07-25,30000.0,19528.884765625
121,2024-04-19,35000.0,19540.6796875
121,2024-04-26,30000.0,17905.6015625
121,2024-05-03,30000.0,18096.70703125
121,2024-05-14,30000.0,18282.92578125
121,2024-05-17,30000.0,18559.361328125
121,2024-05-21,30000.0,18630.38671875
121,2024-05-28,25000.0,18721.73828125
121,2024-05-31,25000.0,18871.76953125
121,2024-06-11,25000.0,18931.984375
121,2024-06-21,30000.0,19131.927734375
121,2024-06-25,30000.0,19281.76953125
121,2024-06-28,30000.0,19332.59765625
121,2024-07-02,35000.0,19367.21484375
121,2024-07-05,35000.0,19408.75390625
121,2024-07-09,35000.0,19436.35546875
121,2024-07-12,35000.0,19468.462890625
121,2024-07-16,35000.0,19489.02734375
121,2024-07-19,35000.0,19511.666015625
121,2024-07-23,35000.0,19525.08203125
121,2025-04-11,40000.0,19538.234375
121,2025-04-15,40000.0,17672.064453125
121,2025-04-18,40000.0,17771.5390625
121,2025-04-22,40000.0,17850.560546875
121,2025-04-25,35000.0,17960.453125
121,2025-04-29,35000.0,18042.44140625
121,2025-05-06,35000.0,18150.5390625
121,2025-05-09,35000.0,18334.818359375
122,2025-03-04,16000.0,17012.640625
122,2025-03-07,15000.0,17020.92578125
122,2025-03-11,15000.0,17032.65625
122,2025-03-14,15000.0,17051.517578125
122,2025-03-18,15000.0,17067.25
122,2025-03-21,16000.0,17102.44140625
122,2025-03-25,17000.0,17139.6953125
122,2025-03-28,17000.0,17202.3046875
122,2025-04-01,17000.0,17253.52734375
122,2025-04-04,17000.0,17335.69140625
122,2025-04-08,17000.0,17398.57421875
122,2025-04-11,16000.0,17498.33984375
122,2025-04-15,17000.0,17573.7734375
122,2025-04-18,17000.0,17674.30859375
122,2025-04-22,17000.0,17749.828125
122,2025-04-25,17000.0,17854.91796875
122,2025-04-29,17000.0,17937.65625
122,2025-05-06,17000.0,18046.953125
122,2025-05-09,18000.0,18233.45703125
123,2023-10-09,15000.0,17374.3671875
123,2023-10-12,15000.0,17489.5546875
123,2023-10-16,15000.0,17578.19140625
123,2023-11-27,15000.0,17698.181640625
123,2024-02-22,15000.0,19319.51953125
123,2024-03-14,25000.0,20534.59375
123,2024-03-18,25000.0,19994.67578125
123,2024-03-21,25000.0,19861.89453125
123,2024-04-04,25000.0,19758.765625
123,2024-04-11,25000.0,19244.478515625
123,2024-04-18,25000.0,18965.537109375
123,2024-04-25,25000.0,18680.29296875
123,2024-05-02,25000.0,18397.212890625
123,2024-05-20,25000.0,18124.953125
123,2024-07-29,25000.0,17526.02734375
123,2024-08-01,25000.0,16833.58984375
123,2024-08-19,25000.0,16833.6640625
123,2024-08-22,25000.0,16821.6015625
123,2024-08-26,25000.0,16819.234375
123,2024-08-29,25000.0,16818.1640625
123,2024-09-09,25000.0,16822.3203125
123,2024-09-16,25000.0,16883.08984375
123,2024-09-23,25000.0,16973.7578125
123,2024-10-07,25000.0,17107.4609375
123,2024-10-10,25000.0,17460.4375
123,2024-10-14,25000.0,17548.474609375
123,2024-10-21,25000.0,17667.935546875
123,2024-10-28,25000.0,17895.1640625
123,2024-11-04,25000.0,18155.74609375
123,2024-12-09,25000.0,18430.400390625
123,2025-01-09,25000.0,19792.87109375
123,2025-01-13,25000.0,20588.275390625
123,2025-01-16,25000.0,20647.0234375
123,2025-01-20,25000.0,20683.0703125
123,2025-01-23,25000.0,20719.98046875
123,2025-02-03,25000.0,20739.2734375
123,2025-02-06,25000.0,20747.841796875
123,2025-02-10,25000.0,20733.1875
123,2025-02-20,25000.0,20702.34375
123,2025-03-03,25000.0,20570.298828125
123,2025-03-13,25000.0,20338.54296875
123,2025-03-24,25000.0,20057.9140625
123,2025-03-31,25000.0,19688.375
123,2025-04-03,25000.0,19435.83203125
123,2025-04-10,25000.0,19322.02734375
123,2025-04-14,25000.0,19046.359375
123,2025-04-24,25000.0,18884.1796875
123,2025-05-05,25000.0,18477.50390625
123,2025-05-08,25000.0,18048.7890625
124,2021-08-18,12000.0,21872.93359375
124,2021-08-25,12000.0,21867.921875
124,2021-09-01,12000.0,21860.076171875
124,2021-09-08,11500.0,21849.291015625
124,2021-09-15,11000.0,21835.396484375
124,2021-09-22,11000.0,21818.38671875
124,2021-09-29,11000.0,21798.0703125
124,2021-10-06,12000.0,21774.39453125
124,2021-10-13,12000.0,21747.138671875
124,2021-10-20,12000.0,21716.375
124,2021-10-27,12000.0,21682.27734375
124,2021-11-03,12000.0,21645.076171875
124,2021-11-10,13000.0,21605.0859375
124,2021-11-17,12000.0,21562.822265625
124,2021-11-24,11000.0,21519.111328125
124,2021-12-01,9000.0,21474.50390625
124,2021-12-08,10000.0,21429.931640625
124,2021-12-15,13000.0,21386.359375
124,2021-12-22,11000.0,21344.8828125
124,2021-12-29,11000.0,21306.59375
124,2022-01-12,9000.0,21272.5
124,2022-01-19,9000.0,21220.87890625
124,2022-01-26,9000.0,21204.837890625
124,2022-02-09,9000.0,21196.078125
124,2022-02-16,9000.0,21201.294921875
124,2022-02-23,10000.0,21215.099609375
124,2022-03-02,10000.0,21235.833984375
124,2022-03-09,10000.0,21262.857421875
124,2022-03-16,10000.0,21295.375
124,2022-03-23,10000.0,21332.4296875
124,2022-03-30,10000.0,21372.927734375
124,2022-04-06,9000.0,21415.783203125
124,2022-04-13,9500.0,21459.94921875
124,2022-04-20,8500.0,21504.30859375
124,2022-04-27,9000.0,21547.9765625
124,2022-05-04,10000.0,21590.37109375
124,2022-05-11,9000.0,21630.86328125
124,2022-05-18,9000.0,21668.7890625
124,2022-05-25,9000.0,21703.724609375
124,2022-06-01,9500.0,21735.40625
124,2022-06-08,9500.0,21763.703125
124,2022-06-15,10000.0,21788.5390625
124,2022-06-22,9000.0,22028.41796875
124,2022-06-29,8500.0,22026.142578125
124,2022-07-06,9000.0,22023.9375
124,2022-07-13,9500.0,22021.890625
124,2022-07-20,9500.0,22020.193359375
124,2022-07-27,9500.0,22018.994140625
124,2022-08-03,10000.0,22018.33203125
124,2022-08-10,10000.0,22018.283203125
124,2022-08-17,10000.0,22018.8515625
124,2022-08-24,10000.0,32963.91796875
124,2022-08-31,10000.0,33086.125
124,2022-09-07,10000.0,33250.27734375
124,2022-09-14,10500.0,33449.109375
124,2022-09-21,10500.0,33677.00390625
124,2022-10-12,9500.0,33931.37890625
124,2022-10-19,10500.0,34808.10546875
124,2022-10-26,11000.0,35122.7734375
124,2022-11-02,11000.0,35439.44921875
124,2022-11-09,13000.0,35750.625
124,2022-11-16,13000.0,36059.37109375
124,2022-11-23,14000.0,36356.1171875
124,2022-11-30,12000.0,36640.01953125
124,2022-12-07,14000.0,36909.0703125
124,2023-01-03,10500.0,21392.474609375
124,2023-01-10,11000.0,37854.86328125
124,2023-01-17,12000.0,37959.20703125
124,2023-01-25,13000.0,38031.32421875
124,2023-02-01,13000.0,21196.859375
124,2023-02-08,12000.0,21194.587890625
124,2023-02-15,11000.0,21199.92578125
124,2023-02-22,11000.0,21212.68359375
124,2023-03-01,12000.0,21232.47265625
124,2023-03-08,12000.0,21258.640625
124,2023-03-15,13000.0,21290.421875
124,2023-03-22,12000.0,21326.90234375
124,2023-04-05,11000.0,21366.966796875
124,2023-04-26,10000.0,21453.59765625
124,2023-05-03,10000.0,21584.41015625
124,2023-05-10,11000.0,21625.21875
124,2023-05-17,11000.0,21663.544921875
124,2023-05-24,10000.0,21698.921875
124,2023-05-31,10000.0,21731.083984375
124,2023-06-07,11000.0,21759.87109375
124,2023-06-14,11000.0,21785.201171875
124,2023-06-21,11000.0,21807.15234375
124,2023-06-28,12000.0,21825.8359375
124,2023-07-05,13000.0,21841.40625
124,2023-07-12,14000.0,21853.953125
124,2023-07-19,14500.0,21863.5078125
124,2023-07-26,14500.0,21870.20703125
124,2023-09-06,13000.0,21874.1328125
124,2023-09-13,12000.0,21839.69140625
124,2023-09-20,12000.0,21823.568359375
124,2023-09-27,12000.0,21804.228515625
124,2023-10-04,12000.0,21781.5234375
124,2023-10-25,15000.0,21755.28125
124,2023-11-01,14000.0,35394.84765625
124,2023-11-08,12000.0,35705.90625
124,2023-11-15,12000.0,36015.81640625
124,2023-11-22,14000.0,36314.41015625
124,2023-11-27,15000.0,36600.12109375
124,2023-12-06,13000.0,36795.9765625
124,2023-12-13,12000.0,37123.62890625
124,2024-01-24,14000.0,37351.26171875
124,2024-02-21,12000.0,38070.33984375
124,2024-02-28,13000.0,37897.93359375
124,2024-03-06,12000.0,37772.98828125
124,2024-03-13,12000.0,37616.91796875
124,2024-03-20,12500.0,37430.73046875
124,2024-03-27,12500.0,37214.1015625
124,2024-04-03,12500.0,36974.75390625
124,2024-04-10,12500.0,36714.26953125
124,2024-04-17,15000.0,36436.11328125
124,2024-05-08,14000.0,36143.90234375
124,2024-05-15,14000.0,35210.921875
124,2024-05-22,13000.0,34896.734375
124,2024-05-29,14000.0,34589.65234375
124,2024-06-12,15500.0,34292.83203125
124,2024-06-19,15500.0,33752.16015625
124,2024-06-26,15500.0,33517.3046875
124,2024-07-03,15500.0,33311.73828125
124,2024-07-17,13500.0,33139.453125
124,2024-07-24,14000.0,32906.4453125
124,2024-07-31,14000.0,32850.3828125
124,2024-08-07,12000.0,32836.60546875
124,2024-08-14,12000.0,32865.38671875
124,2024-08-21,12000.0,32936.12109375
124,2024-08-28,12000.0,33047.33203125
124,2024-09-04,14000.0,33199.5390625
124,2024-09-11,14000.0,33389.13671875
124,2024-09-18,14000.0,33609.046875
124,2024-09-25,14000.0,33856.26171875
124,2024-10-02,13000.0,34126.55078125
124,2024-10-09,13000.0,34415.58203125
124,2024-10-16,13000.0,34719.51171875
124,2024-10-23,12000.0,35032.13671875
124,2024-10-30,12500.0,35349.85546875
124,2024-11-06,12000.0,35661.1484375
124,2024-11-13,13000.0,35972.10546875
124,2024-11-20,13000.0,36272.546875
124,2024-11-27,13000.0,36560.22265625
124,2024-12-04,12500.0,36834.02734375
124,2024-12-11,12500.0,37088.99609375
124,2025-01-08,12500.0,37320.37109375
124,2025-01-15,13700.0,37932.70703125
124,2025-01-22,13700.0,38013.97265625
124,2025-02-05,13000.0,38062.59375
124,2025-02-19,13800.0,38060.6015625
124,2025-02-26,12500.0,37927.58984375
124,2025-02-28,12500.0,37811.94140625
124,2025-03-05,12500.0,37772.98828125
124,2025-03-12,12300.0,37664.55859375
124,2025-03-19,12000.0,37487.234375
124,2025-03-26,13000.0,37278.36328125
124,2025-04-02,13500.0,37045.37890625
124,2025-04-09,14000.0,36790.66796875
124,2025-04-16,14500.0,36517.19140625
124,2025-04-23,15000.0,36228.640625
124,2025-04-25,15000.0,35927.17578125
124,2025-05-07,14500.0,35839.3828125
125,2021-07-14,10000.0,21835.78125
125,2021-08-04,9000.0,21845.0703125
125,2021-08-11,9000.0,21855.140625
125,2021-08-18,9000.0,21852.71484375
125,2021-08-25,9000.0,21847.353515625
125,2021-09-01,9000.0,21838.978515625
125,2021-09-08,9500.0,21827.5
125,2021-09-15,10000.0,21812.89453125
125,2021-09-22,10000.0,21794.91015625
125,2021-09-29,10000.0,21773.509765625
125,2021-10-06,9000.0,21748.453125
125,2021-10-13,9000.0,21719.765625
125,2021-10-20,9000.0,21687.521484375
125,2021-10-27,9000.0,21651.86328125
125,2021-11-03,9000.0,21612.9921875
125,2021-11-10,9000.0,21571.28125
125,2021-11-17,9000.0,21527.505859375
125,2021-11-24,9000.0,21482.07421875
125,2021-12-01,9000.0,21435.8203125
125,2021-12-08,9000.0,21389.63671875
125,2021-12-15,9000.0,21344.59375
125,2021-12-22,9500.0,21301.74609375
125,2021-12-29,9500.0,21262.2265625
125,2022-01-12,10000.0,21227.14453125
125,2022-01-19,9500.0,21173.81640625
125,2022-01-26,10000.0,21157.3125
125,2022-02-09,10000.0,21148.30859375
125,2022-02-16,10000.0,21153.71875
125,2022-02-23,11000.0,21167.9375
125,2022-03-02,11000.0,21189.3125
125,2022-03-09,11000.0,21217.181640625
125,2022-03-16,11000.0,21250.681640625
125,2022-03-23,11000.0,21288.861328125
125,2022-03-30,11000.0,21330.759765625
125,2022-04-06,10000.0,21375.109375
125,2022-04-13,10000.0,21420.86328125
125,2022-04-20,9500.0,21466.984375
125,2022-04-27,10000.0,21512.45703125
125,2022-05-04,11000.0,21556.41796875
125,2022-05-11,12000.0,21598.484375
125,2022-05-18,11000.0,21638.060546875
125,2022-05-25,11000.0,21674.61328125
125,2022-06-01,12000.0,21707.830078125
125,2022-06-08,14000.0,21737.55078125
125,2022-06-15,14000.0,21763.7421875
125,2022-06-22,15000.0,22031.23046875
125,2022-06-29,15000.0,22029.5859375
125,2022-07-06,15500.0,22027.8125
125,2022-07-13,16000.0,22026.18359375
125,2022-07-20,13000.0,22024.826171875
125,2022-07-27,15000.0,22023.828125
125,2022-08-03,15000.0,22023.28515625
125,2022-08-10,15000.0,22023.25390625
125,2022-08-17,15000.0,22023.7578125
125,2022-08-24,15000.0,32993.29296875
125,2022-08-31,14000.0,33114.3515625
125,2022-09-07,12000.0,33276.77734375
125,2022-09-14,13000.0,33472.66015625
125,2022-09-21,14000.0,33697.94921875
125,2022-10-12,13000.0,33949.984375
125,2022-10-19,12000.0,34818.8984375
125,2022-10-26,11000.0,35130.97265625
125,2022-11-02,10000.0,35444.71484375
125,2022-11-09,11000.0,35754.54296875
125,2022-11-16,11000.0,36060.23828125
125,2022-11-23,10000.0,36354.53515625
125,2022-11-30,10000.0,36636.38671875
125,2022-12-07,10000.0,36903.12109375
125,2022-12-14,10000.0,21350.9140625
125,2022-12-21,10000.0,21307.693359375
125,2023-01-03,13000.0,21267.61328125
125,2023-01-04,12000.0,37841.84375
125,2023-01-10,12000.0,21201.23046875
125,2023-01-11,11000.0,37945.45703125
125,2023-01-17,14000.0,21176.771484375
125,2023-01-18,12000.0,38017.015625
125,2023-01-25,12000.0,21159.22265625
125,2023-02-01,13000.0,21149.126953125
125,2023-02-08,12000.0,21146.79296875
125,2023-02-15,11000.0,21152.306640625
125,2023-02-22,11000.0,21165.44921875
125,2023-03-01,11000.0,21185.849609375
125,2023-03-08,12000.0,21212.8359375
125,2023-03-15,12000.0,21245.595703125
125,2023-03-22,13000.0,21283.169921875
125,2023-04-05,14000.0,21324.59375
125,2023-04-26,13000.0,21414.2734375
125,2023-05-03,13000.0,21550.23828125
125,2023-05-10,12000.0,21592.62109375
125,2023-05-17,13000.0,21632.58984375
125,2023-05-24,14000.0,21669.59765625
125,2023-05-31,15000.0,21703.2890625
125,2023-06-07,14000.0,21733.53125
125,2023-06-14,16000.0,21760.2109375
125,2023-06-21,15000.0,21783.36328125
125,2023-06-28,15000.0,21803.041015625
125,2023-07-05,15500.0,21819.412109375
125,2023-07-12,15000.0,21832.58203125
125,2023-07-19,15000.0,21842.728515625
125,2023-07-26,15000.0,21849.85546875
125,2023-09-06,18000.0,21854.02734375
125,2023-09-13,17000.0,21817.40234375
125,2023-09-20,17000.0,21800.380859375
125,2023-09-27,14500.0,21779.9921875
125,2023-10-04,17000.0,21755.9765625
125,2023-10-25,14500.0,21728.328125
125,2023-11-01,15000.0,35400.578125
125,2023-11-08,15000.0,35710.22265625
125,2023-11-15,15500.0,36017.01171875
125,2023-11-22,15000.0,36313.1875
125,2023-11-27,12000.0,36596.81640625
125,2023-12-06,12000.0,36791.12890625
125,2023-12-13,13000.0,37115.97265625
125,2023-12-20,13000.0,37341.88671875
125,2024-01-24,15000.0,37538.87109375
125,2024-02-21,13500.0,38056.2890625
125,2024-02-28,14500.0,37885.92578125
125,2024-03-06,15000.0,37761.83984375
125,2024-03-13,15000.0,37607.015625
125,2024-03-20,14000.0,37422.15625
125,2024-03-27,14000.0,37206.98046875
125,2024-04-03,15000.0,36969.65234375
125,2024-04-10,11000.0,36711.25390625
125,2024-04-17,15500.0,36435.26953125
125,2024-05-08,14000.0,36145.45703125
125,2024-05-15,13000.0,35219.23046875
125,2024-05-22,13000.0,34907.57421875
125,2024-05-29,14000.0,34603.2734375
125,2024-06-12,15000.0,34308.97265625
125,2024-06-19,14500.0,33773.2890625
125,2024-06-26,15000.0,33540.50390625
125,2024-07-03,15000.0,33337.66015625
125,2024-07-17,15000.0,33166.9296875
125,2024-07-24,15500.0,32936.33984375
125,2024-07-31,15500.0,32880.859375
125,2024-08-07,16000.0,32867.3125
125,2024-08-14,16000.0,32895.6796875
125,2024-08-21,16000.0,32965.78125
125,2024-08-28,16000.0,33075.66796875
125,2024-09-04,19000.0,33226.73046875
125,2024-09-11,19000.0,33413.69140625
125,2024-09-18,18000.0,33630.625
125,2024-09-25,18000.0,33875.52734375
125,2024-10-02,19000.0,34143.30859375
125,2024-10-09,20000.0,34429.91015625
125,2024-10-16,18000.0,34731.14453125
125,2024-10-23,18500.0,35041.09765625
125,2024-10-30,19000.0,35356.06640625
125,2024-11-06,18000.0,35665.85546875
125,2024-11-13,17500.0,35973.65234375
125,2024-11-20,16000.0,36271.60546875
125,2024-11-27,16000.0,36556.96484375
125,2024-12-04,16000.0,36828.84375
125,2024-12-11,17000.0,37081.64453125
125,2025-01-08,17000.0,37311.21484375
125,2025-01-15,16000.0,37919.16015625
125,2025-01-22,16000.0,37999.82421875
125,2025-02-05,17000.0,38048.41796875
125,2025-02-19,15500.0,38047.33984375
125,2025-02-26,15000.0,37915.33203125
125,2025-02-28,15000.0,37800.47265625
125,2025-03-05,15000.0,37761.83984375
125,2025-03-12,14000.0,37654.23828125
125,2025-03-19,15000.0,37478.27734375
125,2025-03-26,15500.0,37270.92578125
125,2025-04-02,16000.0,37039.71484375
125,2025-04-09,15000.0,36787.00390625
125,2025-04-16,16000.0,36515.71875
125,2025-04-23,15500.0,36229.49609375
125,2025-04-25,15500.0,35930.44140625
125,2025-05-07,17000.0,35843.37109375
126,2021-09-15,17000.0,21789.3046875
126,2021-09-22,17000.0,21770.34375
126,2021-09-29,18000.0,21747.716796875
126,2021-10-06,17000.0,21721.3671875
126,2021-10-13,18000.0,21691.3203125
126,2021-10-20,18000.0,21657.59765625
126,2021-10-27,18000.0,21620.3203125
126,2021-11-03,19000.0,21579.791015625
126,2021-11-10,18000.0,21536.552734375
126,2021-11-17,19000.0,21491.08203125
126,2021-11-24,18500.0,21443.96875
126,2021-12-01,18000.0,21396.0390625
126,2021-12-08,19000.0,21348.28515625
126,2021-12-15,19000.0,21301.751953125
126,2021-12-22,21000.0,21257.568359375
126,2021-12-29,22000.0,21216.859375
126,2022-01-12,28000.0,21180.6015625
126,2022-01-19,23000.0,21125.734375
126,2022-01-26,25000.0,21108.755859375
126,2022-02-09,30000.0,21099.515625
126,2022-02-16,30000.0,21105.1171875
126,2022-02-23,27000.0,21119.76171875
126,2022-03-02,28000.0,21141.78125
126,2022-03-09,28000.0,21170.4609375
126,2022-03-16,28000.0,21204.98046875
126,2022-03-23,28000.0,21244.349609375
126,2022-03-30,28000.0,21287.474609375
126,2022-04-06,30000.0,21333.34375
126,2022-05-18,25000.0,21380.677734375
126,2022-05-25,24000.0,21644.375
126,2022-06-01,22000.0,21679.12109375
126,2022-06-08,21000.0,21710.28125
126,2022-06-15,22000.0,21737.783203125
126,2022-06-22,22000.0,22033.03125
126,2022-06-29,22000.0,22032.0390625
126,2022-07-06,23000.0,22030.861328125
126,2022-07-13,21000.0,22029.63671875
126,2022-07-20,20000.0,22028.556640625
126,2022-07-27,20000.0,22027.748046875
126,2022-08-03,21000.0,22027.34375
126,2022-08-10,22000.0,22027.3515625
126,2022-08-17,22000.0,22027.77734375
126,2022-08-24,22000.0,33021.71484375
126,2022-08-31,24000.0,33140.97265625
126,2022-09-07,22000.0,33301.48828125
126,2022-09-14,23000.0,33495.27734375
126,2022-09-21,22000.0,33718.578125
126,2022-10-12,24000.0,33968.26953125
126,2022-10-19,23000.0,34829.48828125
126,2022-10-26,22000.0,35139.03515625
126,2022-11-02,24000.0,35449.86328125
126,2022-11-16,28000.0,35758.16015625
126,2022-11-23,25000.0,36352.92578125
126,2022-11-30,26000.0,36632.80859375
126,2022-12-07,25000.0,36897.43359375
126,2022-12-14,28000.0,21308.28515625
126,2022-12-21,30000.0,21263.68359375
126,2023-01-03,28000.0,21222.423828125
126,2023-01-04,27000.0,37828.95703125
126,2023-01-10,27000.0,21153.9296875
126,2023-01-11,28000.0,37931.86328125
126,2023-01-17,28000.0,21128.77734375
126,2023-01-18,30000.0,38002.94140625
126,2023-01-25,30000.0,21110.72265625
126,2023-02-01,28000.0,21100.34375
126,2023-02-08,30000.0,21097.955078125
126,2023-02-15,30000.0,21103.642578125
126,2023-02-22,28000.0,21117.201171875
126,2023-03-01,28000.0,21138.20703125
126,2023-03-08,26000.0,21165.986328125
126,2023-03-15,28000.0,21199.734375
126,2023-03-22,27000.0,21238.48046875
126,2023-04-05,27000.0,21281.123046875
126,2023-04-26,28000.0,21373.8671875
126,2023-05-03,27000.0,21515.078125
126,2023-05-10,26000.0,21559.00390625
126,2023-05-17,28000.0,21600.52734375
126,2023-05-24,28000.0,21639.1171875
126,2023-05-31,29000.0,21674.375
126,2023-06-07,27000.0,21706.05859375
126,2023-06-14,28000.0,21734.08203125
126,2023-06-21,27000.0,21758.4375
126,2023-06-28,28000.0,21779.20703125
126,2023-07-05,25000.0,21796.4140625
126,2023-07-12,23000.0,21810.29296875
126,2023-07-19,22000.0,21820.8984375
126,2023-07-26,22000.0,21828.353515625
126,2023-08-02,24000.0,21832.765625
126,2023-09-06,25000.0,21834.107421875
126,2023-09-13,27000.0,21794.060546875
126,2023-09-20,27000.0,21776.1484375
126,2023-09-27,28000.0,21754.55859375
126,2023-10-04,27000.0,21729.2734375
126,2023-10-25,25000.0,21700.28125
126,2023-11-01,28000.0,35406.125
126,2023-11-08,30000.0,35714.37890625
126,2023-11-15,28000.0,36018.19921875
126,2023-11-22,30000.0,36311.93359375
126,2023-11-27,30000.0,36593.57421875
126,2023-12-06,30000.0,36786.30859375
126,2023-12-13,28000.0,37108.46875
126,2023-12-20,27000.0,37332.66015625
126,2024-01-24,32000.0,37528.23046875
126,2024-02-21,32000.0,38041.93359375
126,2024-02-28,30000.0,37874.09375
126,2024-03-06,28000.0,37750.8984375
126,2024-03-13,30000.0,37597.20703125
126,2024-03-20,30000.0,37413.6953125
126,2024-03-27,32000.0,37199.93359375
126,2024-04-03,33000.0,36964.6796875
126,2024-04-10,35000.0,36708.29296875
126,2024-04-17,36000.0,36434.45703125
126,2024-05-08,35000.0,36147.01171875
126,2024-05-15,35000.0,35228.6953125
126,2024-05-22,30000.0,34918.28515625
126,2024-05-29,28000.0,34616.57421875
126,2024-06-12,27000.0,34324.84765625
126,2024-06-19,28000.0,33794.109375
126,2024-06-26,30000.0,33563.25390625
126,2024-07-03,30000.0,33362.6484375
126,2024-07-17,28000.0,33194.00390625
126,2024-07-24,27000.0,32965.72265625
126,2024-07-31,27500.0,32910.74609375
126,2024-08-07,27000.0,32897.2578125
126,2024-08-14,27000.0,32925.48828125
126,2024-08-21,27000.0,32994.78515625
126,2024-08-28,27000.0,33102.62890625
126,2024-09-04,28000.0,33251.98046875
126,2024-09-11,28000.0,33436.87890625
126,2024-09-18,26000.0,33651.76171875
126,2024-09-25,25000.0,33894.41015625
126,2024-10-02,25000.0,34159.75390625
126,2024-10-09,24000.0,34443.984375
126,2024-10-16,22000.0,34742.57421875
126,2024-10-23,23500.0,35049.86328125
126,2024-10-30,24000.0,35362.0703125
126,2024-11-06,24000.0,35670.44140625
126,2024-11-13,25000.0,35975.1953125
126,2024-11-20,27000.0,36270.70703125
126,2024-11-27,28000.0,36553.96484375
126,2024-12-04,26000.0,36823.7890625
126,2024-12-11,25000.0,37074.45703125
126,2025-01-08,28000.0,37302.19140625
126,2025-01-15,26000.0,37905.79296875
126,2025-01-22,26000.0,37985.87109375
126,2025-02-05,30000.0,38034.109375
126,2025-02-19,26000.0,38033.2890625
126,2025-02-26,28000.0,37903.28515625
126,2025-02-28,28000.0,37789.25390625
126,2025-03-05,28000.0,37750.8984375
126,2025-03-12,28000.0,37644.0859375
126,2025-03-19,28000.0,37469.43359375
126,2025-03-26,27000.0,37263.62890625
126,2025-04-02,26000.0,37034.15234375
126,2025-04-09,27000.0,36783.45703125
126,2025-04-16,26000.0,36514.265625
126,2025-04-23,25000.0,36230.31640625
126,2025-04-25,25000.0,35933.70703125
126,2025-05-07,25000.0,35847.36328125
127,2021-07-14,3000.0,21790.515625
127,2021-07-21,3000.0,21800.70703125
127,2021-07-28,3000.0,21807.611328125
127,2021-08-04,3000.0,21811.26953125
127,2021-08-11,3000.0,21811.7421875
127,2021-08-18,3000.0,21808.99609375
127,2021-08-25,3000.0,21802.9921875
127,2021-09-01,3000.0,21793.666015625
127,2021-09-08,3000.0,21780.94140625
127,2021-09-15,3000.0,21764.607421875
127,2021-09-22,3000.0,21744.603515625
127,2021-09-29,3000.0,21720.84765625
127,2021-10-06,3000.0,21693.236328125
127,2021-10-13,3000.0,21661.791015625
127,2021-10-20,3000.0,21626.53125
127,2021-10-27,3000.0,21587.69140625
127,2021-11-03,3000.0,21545.609375
127,2021-11-10,3000.0,21500.755859375
127,2021-11-17,3000.0,21453.57421875
127,2021-11-24,3000.0,21404.7734375
127,2021-12-01,3000.0,21355.1953125
127,2021-12-08,3000.0,21305.880859375
127,2021-12-15,3000.0,21257.89453125
127,2021-12-22,3000.0,21212.376953125
127,2021-12-29,3000.0,21170.35546875
127,2022-01-26,4000.0,21133.03515625
127,2022-02-09,4000.0,21049.60546875
127,2022-02-16,4000.0,21055.52734375
127,2022-02-23,4000.0,21070.66796875
127,2022-03-02,4000.0,21093.361328125
127,2022-03-09,4000.0,21122.853515625
127,2022-03-16,4000.0,21158.310546875
127,2022-03-23,4000.0,21198.828125
127,2022-03-30,4000.0,21243.265625
127,2022-04-06,4500.0,21290.484375
127,2022-04-13,4000.0,21339.41796875
127,2022-04-20,3500.0,21388.8515625
127,2022-04-27,3000.0,21437.775390625
127,2022-05-04,3000.0,21485.359375
127,2022-05-11,3000.0,21530.7421875
127,2022-05-18,3000.0,21573.349609375
127,2022-05-25,3000.0,21613.046875
127,2022-06-01,3000.0,21649.3125
127,2022-06-08,3000.0,21681.90234375
127,2022-06-15,3000.0,21710.71484375
127,2022-06-22,3000.0,22033.900390625
127,2022-06-29,3000.0,22033.560546875
127,2022-07-06,3000.0,22032.91015625
127,2022-07-13,3000.0,22032.166015625
127,2022-07-20,3000.0,22031.4609375
127,2022-07-27,4000.0,22030.91796875
127,2022-08-03,4000.0,22030.6328125
127,2022-08-10,4000.0,22030.66796875
127,2022-08-17,4000.0,22031.03515625
127,2022-08-24,4000.0,33048.2265625
127,2022-08-31,4000.0,33166.69921875
127,2022-09-07,4000.0,33325.6484375
127,2022-09-14,4000.0,33517.51171875
127,2022-09-21,3500.0,33738.80078125
127,2022-10-12,3500.0,33986.30078125
127,2022-10-19,3500.0,34839.95703125
127,2022-10-26,3500.0,35146.99609375
127,2022-11-02,3500.0,35455.84765625
127,2022-11-09,3500.0,35761.40234375
127,2022-11-16,3700.0,36061.89453125
127,2022-11-23,4000.0,36351.41015625
127,2022-11-30,4000.0,36629.29296875
127,2022-12-07,4000.0,36891.87890625
127,2022-12-14,4000.0,21264.615234375
127,2022-12-21,4000.0,21218.6953125
127,2023-01-03,4000.0,21176.083984375
127,2023-01-04,4000.0,37816.234375
127,2023-01-10,4000.0,21105.59765625
127,2023-01-11,4000.0,37918.51953125
127,2023-01-17,4000.0,21079.72265625
127,2023-01-18,4000.0,37989.0703125
127,2023-01-25,4000.0,21061.14453125
127,2023-02-01,4000.0,21050.46484375
127,2023-02-08,4000.0,21048.03515625
127,2023-02-15,3500.0,21054.00390625
127,2023-02-22,3500.0,21068.02734375
127,2023-03-01,3500.0,21089.69140625
127,2023-03-08,3500.0,21118.26171875
127,2023-03-15,3500.0,21152.9296875
127,2023-03-22,3500.0,21192.76171875
127,2023-04-05,4000.0,21236.728515625
127,2023-04-26,4000.0,21332.375
127,2023-05-03,4000.0,21478.673828125
127,2023-05-10,4000.0,21524.4296875
127,2023-05-17,4000.0,21567.43359375
127,2023-05-24,4000.0,21607.57421875
127,2023-05-31,4000.0,21644.34765625
127,2023-06-07,4000.0,21677.484375
127,2023-06-14,4000.0,21706.82421875
127,2023-06-21,4000.0,21732.39453125
127,2023-06-28,4000.0,21754.203125
127,2023-07-05,4000.0,21772.41015625
127,2023-07-12,4000.0,21786.984375
127,2023-07-19,4500.0,21798.126953125
127,2023-07-26,4500.0,21805.9765625
127,2023-09-06,4300.0,21810.544921875
127,2023-09-13,4500.0,21769.6484375
127,2023-09-20,4500.0,21750.69921875
127,2023-09-27,5000.0,21728.02734375
127,2023-10-04,4500.0,21701.51953125
127,2023-10-25,5000.0,21671.173828125
127,2023-11-01,5000.0,35411.87109375
127,2023-11-08,4000.0,35717.97265625
127,2023-11-15,4000.0,36019.35546875
127,2023-11-22,4000.0,36310.73828125
127,2023-11-27,4000.0,36590.34765625
127,2023-12-06,4000.0,36781.59765625
127,2023-12-13,4000.0,37101.09765625
127,2023-12-20,4000.0,37323.5625
127,2024-01-24,4000.0,37517.765625
127,2024-02-21,4000.0,38027.79296875
127,2024-02-28,4000.0,37861.51171875
127,2024-03-06,4000.0,37739.79296875
127,2024-03-13,4000.0,37587.55078125
127,2024-03-20,4000.0,37405.33984375
127,2024-03-27,4500.0,37193.3515625
127,2024-04-03,4500.0,36959.74609375
127,2024-04-10,4500.0,36705.30859375
127,2024-04-17,4500.0,36433.65234375
127,2024-05-08,4000.0,36148.41796875
127,2024-05-15,4000.0,35238.01953125
127,2024-05-22,4000.0,34928.7890625
127,2024-05-29,4000.0,34629.671875
127,2024-06-12,4000.0,34340.5078125
127,2024-06-19,4500.0,33814.57421875
127,2024-06-26,4500.0,33585.65625
127,2024-07-03,4500.0,33387.01171875
127,2024-07-17,4500.0,33220.58984375
127,2024-07-24,5000.0,32994.66015625
127,2024-07-31,5000.0,32940.15234375
127,2024-08-07,5000.0,32926.58984375
127,2024-08-14,5000.0,32953.734375
127,2024-08-21,5000.0,33021.6640625
127,2024-08-28,5000.0,33128.43359375
127,2024-09-18,5500.0,33276.796875
127,2024-09-25,5000.0,33913.0703125
127,2024-10-02,6000.0,34175.93359375
127,2024-10-09,6000.0,34457.83984375
127,2024-10-16,6000.0,34753.765625
127,2024-10-23,6000.0,35058.53125
127,2024-10-30,6000.0,35368.04296875
127,2024-11-06,5500.0,35674.4609375
127,2024-11-13,5000.0,35976.7421875
127,2024-11-20,5000.0,36269.82421875
127,2024-11-27,5000.0,36551.08984375
127,2024-12-04,4800.0,36818.75390625
127,2024-12-11,4800.0,37067.33984375
127,2025-01-08,4800.0,37293.37109375
127,2025-01-15,4500.0,37892.640625
127,2025-01-22,4500.0,37972.11328125
127,2025-02-05,4000.0,38019.99609375
127,2025-02-19,4500.0,38019.19140625
127,2025-02-26,4500.0,37890.33203125
127,2025-02-28,4500.0,37777.70703125
127,2025-03-05,4500.0,37739.79296875
127,2025-03-12,4700.0,37634.08984375
127,2025-03-19,4700.0,37460.70703125
127,2025-03-26,4500.0,37256.48828125
127,2025-04-02,4500.0,37028.66015625
127,2025-04-09,4700.0,36779.94140625
127,2025-04-16,5000.0,36512.84765625
127,2025-04-23,5000.0,36231.10546875
127,2025-04-25,5000.0,35936.9609375
127,2025-05-07,5000.0,35851.2578125
128,2021-05-21,6100.0,34811.015625
128,2021-05-26,95000.0,20618.591796875
128,2021-05-28,6100.0,34518.2109375
128,2021-06-11,6100.0,20695.458984375
128,2021-06-16,95000.0,20827.34765625
128,2021-06-18,6100.0,33734.04296875
128,2021-06-25,6100.0,20881.791015625
128,2021-06-30,105000.0,20928.2578125
128,2021-07-02,5900.0,33336.4453125
128,2021-07-07,95000.0,20966.71875
128,2021-07-09,5900.0,33186.23828125
128,2021-07-14,95000.0,20997.140625
128,2021-07-16,5900.0,33071.3671875
128,2021-07-21,100000.0,21019.51171875
128,2021-07-23,5900.0,32994.33203125
128,2021-07-28,90000.0,21033.796875
128,2021-07-30,5250.0,32957.03515625
128,2021-08-04,85000.0,21040.078125
128,2021-08-06,5250.0,32960.62890625
128,2021-08-11,85000.0,21038.29296875
128,2021-08-18,95000.0,33004.859375
128,2021-08-20,5250.0,33088.6484375
128,2021-08-25,98000.0,21010.6015625
128,2021-09-01,98000.0,33212.3984375
128,2021-09-08,105000.0,33374.73046875
128,2021-09-15,107000.0,33568.80078125
128,2021-09-17,5250.0,33792.16015625
128,2021-09-22,107000.0,20858.1796875
128,2021-09-29,95000.0,34040.8359375
128,2021-10-01,5750.0,34309.515625
128,2021-10-06,97000.0,20734.072265625
128,2021-10-08,6200.0,34595.83203125
128,2021-10-13,105000.0,20660.734375
128,2021-10-15,7150.0,34893.21484375
128,2021-10-20,100000.0,20580.560546875
128,2021-10-27,115000.0,35198.83203125
128,2021-10-29,8900.0,35505.16796875
128,2021-11-03,115000.0,20403.060546875
128,2021-11-10,115000.0,35807.52734375
128,2021-11-12,8850.0,36104.33203125
128,2021-11-17,117000.0,20209.46875
128,2021-11-24,115000.0,36390.01953125
128,2021-11-26,7750.0,36664.15234375
128,2021-12-01,112000.0,20010.798828125
128,2021-12-08,110000.0,36922.09765625
128,2021-12-15,108000.0,37159.36328125
128,2021-12-22,110000.0,37372.9921875
128,2021-12-24,6750.0,37556.81640625
128,2021-12-29,107000.0,19659.234375
128,2022-01-06,6900.0,37711.4921875
128,2022-01-12,105000.0,19543.544921875
128,2022-01-13,4950.0,37928.6171875
128,2022-01-19,110000.0,19499.015625
128,2022-01-20,4600.0,37989.6328125
128,2022-01-26,115000.0,19468.88671875
128,2022-01-27,4600.0,38018.98046875
128,2022-02-09,117000.0,19453.97265625
128,2022-02-10,4950.0,37981.5
128,2022-02-16,117000.0,19470.904296875
128,2022-02-17,5000.0,37915.20703125
128,2022-02-23,115000.0,19502.267578125
128,2022-02-24,4950.0,37817.33984375
128,2022-03-02,117000.0,19547.87890625
128,2022-03-03,4950.0,37687.81640625
128,2022-03-09,117000.0,19606.140625
128,2022-03-10,4950.0,37528.70703125
128,2022-03-16,117000.0,19675.5703125
128,2022-03-17,4950.0,37339.41796875
128,2022-03-23,117000.0,19754.625
128,2022-03-24,4600.0,37122.625
128,2022-03-30,117000.0,19841.484375
128,2022-03-31,4600.0,36884.66796875
128,2022-04-06,109000.0,19934.392578125
128,2022-04-08,4400.0,36626.95703125
128,2022-04-13,112000.0,20045.388671875
128,2022-04-15,4250.0,36353.19921875
128,2022-04-20,110000.0,20144.3984375
128,2022-04-27,112000.0,36066.55859375
128,2022-04-29,3950.0,35769.62109375
128,2022-05-04,110000.0,20340.00390625
128,2022-05-11,108000.0,35467.89453125
128,2022-05-13,3750.0,35158.36328125
128,2022-05-18,112000.0,20523.0625
128,2022-05-20,3900.0,34853.53515625
128,2022-05-25,115000.0,20607.08984375
128,2022-05-27,3900.0,34559.47265625
128,2022-06-01,117000.0,20684.90625
128,2022-06-03,3900.0,34276.82421875
128,2022-06-08,115000.0,20755.638671875
128,2022-06-10,2900.0,34011.69921875
128,2022-06-14,60000.0,20818.9296875
128,2022-06-15,100000.0,38015.671875
128,2022-06-17,2900.0,33767.07421875
128,2022-06-21,60000.0,20874.498046875
128,2022-06-22,102000.0,37844.015625
128,2022-06-24,1900.0,33548.14453125
128,2022-06-28,65000.0,20922.11328125
128,2022-06-29,104000.0,37694.14453125
128,2022-07-01,1900.0,33360.62109375
128,2022-07-05,65000.0,20961.70703125
128,2022-07-06,107000.0,37569.73828125
128,2022-07-08,1900.0,33205.62890625
128,2022-07-12,55000.0,20993.283203125
128,2022-07-13,107000.0,37474.16015625
128,2022-07-15,1900.0,33085.46484375
128,2022-07-19,55000.0,21016.8125
128,2022-07-20,92000.0,37408.6796875
128,2022-07-22,1900.0,33002.93359375
128,2022-07-26,60000.0,21032.26171875
128,2022-07-27,82000.0,37375.09765625
128,2022-07-29,2150.0,32959.83203125
128,2022-08-02,60000.0,21039.669921875
128,2022-08-03,80000.0,37373.35546875
128,2022-08-05,2150.0,32957.54296875
128,2022-08-09,60000.0,21039.03515625
128,2022-08-10,82000.0,37404.12109375
128,2022-08-16,60000.0,32996.0703125
128,2022-08-17,82000.0,37467.29296875
128,2022-08-19,2850.0,33074.30859375
128,2022-08-23,60000.0,21013.6640625
128,2022-08-24,65000.0,37561.65234375
128,2022-08-26,2850.0,33192.07421875
128,2022-08-30,60000.0,20988.8359375
128,2022-08-31,62000.0,37685.4296875
128,2022-09-02,2650.0,33349.51171875
128,2022-09-06,60000.0,20955.9296875
128,2022-09-07,60000.0,37834.88671875
128,2022-09-09,2650.0,33539.26171875
128,2022-09-13,60000.0,20914.9375
128,2022-09-14,62000.0,38007.0703125
128,2022-09-16,2650.0,33758.65234375
128,2022-09-20,60000.0,20865.857421875
128,2022-09-21,70000.0,38198.78515625
128,2022-09-23,2650.0,34003.98046875
128,2022-09-28,60000.0,20808.783203125
128,2022-10-11,75000.0,38434.2734375
128,2022-10-12,75000.0,38840.40234375
128,2022-10-18,75000.0,34850.19921875
128,2022-10-19,78000.0,39066.56640625
128,2022-10-21,2750.0,35154.81640625
128,2022-10-25,60000.0,20507.013671875
128,2022-10-26,76000.0,39294.78515625
128,2022-10-28,2750.0,35461.83984375
128,2022-11-01,60000.0,20416.390625
128,2022-11-02,80000.0,39519.70703125
128,2022-11-08,60000.0,35764.58203125
128,2022-11-09,82000.0,39740.0625
128,2022-11-11,2750.0,36062.68359375
128,2022-11-15,60000.0,20223.59375
128,2022-11-16,85000.0,39951.88671875
128,2022-11-18,2750.0,36349.87890625
128,2022-11-22,60000.0,20124.24609375
128,2022-11-23,86000.0,40151.94921875
128,2022-11-25,2750.0,36625.86328125
128,2022-11-29,60000.0,20024.8828125
128,2022-11-30,87000.0,40337.34765625
128,2022-12-02,2750.0,36886.40625
128,2023-01-03,7000.0,19927.77734375
128,2023-01-03,60000.0,37803.73828125
128,2023-01-04,88000.0,41025.13671875
128,2023-01-10,60000.0,37820.3359375
128,2023-01-10,8000.0,41099.84375
128,2023-01-11,87000.0,37905.390625
128,2023-01-17,8000.0,37917.34765625
128,2023-01-17,50000.0,37975.375
128,2023-01-18,90000.0,41152.14453125
128,2023-01-24,50000.0,37982.85546875
128,2023-01-25,85000.0,41179.37109375
128,2023-01-31,60000.0,38016.76953125
128,2023-02-01,87000.0,41180.7109375
128,2023-02-03,2100.0,38018.62890625
128,2023-02-07,50000.0,19454.65625
128,2023-02-08,92000.0,41156.140625
128,2023-02-10,2100.0,37988.45703125
128,2023-02-14,50000.0,19470.904296875
128,2023-02-15,94000.0,41106.3671875
128,2023-02-17,2100.0,37926.56640625
128,2023-02-21,55000.0,19502.267578125
128,2023-02-22,90000.0,41034.22265625
128,2023-02-24,2100.0,37833.35546875
128,2023-02-28,55000.0,19547.87890625
128,2023-03-01,80000.0,40938.43359375
128,2023-03-03,2100.0,37708.10546875
128,2023-03-07,60000.0,19606.140625
128,2023-03-08,78000.0,40822.1015625
128,2023-03-10,2100.0,37553.22265625
128,2023-03-14,60000.0,19675.5703125
128,2023-03-15,80000.0,40687.71875
128,2023-03-17,3750.0,37368.3203125
128,2023-03-21,60000.0,19754.625
128,2023-03-22,76000.0,40532.32421875
128,2023-03-24,3200.0,37154.8671875
128,2023-03-28,60000.0,19841.484375
128,2023-03-31,3200.0,40358.86328125
128,2023-04-04,60000.0,19934.392578125
128,2023-04-05,78000.0,40175.953125
128,2023-04-07,3200.0,36664.875
128,2023-04-21,3550.0,20031.328125
128,2023-04-25,60000.0,20229.064453125
128,2023-04-26,75000.0,39553.07421875
128,2023-04-28,3950.0,35812.421875
128,2023-05-02,60000.0,20326.318359375
128,2023-05-03,78000.0,39330.34765625
128,2023-05-05,3950.0,35511.28125
128,2023-05-09,60000.0,20420.578125
128,2023-05-10,75000.0,39103.11328125
128,2023-05-12,3950.0,35202.75390625
128,2023-05-16,60000.0,20510.61328125
128,2023-05-17,77000.0,38877.42578125
128,2023-05-19,4150.0,34896.23046875
128,2023-05-23,60000.0,20595.44921875
128,2023-05-24,80000.0,38655.73046875
128,2023-05-30,60000.0,34600.94140625
128,2023-05-31,85000.0,38440.64453125
128,2023-06-02,4950.0,34316.125
128,2023-06-06,60000.0,20745.9921875
128,2023-06-07,78000.0,38234.31640625
128,2023-06-09,4950.0,34048.58203125
128,2023-06-13,65000.0,20810.349609375
128,2023-06-14,88000.0,38041.671875
128,2023-06-16,4950.0,33800.6328125
128,2023-06-20,70000.0,20867.04296875
128,2023-06-21,85000.0,37867.1640625
128,2023-06-23,4250.0,33577.6328125
128,2023-06-27,70000.0,20915.80078125
128,2023-06-28,87000.0,37714.17578125
128,2023-06-30,4250.0,33385.453125
128,2023-07-04,70000.0,20956.5390625
128,2023-07-05,85000.0,37585.80078125
128,2023-07-07,4250.0,33225.67578125
128,2023-07-11,70000.0,20989.267578125
128,2023-07-12,86000.0,37485.98828125
128,2023-07-14,3950.0,33100.28515625
128,2023-07-18,60000.0,21013.94921875
128,2023-07-19,80000.0,37416.11328125
128,2023-07-21,4000.0,33012.3671875
128,2023-07-25,60000.0,21030.55078125
128,2023-07-26,80000.0,37377.90234375
128,2023-07-28,4000.0,32963.55078125
128,2023-08-02,78000.0,21039.10546875
128,2023-08-04,4000.0,32955.3984375
128,2023-08-08,55000.0,21039.61328125
128,2023-09-01,6750.0,37397.703125
128,2023-09-05,78000.0,20961.12109375
128,2023-09-06,78000.0,37812.16015625
128,2023-09-08,6550.0,33510.34765625
128,2023-09-12,80000.0,20921.27734375
128,2023-09-13,80000.0,37981.19921875
128,2023-09-15,5950.0,33725.68359375
128,2023-09-19,85000.0,20873.35546875
128,2023-09-20,80000.0,38170.25
128,2023-09-22,6500.0,33967.44921875
128,2023-09-26,78000.0,20817.416015625
128,2023-09-27,7000.0,38374.44140625
128,2023-09-29,6450.0,34230.67578125
128,2023-10-03,78000.0,20753.67578125
128,2023-10-04,80000.0,38587.62890625
128,2023-10-06,6450.0,34512.6875
128,2023-10-25,7000.0,20682.4296875
128,2023-11-01,7000.0,35418.42578125
128,2023-11-08,7000.0,35721.48046875
128,2023-11-15,6000.0,36020.49609375
128,2023-11-22,6400.0,36309.53515625
128,2023-11-27,6500.0,36587.21484375
128,2023-12-06,6700.0,36776.984375
128,2023-12-13,6800.0,37093.89453125
128,2023-12-20,6800.0,37314.59765625
128,2024-01-24,8500.0,37507.484375
128,2024-02-21,9000.0,38013.875
128,2024-02-28,10000.0,37848.73828125
128,2024-03-06,10500.0,37727.890625
128,2024-03-13,10000.0,37577.06640625
128,2024-03-20,10000.0,37396.75
128,2024-03-27,10000.0,37186.93359375
128,2024-04-03,10500.0,36954.91015625
128,2024-04-10,10000.0,36702.4609375
128,2024-04-17,10000.0,36432.89453125
128,2024-05-08,10000.0,36149.90234375
128,2024-05-15,10000.0,35247.11328125
128,2024-05-22,10000.0,34939.1640625
128,2024-05-29,10000.0,34642.58203125
128,2024-06-12,9500.0,34355.90234375
128,2024-06-19,9000.0,33834.5234375
128,2024-06-26,9000.0,33607.6484375
128,2024-07-03,9000.0,33410.94140625
128,2024-07-17,9000.0,33246.4375
128,2024-07-24,9000.0,33022.57421875
128,2024-07-31,9000.0,32968.0078125
128,2024-08-07,10000.0,32954.03125
128,2024-08-14,10000.0,32980.9609375
128,2024-08-21,10000.0,33047.97265625
128,2024-08-28,10000.0,33153.90234375
128,2024-09-04,12000.0,33301.03515625
128,2024-09-11,12000.0,33481.96875
128,2024-09-18,12500.0,33693.08984375
128,2024-09-25,12500.0,33931.39453125
128,2024-10-02,12500.0,34191.8984375
128,2024-10-09,12500.0,34471.50390625
128,2024-10-16,12500.0,34764.74609375
128,2024-10-23,12500.0,35067.02734375
128,2024-10-30,13000.0,35374.66015625
128,2024-11-06,12000.0,35678.34765625
128,2024-11-13,12000.0,35978.17578125
128,2024-11-20,12000.0,36268.92578125
128,2024-11-27,12000.0,36548.24609375
128,2024-12-04,12000.0,36813.85546875
128,2024-12-11,12500.0,37060.53125
128,2025-01-08,12500.0,37284.671875
128,2025-01-15,13200.0,37879.71875
128,2025-01-22,13200.0,37958.62109375
128,2025-02-05,13500.0,38006.15234375
128,2025-02-19,13200.0,38005.30078125
128,2025-02-26,13500.0,37877.24609375
128,2025-02-28,13500.0,37765.4765625
128,2025-03-05,13500.0,37727.890625
128,2025-03-12,13500.0,37623.06640625
128,2025-03-19,13800.0,37451.5546875
128,2025-03-26,14000.0,37249.515625
128,2025-04-02,14000.0,37023.30078125
128,2025-04-09,15500.0,36776.48046875
128,2025-04-16,15000.0,36511.45703125
128,2025-04-23,14800.0,36231.91796875
128,2025-04-25,14800.0,35940.12890625
128,2025-05-07,14700.0,35855.11328125
129,2024-03-27,54000.0,37179.37890625
129,2024-04-03,55000.0,36949.44140625
129,2024-04-10,65000.0,36699.34765625
129,2024-04-17,70000.0,36432.08203125
129,2024-05-08,105000.0,36151.30859375
129,2024-05-15,115000.0,35256.15234375
129,2024-05-22,115000.0,34949.51953125
129,2024-05-29,115000.0,34655.25390625
129,2024-06-12,115000.0,34371.03125
129,2024-06-19,112000.0,33854.1796875
129,2024-06-26,107000.0,33629.33203125
129,2024-07-03,107000.0,33434.25390625
129,2024-07-17,95000.0,33270.87109375
129,2024-07-24,92000.0,33048.703125
129,2024-07-31,90000.0,32994.78125
129,2024-08-07,88000.0,32980.91796875
129,2024-08-14,88000.0,33007.57421875
129,2024-08-21,88000.0,33073.84765625
129,2024-08-28,88000.0,33178.99609375
129,2024-09-04,70000.0,33324.80078125
129,2024-09-11,70000.0,33503.984375
129,2024-09-18,58000.0,33713.25390625
129,2024-09-25,55000.0,33949.41015625
129,2024-10-02,55000.0,34207.54296875
129,2024-10-09,52000.0,34484.86328125
129,2024-10-16,54000.0,34775.5859375
129,2024-10-23,50000.0,35075.4375
129,2024-10-30,50000.0,35381.06640625
129,2024-11-06,50000.0,35682.1796875
129,2024-11-13,50000.0,35979.6328125
129,2024-11-20,54000.0,36268.0703125
129,2024-11-27,55000.0,36545.4140625
129,2024-12-04,57000.0,36808.9921875
129,2024-12-11,60000.0,37053.73828125
129,2025-01-08,60000.0,37276.06640625
129,2025-01-15,85000.0,37866.9296875
129,2025-01-22,85000.0,37945.28515625
129,2025-02-05,90000.0,37992.45703125
129,2025-02-19,92000.0,37990.92578125
129,2025-02-26,88000.0,37863.60546875
129,2025-02-28,88000.0,37752.8046875
129,2025-03-05,88000.0,37715.6171875
129,2025-03-12,85000.0,37612.08984375
129,2025-03-19,80000.0,37441.80859375
129,2025-03-26,87000.0,37241.41796875
129,2025-04-02,90000.0,37017.16796875
129,2025-04-09,105000.0,36772.69921875
129,2025-04-16,115000.0,36510.05078125
129,2025-04-23,117000.0,36232.65234375
129,2025-04-25,117000.0,35943.19921875
129,2025-05-07,120000.0,35858.87890625
130,2021-07-14,3000.0,21714.5703125
130,2021-08-04,3000.0,21726.39453125
130,2021-08-11,3000.0,21739.0703125
130,2021-08-18,3000.0,21735.8046875
130,2021-08-25,3000.0,21728.74609375
130,2021-09-01,3000.0,21717.826171875
130,2021-09-08,6000.0,21702.97265625
130,2021-09-15,6000.0,21684.08203125
130,2021-09-22,6000.0,21661.064453125
130,2021-09-29,6000.0,21633.818359375
130,2021-10-06,6000.0,21602.3671875
130,2021-10-13,6000.0,21566.685546875
130,2021-10-20,6000.0,21527.162109375
130,2021-10-27,6000.0,21483.8203125
130,2021-11-03,7000.0,21436.92578125
130,2021-11-10,5000.0,21387.015625
130,2021-11-17,5000.0,21334.765625
130,2021-11-24,5000.0,21280.94140625
130,2021-12-01,4000.0,21226.56640625
130,2021-12-08,4000.0,21172.5625
130,2021-12-15,3500.0,21120.138671875
130,2021-12-22,3500.0,21070.4375
130,2021-12-29,3200.0,21024.6796875
130,2022-01-12,3200.0,20984.11328125
130,2022-01-19,3500.0,20923.1328125
130,2022-01-26,4000.0,20904.5078125
130,2022-02-09,4000.0,20894.48046875
130,2022-02-16,4000.0,20901.091796875
130,2022-02-23,4000.0,20917.52734375
130,2022-03-02,4000.0,20942.12890625
130,2022-03-09,4000.0,20974.1875
130,2022-03-16,4000.0,21012.76171875
130,2022-03-23,4000.0,21056.79296875
130,2022-03-30,4000.0,21105.0546875
130,2022-04-06,6000.0,21156.33984375
130,2022-04-13,6500.0,21209.578125
130,2022-04-20,6500.0,21263.744140625
130,2022-04-27,6200.0,21317.697265625
130,2022-05-04,6000.0,21370.359375
130,2022-05-11,5500.0,21420.890625
130,2022-05-18,6000.0,21468.626953125
130,2022-05-25,6000.0,21513.01171875
130,2022-06-01,6000.0,21553.64453125
130,2022-06-08,6000.0,21590.349609375
130,2022-06-15,6000.0,21623.03515625
130,2022-06-22,6000.0,22030.3828125
130,2022-06-29,6000.0,22032.12109375
130,2022-07-06,6000.0,22033.291015625
130,2022-07-13,6000.0,22034.02734375
130,2022-07-20,6000.0,22034.45703125
130,2022-07-27,6000.0,22034.701171875
130,2022-08-03,6000.0,22034.86328125
130,2022-08-10,6000.0,22035.0078125
130,2022-08-17,6000.0,22035.14453125
130,2022-08-24,7000.0,33125.2265625
130,2022-08-31,7000.0,33241.55078125
130,2022-09-07,6500.0,33395.8359375
130,2022-09-14,6500.0,33581.734375
130,2022-09-21,6500.0,33797.2109375
130,2022-10-12,6500.0,34038.29296875
130,2022-10-19,6500.0,34870.26953125
130,2022-10-26,6500.0,35169.69140625
130,2022-11-02,6500.0,35472.77734375
130,2022-11-09,6500.0,35770.78125
130,2022-11-16,7000.0,36064.11328125
130,2022-11-23,6500.0,36346.921875
130,2022-11-30,6500.0,36619.10546875
130,2022-12-07,6500.0,36875.66796875
130,2022-12-14,6500.0,21127.478515625
130,2022-12-21,6700.0,21077.33203125
130,2023-01-03,10000.0,21030.91796875
130,2023-01-04,6500.0,37779.2578125
130,2023-01-10,10000.0,20954.3515625
130,2023-01-11,6800.0,37879.75390625
130,2023-01-17,11000.0,20926.46875
130,2023-01-18,6800.0,37948.71875
130,2023-01-25,6500.0,20906.654296875
130,2023-02-01,6500.0,20895.37109375
130,2023-02-08,6600.0,20892.9453125
130,2023-02-15,6500.0,20899.4375
130,2023-02-22,7000.0,20914.6484375
130,2023-03-01,7000.0,20938.14453125
130,2023-03-08,9000.0,20969.1875
130,2023-03-15,9000.0,21006.89453125
130,2023-03-22,9000.0,21050.20703125
130,2023-04-05,12000.0,21097.9453125
130,2023-04-26,13000.0,21201.87890625
130,2023-05-10,12000.0,21362.93359375
130,2023-05-17,12500.0,21462.0
130,2023-05-24,12500.0,21506.890625
130,2023-05-31,8500.0,21548.078125
130,2023-06-07,12000.0,21585.34765625
130,2023-06-14,5000.0,21618.62109375
130,2023-06-21,5500.0,21647.76953125
130,2023-06-28,5000.0,21672.7578125
130,2023-07-05,5500.0,21693.646484375
130,2023-07-12,6000.0,21710.48828125
130,2023-07-19,6000.0,21723.40625
130,2023-07-26,6000.0,21732.4921875
130,2023-09-06,6200.0,21737.783203125
130,2023-09-13,6500.0,21689.8984375
130,2023-09-20,6500.0,21668.064453125
130,2023-09-27,7500.0,21642.041015625
130,2023-10-04,6500.0,21611.78125
130,2023-10-25,9000.0,21577.3046875
130,2023-11-01,10000.0,35430.140625
130,2023-11-08,10000.0,35728.37890625
130,2023-11-15,9000.0,36022.71484375
130,2023-11-22,9000.0,36307.19140625
130,2023-11-27,9000.0,36581.05078125
130,2023-12-06,9000.0,36767.94140625
130,2023-12-13,9000.0,37080.06640625
130,2023-12-20,9000.0,37297.16015625
130,2024-01-24,11000.0,37487.328125
130,2024-02-21,10000.0,37986.26171875
130,2024-02-28,10000.0,37821.66796875
130,2024-03-06,10000.0,37702.98046875
130,2024-03-13,10500.0,37555.26953125
130,2024-03-20,10500.0,37378.16015625
130,2024-03-27,11000.0,37171.83984375
130,2024-04-03,11000.0,36943.390625
130,2024-04-17,10000.0,36695.1796875
130,2024-05-08,10000.0,36151.87890625
130,2024-05-15,10500.0,35264.7734375
130,2024-05-22,10500.0,34960.6484375
130,2024-05-29,11000.0,34667.48828125
130,2024-06-12,11000.0,34385.625
130,2024-06-19,11500.0,33872.61328125
130,2024-06-26,11000.0,33649.41796875
130,2024-07-03,11000.0,33455.60546875
130,2024-07-17,10000.0,33294.01953125
130,2024-07-24,13000.0,33074.328125
130,2024-07-31,13000.0,33021.015625
130,2024-08-07,12000.0,33007.33203125
130,2024-08-14,12000.0,33033.5625
130,2024-08-21,12000.0,33099.33203125
130,2024-08-28,12000.0,33203.8203125
130,2024-09-04,13500.0,33348.2109375
130,2024-09-11,13500.0,33525.5
130,2024-09-18,12500.0,33733.0390625
130,2024-09-25,10000.0,33967.12109375
130,2024-10-02,9000.0,34222.94140625
130,2024-10-09,9500.0,34498.05078125
130,2024-10-16,9000.0,34786.16796875
130,2024-10-23,9000.0,35083.6328125
130,2024-10-30,8500.0,35387.234375
130,2024-11-06,8500.0,35685.90625
130,2024-11-13,8000.0,35981.07421875
130,2024-11-20,7000.0,36267.22265625
130,2024-11-27,7000.0,36542.640625
130,2024-12-04,7000.0,36804.20703125
130,2024-12-11,7000.0,37047.15234375
130,2025-01-08,7000.0,37267.71484375
130,2025-01-15,9000.0,37854.3203125
130,2025-01-22,9000.0,37932.140625
130,2025-02-05,6000.0,37978.9296875
130,2025-02-19,6700.0,37976.65625
130,2025-02-26,6700.0,37850.01953125
130,2025-02-28,6700.0,37739.91015625
130,2025-03-05,6700.0,37702.98046875
130,2025-03-12,7000.0,37600.30859375
130,2025-03-19,7000.0,37432.09765625
130,2025-03-26,7500.0,37233.36328125
130,2025-04-02,7700.0,37010.60546875
130,2025-04-09,7500.0,36767.984375
130,2025-04-16,8000.0,36507.3984375
130,2025-04-23,8500.0,36232.48046875
130,2025-04-25,8500.0,35945.62109375
130,2025-05-07,9000.0,35862.03515625
131,2021-05-14,29000.0,17525.923828125
131,2021-05-14,37000.0,20080.09375
131,2021-05-19,21000.0,17550.6640625
131,2021-05-21,29000.0,22008.32421875
131,2021-05-21,40000.0,19784.78515625
131,2021-05-26,21000.0,17717.84375
131,2021-05-28,29000.0,22014.87109375
131,2021-06-11,26000.0,19514.859375
131,2021-06-15,40000.0,19035.9765625
131,2021-06-16,20000.0,18253.279296875
131,2021-06-18,30000.0,22027.65234375
131,2021-06-18,26000.0,18304.72265625
131,2021-06-22,30000.0,18830.37890625
131,2021-06-25,26000.0,18367.791015625
131,2021-06-25,30000.0,18651.54296875
131,2021-06-29,28000.0,18411.296875
131,2021-06-30,21000.0,18464.12890625
131,2021-07-02,24500.0,22031.65234375
131,2021-07-06,35000.0,18503.552734375
131,2021-07-08,35000.0,18542.20703125
131,2021-07-09,24500.0,18561.07421875
131,2021-07-16,26000.0,18386.47265625
131,2021-07-16,30000.0,18301.640625
131,2021-07-20,35000.0,18621.328125
131,2021-07-22,40000.0,18642.2734375
131,2021-07-23,17000.0,18650.419921875
131,2021-07-29,35000.0,18247.68359375
131,2021-07-30,9000.0,18666.84765625
131,2021-08-03,30000.0,18225.228515625
131,2021-08-06,9000.0,18667.0078125
131,2021-08-13,8000.0,18234.5859375
131,2021-08-13,35000.0,18275.646484375
131,2021-08-17,35000.0,18638.33984375
131,2021-08-19,40000.0,18616.046875
131,2021-08-20,8000.0,18602.63671875
131,2021-08-27,8000.0,18348.0390625
131,2021-08-27,35000.0,18452.42578125
131,2021-09-10,14000.0,18533.482421875
131,2021-09-16,40000.0,18757.9609375
131,2021-09-17,40000.0,18254.88671875
131,2021-09-17,14000.0,18237.1171875
131,2021-09-21,40000.0,18954.19921875
131,2021-09-23,40000.0,18162.5390625
131,2021-09-24,10500.0,18123.1640625
131,2021-09-24,30000.0,19178.607421875
131,2021-09-28,35000.0,18102.98828125
131,2021-09-30,35000.0,18018.626953125
131,2021-10-01,10500.0,17974.4765625
131,2021-10-01,30000.0,19424.68359375
131,2021-10-05,35000.0,17951.90625
131,2021-10-07,40000.0,17858.580078125
131,2021-10-08,11500.0,17810.31640625
131,2021-10-08,35000.0,19690.1953125
131,2021-10-12,35000.0,17788.0625
131,2021-10-14,35000.0,17696.392578125
131,2021-10-15,11500.0,17649.12890625
131,2021-10-15,40000.0,19983.015625
131,2021-10-19,40000.0,17625.1171875
131,2021-10-21,40000.0,17527.01953125
131,2021-10-22,11500.0,17476.68359375
131,2021-10-22,35000.0,20292.189453125
131,2021-10-26,30000.0,17451.25
131,2021-10-28,30000.0,17356.087890625
131,2021-10-29,13500.0,17311.146484375
131,2021-10-29,30000.0,20607.50390625
131,2021-11-02,30000.0,17288.44921875
131,2021-11-04,30000.0,17205.98046875
131,2021-11-05,11500.0,17168.48046875
131,2021-11-05,35000.0,20923.77734375
131,2021-11-09,40000.0,17149.599609375
131,2021-11-11,40000.0,17091.982421875
131,2021-11-12,35000.0,17069.46875
131,2021-11-12,17500.0,17062.5
131,2021-11-16,40000.0,21236.615234375
131,2021-11-18,40000.0,17034.15234375
131,2021-11-19,17500.0,17023.7421875
131,2021-11-19,35000.0,21539.384765625
131,2021-11-23,40000.0,17020.064453125
131,2021-11-25,35000.0,17005.009765625
131,2021-11-26,17500.0,16997.326171875
131,2021-11-26,35000.0,21830.02734375
131,2021-11-30,40000.0,16993.4453125
131,2021-12-02,35000.0,16977.73828125
131,2021-12-03,35000.0,16969.7890625
131,2021-12-03,17500.0,16965.8125
131,2021-12-10,17500.0,22104.12109375
131,2021-12-14,35000.0,22357.8359375
131,2021-12-16,40000.0,16922.23046875
131,2021-12-17,19500.0,16914.5390625
131,2021-12-21,40000.0,22585.103515625
131,2021-12-23,40000.0,16895.90234375
131,2021-12-24,19500.0,16888.744140625
131,2021-12-28,40000.0,22784.109375
131,2021-12-30,40000.0,16871.814453125
131,2021-12-31,16000.0,16865.4921875
131,2021-12-31,40000.0,22953.10546875
131,2022-01-06,14500.0,16862.9453125
131,2022-01-12,12000.0,23073.94140625
131,2022-01-13,9000.0,37889.87109375
131,2022-01-19,9000.0,23182.31640625
131,2022-01-20,9000.0,37949.19921875
131,2022-01-26,9000.0,23253.47265625
131,2022-01-27,9000.0,37976.8984375
131,2022-02-09,9000.0,23286.271484375
131,2022-02-10,27500.0,37938.90234375
131,2022-02-16,9000.0,23235.666015625
131,2022-02-17,13000.0,37873.875
131,2022-02-23,15000.0,23153.10546875
131,2022-02-24,12500.0,37777.70703125
131,2022-03-02,17000.0,23034.021484375
131,2022-03-03,12500.0,37651.46484375
131,2022-03-09,17000.0,22882.1328125
131,2022-03-10,12500.0,37496.92578125
131,2022-03-16,17000.0,22700.078125
131,2022-03-17,12500.0,37313.08203125
131,2022-03-23,17000.0,22489.4921875
131,2022-03-24,12500.0,37101.31640625
131,2022-03-30,17000.0,22249.908203125
131,2022-03-31,12500.0,36868.98046875
131,2022-04-06,5000.0,21987.9296875
131,2022-04-08,12500.0,36617.47265625
131,2022-04-13,8000.0,21665.66796875
131,2022-04-15,17500.0,36350.37890625
131,2022-04-20,9000.0,21368.662109375
131,2022-04-22,17500.0,36070.72265625
131,2022-04-27,11000.0,21060.84375
131,2022-04-29,17500.0,35780.93359375
131,2022-05-04,12000.0,20746.109375
131,2022-05-06,17500.0,35486.65625
131,2022-05-11,12000.0,20432.751953125
131,2022-05-13,17500.0,35185.44140625
131,2022-05-13,10000.0,20123.521484375
131,2022-05-18,20000.0,19487.28515625
131,2022-05-20,15000.0,34885.37109375
131,2022-05-20,12000.0,19608.029296875
131,2022-05-25,20000.0,19825.578125
131,2022-05-27,12000.0,34597.37109375
131,2022-05-27,7000.0,19552.01953125
131,2022-06-01,21000.0,19718.982421875
131,2022-06-03,12000.0,34321.5625
131,2022-06-03,8000.0,19299.796875
131,2022-06-08,22000.0,19820.396484375
131,2022-06-10,12000.0,34063.23046875
131,2022-06-10,9000.0,19067.37890625
131,2022-06-15,22000.0,21522.443359375
131,2022-06-17,12000.0,33824.4609375
131,2022-06-17,10000.0,18858.033203125
131,2022-06-22,22000.0,21552.3515625
131,2022-06-24,9500.0,33610.73046875
131,2022-06-24,12000.0,21577.83984375
131,2022-06-29,22000.0,18675.380859375
131,2022-07-01,8000.0,33427.88671875
131,2022-07-01,12000.0,21598.97265625
131,2022-07-06,22000.0,18522.94140625
131,2022-07-08,12000.0,33276.96484375
131,2022-07-08,6000.0,18401.189453125
131,2022-07-12,40000.0,21615.892578125
131,2022-07-13,20000.0,18594.25390625
131,2022-07-15,12000.0,33160.25390625
131,2022-07-15,4000.0,18311.880859375
131,2022-07-19,35000.0,21628.5
131,2022-07-20,15000.0,18637.59765625
131,2022-07-22,40000.0,33080.51953125
131,2022-07-22,14500.0,18650.419921875
131,2022-07-22,2000.0,18253.453125
131,2022-07-26,35000.0,21636.86328125
131,2022-07-27,14000.0,18662.11328125
131,2022-07-29,14500.0,33038.78125
131,2022-07-29,2000.0,18226.5078125
131,2022-07-29,40000.0,21640.998046875
131,2022-08-02,35000.0,18666.84765625
131,2022-08-03,13000.0,18667.75390625
131,2022-08-05,14500.0,33036.5390625
131,2022-08-05,10000.0,18231.2890625
131,2022-08-05,30000.0,21640.9609375
131,2022-08-09,30000.0,18664.34765625
131,2022-08-10,14000.0,18654.40625
131,2022-08-12,30000.0,33073.8828125
131,2022-08-12,10000.0,18642.9140625
131,2022-08-12,14500.0,20219.78515625
131,2022-08-16,40000.0,20879.90625
131,2022-08-17,14000.0,18622.203125
131,2022-08-19,40000.0,33150.1484375
131,2022-08-19,14500.0,18602.63671875
131,2022-08-19,10000.0,20861.8671875
131,2022-08-23,35000.0,20194.734375
131,2022-08-24,16000.0,18571.1171875
131,2022-08-26,14500.0,33265.62109375
131,2022-08-26,10000.0,20835.10546875
131,2022-08-30,35000.0,20157.75
131,2022-08-31,16000.0,18501.21875
131,2022-09-02,14500.0,33418.24609375
131,2022-09-02,10000.0,20799.6796875
131,2022-09-06,30000.0,20108.814453125
131,2022-09-07,18000.0,18412.71484375
131,2022-09-09,30000.0,33602.5
131,2022-09-09,19000.0,18369.212890625
131,2022-09-09,14500.0,20048.0625
131,2022-09-13,30000.0,20755.5859375
131,2022-09-14,21000.0,18305.994140625
131,2022-09-16,14500.0,33816.046875
131,2022-09-16,20000.0,20702.8984375
131,2022-09-16,30000.0,19975.75390625
131,2022-09-20,30000.0,18254.88671875
131,2022-09-21,24000.0,18181.7109375
131,2022-09-23,14500.0,34054.98046875
131,2022-09-23,6000.0,20641.7109375
131,2022-09-23,35000.0,19892.451171875
131,2022-09-27,30000.0,18123.1640625
131,2022-10-07,35000.0,18040.25
131,2022-10-07,14500.0,17810.31640625
131,2022-10-11,35000.0,20495.46875
131,2022-10-12,23000.0,17719.681640625
131,2022-10-19,23000.0,34880.04296875
131,2022-10-21,14500.0,35177.6875
131,2022-10-21,11000.0,20320.87890625
131,2022-10-26,23500.0,19457.390625
131,2022-10-28,14500.0,35478.13671875
131,2022-10-28,12000.0,20224.859375
131,2022-11-02,25000.0,19327.1328125
131,2022-11-09,26000.0,35773.8203125
131,2022-11-11,14500.0,36064.88671875
131,2022-11-11,20000.0,20020.853515625
131,2022-11-11,40000.0,19052.451171875
131,2022-11-16,27000.0,17069.46875
131,2022-11-18,25000.0,36345.484375
131,2022-11-18,14500.0,18913.22265625
131,2022-11-22,40000.0,19916.18359375
131,2022-11-23,26000.0,17008.810546875
131,2022-11-25,14500.0,36615.8125
131,2022-11-25,20000.0,19812.1640625
131,2022-11-25,30000.0,18775.595703125
131,2022-11-29,40000.0,16997.326171875
131,2022-11-30,26000.0,16981.69140625
131,2022-12-02,14500.0,36870.44921875
131,2022-12-02,20000.0,18588.880859375
131,2022-12-06,40000.0,41446.65625
131,2022-12-07,26000.0,16953.828125
131,2022-12-09,14500.0,21079.7421875
131,2022-12-09,35000.0,18815.001953125
131,2022-12-09,25000.0,16941.880859375
131,2022-12-14,24000.0,41616.3515625
131,2022-12-16,14500.0,21028.1484375
131,2022-12-16,26000.0,19022.859375
131,2022-12-21,26000.0,41771.09765625
131,2022-12-23,25000.0,20980.51171875
131,2022-12-23,14500.0,41913.859375
131,2023-01-03,34000.0,19208.92578125
131,2023-01-04,30000.0,37767.33203125
131,2023-01-05,45000.0,20902.140625
131,2023-01-09,45000.0,16853.078125
131,2023-01-10,32000.0,16847.396484375
131,2023-01-11,40000.0,37867.1640625
131,2023-01-12,45000.0,20873.728515625
131,2023-01-17,32000.0,16844.52734375
131,2023-01-18,42000.0,37935.62109375
131,2023-01-25,42000.0,20853.4375
131,2023-02-01,43000.0,20841.916015625
131,2023-02-03,22000.0,20839.435546875
131,2023-02-03,16500.0,42268.02734375
131,2023-02-08,40000.0,19686.193359375
131,2023-02-10,16500.0,20846.09765625
131,2023-02-10,15000.0,19646.76953125
131,2023-02-15,40000.0,42226.63671875
131,2023-02-17,16500.0,20861.69921875
131,2023-02-17,17000.0,19573.28515625
131,2023-02-22,30000.0,42156.0625
131,2023-02-24,16500.0,20885.755859375
131,2023-02-24,17000.0,19466.94921875
131,2023-03-01,28000.0,42059.33984375
131,2023-03-03,19000.0,20917.5703125
131,2023-03-03,21500.0,41942.84375
131,2023-03-08,29000.0,19329.828125
131,2023-03-10,25500.0,20956.255859375
131,2023-03-10,16500.0,41805.69921875
131,2023-03-15,27000.0,19164.1640625
131,2023-03-17,21500.0,21000.712890625
131,2023-03-17,25500.0,18971.92578125
131,2023-03-22,29000.0,41653.53515625
131,2023-03-24,21500.0,21049.78515625
131,2023-03-24,2500.0,18760.24609375
131,2023-03-31,21500.0,41487.55078125
131,2023-03-31,15000.0,18531.875
131,2023-04-05,30000.0,41312.453125
131,2023-04-07,21500.0,21156.640625
131,2023-04-07,25000.0,18295.08203125
131,2023-04-21,25000.0,41124.1796875
131,2023-04-21,23000.0,40736.51171875
131,2023-04-26,25000.0,17821.26171875
131,2023-04-28,23000.0,21322.3046875
131,2023-04-28,27000.0,17608.94921875
131,2023-05-03,22000.0,40536.02734375
131,2023-05-05,23000.0,21374.875
131,2023-05-05,27000.0,17401.625
131,2023-05-10,25000.0,40333.43359375
131,2023-05-12,23000.0,21424.69921875
131,2023-05-12,27000.0,17208.318359375
131,2023-05-17,24000.0,40134.87890625
131,2023-05-19,25500.0,21471.21484375
131,2023-05-19,25000.0,17033.841796875
131,2023-05-24,38000.0,39938.33984375
131,2023-05-31,40000.0,21513.958984375
131,2023-06-02,23000.0,21552.65625
131,2023-06-02,25500.0,39559.98828125
131,2023-06-07,30000.0,16833.484375
131,2023-06-09,25500.0,21587.162109375
131,2023-06-09,20000.0,16830.84765625
131,2023-06-14,38000.0,39386.23828125
131,2023-06-16,25500.0,21617.474609375
131,2023-06-16,20000.0,16854.029296875
131,2023-06-21,39000.0,39226.3984375
131,2023-06-23,25500.0,21643.51171875
131,2023-06-23,16000.0,16880.720703125
131,2023-06-28,35000.0,39084.41015625
131,2023-06-30,26000.0,21665.2890625
131,2023-06-30,8000.0,16902.4296875
131,2023-07-05,25000.0,38963.34765625
131,2023-07-07,4000.0,21682.890625
131,2023-07-07,25500.0,38864.5625
131,2023-07-11,30000.0,16919.4453125
131,2023-07-12,22000.0,18586.517578125
131,2023-07-14,25500.0,21696.37109375
131,2023-07-14,8000.0,16932.0078125
131,2023-07-14,30000.0,38790.68359375
131,2023-07-18,40000.0,18608.544921875
131,2023-07-19,24000.0,18632.560546875
131,2023-07-21,26000.0,21705.83203125
131,2023-07-21,8000.0,16940.33984375
131,2023-07-21,40000.0,38743.06640625
131,2023-07-25,40000.0,18646.55078125
131,2023-07-26,24000.0,18659.78125
131,2023-07-28,30000.0,21711.3671875
131,2023-07-28,27500.0,18665.65625
131,2023-07-28,2000.0,16944.58984375
131,2023-08-01,32500.0,38722.9140625
131,2023-08-02,28000.0,18668.08984375
131,2023-08-04,22000.0,21712.96875
131,2023-08-04,8000.0,16944.8515625
131,2023-08-04,30000.0,38730.54296875
131,2023-08-08,30000.0,18665.8671875
131,2023-08-11,30000.0,18657.498046875
131,2023-08-15,30000.0,18647.16015625
131,2023-08-18,30000.0,18627.97265625
131,2023-08-22,30000.0,18609.53515625
131,2023-08-25,30000.0,18579.57421875
131,2023-08-29,40000.0,18553.064453125
131,2023-09-01,30000.0,18512.34765625
131,2023-09-01,15000.0,16904.51953125
131,2023-09-06,24000.0,39027.3359375
131,2023-09-08,15000.0,21661.19921875
131,2023-09-08,35000.0,39160.68359375
131,2023-09-08,29500.0,18384.07421875
131,2023-09-12,35000.0,16883.126953125
131,2023-09-13,27000.0,18322.359375
131,2023-09-15,30000.0,21638.392578125
131,2023-09-15,19500.0,16856.68359375
131,2023-09-15,35000.0,39313.53125
131,2023-09-19,35000.0,18272.287109375
131,2023-09-20,27000.0,18200.533203125
131,2023-09-22,29000.0,34019.63671875
131,2023-09-22,19000.0,16833.802734375
131,2023-09-22,40000.0,39481.71484375
131,2023-09-26,40000.0,18143.01953125
131,2023-09-27,27000.0,18061.54296875
131,2023-09-29,12000.0,34276.05078125
131,2023-09-29,30000.0,39662.37890625
131,2023-10-04,27000.0,16836.890625
131,2023-10-06,29500.0,34550.99609375
131,2023-10-06,15000.0,16904.923828125
131,2023-10-17,40000.0,39852.96484375
131,2023-10-20,40000.0,17576.5
131,2023-10-24,40000.0,17501.95703125
131,2023-10-25,24000.0,17400.515625
131,2023-10-27,40000.0,35435.80859375
131,2023-10-31,40000.0,17333.671875
131,2023-11-01,25000.0,17243.15234375
131,2023-11-03,40000.0,35731.72265625
131,2023-11-07,35000.0,17187.2578125
131,2023-11-08,27000.0,17117.439453125
131,2023-11-15,26000.0,36023.83984375
131,2023-11-17,40000.0,36306.05078125
131,2023-11-22,42000.0,17027.3828125
131,2023-11-27,42000.0,36578.05859375
131,2023-12-01,40000.0,36763.5234375
131,2023-12-04,40000.0,16973.76953125
131,2023-12-06,40000.0,16961.814453125
131,2023-12-08,40000.0,37073.2890625
131,2023-12-12,40000.0,16945.859375
131,2023-12-13,40000.0,16930.03515625
131,2023-12-15,40000.0,37288.79296875
131,2023-12-19,40000.0,16918.369140625
131,2023-12-20,38000.0,16903.23046875
131,2023-12-26,45000.0,37477.4453125
131,2024-01-24,34000.0,16878.4140625
131,2024-01-26,45000.0,37972.109375
131,2024-01-30,45000.0,16842.359375
131,2024-02-02,45000.0,16842.53515625
131,2024-02-20,45000.0,16842.23828125
131,2024-02-23,45000.0,16846.1796875
131,2024-03-20,45000.0,16850.1640625
131,2024-03-27,44000.0,37164.21875
131,2024-03-29,40000.0,36937.45703125
131,2024-04-03,43000.0,16966.73828125
131,2024-04-10,45000.0,36691.08984375
131,2024-04-16,40000.0,36428.05859375
131,2024-04-17,46000.0,17045.357421875
131,2024-04-19,40000.0,36151.921875
131,2024-04-26,35000.0,17066.50390625
131,2024-05-08,40000.0,17167.578125
131,2024-05-15,40000.0,35272.10546875
131,2024-05-22,42000.0,34970.33984375
131,2024-05-29,43000.0,34678.35546875
131,2024-06-12,44000.0,34398.80859375
131,2024-06-19,44000.0,33890.203125
131,2024-06-26,44000.0,33668.8984375
131,2024-07-03,44000.0,33476.61328125
131,2024-07-17,20000.0,33316.65234375
131,2024-07-23,45000.0,33099.56640625
131,2024-07-24,23000.0,18657.041015625
131,2024-07-31,21000.0,33046.65234375
131,2024-08-07,20000.0,33033.1484375
131,2024-08-14,20000.0,33059.1796875
131,2024-08-21,20000.0,33124.37890625
131,2024-08-28,20000.0,33228.27734375
131,2024-09-04,20000.0,33371.3046875
131,2024-09-11,20000.0,33546.7109375
131,2024-09-13,45000.0,33752.3671875
131,2024-09-17,50000.0,18289.3515625
131,2024-09-18,25000.0,18219.013671875
131,2024-09-20,45000.0,33984.60546875
131,2024-09-24,45000.0,18162.5390625
131,2024-09-25,25500.0,18082.4765625
131,2024-09-27,45000.0,34238.16015625
131,2024-10-01,45000.0,18018.626953125
131,2024-10-02,26000.0,17929.03515625
131,2024-10-04,45000.0,34510.890625
131,2024-10-08,45000.0,17858.580078125
131,2024-10-09,26000.0,17765.49609375
131,2024-10-11,45000.0,34796.6484375
131,2024-10-15,45000.0,17696.392578125
131,2024-10-16,25000.0,17600.953125
131,2024-10-18,45000.0,35091.15234375
131,2024-10-22,45000.0,17527.01953125
131,2024-10-23,23000.0,17425.642578125
131,2024-10-29,45000.0,35393.36328125
131,2024-10-30,21000.0,17265.640625
131,2024-11-05,42000.0,35689.59765625
131,2024-11-06,19000.0,17133.208984375
131,2024-11-08,45000.0,35982.453125
131,2024-11-12,42000.0,17091.982421875
131,2024-11-13,19500.0,17055.48828125
131,2024-11-15,45000.0,36266.3828125
131,2024-11-19,45000.0,17034.15234375
131,2024-11-20,24000.0,17016.34375
131,2024-11-22,45000.0,36539.89453125
131,2024-11-26,45000.0,17005.009765625
131,2024-11-27,32000.0,16989.552734375
131,2024-12-04,27000.0,36799.53515625
131,2024-12-06,45000.0,37040.609375
131,2024-12-10,45000.0,16949.837890625
131,2024-12-11,26000.0,16933.96875
131,2024-12-13,45000.0,37259.53125
131,2024-12-17,45000.0,16922.23046875
131,2025-01-03,50000.0,16906.9609375
131,2025-01-07,45000.0,16856.6796875
131,2025-01-08,26000.0,16849.92578125
131,2025-01-10,45000.0,37841.89453125
131,2025-01-14,45000.0,16846.19921875
131,2025-01-15,27000.0,16843.185546875
131,2025-01-17,45000.0,37919.21875
131,2025-01-21,45000.0,16841.96484375
131,2025-01-22,27000.0,16841.546875
131,2025-01-24,45000.0,37964.85546875
131,2025-02-05,34000.0,16842.021484375
131,2025-02-19,22000.0,37962.39453125
131,2025-02-26,26000.0,37836.58984375
131,2025-02-28,26000.0,37727.19921875
131,2025-03-05,26000.0,37690.50390625
131,2025-03-12,32000.0,37588.5859375
131,2025-03-19,34000.0,37422.04296875
131,2025-03-26,33000.0,37225.234375
131,2025-04-02,30000.0,37004.14453125
131,2025-04-09,28000.0,36763.34765625
131,2025-04-16,29000.0,36504.76953125
131,2025-04-23,28000.0,36231.94140625
131,2025-04-25,28000.0,35947.30078125
131,2025-05-07,33000.0,35864.32421875
132,2021-07-14,3500.0,33280.953125
132,2021-07-21,3000.0,33170.38671875
132,2021-07-28,3000.0,33097.0
132,2021-08-04,3000.0,33061.3828125
132,2021-08-11,3000.0,33064.85546875
132,2021-08-18,3000.0,33107.37890625
132,2021-08-25,3000.0,33188.4453125
132,2021-09-01,3000.0,33308.625
132,2021-09-08,3000.0,33464.42578125
132,2021-09-15,3000.0,33651.49609375
132,2021-09-22,3000.0,33867.00390625
132,2021-09-29,3000.0,34106.83984375
132,2021-10-06,3000.0,34367.00390625
132,2021-10-13,3500.0,34643.75390625
132,2021-10-20,3500.0,34930.7265625
132,2021-10-27,3500.0,35228.82421875
132,2021-11-03,3500.0,35525.42578125
132,2021-11-10,3500.0,35818.47265625
132,2021-11-17,3700.0,36105.94140625
132,2021-11-24,3700.0,36383.11328125
132,2021-12-01,3700.0,36649.69921875
132,2021-12-08,4000.0,36899.90234375
132,2021-12-15,4000.0,37130.09375
132,2021-12-22,4000.0,37337.08203125
132,2021-12-29,4000.0,37515.73828125
132,2022-01-26,4000.0,37665.8515625
132,2022-02-09,4000.0,37962.8515625
132,2022-02-16,4000.0,37925.00390625
132,2022-02-23,4000.0,37860.38671875
132,2022-03-02,4000.0,37764.79296875
132,2022-03-09,4000.0,37639.48828125
132,2022-03-16,4000.0,37486.18359375
132,2022-03-23,4000.0,37303.73828125
132,2022-03-30,4000.0,37094.22265625
132,2022-04-06,4000.0,36863.53515625
132,2022-04-13,4000.0,36614.0234375
132,2022-04-20,4500.0,36348.8828125
132,2022-04-27,4200.0,36071.42578125
132,2022-05-04,4000.0,35783.83203125
132,2022-05-11,4000.0,35491.80859375
132,2022-05-18,4000.0,35193.32421875
132,2022-05-25,4000.0,34895.58203125
132,2022-06-01,4500.0,34608.67578125
132,2022-06-08,4500.0,34335.16796875
132,2022-06-15,4500.0,34078.94140625
132,2022-06-22,4500.0,33842.28125
132,2022-06-29,4500.0,33630.359375
132,2022-07-06,4500.0,33448.97265625
132,2022-07-13,4000.0,33299.57421875
132,2022-07-20,4000.0,33183.96484375
132,2022-07-27,6000.0,33105.1640625
132,2022-08-03,6000.0,33064.125
132,2022-08-10,6000.0,33061.90625
132,2022-08-17,6000.0,33098.9375
132,2022-08-24,6000.0,33174.57421875
132,2022-08-31,6000.0,33289.1171875
132,2022-09-07,6000.0,33440.21875
132,2022-09-14,6300.0,33622.88671875
132,2022-09-21,6000.0,33834.5703125
132,2022-10-12,6000.0,34071.36328125
132,2022-10-19,6500.0,34889.19921875
132,2022-10-26,6200.0,35185.69140625
132,2022-11-02,6500.0,35483.41796875
132,2022-11-09,6500.0,35776.81640625
132,2022-11-16,7000.0,36065.57421875
132,2022-11-23,6500.0,36344.04296875
132,2022-11-30,6700.0,36612.55078125
132,2022-12-07,6500.0,36865.2890625
132,2022-12-14,6000.0,37098.56640625
132,2022-12-21,6000.0,37309.08984375
132,2023-01-03,7000.0,37492.0625
132,2023-01-04,5500.0,37755.54296875
132,2023-01-10,7500.0,37771.69140625
132,2023-01-11,5800.0,37854.80078125
132,2023-01-17,8000.0,37866.38671875
132,2023-01-18,5800.0,37921.93359375
132,2023-01-25,5500.0,37929.01171875
132,2023-02-01,5500.0,37960.83984375
132,2023-02-08,5000.0,37961.67578125
132,2023-02-15,5000.0,37931.75390625
132,2023-02-22,5000.0,37871.50390625
132,2023-03-01,5000.0,37780.33203125
132,2023-03-08,6000.0,37659.10546875
132,2023-03-15,6000.0,37509.83984375
132,2023-03-22,7000.0,37331.55859375
132,2023-04-05,7000.0,37125.6328125
132,2023-04-26,7000.0,36650.6796875
132,2023-05-03,7000.0,35825.29296875
132,2023-05-10,7000.0,35533.671875
132,2023-05-17,6500.0,35236.26953125
132,2023-05-24,6500.0,34937.66015625
132,2023-05-31,6000.0,34648.7421875
132,2023-06-07,7000.0,34373.28515625
132,2023-06-14,6000.0,34114.3125
132,2023-06-21,6000.0,33874.56640625
132,2023-06-28,6500.0,33659.00390625
132,2023-07-05,6700.0,33472.74609375
132,2023-07-12,6700.0,33318.84765625
132,2023-07-19,6000.0,33198.24609375
132,2023-07-26,6000.0,33114.09765625
132,2023-09-06,6500.0,33067.640625
132,2023-09-13,6500.0,33594.90625
132,2023-09-20,6500.0,33802.78125
132,2023-09-27,6200.0,34036.34375
132,2023-10-04,6500.0,34290.66796875
132,2023-10-25,6000.0,34563.39453125
132,2023-11-01,6500.0,35441.43359375
132,2023-11-08,7000.0,35735.08203125
132,2023-11-15,8000.0,36024.87890625
132,2023-11-22,8000.0,36304.91015625
132,2023-11-27,7000.0,36575.07421875
132,2023-12-06,7500.0,36759.12890625
132,2023-12-13,7500.0,37066.59765625
132,2023-12-20,6000.0,37280.53515625
132,2024-01-24,8000.0,37467.74609375
132,2024-02-21,6500.0,37958.171875
132,2024-02-28,6500.0,37795.26953125
132,2024-03-06,6500.0,37678.1953125
132,2024-03-13,7000.0,37532.86328125
132,2024-03-20,7000.0,37358.83984375
132,2024-03-27,8000.0,37156.65234375
132,2024-04-03,8000.0,36931.421875
132,2024-04-10,8000.0,36687.08203125
132,2024-04-17,8000.0,36426.00390625
132,2024-05-08,6500.0,36151.93359375
132,2024-05-15,6500.0,35279.30859375
132,2024-05-22,7000.0,34979.92578125
132,2024-05-29,7000.0,34689.01171875
132,2024-06-12,6500.0,34411.83203125
132,2024-06-19,7500.0,33907.4375
132,2024-06-26,7700.0,33688.14453125
132,2024-07-03,7700.0,33497.203125
132,2024-07-17,7000.0,33338.87109375
132,2024-07-24,7300.0,33123.85546875
132,2024-07-31,7000.0,33071.9375
132,2024-08-07,7000.0,33058.53515625
132,2024-08-14,7000.0,33084.36328125
132,2024-08-21,7000.0,33149.01171875
132,2024-08-28,7000.0,33252.29296875
132,2024-09-04,6500.0,33393.83203125
132,2024-09-11,6500.0,33567.578125
132,2024-09-18,7000.0,33771.38671875
132,2024-09-25,7500.0,34001.7578125
132,2024-10-02,7500.0,34253.0859375
132,2024-10-09,7000.0,34523.62890625
132,2024-10-16,7000.0,34806.66015625
132,2024-10-23,7500.0,35099.59765625
132,2024-10-30,7500.0,35399.359375
132,2024-11-06,7700.0,35693.2421875
132,2024-11-13,7700.0,35983.8828125
132,2024-11-20,7500.0,36265.58203125
132,2024-11-27,7500.0,36537.23828125
132,2024-12-04,7000.0,36794.8828125
132,2024-12-11,7400.0,37034.1640625
132,2025-01-08,7400.0,37251.49609375
132,2025-01-15,6200.0,37829.703125
132,2025-01-22,6200.0,37905.984375
132,2025-02-05,6500.0,37950.98828125
132,2025-02-19,6400.0,37948.33984375
132,2025-02-26,6400.0,37823.34765625
132,2025-02-28,6400.0,37714.62890625
132,2025-03-05,6400.0,37678.1953125
132,2025-03-12,6200.0,37577.10546875
132,2025-03-19,6000.0,37411.78515625
132,2025-03-26,6000.0,37217.19140625
132,2025-04-02,6300.0,36997.53515625
132,2025-04-09,6300.0,36758.80859375
132,2025-04-16,6700.0,36502.08984375
132,2025-04-23,6500.0,36231.38671875
132,2025-04-25,6500.0,35948.921875
132,2025-05-07,6800.0,35866.5859375
133,2021-04-28,9500.0,19471.9921875
133,2021-04-29,12500.0,21254.36328125
133,2021-05-04,20000.0,34822.375
133,2021-05-05,9500.0,19190.65234375
133,2021-05-06,20000.0,21309.47265625
133,2021-05-10,20000.0,19110.673828125
133,2021-05-11,15000.0,18952.228515625
133,2021-05-12,9500.0,18913.14453125
133,2021-05-13,15000.0,21361.662109375
133,2021-05-17,15000.0,18836.365234375
133,2021-05-18,15000.0,18684.505859375
133,2021-05-19,9500.0,18647.103515625
133,2021-05-20,15000.0,21410.28515625
133,2021-05-24,15000.0,18574.3984375
133,2021-05-25,15000.0,18432.41796875
133,2021-05-26,9300.0,18398.29296875
133,2021-05-27,15000.0,21454.921875
133,2021-06-07,12000.0,18331.546875
133,2021-06-08,12000.0,17995.48046875
133,2021-06-14,12000.0,17968.08984375
133,2021-06-15,12000.0,17818.40625
133,2021-06-16,9500.0,17795.5390625
133,2021-06-17,15000.0,21562.44140625
133,2021-06-21,12000.0,17752.421875
133,2021-06-22,12000.0,17674.126953125
133,2021-06-28,12000.0,17655.822265625
133,2021-06-29,12000.0,17554.30859375
133,2021-06-30,9800.0,17538.86328125
133,2021-07-01,12000.0,21611.45703125
133,2021-07-05,12000.0,17509.244140625
133,2021-07-06,12000.0,17455.3671875
133,2021-07-07,9500.0,17443.01953125
133,2021-07-08,12000.0,21629.2578125
133,2021-07-12,12000.0,17419.703125
133,2021-07-13,12000.0,17378.57421875
133,2021-07-14,9000.0,17369.45703125
133,2021-07-15,12000.0,21642.646484375
133,2021-07-19,12000.0,17353.271484375
133,2021-07-20,12000.0,17327.16015625
133,2021-07-21,5000.0,17321.82421875
133,2021-07-22,15000.0,21651.6796875
133,2021-07-26,15000.0,17312.578125
133,2021-07-27,15000.0,17299.556640625
133,2021-07-28,4000.0,17297.447265625
133,2021-07-29,20000.0,21656.40625
133,2021-08-02,20000.0,17294.58984375
133,2021-08-03,20000.0,17294.345703125
133,2021-08-04,4000.0,17295.421875
133,2021-08-05,20000.0,21656.875
133,2021-08-09,20000.0,17298.970703125
133,2021-08-10,20000.0,17311.51171875
133,2021-08-11,3700.0,17315.77734375
133,2021-08-12,20000.0,21653.06640625
133,2021-08-13,12000.0,17325.6640625
133,2021-08-16,20000.0,18456.427734375
133,2021-08-17,20000.0,17351.30859375
133,2021-08-17,15000.0,17358.89453125
133,2021-08-18,4000.0,18433.515625
133,2021-08-19,20000.0,21644.96484375
133,2021-08-23,20000.0,17376.01953125
133,2021-08-24,20000.0,17416.65625
133,2021-08-24,17000.0,17427.970703125
133,2021-08-25,4000.0,18378.28515625
133,2021-08-26,20000.0,21632.4765625
133,2021-08-26,20000.0,17452.01953125
133,2021-08-27,15000.0,18358.982421875
133,2021-08-30,20000.0,18348.767578125
133,2021-08-31,20000.0,17505.54296875
133,2021-09-01,4000.0,17520.0703125
133,2021-09-06,20000.0,21615.57421875
133,2021-09-07,18000.0,17616.234375
133,2021-09-08,4000.0,17633.70703125
133,2021-09-09,18000.0,21594.1484375
133,2021-09-13,18000.0,17669.86328125
133,2021-09-14,20000.0,17747.94921875
133,2021-09-15,4000.0,17768.609375
133,2021-09-16,20000.0,21568.11328125
133,2021-09-20,18000.0,17813.4140625
133,2021-09-21,18000.0,17910.091796875
133,2021-09-22,4000.0,17935.923828125
133,2021-09-23,18000.0,21537.654296875
133,2021-09-27,18000.0,17989.85546875
133,2021-09-28,18000.0,18105.955078125
133,2021-09-29,4000.0,18136.025390625
133,2021-09-30,18000.0,21502.59375
133,2021-10-04,17000.0,18197.201171875
133,2021-10-05,18000.0,18326.01171875
133,2021-10-06,4000.0,18359.08203125
133,2021-10-07,18000.0,21462.95703125
133,2021-10-11,18000.0,18427.0859375
133,2021-10-12,18000.0,18569.40234375
133,2021-10-13,4500.0,18605.7890625
133,2021-10-14,18000.0,21418.9296875
133,2021-10-18,18000.0,18679.80078125
133,2021-10-19,18000.0,18832.19921875
133,2021-10-20,4500.0,18870.578125
133,2021-10-21,18000.0,21370.8203125
133,2021-10-25,18000.0,18948.265625
133,2021-10-26,18000.0,19107.423828125
133,2021-10-27,4500.0,19147.5234375
133,2021-10-28,18000.0,21319.08203125
133,2021-11-01,18000.0,19228.0703125
133,2021-11-02,18000.0,19389.28515625
133,2021-11-03,4500.0,19429.62890625
133,2021-11-04,18000.0,21264.14453125
133,2021-11-08,18000.0,19510.298828125
133,2021-11-09,18000.0,19671.552734375
133,2021-11-10,4500.0,19711.83203125
133,2021-11-11,18000.0,21206.9375
133,2021-11-15,18000.0,19794.8984375
133,2021-11-16,18000.0,19961.28515625
133,2021-11-17,4500.0,20002.890625
133,2021-11-18,18000.0,21148.22265625
133,2021-11-22,18000.0,20085.63671875
133,2021-11-23,18000.0,20248.77734375
133,2021-11-24,4500.0,20288.9609375
133,2021-11-25,18000.0,21088.966796875
133,2021-11-29,18000.0,20368.685546875
133,2021-11-30,18000.0,20524.2109375
133,2021-12-01,4700.0,20562.1640625
133,2021-12-02,18000.0,21030.228515625
133,2021-12-07,15000.0,20637.0234375
133,2021-12-08,4700.0,16915.654296875
133,2021-12-09,13000.0,20973.3203125
133,2021-12-10,13000.0,16907.07421875
133,2021-12-15,5000.0,16902.818359375
133,2021-12-22,5500.0,20919.53515625
133,2021-12-29,5500.0,20870.2578125
133,2022-01-12,23000.0,20827.021484375
133,2022-01-19,5200.0,20761.99609375
133,2022-01-26,5500.0,20742.08203125
133,2022-02-09,5700.0,20731.3828125
133,2022-02-16,5700.0,20738.5625
133,2022-02-23,5800.0,20756.2265625
133,2022-03-02,6000.0,20782.6875
133,2022-03-09,6000.0,20817.158203125
133,2022-03-16,6000.0,20858.6484375
133,2022-03-23,6000.0,20906.09765625
133,2022-03-30,6000.0,20958.30078125
133,2022-04-06,6400.0,21013.94921875
133,2022-04-13,6600.0,21071.748046875
133,2022-04-20,6500.0,21130.390625
133,2022-04-27,6700.0,21188.8046875
133,2022-05-04,6800.0,21246.298828125
133,2022-05-09,12000.0,21301.75
133,2022-05-11,6700.0,30335.27734375
133,2022-05-12,11000.0,21354.421875
133,2022-05-13,6650.0,30185.23046875
133,2022-05-16,11000.0,19330.013671875
133,2022-05-18,6500.0,29986.8984375
133,2022-05-19,11000.0,21403.5859375
133,2022-05-20,5000.0,29839.96875
133,2022-05-23,11000.0,19454.384765625
133,2022-05-25,6500.0,29647.73828125
133,2022-05-26,11000.0,21448.80859375
133,2022-05-27,5000.0,29507.23828125
133,2022-05-30,11500.0,19570.0
133,2022-06-01,6700.0,29325.357421875
133,2022-06-02,11500.0,21489.794921875
133,2022-06-03,5250.0,29192.546875
133,2022-06-06,11500.0,19675.28125
133,2022-06-08,6500.0,29021.421875
133,2022-06-09,10000.0,21526.291015625
133,2022-06-10,5350.0,28898.421875
133,2022-06-10,4200.0,21455.90625
133,2022-06-13,9000.0,32064.125
133,2022-06-15,6300.0,28741.921875
133,2022-06-16,9000.0,22018.1171875
133,2022-06-17,5750.0,28630.240234375
133,2022-06-17,4200.0,21487.96875
133,2022-06-20,10000.0,31817.18359375
133,2022-06-22,6200.0,28489.9453125
133,2022-06-23,10000.0,22021.96484375
133,2022-06-24,4200.0,28391.201171875
133,2022-06-24,6250.0,31598.921875
133,2022-06-27,10000.0,21515.388671875
133,2022-06-29,6200.0,28269.23828125
133,2022-06-30,11000.0,22024.9140625
133,2022-07-01,6500.0,28185.6484375
133,2022-07-01,4200.0,21538.109375
133,2022-07-04,10000.0,31412.748046875
133,2022-07-06,6000.0,28085.0
133,2022-07-07,11000.0,22027.12109375
133,2022-07-08,6250.0,28017.94140625
133,2022-07-08,4200.0,21556.14453125
133,2022-07-11,11000.0,31261.890625
133,2022-07-13,6200.0,27939.98828125
133,2022-07-14,11000.0,22028.693359375
133,2022-07-15,5850.0,27890.09375
133,2022-07-15,4583.33,21569.6015625
133,2022-07-18,11000.0,31148.96484375
133,2022-07-20,6200.0,27835.744140625
133,2022-07-21,11000.0,22029.75
133,2022-07-22,5400.0,27804.283203125
133,2022-07-22,4583.33,21578.517578125
133,2022-07-25,11000.0,31075.49609375
133,2022-07-27,6200.0,27774.90625
133,2022-07-28,11000.0,22030.375
133,2022-07-29,4583.33,27762.3359375
133,2022-07-29,5750.0,31042.994140625
133,2022-08-01,11000.0,21582.93359375
133,2022-08-03,6500.0,27758.359375
133,2022-08-04,9000.0,22030.6171875
133,2022-08-05,6750.0,27764.984375
133,2022-08-05,4583.33,21582.853515625
133,2022-08-08,9000.0,31052.046875
133,2022-08-10,6700.0,27786.41015625
133,2022-08-11,9000.0,22030.4921875
133,2022-08-12,5850.0,27812.00390625
133,2022-08-12,7500.0,20087.189453125
133,2022-08-15,9000.0,31102.671875
133,2022-08-17,6700.0,27858.658203125
133,2022-08-18,9000.0,33198.73828125
133,2022-08-19,4583.0,27902.87109375
133,2022-08-19,5850.0,31193.53125
133,2022-08-22,9000.0,20061.1015625
133,2022-08-24,7300.0,27973.7109375
133,2022-08-25,9000.0,33312.26953125
133,2022-08-26,6250.0,28035.48046875
133,2022-08-26,4583.0,20022.658203125
133,2022-08-29,9000.0,31323.49609375
133,2022-08-31,7200.0,28129.34375
133,2022-09-01,9000.0,33461.8984375
133,2022-09-02,6250.0,28208.0234375
133,2022-09-02,4583.0,19971.98046875
133,2022-09-05,9000.0,31490.556640625
133,2022-09-07,7400.0,28323.86328125
133,2022-09-08,9000.0,33642.96484375
133,2022-09-09,4583.0,28418.484375
133,2022-09-09,9150.0,31691.609375
133,2022-09-12,9000.0,19909.369140625
133,2022-09-14,7500.0,28553.66015625
133,2022-09-15,9000.0,33852.80859375
133,2022-09-16,8900.0,28661.744140625
133,2022-09-16,4583.0,19834.904296875
133,2022-09-19,9000.0,31923.61328125
133,2022-09-21,7800.0,28813.9140625
133,2022-09-22,9000.0,34087.48046875
133,2022-09-23,4583.0,28933.80859375
133,2022-09-23,8250.0,32187.533203125
133,2022-09-28,9000.0,19749.001953125
133,2022-10-06,9000.0,29188.005859375
133,2022-10-10,9000.0,29551.14453125
133,2022-10-12,9000.0,29741.50390625
133,2022-10-13,9000.0,34898.125
133,2022-10-17,9000.0,29887.5
133,2022-10-19,9500.0,30087.16796875
133,2022-10-20,9000.0,35193.57421875
133,2022-10-24,9000.0,30240.25
133,2022-10-26,10000.0,30445.232421875
133,2022-10-27,10000.0,35488.609375
133,2022-10-28,9250.0,30599.763671875
133,2022-11-02,10500.0,19164.654296875
133,2022-11-07,9000.0,35779.76953125
133,2022-11-09,10500.0,31161.54296875
133,2022-11-11,9250.0,36066.29296875
133,2022-11-14,9000.0,18884.28125
133,2022-11-16,11000.0,31509.38671875
133,2022-11-17,9000.0,36342.67578125
133,2022-11-18,8750.0,31654.95703125
133,2022-11-21,9000.0,18742.203125
133,2022-11-23,11000.0,31844.474609375
133,2022-11-24,9000.0,36609.33984375
133,2022-11-25,9000.0,31982.09375
133,2022-11-28,9000.0,18601.2578125
133,2022-11-30,11000.0,32159.947265625
133,2022-12-01,10000.0,36860.1875
133,2022-12-02,9000.0,32288.298828125
133,2022-12-07,11000.0,18463.9921875
133,2022-12-09,8750.0,20981.27734375
133,2022-12-14,10000.0,18332.83984375
133,2022-12-16,9750.0,20926.96875
133,2022-12-21,9500.0,18210.798828125
133,2022-12-23,10500.0,20876.96875
133,2023-01-03,10000.0,18100.515625
133,2023-01-04,9000.0,37743.91015625
133,2023-01-10,10000.0,20795.34375
133,2023-01-11,9000.0,37842.3203125
133,2023-01-17,10000.0,20765.578125
133,2023-01-18,9000.0,37908.48828125
133,2023-01-25,9000.0,20744.375
133,2023-02-01,9000.0,20732.33984375
133,2023-02-03,7250.0,20729.78515625
133,2023-02-08,9000.0,17804.89453125
133,2023-02-10,7000.0,20736.79296875
133,2023-02-15,9000.0,17827.82421875
133,2023-02-17,7150.0,20753.1484375
133,2023-02-22,8000.0,17871.58203125
133,2023-02-24,7150.0,20778.3984375
133,2023-03-01,7000.0,17935.046875
133,2023-03-03,8100.0,20811.77734375
133,2023-03-08,8000.0,18016.771484375
133,2023-03-10,9000.0,20852.328125
133,2023-03-15,9000.0,18114.66015625
133,2023-03-17,9000.0,20899.0
133,2023-03-22,9500.0,18226.349609375
133,2023-03-24,10000.0,20950.599609375
133,2023-03-31,10250.0,18349.3515625
133,2023-04-05,9000.0,18480.828125
133,2023-04-26,7800.0,21063.41015625
133,2023-05-03,7600.0,21238.19140625
133,2023-05-10,7800.0,21293.96875
133,2023-05-12,9850.0,21347.09765625
133,2023-05-17,7500.0,19311.6328125
133,2023-05-24,8000.0,21396.78515625
133,2023-05-31,9000.0,21442.59375
133,2023-06-07,9000.0,21484.21875
133,2023-06-09,7250.0,21521.34765625
133,2023-06-14,9800.0,19756.66796875
133,2023-06-16,10750.0,21553.9765625
133,2023-06-21,9700.0,19841.32421875
133,2023-06-23,10750.0,21582.013671875
133,2023-06-28,10000.0,19914.62890625
133,2023-06-30,10150.0,21605.56640625
133,2023-07-05,10000.0,19976.19921875
133,2023-07-07,10150.0,21624.62890625
133,2023-07-12,10000.0,20025.876953125
133,2023-07-19,10000.0,21639.267578125
133,2023-07-21,10250.0,21649.5390625
133,2023-07-26,10000.0,20088.5546875
133,2023-07-28,9000.0,21655.490234375
133,2023-08-02,10500.0,20101.37109375
133,2023-09-06,11200.0,21657.18359375
133,2023-09-08,10000.0,21600.73046875
133,2023-09-13,11000.0,19919.0390625
133,2023-09-20,11000.0,21576.0078125
133,2023-09-22,9500.0,21546.826171875
133,2023-09-27,10500.0,19761.95703125
133,2023-09-27,32000.0,21513.083984375
133,2023-10-04,11000.0,34305.12890625
133,2023-10-25,30000.0,21474.7421875
133,2023-10-25,10200.0,35446.95703125
133,2023-11-01,10400.0,35446.95703125
133,2023-11-01,30000.0,35738.33203125
133,2023-11-08,10200.0,35738.33203125
133,2023-11-08,30000.0,36025.9453125
133,2023-11-15,10200.0,36025.9453125
133,2023-11-15,30000.0,36303.80078125
133,2023-11-22,10200.0,36303.80078125
133,2023-11-22,30000.0,36572.1796875
133,2023-11-27,30000.0,36572.1796875
133,2023-11-27,10200.0,36754.87109375
133,2023-12-06,30000.0,36754.87109375
133,2023-12-06,10400.0,37060.015625
133,2023-12-13,10500.0,37060.015625
133,2023-12-13,32000.0,37272.40625
133,2023-12-20,10500.0,37272.40625
133,2024-01-24,10500.0,37458.36328125
133,2024-02-21,9000.0,37944.30078125
133,2024-02-28,9500.0,37782.39453125
133,2024-03-06,9800.0,37666.10546875
133,2024-03-13,10000.0,37521.94140625
133,2024-03-20,10000.0,37349.11328125
133,2024-03-27,10000.0,37148.75390625
133,2024-04-03,10000.0,36925.43359375
133,2024-04-10,15000.0,36683.078125
133,2024-04-17,10300.0,36423.96484375
133,2024-05-08,10000.0,36151.953125
133,2024-05-15,10000.0,35286.30859375
133,2024-05-22,10000.0,34989.3359375
133,2024-05-29,10500.0,34699.921875
133,2024-06-12,10500.0,34424.66796875
133,2024-06-19,10500.0,33924.52734375
133,2024-06-26,10300.0,33707.0703125
133,2024-07-03,10300.0,33517.453125
133,2024-07-17,10400.0,33360.79296875
133,2024-07-24,10700.0,33147.67578125
133,2024-07-31,10700.0,33096.58984375
133,2024-08-07,10700.0,33083.58984375
133,2024-08-14,10700.0,33109.14453125
133,2024-08-21,10700.0,33173.38671875
133,2024-08-28,10700.0,33275.77734375
133,2024-09-04,10700.0,33415.8984375
133,2024-09-11,10700.0,33588.08984375
133,2024-09-18,10800.0,33790.15625
133,2024-09-25,11000.0,34018.46484375
133,2024-10-02,11000.0,34267.80078125
133,2024-10-09,11000.0,34536.0859375
133,2024-10-16,11000.0,34816.23828125
133,2024-10-23,11200.0,35108.1796875
133,2024-10-30,11200.0,35405.24609375
133,2024-11-06,11000.0,35696.81640625
133,2024-11-13,10800.0,35985.2734375
133,2024-11-20,11000.0,36264.76953125
133,2024-11-27,11000.0,36534.61328125
133,2024-12-04,11000.0,36790.35546875
133,2024-12-11,11000.0,37027.83984375
133,2025-01-08,11000.0,37243.55859375
133,2025-01-15,11000.0,37817.62890625
133,2025-01-22,11000.0,37892.609375
133,2025-02-05,11000.0,37937.20703125
133,2025-02-19,11400.0,37934.4765625
133,2025-02-26,11300.0,37810.20703125
133,2025-02-28,11300.0,37702.28515625
133,2025-03-05,11300.0,37666.10546875
133,2025-03-12,11000.0,37565.91015625
133,2025-03-19,11000.0,37401.70703125
133,2025-03-26,10500.0,37208.4296875
133,2025-04-02,10300.0,36991.08203125
133,2025-04-09,10400.0,36754.13671875
133,2025-04-16,10500.0,36499.484375
133,2025-04-23,10300.0,36230.82421875
133,2025-04-25,10300.0,35950.58984375
133,2025-05-07,12000.0,35868.8671875
134,2024-04-03,18000.0,36919.53125
134,2024-04-10,18000.0,36678.921875
134,2024-04-17,20000.0,36421.98046875
134,2024-05-08,21000.0,36152.0
134,2024-05-15,20000.0,35293.19140625
134,2024-05-22,22000.0,34998.5859375
134,2024-05-29,23000.0,34711.41015625
134,2024-06-12,25000.0,34437.21484375
134,2024-06-19,25000.0,33941.2109375
134,2024-06-26,25000.0,33725.66015625
134,2024-07-03,25000.0,33537.3671875
134,2024-07-17,24000.0,33382.35546875
134,2024-07-24,22000.0,33171.09765625
134,2024-07-31,22000.0,33120.41796875
134,2024-08-07,22000.0,33108.04296875
134,2024-08-14,22000.0,33133.54296875
134,2024-08-21,22000.0,33197.28515625
134,2024-08-28,22000.0,33298.84765625
134,2024-09-04,25000.0,33437.56640625
134,2024-09-11,25000.0,33608.3046875
134,2024-09-18,27000.0,33808.59765625
134,2024-09-25,26000.0,34034.88671875
134,2024-10-02,28000.0,34282.26171875
134,2024-10-09,25000.0,34547.76953125
134,2024-10-16,24000.0,34825.60546875
134,2024-10-23,22000.0,35116.51171875
134,2024-10-30,24000.0,35410.9765625
134,2024-11-06,22000.0,35700.33984375
134,2024-11-13,23000.0,35986.56640625
134,2024-11-20,22000.0,36263.9609375
134,2024-11-27,23000.0,36531.98828125
134,2024-12-04,21000.0,36785.81640625
134,2024-12-11,20000.0,37021.55859375
134,2025-01-08,23000.0,37235.75390625
134,2025-01-15,21000.0,37805.09765625
134,2025-01-22,21000.0,37879.4453125
134,2025-02-05,18000.0,37923.54296875
134,2025-02-19,18000.0,37920.8203125
134,2025-02-26,17000.0,37797.32421875
134,2025-02-28,17000.0,37690.12890625
134,2025-03-05,17000.0,37654.30078125
134,2025-03-12,19000.0,37554.83203125
134,2025-03-19,17000.0,37391.73046875
134,2025-03-26,16500.0,37199.765625
134,2025-04-02,16000.0,36984.55859375
134,2025-04-09,15000.0,36749.48046875
134,2025-04-16,16000.0,36496.94921875
134,2025-04-23,17000.0,36230.2109375
134,2025-04-25,17000.0,35952.125
134,2025-05-07,19000.0,35871.05078125
135,2021-05-17,35000.0,19051.205078125
135,2021-05-18,35000.0,18899.1015625
135,2021-05-19,12000.0,18862.08203125
135,2021-05-20,35000.0,21332.853515625
135,2021-05-24,35000.0,18788.65625
135,2021-05-25,30000.0,18644.74609375
135,2021-05-26,12500.0,18610.099609375
135,2021-05-27,30000.0,21380.4453125
135,2021-06-07,30000.0,18541.77734375
135,2021-06-08,30000.0,18199.021484375
135,2021-06-14,30000.0,18170.9921875
135,2021-06-15,30000.0,18011.6796875
135,2021-06-16,9000.0,17987.05859375
135,2021-06-17,25000.0,21495.685546875
135,2021-06-21,25000.0,17939.904296875
135,2021-06-22,25000.0,17853.93359375
135,2021-06-28,25000.0,17834.10546875
135,2021-06-29,25000.0,17727.55859375
135,2021-06-30,10500.0,17711.9140625
135,2021-07-01,25000.0,21548.392578125
135,2021-07-05,25000.0,17682.4453125
135,2021-07-06,25000.0,17629.052734375
135,2021-07-07,11000.0,17616.79296875
135,2021-07-08,25000.0,21567.46484375
135,2021-07-14,11000.0,17593.677734375
135,2021-07-21,11000.0,21581.88671875
135,2021-11-10,11000.0,21591.6328125
135,2021-11-17,11500.0,21116.9921875
135,2021-11-24,11000.0,21054.95703125
135,2021-12-01,10000.0,20992.384765625
135,2021-12-08,10000.0,20930.5703125
135,2021-12-15,11000.0,20870.87109375
135,2021-12-22,10000.0,20814.69921875
135,2021-12-29,9500.0,20763.423828125
135,2022-01-12,5300.0,20718.20703125
135,2022-01-19,10000.0,20650.490234375
135,2022-01-26,10000.0,20629.77734375
135,2022-02-09,10000.0,20618.68359375
135,2022-02-16,12000.0,20626.22265625
135,2022-02-23,10000.0,20644.625
135,2022-03-02,10000.0,20672.2109375
135,2022-03-09,10000.0,20708.19921875
135,2022-03-16,10000.0,20751.609375
135,2022-03-23,10000.0,20801.33203125
135,2022-03-30,10000.0,20856.01953125
135,2022-04-06,10000.0,20914.38671875
135,2022-04-13,10000.0,20975.177734375
135,2022-04-20,10000.0,21037.044921875
135,2022-04-27,10000.0,21098.736328125
135,2022-05-04,10000.0,21159.15234375
135,2022-05-11,10000.0,21217.671875
135,2022-05-18,10000.0,21273.390625
135,2022-05-25,10000.0,21325.701171875
135,2022-06-01,10000.0,21373.91796875
135,2022-06-08,11000.0,21417.7109375
135,2022-06-15,11500.0,21456.83984375
135,2022-06-22,12000.0,22005.52734375
135,2022-06-29,12000.0,22010.68359375
135,2022-07-06,13000.0,22014.75
135,2022-07-13,14000.0,22017.84765625
135,2022-07-20,13000.0,22020.154296875
135,2022-07-27,14000.0,22021.7421875
135,2022-08-03,15000.0,22022.671875
135,2022-08-10,16000.0,22022.978515625
135,2022-08-17,16000.0,22022.6796875
135,2022-08-24,16000.0,33245.609375
135,2022-08-31,17000.0,33357.46484375
135,2022-11-16,18000.0,33504.05859375
135,2022-11-23,19000.0,36340.32421875
135,2022-11-30,19000.0,36603.07421875
135,2022-12-07,19000.0,36850.2421875
135,2022-12-14,20000.0,20879.208984375
135,2022-12-21,20000.0,20822.44140625
135,2023-01-03,26000.0,20770.40234375
135,2023-01-04,20000.0,37720.90234375
135,2023-01-10,26000.0,20685.1875
135,2023-01-11,20000.0,37816.76171875
135,2023-01-17,25000.0,20654.216796875
135,2023-01-18,20000.0,37881.84765625
135,2023-01-25,22000.0,20632.169921875
135,2023-02-01,19000.0,20619.65625
135,2023-02-08,18000.0,20617.03515625
135,2023-02-15,17000.0,20624.3671875
135,2023-02-22,16000.0,20641.423828125
135,2023-03-01,18000.0,20667.7421875
135,2023-03-08,17500.0,20702.57421875
135,2023-03-15,18000.0,20744.984375
135,2023-03-22,18000.0,20793.888671875
135,2023-04-05,16500.0,20847.93359375
135,2023-04-26,17000.0,20966.388671875
135,2023-05-03,18000.0,21150.630859375
135,2023-05-10,17000.0,21209.443359375
135,2023-05-17,17000.0,21265.640625
135,2023-05-24,17000.0,21318.47265625
135,2023-05-31,17500.0,21367.296875
135,2023-06-07,16500.0,21411.734375
135,2023-06-14,18000.0,21451.54296875
135,2023-06-21,18000.0,21486.572265625
135,2023-09-27,22500.0,21516.712890625
135,2023-10-25,24000.0,21442.494140625
135,2023-11-01,23000.0,35457.69921875
135,2023-11-08,23000.0,35744.69140625
135,2023-11-15,22000.0,36027.98828125
135,2023-11-22,24000.0,36301.7578125
135,2023-11-27,24000.0,36566.41796875
135,2023-12-06,24000.0,36746.42578125
135,2023-12-13,24000.0,37047.15234375
135,2023-12-20,25000.0,37256.484375
135,2024-01-24,26000.0,37439.9375
135,2024-02-21,25000.0,37917.00390625
135,2024-02-28,25000.0,37757.12890625
135,2024-03-06,26000.0,37642.75390625
135,2024-03-13,26000.0,37500.63671875
135,2024-03-20,25000.0,37329.94140625
135,2024-03-27,22000.0,37132.40234375
135,2024-04-03,20000.0,36913.20703125
135,2024-04-10,19000.0,36674.86328125
135,2024-04-17,18000.0,36419.91796875
135,2024-05-08,18000.0,36152.03125
135,2024-05-15,18500.0,35299.93359375
135,2024-05-22,18500.0,35007.71484375
135,2024-05-29,19000.0,34722.71484375
135,2024-06-12,19000.0,34449.65234375
135,2024-06-19,20000.0,33957.71484375
135,2024-06-26,22000.0,33744.03125
135,2024-07-03,22000.0,33557.03515625
135,2024-07-17,20000.0,33403.5
135,2024-07-24,20000.0,33194.18359375
135,2024-07-31,20000.0,33143.94140625
135,2024-08-07,19000.0,33131.63671875
135,2024-08-14,19000.0,33157.48828125
135,2024-08-21,19000.0,33220.80859375
135,2024-08-28,19000.0,33321.55078125
135,2024-09-04,20000.0,33458.86328125
135,2024-09-11,20000.0,33628.1796875
135,2024-09-18,19000.0,33826.75
135,2024-09-25,19000.0,34051.11328125
135,2024-10-02,18000.0,34296.06640625
135,2024-10-09,18000.0,34559.30859375
135,2024-10-16,18000.0,34835.05078125
135,2024-10-23,18000.0,35124.83203125
135,2024-10-30,19000.0,35416.6953125
135,2024-11-06,19000.0,35703.8203125
135,2024-11-13,19000.0,35987.92578125
135,2024-11-20,19000.0,36263.15625
135,2024-11-27,19000.0,36529.375
135,2024-12-04,19000.0,36781.39453125
135,2024-12-11,19000.0,37015.48046875
135,2025-01-08,19000.0,37228.04296875
135,2025-01-15,20000.0,37792.60546875
135,2025-01-22,20000.0,37866.30859375
135,2025-02-05,20000.0,37910.00390625
135,2025-02-19,22000.0,37907.34765625
135,2025-02-26,22000.0,37784.5703125
135,2025-02-28,22000.0,37678.31640625
135,2025-03-05,22000.0,37642.75390625
135,2025-03-12,23000.0,37543.99609375
135,2025-03-19,21000.0,37381.86328125
135,2025-03-26,20000.0,37191.24609375
135,2025-04-02,18000.0,36977.625
135,2025-04-09,17000.0,36744.90234375
135,2025-04-16,17000.0,36494.21875
135,2025-04-23,17500.0,36229.69140625
135,2025-04-25,17500.0,35953.6796875
135,2025-05-07,19500.0,35873.19140625
136,2021-06-14,28000.0,29158.451171875
136,2021-06-21,28000.0,28889.3125
136,2021-06-28,30000.0,28648.56640625
136,2021-07-05,30000.0,28439.216796875
136,2021-07-08,40000.0,28264.6015625
136,2021-07-12,50000.0,17679.2109375
136,2021-07-12,32000.0,17638.703125
136,2021-07-13,50000.0,28128.751953125
136,2021-07-15,40000.0,17629.703125
136,2021-07-15,50000.0,18152.7734375
136,2021-07-16,40000.0,17613.142578125
136,2021-07-19,35000.0,18159.39453125
136,2021-07-19,32000.0,17585.73828125
136,2021-07-20,35000.0,28033.708984375
136,2021-07-20,40000.0,17580.068359375
136,2021-07-22,35000.0,18181.75390625
136,2021-07-22,45000.0,17570.171875
136,2021-07-23,45000.0,18190.501953125
136,2021-07-26,30000.0,18194.234375
136,2021-07-26,35000.0,27980.84375
136,2021-07-27,35000.0,17556.255859375
136,2021-07-27,35000.0,17553.97265625
136,2021-07-29,25000.0,18205.091796875
136,2021-07-29,35000.0,17550.9296875
136,2021-07-30,40000.0,18208.05078125
136,2021-08-02,20000.0,18208.93359375
136,2021-08-02,30000.0,17550.6640625
136,2021-08-03,20000.0,27970.99609375
136,2021-08-03,35000.0,17551.8359375
136,2021-08-05,35000.0,18208.1875
136,2021-08-05,15000.0,18205.384765625
136,2021-08-06,35000.0,17555.626953125
136,2021-08-09,12000.0,18203.31640625
136,2021-08-09,18000.0,17569.119140625
136,2021-08-10,15000.0,28004.328125
136,2021-08-10,25000.0,17573.716796875
136,2021-08-12,15000.0,18191.00390625
136,2021-08-12,25000.0,17584.31640625
136,2021-08-13,18000.0,18182.3984375
136,2021-08-16,12000.0,18177.4921875
136,2021-08-16,20000.0,17611.328125
136,2021-08-17,15000.0,28080.3671875
136,2021-08-17,12000.0,18153.6484375
136,2021-08-19,15000.0,17619.2734375
136,2021-08-19,18000.0,17636.576171875
136,2021-08-20,20000.0,18139.27734375
136,2021-08-23,20000.0,18131.45703125
136,2021-08-23,15000.0,28198.1015625
136,2021-08-24,15000.0,17676.75390625
136,2021-08-24,18000.0,17687.9296875
136,2021-08-26,17000.0,18096.1640625
136,2021-08-26,20000.0,17711.791015625
136,2021-08-27,20000.0,18076.107421875
136,2021-08-30,17000.0,18065.474609375
136,2021-08-30,20000.0,17765.91015625
136,2021-08-31,20000.0,28355.84765625
136,2021-08-31,17000.0,18018.908203125
136,2021-09-06,17000.0,17780.8203125
136,2021-09-06,20000.0,17884.861328125
136,2021-09-07,17000.0,28550.40234375
136,2021-09-07,25000.0,17904.14453125
136,2021-09-09,17000.0,17922.158203125
136,2021-09-09,35000.0,17944.68359375
136,2021-09-10,30000.0,17890.990234375
136,2021-09-13,17000.0,17874.828125
136,2021-09-13,20000.0,18034.28125
136,2021-09-14,30000.0,28778.00390625
136,2021-09-14,17000.0,17806.9453125
136,2021-09-16,17000.0,18058.287109375
136,2021-09-16,35000.0,18107.79296875
136,2021-09-17,35000.0,17773.9140625
136,2021-09-20,17000.0,17756.89453125
136,2021-09-20,18000.0,18212.244140625
136,2021-09-21,17000.0,29035.3359375
136,2021-09-23,15000.0,18239.859375
136,2021-09-27,20000.0,18296.30859375
136,2021-09-28,35000.0,29318.71875
136,2021-09-30,35000.0,17548.44140625
136,2021-10-01,40000.0,17506.484375
136,2021-10-04,20000.0,17485.017578125
136,2021-10-05,40000.0,29624.046875
136,2021-10-07,40000.0,17397.59375
136,2021-10-11,15000.0,17358.3984375
136,2021-10-18,15000.0,29948.2890625
136,2021-10-25,20000.0,30287.853515625
136,2021-11-01,18000.0,30637.484375
136,2021-11-08,20000.0,30988.609375
136,2021-11-15,20000.0,31334.28515625
136,2021-11-22,20000.0,31672.31640625
136,2021-11-29,22000.0,31996.103515625
136,2021-12-06,20000.0,32301.19140625
136,2021-12-13,26000.0,32586.431640625
136,2021-12-16,40000.0,32846.453125
136,2021-12-17,40000.0,16843.2578125
136,2021-12-20,20000.0,16844.728515625
136,2021-12-27,18000.0,33075.1015625
136,2021-12-31,45000.0,33269.60546875
136,2022-01-06,10000.0,16919.1328125
136,2022-01-13,13000.0,33487.78125
136,2022-01-20,9000.0,33596.32421875
136,2022-01-27,12000.0,33666.15234375
136,2022-02-10,12000.0,33697.66015625
136,2022-02-17,12000.0,33644.94921875
136,2022-02-24,8000.0,33560.82421875
136,2022-03-03,7000.0,33438.80859375
136,2022-03-10,7000.0,33281.01953125
136,2022-03-17,21000.0,33090.66015625
136,2022-03-24,22000.0,32866.72265625
136,2022-03-31,22000.0,32611.373046875
136,2022-04-07,22000.0,32328.919921875
136,2022-04-14,22000.0,32021.953125
136,2022-04-21,23000.0,31699.505859375
136,2022-04-28,23000.0,31363.71484375
136,2022-05-09,23000.0,31019.916015625
136,2022-05-12,23000.0,30478.611328125
136,2022-05-16,23000.0,30332.9921875
136,2022-05-19,23000.0,30139.7421875
136,2022-05-23,23000.0,29996.607421875
136,2022-05-26,22000.0,29808.8046875
136,2022-05-30,22000.0,29671.26171875
136,2022-06-02,22000.0,29494.34765625
136,2022-06-06,22000.0,29365.275390625
136,2022-06-09,23000.0,29199.033203125
136,2022-06-10,38000.0,29078.84375
136,2022-06-13,29000.0,19498.609375
136,2022-06-16,29000.0,28926.046875
136,2022-06-17,50000.0,28817.65234375
136,2022-06-20,29000.0,19593.23046875
136,2022-06-23,29000.0,28681.087890625
136,2022-06-24,50000.0,28585.33984375
136,2022-06-27,29000.0,19674.55078125
136,2022-06-30,28000.0,28467.1640625
136,2022-07-01,50000.0,28385.6015625
136,2022-07-04,60000.0,19742.7265625
136,2022-07-04,29000.0,17727.5546875
136,2022-07-07,28000.0,28287.24609375
136,2022-07-08,50000.0,28221.703125
136,2022-07-11,28000.0,19797.189453125
136,2022-07-14,28000.0,28145.7109375
136,2022-07-15,50000.0,28097.314453125
136,2022-07-18,30000.0,19837.755859375
136,2022-07-18,30000.0,28044.716796875
136,2022-07-21,30000.0,17591.876953125
136,2022-07-22,45000.0,28014.1875
136,2022-07-22,25000.0,18190.501953125
136,2022-07-25,30000.0,19864.279296875
136,2022-07-25,30000.0,17558.9765625
136,2022-07-28,32000.0,27985.74609375
136,2022-07-29,35000.0,27973.62890625
136,2022-07-29,27000.0,18208.05078125
136,2022-08-01,30000.0,19876.91015625
136,2022-08-01,32000.0,17549.99609375
136,2022-08-04,32000.0,27969.8046875
136,2022-08-05,27000.0,27976.10546875
136,2022-08-05,30000.0,19875.5859375
136,2022-08-08,30000.0,18205.384765625
136,2022-08-08,35000.0,17565.0
136,2022-08-09,30000.0,27996.90625
136,2022-08-11,21000.0,18194.705078125
136,2022-08-11,34000.0,17578.75390625
136,2022-08-12,30000.0,28021.7421875
136,2022-08-12,35000.0,18182.3984375
136,2022-08-15,20000.0,21871.921875
136,2022-08-15,34000.0,17603.87109375
136,2022-08-16,30000.0,28066.908203125
136,2022-08-18,35000.0,18160.220703125
136,2022-08-18,21000.0,28109.814453125
136,2022-08-19,35000.0,17627.69921875
136,2022-08-19,30000.0,21866.75
136,2022-08-22,20000.0,18139.27734375
136,2022-08-22,35000.0,17666.01171875
136,2022-08-23,30000.0,28178.818359375
136,2022-08-25,21000.0,18105.578125
136,2022-08-25,35000.0,17699.6015625
136,2022-08-26,30000.0,28239.150390625
136,2022-08-26,40000.0,18076.107421875
136,2022-08-29,32000.0,21858.87109375
136,2022-08-29,20000.0,28330.953125
136,2022-08-30,30000.0,17751.6953125
136,2022-09-01,21000.0,18031.171875
136,2022-09-01,35000.0,17796.80078125
136,2022-09-02,30000.0,28407.9609375
136,2022-09-02,35000.0,17993.25390625
136,2022-09-05,20000.0,21848.2890625
136,2022-09-05,35000.0,17866.09375
136,2022-09-06,35000.0,28520.5859375
136,2022-09-08,20000.0,17937.15625
136,2022-09-08,35000.0,17924.08984375
136,2022-09-09,40000.0,28612.212890625
136,2022-09-09,35000.0,21834.90234375
136,2022-09-12,35000.0,17890.990234375
136,2022-09-12,20000.0,28743.65234375
136,2022-09-13,35000.0,18010.734375
136,2022-09-15,20000.0,17824.02734375
136,2022-09-15,35000.0,18082.8359375
136,2022-09-16,35000.0,28848.51171875
136,2022-09-16,40000.0,17773.9140625
136,2022-09-19,20000.0,21818.5859375
136,2022-09-19,35000.0,18185.306640625
136,2022-09-20,35000.0,28996.81640625
136,2022-09-22,20000.0,17703.9609375
136,2022-09-22,35000.0,18267.859375
136,2022-09-23,40000.0,29114.017578125
136,2022-09-23,45000.0,21799.16015625
136,2022-09-26,20000.0,17648.05078125
136,2022-09-27,35000.0,18384.23046875
136,2022-09-28,35000.0,17568.99609375
136,2022-10-06,20000.0,29360.92578125
136,2022-10-06,35000.0,18711.9765625
136,2022-10-10,20000.0,29714.982421875
136,2022-10-10,36000.0,18854.171875
136,2022-10-13,35000.0,29901.056640625
136,2022-10-17,35000.0,30043.322265625
136,2022-10-20,35000.0,30238.310546875
136,2022-10-21,40000.0,30387.201171875
136,2022-10-24,35000.0,21690.64453125
136,2022-10-27,35000.0,30587.20703125
136,2022-10-28,40000.0,30738.142578125
136,2022-11-07,35000.0,21656.2734375
136,2022-11-11,40000.0,31285.26953125
136,2022-11-14,35000.0,21581.109375
136,2022-11-17,35000.0,31624.86328125
136,2022-11-18,40000.0,31766.72265625
136,2022-11-21,35000.0,21541.4765625
136,2022-11-24,35000.0,31950.90234375
136,2022-11-25,40000.0,32085.154296875
136,2022-11-28,35000.0,21501.42578125
136,2022-12-01,35000.0,32258.33984375
136,2022-12-02,35000.0,32385.64453125
136,2022-12-05,35000.0,19697.634765625
136,2022-12-08,35000.0,32547.369140625
136,2022-12-09,35000.0,32663.24609375
136,2022-12-12,35000.0,19596.17578125
136,2022-12-15,35000.0,32811.14453125
136,2022-12-16,35000.0,32915.07421875
136,2022-12-19,35000.0,19501.29296875
136,2022-12-22,35000.0,33044.49609375
136,2022-12-23,35000.0,33134.27734375
136,2023-01-05,38000.0,19415.50390625
136,2023-01-12,35000.0,33469.21875
136,2023-01-26,38000.0,33583.24609375
136,2023-02-02,35000.0,33695.52734375
136,2023-02-03,35000.0,33693.97265625
136,2023-02-09,35000.0,19181.26171875
136,2023-02-10,40000.0,33653.8125
136,2023-02-16,37000.0,19198.8671875
136,2023-02-17,40000.0,33575.23828125
136,2023-02-23,35000.0,19232.861328125
136,2023-02-24,40000.0,33458.42578125
136,2023-03-02,35000.0,19282.32421875
136,2023-03-03,40000.0,33305.609375
136,2023-03-09,38000.0,19345.91015625
136,2023-03-10,40000.0,33119.92578125
136,2023-03-16,38000.0,19421.93359375
136,2023-03-17,40000.0,32900.66796875
136,2023-03-23,35000.0,19508.232421875
136,2023-03-24,35000.0,32649.484375
136,2023-03-29,35000.0,19603.11328125
136,2023-03-30,35000.0,32412.46875
136,2023-03-31,40000.0,32370.90625
136,2023-04-06,32000.0,19703.998046875
136,2023-04-07,35000.0,32066.9921875
136,2023-04-21,35000.0,19809.171875
136,2023-04-27,35000.0,20024.265625
136,2023-04-28,35000.0,31069.34375
136,2023-05-04,38000.0,20130.7109375
136,2023-05-05,35000.0,30722.9609375
136,2023-05-11,35000.0,20234.087890625
136,2023-05-12,35000.0,30381.5078125
136,2023-05-18,35000.0,20332.88671875
136,2023-05-19,35000.0,30044.212890625
136,2023-05-25,35000.0,20426.13671875
136,2023-06-01,35000.0,29716.78515625
136,2023-06-02,36000.0,29407.8828125
136,2023-06-08,35000.0,20590.6484375
136,2023-06-09,36000.0,29118.345703125
136,2023-06-15,35000.0,20660.71484375
136,2023-06-16,30000.0,28853.21484375
136,2023-06-22,35000.0,20722.66015625
136,2023-06-23,30000.0,28616.6328125
136,2023-06-29,36000.0,20775.83984375
136,2023-06-30,30000.0,28412.08203125
136,2023-07-06,35000.0,20820.220703125
136,2023-07-07,25000.0,28242.73828125
136,2023-07-13,35000.0,20855.8515625
136,2023-07-14,25000.0,28112.62890625
136,2023-07-20,32000.0,20882.72265625
136,2023-07-21,26000.0,28023.53125
136,2023-07-27,32000.0,20900.84765625
136,2023-07-28,26000.0,27976.712890625
136,2023-08-03,35000.0,20910.2578125
136,2023-08-04,25000.0,27973.09375
136,2023-09-01,27000.0,20910.962890625
136,2023-09-07,35000.0,20825.919921875
136,2023-09-08,27000.0,28580.908203125
136,2023-09-14,32000.0,20782.5625
136,2023-09-15,27000.0,28812.91796875
136,2023-09-21,32000.0,20730.68359375
136,2023-09-22,28000.0,29074.380859375
136,2023-09-28,32000.0,20670.234375
136,2023-09-29,28000.0,29360.92578125
136,2023-10-02,25000.0,20601.138671875
136,2023-10-05,32000.0,18575.6015625
136,2023-10-05,25000.0,29669.31640625
136,2023-10-06,25000.0,18677.04296875
136,2023-10-09,25000.0,20523.62109375
136,2023-10-12,25000.0,18818.291015625
136,2023-10-16,25000.0,18926.673828125
136,2023-10-19,25000.0,19077.21875
136,2023-10-23,25000.0,19192.49609375
136,2024-03-22,55000.0,19347.99609375
136,2024-03-29,45000.0,16852.87890625
136,2024-04-09,55000.0,16882.025390625
136,2024-04-12,55000.0,16933.70703125
136,2024-04-15,60000.0,16947.390625
136,2024-04-16,50000.0,20246.7265625
136,2024-04-18,60000.0,16965.154296875
136,2024-04-19,50000.0,20122.447265625
136,2024-04-22,60000.0,16978.046875
136,2024-04-25,60000.0,19955.51171875
136,2024-04-26,55000.0,19830.46875
136,2024-05-02,60000.0,17006.451171875
136,2024-05-06,60000.0,19548.23046875
136,2024-05-09,60000.0,19390.7421875
136,2024-05-13,60000.0,19273.7578125
136,2024-05-16,60000.0,19119.37109375
136,2024-05-20,60000.0,19005.64453125
136,2024-05-23,55000.0,18858.408203125
136,2024-05-27,60000.0,18751.34375
136,2024-05-30,60000.0,18613.216796875
136,2024-06-03,60000.0,18514.546875
136,2024-06-06,60000.0,18388.986328125
136,2024-06-10,60000.0,18301.15234375
136,2024-06-17,60000.0,18190.16015625
136,2024-06-20,60000.0,18015.328125
136,2024-06-24,60000.0,17949.0234375
136,2024-06-27,60000.0,17869.98828125
136,2024-07-01,60000.0,17817.001953125
136,2024-07-12,60000.0,17754.7421875
136,2024-07-15,60000.0,17629.703125
136,2024-07-25,60000.0,17605.564453125
136,2024-07-29,30000.0,17556.255859375
136,2024-08-01,60000.0,17550.109375
136,2024-08-05,45000.0,17550.6640625
136,2024-08-08,45000.0,17558.28515625
136,2024-08-12,35000.0,17569.119140625
136,2024-08-15,35000.0,17590.34375
136,2024-08-19,35000.0,17611.328125
136,2024-08-22,35000.0,17645.890625
136,2024-08-26,35000.0,17676.75390625
136,2024-08-29,35000.0,17724.63671875
136,2024-09-05,35000.0,17765.91015625
136,2024-09-09,35000.0,17884.861328125
136,2024-09-12,35000.0,17966.134765625
136,2024-09-13,50000.0,18034.28125
136,2024-09-16,35000.0,17806.9453125
136,2024-09-17,55000.0,18133.234375
136,2024-09-19,35000.0,17739.59375
136,2024-09-20,60000.0,18212.244140625
136,2024-09-23,35000.0,17685.63671875
136,2024-09-24,60000.0,18325.13671875
136,2024-09-26,35000.0,17609.15625
136,2024-09-27,60000.0,18414.8046875
136,2024-10-01,60000.0,17548.44140625
136,2024-11-08,50000.0,17463.27734375
136,2024-11-12,50000.0,16989.966796875
136,2024-11-15,50000.0,16972.875
136,2024-11-19,50000.0,16959.599609375
136,2024-11-22,50000.0,16941.359375
136,2024-11-26,50000.0,16927.36328125
136,2024-12-06,50000.0,16908.4140625
136,2024-12-10,50000.0,16861.966796875
136,2024-12-13,50000.0,16849.70703125
136,2024-12-17,50000.0,16844.056640625
136,2025-01-03,55000.0,16846.734375
136,2025-01-07,55000.0,16942.095703125
136,2025-01-10,55000.0,16971.58203125
136,2025-01-14,55000.0,16994.107421875
136,2025-01-17,55000.0,17021.18359375
136,2025-01-21,55000.0,17038.328125
136,2025-01-24,55000.0,17055.83203125
136,2025-04-01,60000.0,17064.810546875
136,2025-04-04,60000.0,16891.513671875
136,2025-04-08,60000.0,16905.7109375
136,2025-05-06,55000.0,16924.453125
137,2025-04-25,40000.0,16971.912109375
137,2025-04-29,40000.0,16984.642578125
138,2023-02-07,12000.0,17229.0859375
138,2023-02-10,12000.0,17218.087890625
138,2023-02-14,12000.0,17204.990234375
138,2023-02-17,13000.0,17181.40625
138,2023-02-21,13000.0,17159.43359375
138,2023-02-24,15000.0,17124.599609375
138,2023-02-28,15000.0,17095.181640625
138,2023-03-03,15000.0,17052.828125
138,2023-03-07,15000.0,17018.39453125
138,2023-03-10,17000.0,16971.326171875
138,2023-03-14,17000.0,16939.328125
138,2023-03-17,17000.0,16898.1328125
138,2023-03-21,17000.0,16872.578125
138,2024-10-22,22000.0,16849.013671875
138,2024-10-29,22000.0,17029.619140625
138,2024-11-05,22000.0,17002.857421875
138,2024-11-08,20000.0,16973.57421875
138,2024-11-12,20000.0,16960.1875
138,2024-11-15,20000.0,16941.65625
138,2024-11-19,18000.0,16927.3125
138,2024-11-22,18000.0,16907.712890625
138,2024-11-26,18000.0,16892.732421875
138,2024-12-06,18000.0,16872.49609375
138,2024-12-10,18000.0,16843.197265625
138,2024-12-13,18000.0,16851.826171875
138,2024-12-17,14500.0,16867.45703125
138,2025-01-03,18000.0,16899.78125
138,2025-01-07,18000.0,17074.369140625
138,2025-01-10,18000.0,17115.19921875
138,2025-01-14,18000.0,17142.65234375
138,2025-01-17,18000.0,17174.453125
138,2025-01-21,18000.0,17193.884765625
138,2025-01-24,18000.0,17213.986328125
138,2025-02-04,18000.0,17224.36328125
138,2025-02-07,18000.0,17227.029296875
138,2025-02-11,18000.0,17218.087890625
138,2025-02-14,18000.0,17199.734375
138,2025-02-18,18000.0,17181.40625
138,2025-02-21,18000.0,17151.30078125
138,2025-02-25,16000.0,17124.599609375
138,2025-02-28,16000.0,17084.703125
138,2025-03-04,16000.0,17052.828125
138,2025-03-07,15000.0,17006.529296875
138,2025-03-11,15000.0,16971.326171875
138,2025-03-14,15000.0,16928.92578125
138,2025-03-18,15000.0,16898.1328125
138,2025-03-21,16000.0,16864.900390625
138,2025-03-25,16000.0,16849.013671875
138,2025-03-28,16000.0,16840.21484375
138,2025-04-01,17000.0,16844.421875
138,2025-04-04,17000.0,16856.974609375
138,2025-04-08,17000.0,16869.96484375
138,2025-04-11,18000.0,16890.01953125
138,2025-04-15,18000.0,16904.87890625
138,2025-04-18,18000.0,16924.310546875
138,2025-04-22,18000.0,16938.52734375
139,2025-03-17,120000.0,21763.44921875
139,2025-03-20,120000.0,21647.755859375
139,2025-03-24,120000.0,21555.7265625
139,2025-03-27,100000.0,21426.6484375
139,2025-03-31,100000.0,21325.548828125
139,2025-04-03,100000.0,21184.451171875
139,2025-04-10,100000.0,21073.01953125
139,2025-04-14,100000.0,20802.953125
140,2024-03-01,40000.0,22149.998046875
140,2024-03-04,55000.0,17182.5546875
140,2024-03-05,40000.0,22061.625
140,2024-03-07,50000.0,17127.390625
140,2024-03-08,40000.0,21988.923828125
140,2024-03-11,55000.0,17084.109375
140,2024-03-12,40000.0,21884.28125
140,2024-03-15,40000.0,17026.025390625
140,2024-03-19,40000.0,16982.2421875
140,2024-03-22,35000.0,16930.70703125
140,2024-03-26,40000.0,16895.37109375
140,2024-03-28,40000.0,16859.8671875
140,2024-04-01,40000.0,21352.533203125
140,2024-04-02,40000.0,21209.94140625
140,2024-04-04,40000.0,16841.640625
140,2024-04-05,40000.0,21097.46484375
140,2024-04-08,40000.0,16848.86328125
140,2024-04-09,40000.0,20943.15625
140,2024-04-11,40000.0,16864.080078125
140,2024-04-12,40000.0,20825.03515625
140,2025-02-06,50000.0,16879.99609375
140,2025-02-10,50000.0,22457.701171875
140,2025-02-13,50000.0,22430.16015625
140,2025-02-17,50000.0,22402.080078125
140,2025-02-20,50000.0,22354.953125
140,2025-02-24,50000.0,22312.486328125
140,2025-02-27,50000.0,22246.619140625
140,2025-03-03,50000.0,22190.484375
140,2025-03-06,50000.0,22107.0546875
140,2025-03-13,50000.0,22037.96875
140,2025-03-17,50000.0,21856.8046875
140,2025-03-20,50000.0,21741.87890625
140,2025-03-24,50000.0,21650.40625
140,2025-03-27,50000.0,21522.076171875
140,2025-03-31,50000.0,21421.455078125
140,2025-04-03,50000.0,21282.07421875
140,2025-04-10,50000.0,21172.86328125
140,2025-04-14,50000.0,20903.9765625
141,2024-03-28,35000.0,21550.01171875
141,2024-04-01,35000.0,21447.603515625
141,2024-04-04,35000.0,21306.16015625
141,2024-04-08,35000.0,21196.275390625
141,2024-04-11,35000.0,21042.99609375
141,2025-02-06,30000.0,20925.357421875
141,2025-02-10,30000.0,22545.439453125
141,2025-02-13,25000.0,22518.326171875
141,2025-02-17,25000.0,22490.765625
141,2025-02-20,25000.0,22444.11328125
141,2025-02-24,25000.0,22402.015625
141,2025-02-27,25000.0,22336.4921875
141,2025-03-03,25000.0,22280.615234375
141,2025-03-06,25000.0,22197.65234375
141,2025-03-13,25000.0,22129.0546875
141,2025-03-17,25000.0,21949.115234375
141,2025-03-20,25000.0,21834.673828125
141,2025-03-24,25000.0,21743.841796875
141,2025-03-27,25000.0,21616.3359375
141,2025-03-31,25000.0,21516.265625
141,2025-04-03,25000.0,21377.53125
141,2025-04-10,25000.0,21269.984375
141,2025-04-14,25000.0,21003.94921875
142,2024-02-21,26000.0,37825.57421875
142,2024-02-28,27000.0,37670.8046875
142,2024-03-06,29000.0,37561.88671875
142,2024-03-13,30000.0,37426.77734375
142,2024-03-20,29000.0,37263.94140625
142,2024-03-27,30000.0,37076.61328125
142,2024-04-03,30000.0,36868.734375
142,2024-04-10,21000.0,36643.53515625
142,2024-11-13,38000.0,36403.1796875
142,2024-11-20,38000.0,36259.12890625
142,2024-11-27,39000.0,36512.48046875
142,2024-12-04,37000.0,36752.14453125
142,2024-12-11,36000.0,36974.71484375
142,2025-01-08,36000.0,37177.109375
142,2025-01-15,38000.0,37708.82421875
142,2025-01-22,38000.0,37778.44140625
142,2025-02-05,45000.0,37819.19140625
142,2025-02-19,45000.0,37815.32421875
142,2025-02-26,46000.0,37696.97265625
142,2025-02-28,46000.0,37595.74609375
142,2025-03-05,46000.0,37561.88671875
142,2025-03-12,43000.0,37468.11328125
142,2025-03-19,44000.0,37313.20703125
142,2025-03-26,45000.0,37132.359375
142,2025-04-02,42000.0,36930.07421875
142,2025-04-09,40000.0,36709.34765625
143,2021-11-30,25000.0,16880.4375
143,2021-12-03,25000.0,16928.830078125
143,2021-12-07,30000.0,17326.953125
143,2021-12-09,25000.0,17040.265625
143,2021-12-14,20000.0,17075.5078125
143,2021-12-16,25000.0,17167.08203125
143,2021-12-17,20000.0,17203.373046875
143,2021-12-21,25000.0,17221.36328125
143,2021-12-23,25000.0,17289.921875
143,2021-12-24,25000.0,17322.2265625
143,2021-12-28,25000.0,17337.908203125
143,2021-12-30,25000.0,17397.896484375
143,2021-12-31,25000.0,17427.1171875
143,2022-11-22,45000.0,17441.03515625
143,2022-11-25,45000.0,16851.4296875
143,2022-11-29,45000.0,16870.4609375
143,2022-12-06,45000.0,16915.232421875
143,2022-12-09,40000.0,17022.38671875
143,2022-12-13,40000.0,17075.5078125
143,2022-12-20,40000.0,17148.6953125
143,2023-01-03,35000.0,17273.30078125
143,2023-01-05,37500.0,17480.462890625
143,2023-01-09,45000.0,17504.65625
143,2023-01-10,35000.0,17548.015625
143,2023-01-12,40000.0,17557.734375
143,2023-01-17,35000.0,17575.84765625
143,2023-01-20,35000.0,17613.009765625
143,2023-01-24,35000.0,17629.62109375
143,2023-01-27,35000.0,17645.107421875
143,2023-01-31,35000.0,17651.68359375
143,2023-11-17,20000.0,17653.61328125
143,2023-12-01,45000.0,16846.203125
143,2023-12-04,45000.0,16942.75390625
143,2023-12-08,45000.0,16987.931640625
143,2023-12-12,45000.0,17057.93359375
143,2023-12-15,45000.0,17130.240234375
143,2023-12-19,45000.0,17185.21875
143,2023-12-26,45000.0,17256.2734375
143,2024-01-26,45000.0,17368.08203125
143,2024-01-30,45000.0,17649.96484375
143,2024-02-02,45000.0,17653.861328125
143,2024-02-20,45000.0,17651.6953125
143,2024-02-23,45000.0,17548.23828125
143,2024-02-27,45000.0,17516.453125
143,2024-03-01,45000.0,17468.03515625
143,2024-03-05,45000.0,17427.19140625
143,2024-03-08,45000.0,17367.888671875
143,2024-03-12,45000.0,17321.9453125
143,2024-03-15,45000.0,17255.859375
143,2024-03-19,45000.0,17202.89453125
143,2024-03-22,40000.0,17129.6171875
143,2024-03-26,45000.0,17074.796875
143,2024-04-02,45000.0,17003.796875
143,2024-04-05,45000.0,16900.203125
143,2024-04-09,45000.0,16868.37109375
143,2024-04-12,45000.0,16845.453125
143,2024-04-16,35000.0,16841.1015625
143,2024-04-19,35000.0,16851.2109375
143,2024-11-26,40000.0,16863.05859375
143,2024-12-06,40000.0,16890.890625
143,2024-12-10,40000.0,17040.265625
143,2024-12-13,40000.0,17111.97265625
143,2024-12-17,40000.0,17167.08203125
143,2025-01-03,40000.0,17238.96875
143,2025-01-07,40000.0,17480.462890625
143,2025-01-10,40000.0,17527.20703125
143,2025-01-14,50000.0,17557.734375
143,2025-01-17,50000.0,17592.0859375
143,2025-01-21,50000.0,17613.009765625
143,2025-01-24,50000.0,17634.205078125
143,2025-02-04,45000.0,17645.107421875
143,2025-02-07,45000.0,17647.826171875
143,2025-02-11,45000.0,17638.396484375
143,2025-02-14,45000.0,17619.0703125
143,2025-02-18,45000.0,17599.63671875
143,2025-02-21,45000.0,17567.19140625
143,2025-02-25,45000.0,17538.08203125
143,2025-02-28,45000.0,17493.0859375
143,2025-03-04,45000.0,17454.859375
143,2025-03-07,45000.0,17397.904296875
143,2025-03-11,45000.0,17352.919921875
143,2025-03-14,45000.0,17289.548828125
143,2025-03-18,45000.0,17238.529296875
143,2025-03-21,45000.0,17166.52734375
143,2025-03-25,45000.0,17111.29296875
143,2025-03-28,45000.0,17039.5390625
144,2024-04-03,45000.0,36855.515625
144,2025-01-15,32000.0,36633.19140625
144,2025-01-22,32000.0,37753.6171875
144,2025-02-05,35000.0,37793.96484375
144,2025-02-19,32000.0,37790.10546875
144,2025-02-26,32000.0,37673.02734375
144,2025-02-28,32000.0,37573.109375
144,2025-03-05,32000.0,37539.73828125
144,2025-03-12,30000.0,37447.2421875
144,2025-03-19,32000.0,37294.0625
144,2025-03-26,32000.0,37115.59375
145,2023-09-21,150000.0,19070.19140625
145,2023-09-25,150000.0,19155.0078125
145,2023-09-28,150000.0,19273.462890625
145,2023-10-02,150000.0,19366.4296875
145,2023-10-05,150000.0,19495.59765625
145,2023-10-09,150000.0,19596.056640625
145,2023-10-12,150000.0,19735.087890625
145,2023-10-16,150000.0,19845.55859375
145,2023-10-19,150000.0,19998.35546875
145,2023-10-23,150000.0,20115.65625
145,2023-10-26,15000.0,20274.388671875
145,2023-10-30,150000.0,20394.619140625
145,2023-11-06,150000.0,20555.59375
145,2023-11-09,130000.0,20838.650390625
145,2023-11-13,120000.0,20959.626953125
145,2023-11-16,120000.0,21119.439453125
145,2023-11-23,120000.0,21236.375
145,2023-11-27,120000.0,21502.091796875
145,2023-11-30,115000.0,21648.3203125
145,2023-12-04,120000.0,21754.51953125
145,2023-12-07,120000.0,21891.509765625
145,2023-12-11,110000.0,21990.25390625
145,2023-12-14,110000.0,22115.72265625
145,2023-12-18,110000.0,22205.173828125
145,2024-01-25,110000.0,22317.015625
145,2024-01-29,110000.0,22898.32421875
145,2024-02-01,110000.0,22904.60546875
145,2024-02-19,110000.0,22902.15625
145,2024-11-11,90000.0,22759.103515625
145,2024-11-14,90000.0,21079.779296875
145,2024-11-18,90000.0,21197.60546875
145,2024-11-21,90000.0,21351.625
145,2024-11-25,90000.0,21464.84765625
145,2024-11-28,90000.0,21612.26171875
145,2024-12-05,80000.0,21719.43359375
145,2024-12-09,80000.0,21957.875
145,2024-12-12,90000.0,22084.978515625
145,2024-12-16,90000.0,22175.791015625
145,2025-01-02,90000.0,22290.0078125
145,2025-01-06,88000.0,22653.75390625
145,2025-01-09,88000.0,22720.865234375
145,2025-01-13,88000.0,22764.703125
145,2025-01-16,88000.0,22814.1015625
145,2025-01-20,88000.0,22844.1953125
145,2025-01-23,88000.0,22875.0625
145,2025-02-03,88000.0,22891.03125
145,2025-02-06,120000.0,22896.978515625
145,2025-02-10,120000.0,22884.2109375
145,2025-02-13,90000.0,22857.66796875
145,2025-02-17,90000.0,22830.732421875
145,2025-02-20,90000.0,22785.57421875
145,2025-02-24,90000.0,22744.85546875
145,2025-02-27,90000.0,22681.76171875
145,2025-03-03,90000.0,22627.9375
146,2021-08-02,20000.0,18474.9921875
146,2021-08-03,20000.0,18474.6484375
146,2021-08-05,20000.0,18476.060546875
146,2021-08-09,20000.0,18480.70703125
146,2021-08-10,20000.0,18497.15234375
146,2021-08-12,20000.0,18502.76953125
146,2021-08-16,15000.0,18515.76171875
146,2021-08-17,15000.0,18548.85546875
146,2021-08-30,18000.0,18558.57421875
146,2021-08-31,18000.0,18738.650390625
146,2021-09-06,20000.0,18756.49609375
146,2021-09-07,20000.0,18874.669921875
146,2021-09-09,20000.0,18896.205078125
146,2021-09-13,20000.0,18941.083984375
146,2021-09-14,20000.0,19037.8984375
146,2021-09-16,20000.0,19063.26171875
146,2021-09-20,20000.0,19115.578125
146,2021-09-21,17000.0,19225.333984375
146,2021-09-23,13000.0,19253.76953125
146,2021-09-27,13000.0,19311.951171875
146,2021-09-28,13000.0,19433.20703125
146,2021-09-30,13000.0,19464.46875
146,2021-10-04,27000.0,19528.150390625
146,2021-10-05,13000.0,19659.68359375
146,2021-10-07,13000.0,19693.396484375
146,2021-10-11,13000.0,19763.48828125
146,2021-10-12,15000.0,19909.2109375
146,2021-10-14,15000.0,19946.83203125
146,2021-10-18,15000.0,20022.71875
146,2021-10-19,15000.0,20177.34765625
146,2021-10-21,15000.0,20216.5078125
146,2021-10-25,16000.0,20295.2265625
146,2021-10-26,16000.0,20453.876953125
146,2021-10-28,16000.0,20493.775390625
146,2021-11-01,16000.0,20573.82421875
146,2021-11-02,20000.0,20734.640625
146,2021-11-08,20000.0,20774.91015625
146,2021-11-09,22000.0,21016.45703125
146,2021-11-11,22000.0,21056.564453125
146,2021-11-15,22000.0,21135.9765625
146,2021-11-22,25000.0,21291.779296875
146,2021-11-23,25000.0,21557.55078125
146,2021-11-25,25000.0,21594.62890625
146,2021-11-29,25000.0,21667.76953125
146,2021-12-06,30000.0,21810.53515625
146,2021-12-07,30000.0,22047.337890625
146,2021-12-09,30000.0,22079.54296875
146,2021-12-13,30000.0,22142.87109375
146,2021-12-20,30000.0,22264.251953125
146,2022-07-18,25000.0,22455.33203125
146,2022-07-25,30000.0,18525.265625
146,2022-08-01,30000.0,18484.87109375
146,2022-08-08,30000.0,18473.845703125
146,2022-08-11,30000.0,18492.1328125
146,2022-08-18,30000.0,18508.94140625
146,2022-08-22,25000.0,18568.9375
146,2022-08-25,30000.0,18615.9765625
146,2022-08-29,20000.0,18657.380859375
146,2022-09-01,30000.0,18721.333984375
146,2022-09-05,25000.0,18774.90625
146,2022-09-08,25000.0,18853.72265625
146,2022-09-12,25000.0,18918.27734375
146,2022-09-15,25000.0,19012.9453125
146,2022-09-19,25000.0,19089.2109375
146,2022-09-22,25000.0,19197.28515625
146,2022-09-26,25000.0,19282.630859375
146,2022-10-06,20000.0,19402.25390625
146,2022-10-10,22000.0,19727.96484375
146,2022-10-13,20000.0,19871.96484375
146,2022-10-17,20000.0,19984.69140625
146,2022-10-20,20000.0,20138.392578125
146,2022-10-31,20000.0,20255.75390625
146,2022-11-17,20000.0,20694.380859375
146,2022-11-24,20000.0,21368.791015625
146,2022-12-01,20000.0,21631.3203125
146,2022-12-08,20000.0,21880.115234375
146,2022-12-19,20000.0,22111.3515625
146,2023-01-04,30000.0,22429.771484375
146,2023-01-11,30000.0,22771.849609375
146,2023-01-15,30000.0,22873.4609375
146,2023-08-10,20000.0,22917.419921875
146,2023-08-17,20000.0,18502.76953125
146,2023-08-21,20000.0,18558.57421875
146,2023-08-24,20000.0,18603.3046875
146,2023-08-28,20000.0,18642.87109375
146,2023-08-31,20000.0,18704.56640625
146,2023-09-04,20000.0,18756.49609375
146,2023-09-07,20000.0,18833.23046875
146,2023-09-11,25000.0,18896.205078125
146,2023-09-14,25000.0,18988.494140625
146,2023-09-18,25000.0,19063.26171875
146,2023-09-21,25000.0,19169.671875
146,2023-09-25,25000.0,19253.76953125
146,2023-09-28,25000.0,19371.75390625
146,2023-10-02,25000.0,19464.46875
146,2023-10-05,25000.0,19593.25
146,2023-10-09,25000.0,19693.396484375
146,2023-10-12,25000.0,19835.5078125
146,2023-10-16,25000.0,19946.83203125
146,2023-10-19,25000.0,20099.62890625
146,2023-10-23,25000.0,20216.5078125
146,2023-10-26,15000.0,20374.39453125
146,2023-10-30,25000.0,20493.775390625
146,2023-11-06,25000.0,20654.150390625
146,2023-11-09,30000.0,20936.078125
146,2023-11-13,30000.0,21056.564453125
146,2023-11-16,30000.0,21214.1875
146,2023-11-23,30000.0,21330.361328125
146,2023-11-27,30000.0,21594.62890625
146,2023-11-30,30000.0,21739.732421875
146,2023-12-04,30000.0,21845.455078125
146,2023-12-07,30000.0,21981.6796875
146,2023-12-11,30000.0,22079.54296875
146,2023-12-14,30000.0,22204.416015625
146,2023-12-18,30000.0,22293.22265625
146,2023-12-25,30000.0,22403.482421875
146,2024-08-05,30000.0,22574.990234375
146,2024-08-08,30000.0,18483.92578125
146,2024-09-05,25000.0,18497.15234375
146,2024-09-09,25000.0,18874.669921875
146,2024-09-12,25000.0,18964.57421875
146,2024-09-16,25000.0,19037.8984375
146,2024-09-19,25000.0,19142.42578125
146,2024-09-23,25000.0,19225.333984375
146,2024-09-26,25000.0,19341.642578125
146,2024-09-30,25000.0,19433.20703125
146,2024-10-03,25000.0,19560.5234375
146,2024-10-07,25000.0,19659.68359375
146,2024-10-10,25000.0,19799.375
146,2024-10-14,25000.0,19909.2109375
146,2024-10-17,25000.0,20061.12109375
146,2024-10-21,25000.0,20177.34765625
146,2024-10-28,25000.0,20334.890625
146,2024-10-31,25000.0,20613.95703125
146,2024-11-04,25000.0,20734.640625
146,2024-11-07,25000.0,20895.83203125
146,2024-11-11,25000.0,21016.45703125
146,2024-11-14,25000.0,21175.119140625
146,2024-11-18,25000.0,21291.779296875
146,2024-11-21,25000.0,21444.99609375
146,2024-11-25,25000.0,21557.55078125
146,2024-11-28,25000.0,21703.904296875
146,2024-12-05,25000.0,21810.53515625
146,2024-12-09,25000.0,22047.337890625
146,2024-12-12,25000.0,22173.80859375
146,2024-12-16,25000.0,22264.251953125
146,2025-01-02,25000.0,22376.71875
146,2025-01-06,25000.0,22737.232421875
146,2025-01-09,30000.0,22804.0390625
146,2025-01-13,30000.0,22847.658203125
146,2025-01-16,30000.0,22896.732421875
146,2025-01-20,30000.0,22926.771484375
146,2025-01-23,30000.0,22957.3984375
146,2025-02-03,30000.0,22973.4765625
146,2025-02-06,25000.0,22979.5078125
146,2025-02-10,25000.0,22966.50390625
147,2023-09-21,50000.0,19267.70703125
147,2023-09-25,50000.0,19351.482421875
147,2023-09-28,50000.0,19469.185546875
147,2023-10-02,50000.0,19561.6484375
147,2023-10-05,50000.0,19690.01171875
147,2023-10-09,50000.0,19792.625
147,2023-10-12,50000.0,19935.96484375
147,2023-10-16,50000.0,20047.634765625
147,2023-10-19,50000.0,20199.83203125
147,2023-10-23,50000.0,20316.251953125
147,2023-10-26,15000.0,20472.9765625
147,2023-10-30,50000.0,20591.90234375
147,2023-11-06,50000.0,20751.689453125
147,2023-11-09,50000.0,21032.57421875
147,2023-11-13,50000.0,21151.59765625
147,2023-11-16,50000.0,21307.650390625
147,2023-11-23,50000.0,21423.25390625
147,2023-11-27,50000.0,21685.82421875
147,2023-11-30,50000.0,21830.18359375
147,2023-12-04,50000.0,21935.458984375
147,2023-12-07,50000.0,22070.447265625
147,2023-12-11,50000.0,22167.95703125
147,2023-12-14,50000.0,22292.162109375
147,2024-01-25,50000.0,22379.33984375
147,2024-01-29,50000.0,23063.8515625
147,2024-02-01,50000.0,23070.15625
147,2024-02-19,50000.0,23067.630859375
147,2024-02-22,60000.0,22923.865234375
147,2024-02-26,60000.0,22879.71484375
147,2024-02-29,60000.0,22812.337890625
147,2024-03-04,60000.0,22755.55078125
147,2024-03-07,60000.0,22671.75390625
147,2024-03-11,58000.0,22603.04296875
147,2024-03-14,60000.0,22504.12890625
147,2024-03-18,60000.0,22424.234375
147,2024-03-21,60000.0,22310.26171875
147,2024-03-25,60000.0,22219.818359375
147,2024-03-28,60000.0,22093.53515625
147,2024-04-01,60000.0,21994.875
147,2024-04-04,60000.0,21857.9140625
147,2024-04-08,60000.0,21752.05078125
147,2024-04-11,60000.0,21607.154296875
147,2024-04-15,60000.0,21495.83203125
147,2024-04-18,60000.0,21344.703125
147,2024-04-22,80000.0,21229.6484375
147,2024-04-25,80000.0,21072.61328125
147,2024-05-02,80000.0,20952.802734375
147,2024-05-06,80000.0,20673.2421875
147,2024-05-09,80000.0,20514.74609375
147,2024-05-13,80000.0,20397.037109375
147,2024-05-16,80000.0,20241.23828125
147,2024-05-20,80000.0,20126.359375
147,2024-05-23,80000.0,19976.546875
147,2024-05-27,80000.0,19867.00390625
147,2024-05-30,80000.0,19727.56640625
147,2024-06-03,80000.0,19629.45703125
147,2024-06-06,80000.0,19504.322265625
147,2024-06-10,80000.0,19414.427734375
147,2024-06-17,80000.0,19300.181640625
147,2024-06-20,80000.0,19116.7109375
147,2024-06-24,80000.0,19044.99609375
147,2024-06-27,80000.0,18956.37109375
147,2024-07-01,60000.0,18895.85546875
147,2024-07-12,60000.0,18823.4140625
147,2024-07-15,60000.0,18669.255859375
147,2024-07-25,80000.0,18639.375
147,2024-07-29,80000.0,18579.046875
147,2024-08-01,80000.0,18571.546875
147,2024-08-05,80000.0,18572.2109375
147,2024-08-08,80000.0,18581.462890625
147,2024-08-12,80000.0,18594.70703125
147,2024-08-15,80000.0,18620.66015625
147,2024-08-19,80000.0,18646.296875
147,2024-08-22,80000.0,18689.326171875
147,2024-08-26,80000.0,18727.71875
147,2024-08-29,80000.0,18786.693359375
147,2024-09-05,80000.0,18836.744140625
147,2024-09-09,80000.0,18973.220703125
147,2024-09-12,80000.0,19063.708984375
147,2024-09-16,80000.0,19136.84765625
147,2024-09-19,80000.0,19240.6484375
147,2024-09-23,80000.0,19323.14453125
147,2024-09-26,80000.0,19439.125
147,2024-09-30,80000.0,19530.462890625
147,2024-10-03,80000.0,19657.37890625
147,2024-10-07,80000.0,19757.814453125
147,2024-10-10,80000.0,19899.330078125
147,2024-10-14,80000.0,20010.09765625
147,2024-10-17,80000.0,20161.490234375
147,2024-10-21,80000.0,20277.2421875
147,2024-10-28,80000.0,20433.625
147,2024-10-31,80000.0,20711.65625
147,2024-11-04,80000.0,20831.841796875
147,2024-11-07,80000.0,20992.462890625
147,2024-11-11,80000.0,21112.20703125
147,2024-11-14,80000.0,21268.783203125
147,2024-11-18,80000.0,21384.90625
147,2024-11-21,80000.0,21537.1796875
147,2024-11-25,80000.0,21649.04296875
147,2024-11-28,80000.0,21794.5078125
147,2024-12-05,80000.0,21900.716796875
147,2024-12-09,80000.0,22135.83984375
147,2024-12-12,80000.0,22261.744140625
147,2024-12-16,80000.0,22350.765625
147,2025-01-02,80000.0,22461.869140625
147,2025-01-06,80000.0,22819.7890625
147,2025-01-09,80000.0,22886.291015625
147,2025-01-13,80000.0,22929.63671875
147,2025-01-16,80000.0,22978.802734375
147,2025-01-20,80000.0,23009.2578125
147,2025-01-23,80000.0,23040.37890625
147,2025-02-03,80000.0,23056.48046875
148,2021-12-02,40000.0,22023.93359375
148,2021-12-06,35000.0,22091.83203125
148,2021-12-07,35000.0,22223.3828125
148,2021-12-09,35000.0,22255.33984375
148,2021-12-13,35000.0,22317.744140625
148,2021-12-14,35000.0,22435.677734375
148,2021-12-16,35000.0,22463.8046875
148,2021-12-20,35000.0,22518.65625
148,2021-12-21,35000.0,22622.61328125
148,2021-12-23,35000.0,22647.330078125
148,2021-12-27,35000.0,22695.134765625
148,2021-12-28,35000.0,22784.419921875
148,2021-12-30,35000.0,22805.3515625
148,2022-12-08,45000.0,22845.560546875
148,2022-12-19,45000.0,22286.8125
148,2023-01-05,45000.0,22597.37109375
148,2023-01-09,45000.0,22951.986328125
148,2023-01-12,45000.0,23011.6875
148,2023-01-16,45000.0,23049.896484375
148,2023-01-19,45000.0,23091.603515625
148,2023-01-23,45000.0,23115.810546875
148,2023-01-26,45000.0,23138.576171875
148,2023-01-30,45000.0,23148.48828125
148,2023-02-02,45000.0,23152.00390625
148,2023-02-06,45000.0,23147.40625
148,2023-02-09,45000.0,23131.623046875
148,2023-02-13,45000.0,23112.57421875
148,2023-02-16,45000.0,23077.796875
148,2023-02-20,45000.0,23044.60546875
148,2023-02-23,45000.0,22991.38671875
148,2023-02-27,45000.0,22945.095703125
148,2023-03-03,45000.0,22875.5859375
148,2023-03-06,45000.0,22796.78515625
148,2023-03-09,45000.0,22731.75
148,2024-11-18,50000.0,22661.85546875
148,2024-11-25,50000.0,21628.23046875
148,2024-11-28,50000.0,21884.19921875
148,2024-12-05,50000.0,21989.51953125
148,2024-12-09,50000.0,22223.3828125
148,2024-12-12,50000.0,22347.923828125
148,2024-12-16,50000.0,22435.677734375
148,2025-01-02,50000.0,22545.439453125
148,2025-01-06,50000.0,22901.46875
148,2025-01-09,50000.0,22967.671875
148,2025-01-13,50000.0,23011.6875
148,2025-01-16,50000.0,23061.28125
148,2025-01-20,50000.0,23091.603515625
148,2025-01-23,50000.0,23122.5625
148,2025-02-03,50000.0,23138.576171875
149,2021-09-28,25000.0,16987.21875
149,2021-09-30,30000.0,16974.029296875
149,2021-10-01,30000.0,16966.984375
149,2021-10-05,30000.0,16963.35546875
149,2021-10-07,25000.0,16948.03515625
149,2021-10-08,30000.0,16939.91015625
149,2021-10-12,30000.0,16935.7265625
149,2021-10-14,30000.0,16918.21875
149,2021-10-15,30000.0,16909.0
149,2021-10-19,30000.0,16904.26953125
149,2021-10-21,30000.0,16884.625
149,2021-10-22,25000.0,16874.28515625
149,2021-10-26,30000.0,16869.00390625
149,2021-10-28,30000.0,16853.310546875
149,2021-10-29,25000.0,16847.53125
149,2021-11-02,25000.0,16845.578125
149,2021-11-04,25000.0,16851.05078125
149,2021-11-05,30000.0,16861.9140625
149,2021-11-09,30000.0,16870.27734375
149,2021-11-11,30000.0,16918.70703125
149,2021-11-12,30000.0,16949.06640625
149,2021-11-16,30000.0,16964.984375
149,2021-11-18,30000.0,17042.408203125
149,2021-11-19,30000.0,17083.96875
149,2021-11-23,30000.0,17105.88671875
149,2021-11-25,30000.0,17195.482421875
149,2021-11-26,30000.0,17241.06640625
149,2021-12-02,30000.0,17263.607421875
149,2021-12-03,30000.0,17395.876953125
149,2021-12-21,30000.0,17418.53515625
149,2021-12-23,30000.0,17781.236328125
149,2022-08-16,40000.0,17817.376953125
149,2022-08-19,40000.0,17106.71484375
149,2022-08-23,35000.0,17097.798828125
149,2022-08-30,35000.0,17083.4140625
149,2022-09-23,40000.0,17059.71875
149,2022-10-07,30000.0,16990.326171875
149,2022-10-11,35000.0,16939.91015625
149,2022-10-28,35000.0,16922.71484375
149,2022-11-01,35000.0,16847.53125
149,2022-11-11,40000.0,16847.90625
149,2022-11-22,40000.0,16949.06640625
149,2022-11-25,40000.0,17172.884765625
149,2022-11-29,40000.0,17241.06640625
149,2022-12-06,40000.0,17330.185546875
149,2022-12-09,40000.0,17485.04296875
149,2022-12-13,40000.0,17549.2890625
149,2022-12-20,40000.0,17631.171875
149,2023-08-01,35000.0,17763.33203125
149,2023-08-22,40000.0,17134.412109375
149,2023-08-25,40000.0,17087.27734375
149,2023-08-29,40000.0,17075.1640625
149,2023-09-08,35000.0,17062.74609375
149,2023-09-12,35000.0,17028.3515625
149,2023-09-15,35000.0,17019.712890625
149,2023-09-19,35000.0,17012.54296875
149,2023-09-22,35000.0,17002.015625
149,2023-09-26,35000.0,16993.36328125
149,2023-09-29,35000.0,16980.78125
149,2023-10-03,35000.0,16970.5390625
149,2023-10-06,35000.0,16955.849609375
149,2023-10-10,35000.0,16944.01171875
149,2023-10-13,35000.0,16927.125
149,2023-10-17,35000.0,16913.646484375
149,2023-10-20,40000.0,16894.59765625
149,2023-10-24,35000.0,16879.5
149,2023-10-27,35000.0,16860.65625
149,2023-10-31,40000.0,16850.19140625
149,2023-11-03,40000.0,16845.453125
149,2023-11-07,40000.0,16855.431640625
149,2023-11-14,38000.0,16892.01953125
149,2023-11-17,40000.0,17001.6015625
149,2023-12-01,40000.0,17063.083984375
149,2023-12-04,40000.0,17373.625
149,2023-12-08,40000.0,17440.91796875
149,2023-12-15,40000.0,17528.140625
149,2023-12-19,40000.0,17670.3125
149,2024-09-17,40000.0,17745.17578125
149,2024-09-20,40000.0,17004.759765625
149,2024-09-24,40000.0,16996.318359375
149,2024-09-27,40000.0,16984.0390625
149,2024-10-01,40000.0,16974.029296875
149,2024-10-04,40000.0,16959.642578125
149,2024-10-08,40000.0,16948.03515625
149,2024-10-11,40000.0,16931.466796875
149,2024-10-15,40000.0,16918.21875
149,2024-10-18,40000.0,16899.48046875
149,2024-10-22,40000.0,16884.625
149,2024-10-29,35000.0,16864.5625
149,2024-11-05,38000.0,16844.28515625
149,2024-11-08,40000.0,16880.845703125
149,2024-11-12,45000.0,16918.70703125
149,2024-11-15,40000.0,16982.625
149,2024-11-19,40000.0,17042.408203125
149,2024-11-22,40000.0,17127.8671875
149,2024-11-26,40000.0,17195.482421875
149,2024-12-06,40000.0,17285.947265625
149,2024-12-10,40000.0,17506.6953125
149,2024-12-13,40000.0,17590.814453125
149,2025-01-03,40000.0,17650.892578125
149,2025-01-07,40000.0,17995.51171875
149,2025-01-10,40000.0,18049.6640625
149,2025-01-14,40000.0,18085.564453125
149,2025-01-17,40000.0,18125.9375
149,2025-01-21,40000.0,18150.498046875
149,2025-01-24,40000.0,18175.453125
150,2024-04-02,60000.0,17476.158203125
150,2024-04-05,60000.0,17383.515625
150,2024-04-09,60000.0,17316.326171875
150,2024-04-12,60000.0,17224.6640625
150,2024-04-16,55000.0,17154.90625
150,2024-04-19,55000.0,17065.892578125
150,2024-04-26,55000.0,17003.876953125
150,2024-05-03,55000.0,16892.013671875
150,2024-05-14,45000.0,16842.98828125
150,2024-05-17,45000.0,16873.6484375
150,2024-05-21,45000.0,16888.740234375
150,2024-05-28,45000.0,16907.7734375
150,2024-05-31,50000.0,16938.03125
150,2024-06-11,50000.0,16949.828125
150,2024-06-21,55000.0,16986.64453125
150,2024-06-25,55000.0,17012.279296875
150,2024-06-28,55000.0,17020.646484375
150,2024-07-02,50000.0,17026.265625
150,2024-07-05,50000.0,17038.98046875
150,2024-07-09,55000.0,17047.716796875
150,2024-07-12,55000.0,17057.82421875
150,2024-07-16,55000.0,17064.265625
150,2024-07-19,55000.0,17072.03515625
150,2024-07-23,55000.0,17079.0546875
150,2024-09-13,65000.0,17085.8984375
150,2024-09-17,65000.0,17002.658203125
150,2024-09-20,65000.0,16991.95703125
150,2024-09-24,60000.0,16983.158203125
150,2024-09-27,60000.0,16970.390625
150,2024-10-01,60000.0,16960.01171875
150,2024-10-04,55000.0,16945.087890625
150,2024-10-08,60000.0,16933.0703125
150,2024-10-11,60000.0,16915.9296875
150,2024-10-15,60000.0,16902.2421875
150,2024-10-18,60000.0,16882.90234375
150,2024-10-22,60000.0,16867.46484375
150,2024-10-29,55000.0,16852.4921875
150,2024-11-05,55000.0,16851.873046875
150,2024-11-08,55000.0,16921.6640625
150,2024-11-12,55000.0,16968.318359375
150,2024-11-15,55000.0,17047.205078125
150,2024-11-19,55000.0,17111.66015625
150,2024-11-22,50000.0,17203.001953125
150,2024-11-26,50000.0,17272.171875
150,2024-12-06,50000.0,17362.36328125
150,2024-12-10,50000.0,17587.5390625
150,2024-12-13,50000.0,17671.38671875
150,2024-12-17,50000.0,17731.37109375
150,2025-01-03,50000.0,17809.41015625
150,2025-01-07,50000.0,18089.970703125
150,2025-01-10,50000.0,18144.91796875
150,2025-01-14,50000.0,18180.728515625
150,2025-01-17,50000.0,18221.203125
150,2025-01-21,50000.0,18246.197265625
150,2025-01-24,50000.0,18271.58203125
151,2021-09-28,35000.0,19918.169921875
151,2021-09-30,35000.0,19950.66015625
151,2021-10-04,30000.0,20016.66796875
151,2021-10-05,25000.0,20153.05078125
151,2021-10-07,30000.0,16917.673828125
151,2021-10-07,25000.0,20258.744140625
151,2021-10-08,40000.0,16908.98828125
151,2021-10-11,30000.0,16904.515625
151,2021-10-12,40000.0,20403.234375
151,2021-10-14,30000.0,16885.8515625
151,2021-10-14,40000.0,20514.119140625
151,2021-10-15,35000.0,16875.86328125
151,2021-10-18,30000.0,16870.71484375
151,2021-10-19,35000.0,20665.08203125
151,2021-10-21,35000.0,16854.87890625
151,2021-10-22,30000.0,16848.681640625
151,2021-10-26,30000.0,16846.572265625
151,2022-09-06,45000.0,16849.328125
151,2022-09-09,45000.0,17008.67578125
151,2022-09-12,60000.0,17002.14453125
151,2022-09-13,45000.0,19497.2109375
151,2022-09-16,45000.0,16992.44921875
151,2022-09-19,60000.0,16984.42578125
151,2022-09-20,45000.0,19678.01171875
151,2022-09-23,40000.0,16972.693359375
151,2022-09-26,50000.0,16963.109375
151,2022-09-27,45000.0,19886.140625
151,2022-10-06,50000.0,16949.23828125
151,2022-10-07,40000.0,20223.212890625
151,2022-10-10,50000.0,16908.98828125
151,2022-10-11,40000.0,20366.822265625
151,2022-10-13,30000.0,16890.64453125
151,2022-10-17,40000.0,20476.93359375
151,2022-10-20,35000.0,20627.0859375
151,2022-11-01,40000.0,20741.6640625
151,2022-11-17,35000.0,16896.52734375
151,2022-11-24,35000.0,21820.826171875
151,2022-12-08,35000.0,22075.470703125
151,2023-08-01,40000.0,22537.453125
151,2023-09-04,50000.0,17060.994140625
151,2023-09-07,50000.0,19319.20703125
151,2023-09-08,40000.0,19382.1796875
151,2023-09-11,50000.0,17004.3828125
151,2023-09-12,40000.0,19473.2109375
151,2023-09-14,50000.0,16994.98046875
151,2023-09-15,40000.0,19546.599609375
151,2023-09-18,50000.0,16987.177734375
151,2023-09-19,40000.0,19650.83203125
151,2023-09-21,50000.0,16975.7265625
151,2023-09-22,40000.0,19734.4296875
151,2023-09-25,50000.0,16966.380859375
151,2023-09-26,40000.0,19854.857421875
151,2023-09-28,50000.0,16952.8203125
151,2023-10-02,50000.0,19950.66015625
151,2023-10-05,50000.0,20084.203125
151,2023-10-09,50000.0,20187.953125
151,2023-10-12,50000.0,20330.59765625
151,2023-10-16,50000.0,20439.982421875
151,2023-10-17,35000.0,20589.23828125
151,2023-10-19,50000.0,16862.142578125
151,2023-10-20,38000.0,20703.31640625
151,2023-10-23,45000.0,16851.66796875
151,2023-10-24,40000.0,20857.671875
151,2023-10-26,15000.0,16844.65234375
151,2023-10-27,55000.0,20974.806640625
151,2023-10-30,50000.0,16852.6796875
151,2023-10-31,40000.0,21131.0390625
151,2023-11-03,40000.0,16885.18359375
151,2023-11-06,50000.0,16924.328125
151,2023-11-07,40000.0,21402.578125
151,2023-11-09,50000.0,16989.984375
151,2023-11-13,50000.0,21518.1640625
151,2023-11-14,40000.0,21670.58984375
151,2023-11-16,50000.0,17139.19921875
151,2024-09-27,40000.0,21783.470703125
151,2024-10-01,40000.0,16945.5703125
151,2024-10-15,35000.0,16930.11328125
151,2024-11-12,35000.0,16865.931640625
152,2021-10-14,30000.0,16868.53515625
152,2021-10-15,25000.0,16860.732421875
152,2021-10-19,25000.0,16857.09375
152,2021-10-21,25000.0,16846.044921875
152,2021-10-22,25000.0,16845.01171875
152,2021-10-26,28000.0,16847.08203125
152,2021-10-28,25000.0,16866.875
152,2021-10-29,25000.0,16887.31640625
152,2021-11-02,25000.0,16898.751953125
152,2021-11-05,25000.0,16957.6953125
152,2022-09-06,30000.0,17012.8125
152,2022-09-09,30000.0,16996.212890625
152,2022-09-13,30000.0,16989.40234375
152,2022-09-16,30000.0,16979.30859375
152,2022-09-20,30000.0,16970.98046875
152,2022-09-27,30000.0,16958.814453125
152,2022-10-07,30000.0,16934.49609375
152,2022-10-11,35000.0,16892.8828125
152,2022-10-28,40000.0,16873.58984375
152,2022-11-01,40000.0,16887.31640625
152,2022-11-11,40000.0,16942.001953125
152,2022-11-22,40000.0,17143.26953125
152,2022-11-25,40000.0,17401.751953125
152,2022-11-29,40000.0,17474.234375
152,2022-12-06,40000.0,17568.486328125
152,2022-12-13,60000.0,17725.484375
152,2022-12-20,60000.0,17878.37109375
152,2023-08-01,40000.0,18027.041015625
152,2023-09-08,40000.0,17038.763671875
152,2023-09-12,40000.0,16991.734375
152,2023-09-15,40000.0,16981.9375
152,2023-09-19,40000.0,16973.830078125
152,2023-09-22,35000.0,16961.96875
152,2023-09-26,40000.0,16952.263671875
152,2023-09-29,40000.0,16938.2109375
152,2023-10-03,40000.0,16926.83203125
152,2023-10-06,40000.0,16910.5234375
152,2023-10-10,38000.0,16897.4375
152,2023-10-13,40000.0,16878.55078125
152,2023-10-17,40000.0,16864.4453125
152,2023-10-20,37000.0,16850.740234375
152,2023-10-24,40000.0,16844.697265625
152,2023-10-27,40000.0,16853.6953125
152,2023-10-31,45000.0,16876.52734375
152,2023-11-03,42000.0,16926.9140625
152,2023-11-07,40000.0,16974.283203125
152,2023-11-14,37000.0,17054.5546875
152,2023-11-17,40000.0,17214.06640625
152,2024-09-13,40000.0,17284.822265625
152,2024-09-17,40000.0,16976.609375
152,2024-09-20,40000.0,16965.046875
152,2024-09-24,40000.0,16955.580078125
152,2024-09-27,40000.0,16941.84765625
152,2024-10-01,40000.0,16930.703125
152,2024-10-04,40000.0,16914.720703125
152,2024-10-08,40000.0,16901.884765625
152,2024-10-11,40000.0,16883.43359375
152,2024-10-15,40000.0,16868.53515625
152,2024-10-18,40000.0,16853.765625
152,2024-10-22,40000.0,16846.044921875
152,2024-10-29,40000.0,16850.078125
152,2024-11-05,40000.0,16912.25
152,2024-11-08,40000.0,17033.529296875
152,2024-11-12,45000.0,17097.62890625
153,2023-09-18,30000.0,19734.1015625
153,2023-09-21,30000.0,19841.546875
153,2023-09-25,30000.0,19927.6484375
153,2023-09-28,30000.0,20049.3828125
153,2024-07-12,30000.0,20144.978515625
153,2024-07-15,35000.0,19246.21875
153,2024-07-25,35000.0,19216.5625
153,2024-08-01,35000.0,19155.998046875
153,2024-08-05,35000.0,19149.3125
153,2024-08-08,35000.0,19158.69140625
153,2024-08-12,35000.0,19172.091796875
153,2024-08-15,35000.0,19198.251953125
153,2024-08-19,35000.0,19224.14453125
153,2024-08-22,35000.0,19266.849609375
153,2024-08-26,35000.0,19305.017578125
153,2024-08-29,35000.0,19363.705078125
153,2024-09-05,35000.0,19413.59375
153,2024-09-09,35000.0,19548.73828125
153,2024-09-12,35000.0,19637.17578125
153,2024-09-16,35000.0,19708.61328125
153,2024-09-19,35000.0,19814.03515625
153,2024-09-23,35000.0,19898.29296875
153,2024-09-26,35000.0,20018.3515625
153,2024-09-30,35000.0,20112.703125
153,2024-10-03,35000.0,20243.85546875
153,2024-10-07,35000.0,20345.62109375
153,2024-10-10,35000.0,20485.40625
153,2024-10-14,35000.0,20593.244140625
153,2024-10-17,35000.0,20740.5546875
153,2024-10-21,35000.0,20853.22265625
153,2024-10-28,35000.0,21005.87890625
153,2024-10-31,36000.0,21273.630859375
153,2024-11-04,35000.0,21389.015625
153,2024-11-07,35000.0,21542.482421875
154,2024-09-19,70000.0,19909.779296875
154,2024-09-23,70000.0,19994.87890625
154,2024-09-26,70000.0,20114.501953125
154,2024-09-30,50000.0,20208.54296875
154,2024-10-03,50000.0,20338.98046875
154,2024-10-07,50000.0,20440.11328125
154,2024-10-10,50000.0,20579.390625
154,2024-10-14,50000.0,20686.88671875
154,2024-10-17,55000.0,20833.6484375
154,2024-10-21,55000.0,20945.87109375
154,2024-10-28,55000.0,21097.08984375
154,2024-10-31,55000.0,21362.958984375
154,2024-11-04,47000.0,21477.58203125
154,2024-11-07,55000.0,21630.03125
155,2021-07-05,12000.0,19601.1875
155,2021-07-06,12000.0,19536.0078125
155,2021-07-08,12000.0,19521.06640625
155,2021-07-12,12000.0,19492.8671875
155,2021-07-13,12000.0,19443.18359375
155,2021-07-15,10000.0,19432.2421875
155,2021-07-19,10000.0,19411.97265625
155,2021-07-20,10000.0,19378.513671875
155,2021-07-22,10000.0,19371.595703125
155,2021-07-26,10000.0,19359.51171875
155,2021-07-27,10000.0,19342.6015625
155,2021-07-29,10000.0,19339.83984375
155,2021-08-02,10000.0,19336.146484375
155,2021-08-03,10000.0,19335.9765625
155,2021-08-05,10000.0,19337.408203125
155,2021-08-09,12000.0,19342.08984375
155,2021-08-10,12000.0,19358.71875
155,2021-08-12,15000.0,19364.35546875
155,2021-08-16,18000.0,19377.388671875
155,2021-08-17,18000.0,19410.578125
155,2021-08-19,18000.0,19420.349609375
155,2021-08-23,18000.0,19441.583984375
155,2021-08-24,18000.0,19491.001953125
155,2021-08-26,18000.0,19504.75
155,2022-06-27,25000.0,19533.95703125
155,2022-07-04,20000.0,19674.876953125
155,2022-07-11,20000.0,19551.5078125
155,2022-07-14,20000.0,19454.767578125
155,2022-07-18,20000.0,19421.828125
155,2022-07-21,20000.0,19385.974609375
155,2022-07-25,20000.0,19365.232421875
155,2022-07-28,20000.0,19345.921875
155,2022-08-01,20000.0,19337.71875
155,2022-08-04,20000.0,19335.109375
155,2022-08-08,20000.0,19339.5078125
155,2022-08-11,25000.0,19353.6484375
155,2022-08-15,25000.0,19370.564453125
155,2022-08-18,25000.0,19401.4140625
155,2022-08-22,25000.0,19430.650390625
155,2022-08-25,25000.0,19477.794921875
155,2022-08-29,25000.0,19519.1171875
155,2022-09-01,25000.0,19581.923828125
155,2023-05-29,25000.0,19634.6875
155,2023-06-01,25000.0,20467.994140625
155,2023-06-05,25000.0,20369.474609375
155,2023-06-08,22500.0,20242.728515625
155,2023-06-12,22500.0,20151.5703125
155,2023-06-15,20000.0,20035.921875
155,2023-06-19,25000.0,19953.95703125
155,2023-06-22,25000.0,19851.59765625
155,2023-06-26,25000.0,19781.013671875
155,2023-06-29,25000.0,19694.5625
155,2023-07-03,25000.0,19636.99609375
155,2023-07-06,25000.0,19567.501953125
155,2023-07-10,22000.0,19521.06640625
155,2023-07-13,22000.0,19466.939453125
155,2023-07-17,15000.0,19432.2421875
155,2023-07-20,15000.0,19394.09375
155,2023-07-24,15000.0,19371.595703125
155,2023-07-27,17000.0,19349.8671875
155,2023-07-31,17000.0,19339.83984375
155,2023-08-03,17000.0,19334.875
155,2023-08-07,17000.0,19337.408203125
155,2023-08-10,15000.0,19349.20703125
155,2023-08-17,15000.0,19364.35546875
155,2023-08-21,15000.0,19420.349609375
155,2023-08-24,15000.0,19465.1171875
155,2023-08-28,15000.0,19504.75
155,2023-08-31,15000.0,19565.38671875
155,2023-09-04,15000.0,19616.59375
155,2023-09-07,15000.0,19692.2109375
155,2023-09-11,15000.0,19755.94140625
155,2023-09-14,15000.0,19849.13671875
155,2023-09-18,15000.0,19925.0
155,2023-09-21,15000.0,20033.53125
155,2023-09-25,15000.0,20119.7265625
155,2023-09-28,15000.0,20240.58203125
155,2024-05-27,20000.0,20335.18359375
155,2024-05-30,20000.0,20501.4921875
155,2024-06-03,20000.0,20401.93359375
155,2024-06-06,20000.0,20273.859375
155,2024-06-10,20000.0,20181.541015625
155,2024-06-17,20000.0,20064.20703125
155,2024-06-20,20000.0,19876.142578125
155,2024-06-24,20000.0,19804.0546875
155,2024-06-27,20000.0,19714.94921875
155,2024-07-01,15000.0,19655.607421875
155,2024-07-12,15000.0,19584.046875
155,2024-07-15,15000.0,19432.2421875
155,2024-07-25,15000.0,19402.765625
155,2024-07-29,10000.0,19342.6015625
155,2024-08-01,15000.0,19335.19921875
155,2024-08-05,15000.0,19335.9765625
155,2024-08-08,15000.0,19345.34375
155,2024-08-12,15000.0,19358.71875
155,2024-08-15,15000.0,19384.7890625
155,2024-08-19,15000.0,19410.578125
155,2024-08-22,15000.0,19453.078125
155,2024-08-26,15000.0,19491.001953125
155,2024-08-29,15000.0,19549.4140625
155,2024-09-05,15000.0,19598.95703125
155,2024-09-09,15000.0,19733.953125
155,2024-09-12,15000.0,19825.083984375
155,2024-09-16,15000.0,19899.0703125
155,2024-09-19,15000.0,20005.7265625
155,2024-09-23,15000.0,20090.57421875
155,2024-09-26,15000.0,20209.77734375
156,2021-07-05,10000.0,19692.34765625
156,2021-07-06,10000.0,19627.421875
156,2021-07-08,10000.0,19612.484375
156,2021-07-12,10000.0,19584.453125
156,2021-07-13,10000.0,19535.03125
156,2021-07-15,5000.0,19524.072265625
156,2021-07-19,5000.0,19503.87890625
156,2021-07-20,5000.0,19470.486328125
156,2021-07-22,5000.0,19463.58203125
156,2021-07-26,5000.0,19451.5625
156,2021-07-27,5000.0,19434.70703125
156,2021-07-29,5000.0,19431.984375
156,2021-08-02,5000.0,19428.3046875
156,2021-08-03,5000.0,19428.134765625
156,2021-08-05,5000.0,19429.587890625
156,2021-08-09,8000.0,19434.279296875
156,2021-08-10,8000.0,19450.8359375
156,2021-08-12,10000.0,19456.46875
156,2021-08-16,12000.0,19469.466796875
156,2021-08-17,12000.0,19502.5859375
156,2021-08-19,12000.0,19512.326171875
156,2021-08-23,12000.0,19533.4921875
156,2021-08-24,12000.0,19582.73046875
156,2021-08-26,12000.0,19596.3984375
156,2022-06-27,15000.0,19625.52734375
156,2022-07-04,15000.0,19767.845703125
156,2022-07-11,15000.0,19642.8125
156,2022-07-14,15000.0,19546.51171875
156,2022-07-18,15000.0,19513.6484375
156,2022-07-21,15000.0,19477.97265625
156,2022-07-25,15000.0,19457.26953125
156,2022-07-28,15000.0,19438.04296875
156,2022-08-01,15000.0,19429.85546875
156,2022-08-04,15000.0,19427.2734375
156,2022-08-08,15000.0,19431.63671875
156,2022-08-11,15000.0,19445.7890625
156,2022-08-15,15000.0,19462.66796875
156,2022-08-18,15000.0,19493.4140625
156,2022-08-22,15000.0,19522.603515625
156,2022-08-25,15000.0,19569.57421875
156,2022-08-29,15000.0,19610.72265625
156,2022-09-01,15000.0,19673.30078125
156,2023-05-29,15000.0,19726.470703125
156,2023-06-01,15000.0,20560.630859375
156,2023-06-05,15000.0,20462.4453125
156,2023-06-08,13500.0,20336.583984375
156,2023-06-12,13500.0,20245.865234375
156,2023-06-15,12000.0,20130.662109375
156,2023-06-19,10000.0,20048.916015625
156,2023-06-22,10000.0,19946.51953125
156,2023-06-26,10000.0,19874.94140625
156,2023-06-29,12000.0,19788.193359375
156,2023-07-03,12000.0,19728.65234375
156,2023-07-06,12000.0,19658.76953125
156,2023-07-10,10000.0,19612.484375
156,2023-07-13,10000.0,19558.61328125
156,2023-07-17,10000.0,19524.072265625
156,2023-07-20,10000.0,19486.021484375
156,2023-07-24,10000.0,19463.58203125
156,2023-07-27,10000.0,19441.978515625
156,2023-07-31,10000.0,19431.984375
156,2023-08-03,10000.0,19427.01171875
156,2023-08-07,10000.0,19429.587890625
156,2023-08-10,10000.0,19441.375
156,2023-08-17,10000.0,19456.46875
156,2024-05-27,20000.0,19512.326171875
156,2024-05-30,20000.0,20594.01953125
156,2024-06-03,20000.0,20494.78515625
156,2024-06-06,20000.0,20367.4921875
156,2024-06-10,20000.0,20275.69140625
156,2024-06-17,10000.0,20158.810546875
156,2024-06-20,10000.0,19971.35546875
156,2024-06-24,10000.0,19898.330078125
156,2024-06-27,10000.0,19809.09765625
156,2024-07-01,10000.0,19747.94140625
156,2024-07-12,10000.0,19675.2421875
156,2024-07-15,10000.0,19524.072265625
156,2024-07-25,15000.0,19494.6640625
156,2024-08-01,15000.0,19434.70703125
156,2024-08-05,15000.0,19428.134765625
156,2024-08-08,15000.0,19437.498046875
156,2024-08-12,15000.0,19450.8359375
156,2024-08-15,15000.0,19476.85546875
156,2024-08-19,15000.0,19502.5859375
156,2024-08-22,15000.0,19544.931640625
156,2024-08-26,15000.0,19582.73046875
156,2024-08-29,15000.0,19640.8984375
156,2024-09-05,15000.0,19690.33203125
156,2024-09-09,15000.0,19828.234375
156,2024-09-12,15000.0,19919.869140625
156,2024-09-16,15000.0,19994.4765625
156,2024-09-19,15000.0,20100.79296875
156,2024-09-23,15000.0,20185.30859375
156,2024-09-26,15000.0,20303.953125
157,2023-08-15,40000.0,16969.587890625
157,2023-08-18,40000.0,16966.30859375
157,2024-07-02,60000.0,16963.12109375
157,2024-07-05,60000.0,16943.6796875
157,2024-07-09,60000.0,16949.5078125
157,2024-07-12,45000.0,16956.236328125
157,2024-07-12,50000.0,19614.953125
157,2024-07-15,45000.0,16960.51953125
157,2024-07-16,60000.0,19585.697265625
157,2024-07-19,60000.0,16965.23046875
157,2024-07-23,60000.0,16968.015625
157,2024-07-25,50000.0,16970.767578125
157,2024-08-01,50000.0,19526.02734375
158,2024-05-14,35000.0,17250.041015625
158,2024-05-17,35000.0,17009.84765625
158,2024-05-21,40000.0,16958.1953125
158,2024-05-28,35000.0,16903.220703125
158,2024-05-31,35000.0,16848.802734375
158,2024-06-11,40000.0,16842.25390625
158,2024-06-21,40000.0,16866.21875
158,2024-06-25,40000.0,16900.783203125
158,2024-06-28,40000.0,16912.201171875
158,2024-07-02,40000.0,16919.900390625
158,2024-07-05,40000.0,16929.046875
158,2024-07-09,40000.0,16935.076171875
158,2024-07-12,40000.0,16942.03515625
158,2024-07-16,40000.0,16946.46875
158,2024-07-19,40000.0,16951.33984375
159,2021-11-19,20000.0,17853.904296875
159,2021-11-22,45000.0,17880.44140625
159,2021-11-23,45000.0,22657.87109375
159,2021-11-23,18000.0,22691.4921875
159,2021-11-25,45000.0,17988.7421875
159,2021-11-25,20000.0,22758.08203125
159,2021-11-26,20000.0,18044.07421875
159,2021-11-29,45000.0,18072.07421875
159,2021-11-30,45000.0,22888.015625
159,2021-11-30,20000.0,22919.771484375
159,2021-12-02,45000.0,18182.11328125
159,2021-12-02,17000.0,22982.751953125
159,2021-12-03,17000.0,18236.41015625
159,2021-12-06,50000.0,18263.3984375
159,2021-12-07,50000.0,23106.53125
159,2021-12-09,50000.0,23136.552734375
159,2021-12-09,18000.0,23195.484375
159,2021-12-13,50000.0,18419.27734375
159,2021-12-14,50000.0,23308.20703125
159,2021-12-14,18000.0,23335.390625
159,2021-12-16,20000.0,18543.5703125
159,2021-12-16,50000.0,18590.890625
159,2021-12-17,15000.0,23388.2265625
159,2021-12-20,50000.0,18613.98828125
159,2021-12-21,45000.0,23488.3359375
159,2021-12-21,15000.0,23512.17578125
159,2021-12-23,45000.0,18702.89453125
159,2021-12-23,15000.0,23558.2734375
159,2021-12-24,15000.0,18745.2734375
159,2021-12-27,40000.0,18765.7109375
159,2021-12-28,40000.0,23644.19921875
159,2021-12-28,15000.0,23664.30859375
159,2021-12-30,40000.0,18842.689453125
159,2021-12-30,15000.0,23702.826171875
159,2021-12-31,15000.0,18878.31640625
159,2022-12-07,50000.0,18895.35546875
159,2022-12-14,45000.0,18354.29296875
159,2022-12-21,45000.0,18248.388671875
159,2023-01-04,40000.0,18151.435546875
159,2023-01-11,45000.0,17995.07421875
159,2023-01-18,45000.0,17939.00390625
159,2023-01-25,55000.0,17899.54296875
159,2023-02-01,55000.0,17877.55859375
159,2023-02-08,50000.0,17873.5546875
159,2023-02-15,45000.0,17887.62109375
159,2023-02-22,45000.0,17919.46875
159,2023-03-01,48000.0,17968.2734375
159,2023-03-08,50000.0,18032.923828125
159,2023-03-15,50000.0,18111.93359375
159,2023-03-22,50000.0,18203.6171875
159,2023-03-28,55000.0,18305.958984375
159,2023-04-05,55000.0,18400.3828125
159,2023-04-26,50000.0,18532.9140625
159,2023-05-03,50000.0,18896.53125
159,2023-05-10,50000.0,19016.109375
159,2023-05-17,52000.0,19133.4921875
159,2023-05-24,51000.0,19245.84375
159,2023-05-31,20000.0,19351.640625
159,2023-06-07,51000.0,19449.671875
159,2023-06-14,45000.0,19539.015625
159,2023-06-21,45000.0,19618.97265625
159,2023-06-28,50000.0,19688.87109375
159,2023-07-05,50000.0,19748.3203125
159,2023-07-12,50000.0,19796.912109375
159,2023-07-19,50000.0,19834.4765625
159,2023-07-26,50000.0,19860.828125
159,2023-08-02,50000.0,19875.865234375
159,2023-09-06,50000.0,19879.51171875
159,2023-09-13,50000.0,19727.953125
159,2023-09-20,50000.0,19664.494140625
159,2023-09-27,50000.0,19590.64453125
159,2023-10-04,45000.0,19506.857421875
159,2024-01-30,15000.0,19413.75
159,2024-02-02,18000.0,19157.98828125
159,2024-02-19,40000.0,19155.15625
159,2024-02-20,17000.0,23854.1171875
159,2024-02-22,40000.0,19025.81640625
159,2024-02-23,17000.0,23811.943359375
159,2024-02-26,40000.0,18986.21875
159,2024-02-27,18000.0,23747.482421875
159,2024-02-29,40000.0,18926.048828125
159,2024-03-01,17000.0,23693.1640625
159,2024-03-04,40000.0,18876.3359375
159,2024-03-05,17000.0,23612.82421875
159,2024-03-07,40000.0,18803.08984375
159,2024-03-08,17000.0,23546.87890625
159,2024-03-11,35000.0,18743.1171875
159,2024-03-12,17000.0,23451.9375
159,2024-03-14,35000.0,18656.880859375
159,2024-03-15,17000.0,23375.60546875
159,2024-03-18,40000.0,18588.990234375
159,2024-03-21,40000.0,23267.55078125
159,2024-03-22,17000.0,23182.037109375
159,2024-03-25,40000.0,18417.6875
159,2024-03-28,40000.0,23062.41796875
159,2024-04-01,35000.0,22968.9609375
159,2024-04-04,35000.0,22842.29296875
159,2024-04-08,50000.0,22744.38671875
159,2024-04-11,50000.0,22610.42578125
159,2024-04-15,40000.0,22507.66796875
159,2024-04-18,40000.0,22367.9296875
159,2024-04-22,40000.0,22260.73828125
159,2024-04-25,40000.0,22115.734375
159,2024-05-02,40000.0,22006.23828125
159,2024-05-06,35000.0,21749.716796875
159,2024-05-09,50000.0,21603.74609375
159,2024-05-13,40000.0,21494.966796875
159,2024-05-16,45000.0,21351.388671875
159,2024-05-20,40000.0,21245.162109375
159,2024-05-23,50000.0,21105.14453125
159,2024-05-27,50000.0,21001.48046875
159,2024-05-30,50000.0,20866.2578125
159,2024-06-03,45000.0,20768.1328125
159,2024-06-06,45000.0,20642.15234375
159,2024-06-10,45000.0,20551.63671875
160,2024-03-07,190000.0,23686.025390625
160,2024-03-11,190000.0,23620.5390625
160,2024-03-14,190000.0,23526.05859375
160,2024-03-18,190000.0,23450.1328125
160,2024-03-21,190000.0,23342.630859375
160,2024-03-25,190000.0,23257.533203125
160,2024-03-28,130000.0,23138.568359375
160,2024-04-01,130000.0,23045.5625
160,2024-04-04,130000.0,22917.93359375
160,2024-04-08,130000.0,22820.4375
160,2024-04-11,130000.0,22687.1640625
160,2024-04-15,130000.0,22584.87890625
160,2024-04-18,130000.0,22446.13671875
160,2024-04-22,130000.0,22340.015625
160,2024-04-25,130000.0,22196.169921875
160,2024-05-02,130000.0,22087.13671875
161,2024-03-18,90000.0,23523.837890625
161,2024-03-21,90000.0,23416.84375
161,2024-03-25,90000.0,23332.173828125
161,2024-03-28,90000.0,23213.81640625
161,2024-04-01,100000.0,23121.33203125
161,2024-04-04,100000.0,22993.373046875
161,2024-04-08,100000.0,22895.73046875
161,2024-04-11,100000.0,22763.013671875
163,2023-09-21,70000.0,20765.98828125
163,2023-09-25,70000.0,20849.4453125
163,2023-09-28,70000.0,20966.3828125
163,2023-10-02,70000.0,21057.02734375
163,2023-10-05,70000.0,21182.14453125
163,2023-10-09,70000.0,21279.28125
163,2023-10-12,70000.0,21412.7421875
163,2023-10-16,70000.0,21515.22265625
163,2023-10-19,70000.0,21654.234375
163,2023-10-23,70000.0,21760.453125
163,2023-10-30,70000.0,21903.271484375
163,2023-11-06,68000.0,22156.69140625
163,2023-11-09,50000.0,22408.908203125
163,2023-11-13,50000.0,22514.705078125
163,2023-11-16,50000.0,22654.322265625
163,2023-11-23,50000.0,22757.734375
163,2023-11-27,50000.0,22993.763671875
163,2023-11-30,50000.0,23126.1484375
163,2023-12-04,50000.0,23222.41015625
163,2023-12-07,50000.0,23346.369140625
163,2023-12-11,50000.0,23435.572265625
163,2023-12-14,50000.0,23549.2421875
163,2023-12-18,50000.0,23630.19140625
163,2023-12-25,50000.0,23731.51171875
163,2024-01-25,50000.0,23890.70703125
164,2023-12-19,55000.0,19029.60546875
165,2021-08-11,25000.0,20311.82421875
165,2021-08-18,23000.0,20302.6875
165,2021-08-25,20000.0,20283.83203125
165,2021-09-01,25000.0,20255.322265625
165,2021-09-08,19000.0,20217.259765625
165,2021-09-15,18000.0,20169.794921875
165,2021-09-22,18000.0,20113.08984375
165,2021-09-29,20000.0,20047.35546875
165,2021-10-06,18000.0,19973.1328125
165,2021-10-13,19000.0,19891.15234375
165,2021-10-20,19000.0,19802.09375
165,2021-10-27,19000.0,19706.7890625
165,2021-11-03,19000.0,19606.244140625
165,2021-11-10,22000.0,19501.86328125
165,2021-11-17,19000.0,19394.9765625
165,2021-11-24,18000.0,19287.4140625
165,2021-12-01,16000.0,19180.796875
165,2021-12-08,15000.0,19077.033203125
165,2021-12-15,18000.0,18979.0390625
165,2021-12-22,14000.0,18887.7109375
165,2021-12-29,13000.0,18804.986328125
165,2022-01-12,10000.0,18732.61328125
165,2022-01-19,11000.0,18625.30078125
165,2022-01-26,10000.0,18592.84375
165,2022-02-09,10000.0,18575.671875
165,2022-02-16,10000.0,18588.3828125
165,2022-02-23,11000.0,18617.91796875
165,2022-03-02,12000.0,18662.109375
165,2022-03-09,12000.0,18719.87890625
165,2022-03-16,12000.0,18789.84375
165,2022-03-23,12000.0,18870.44140625
165,2022-03-30,12000.0,18959.935546875
165,2022-04-06,13000.0,19056.24609375
165,2022-04-13,13500.0,19158.857421875
165,2022-04-20,13000.0,19264.611328125
165,2022-04-27,14000.0,19371.78125
165,2022-05-04,13000.0,19478.60546875
165,2022-05-11,14000.0,19583.33203125
165,2022-05-18,15000.0,19684.4765625
165,2022-05-25,14000.0,19780.724609375
165,2022-06-01,15000.0,19870.96875
165,2022-06-08,14000.0,19954.35546875
165,2022-06-15,15000.0,20030.1640625
165,2022-06-22,15000.0,21430.47265625
165,2022-06-29,15500.0,21456.451171875
165,2022-07-06,15000.0,21478.30078125
165,2022-07-13,15000.0,21496.01171875
165,2022-07-20,15500.0,21509.505859375
165,2022-07-27,15000.0,21518.83984375
165,2022-08-03,14500.0,21524.005859375
165,2022-08-10,15000.0,21525.017578125
165,2022-08-17,15000.0,21521.84765625
165,2022-08-24,15000.0,33797.3125
165,2022-08-31,15500.0,33888.10546875
165,2022-09-07,14000.0,34006.05078125
165,2022-09-14,14500.0,34149.84765625
165,2022-09-21,14000.0,34317.16015625
165,2022-10-12,14000.0,34504.08203125
165,2022-10-19,18000.0,35156.12890625
165,2022-10-26,19000.0,35387.57421875
165,2022-11-02,21000.0,35619.9140625
165,2022-11-09,22000.0,35851.07421875
165,2022-11-16,22000.0,36077.734375
165,2022-11-23,20000.0,36297.59765625
165,2022-11-30,19000.0,36508.02734375
165,2022-12-07,20000.0,36706.08203125
165,2022-12-14,22000.0,18992.638671875
165,2022-12-21,25000.0,18900.27734375
165,2023-01-04,21000.0,18816.19140625
165,2023-01-11,20000.0,18680.111328125
165,2023-01-18,22000.0,18631.15625
165,2023-01-25,30000.0,18596.587890625
165,2023-02-01,27000.0,18577.19140625
165,2023-02-08,25000.0,18573.400390625
165,2023-02-15,20000.0,18585.38671875
165,2023-02-22,18000.0,18612.775390625
165,2023-03-01,18000.0,18654.935546875
165,2023-03-08,17000.0,18710.84375
165,2023-03-15,16000.0,18779.1640625
165,2023-03-22,15000.0,18858.3671875
165,2023-04-05,13500.0,18946.689453125
165,2023-04-26,12000.0,19143.96484375
165,2023-05-03,11000.0,19463.400390625
165,2023-05-10,12000.0,19568.5546875
165,2023-05-17,14000.0,19670.298828125
165,2023-05-24,16000.0,19767.3125
165,2023-05-31,18000.0,19858.484375
165,2023-06-07,13500.0,19942.912109375
165,2023-06-14,21000.0,20019.8359375
165,2023-06-21,22000.0,20088.521484375
165,2023-06-28,25000.0,20148.53515625
165,2023-07-05,25000.0,20199.53515625
165,2023-07-12,24000.0,20241.28125
165,2023-07-19,25000.0,20273.578125
165,2023-07-26,25000.0,20296.267578125
165,2023-09-06,25000.0,20309.328125
165,2023-09-13,23000.0,20184.31640625
165,2023-09-20,23000.0,20130.228515625
165,2023-09-27,23000.0,20067.0234375
165,2023-10-04,23000.0,19995.171875
165,2023-10-25,20000.0,19915.328125
165,2023-11-01,20000.0,35586.87890625
165,2023-11-08,20000.0,35818.1640625
165,2023-11-15,20000.0,36045.74609375
165,2023-11-22,20000.0,36266.69921875
165,2023-11-27,21000.0,36478.6953125
165,2023-12-06,19000.0,36622.91015625
165,2023-12-13,17000.0,36863.76953125
166,2021-08-03,15000.0,20333.908203125
166,2021-08-05,15000.0,20335.36328125
166,2021-08-09,15000.0,20340.2265625
166,2021-08-10,15000.0,20357.125
166,2021-08-12,15000.0,20362.91796875
166,2021-08-16,12000.0,20376.158203125
166,2021-08-17,12000.0,20409.83984375
166,2021-08-19,10000.0,20419.70703125
166,2021-08-23,10000.0,20441.30078125
166,2021-08-24,10000.0,20491.37109375
166,2021-08-26,20000.0,20505.33203125
166,2021-08-30,22000.0,20534.94140625
166,2021-08-31,22000.0,20600.828125
166,2022-07-18,30000.0,20618.685546875
166,2022-07-25,30000.0,20384.12109375
166,2022-08-01,30000.0,20343.759765625
166,2022-08-08,30000.0,20333.01171875
166,2022-08-11,30000.0,20351.984375
166,2022-08-15,25000.0,20369.171875
166,2022-08-18,30000.0,20400.494140625
166,2022-08-22,25000.0,20430.2265625
166,2022-08-25,30000.0,20477.98828125
166,2022-08-29,25000.0,20519.86328125
166,2022-09-01,30000.0,20583.533203125
166,2022-09-05,25000.0,20637.02734375
166,2022-09-08,25000.0,20715.82421875
166,2022-09-12,30000.0,20780.32421875
166,2022-09-15,25000.0,20873.1640625
166,2022-09-19,30000.0,20947.7109375
166,2022-09-22,25000.0,21052.2265625
166,2022-09-26,30000.0,21134.515625
166,2022-10-06,30000.0,21249.78125
166,2022-10-10,30000.0,21561.1484375
166,2023-10-02,35000.0,21693.138671875
166,2023-10-05,35000.0,21433.166015625
166,2023-10-09,35000.0,21528.73046875
166,2023-10-12,35000.0,21659.7421875
166,2023-10-16,35000.0,21760.6015625
166,2023-10-19,35000.0,21897.16796875
166,2023-10-23,35000.0,22001.48046875
166,2023-10-26,15000.0,22142.390625
166,2023-10-30,35000.0,22248.705078125
166,2023-11-06,35000.0,22390.25390625
166,2023-11-09,35000.0,22635.04296875
166,2023-11-13,35000.0,22739.28515625
166,2023-11-16,35000.0,22877.08984375
166,2023-11-23,35000.0,22979.5234375
167,2021-05-18,40000.0,17671.173828125
167,2021-05-20,40000.0,17576.373046875
167,2021-05-21,40000.0,17530.009765625
167,2021-05-25,40000.0,17507.041015625
167,2021-05-27,40000.0,17416.875
167,2021-05-28,40000.0,17373.4453125
167,2021-06-10,40000.0,17353.18359375
167,2021-06-11,40000.0,17110.8984375
167,2021-06-15,35000.0,17094.822265625
167,2021-06-17,40000.0,17036.572265625
167,2021-06-18,40000.0,17009.72265625
167,2021-06-22,40000.0,16997.158203125
167,2021-06-25,40000.0,16954.603515625
167,2021-06-29,40000.0,16929.0390625
167,2021-07-01,40000.0,16899.93359375
167,2021-07-02,35000.0,16888.9375
167,2021-07-06,40000.0,16883.892578125
167,2021-07-08,40000.0,16866.84375
167,2021-07-09,40000.0,16860.87109375
167,2021-07-13,40000.0,16858.42578125
167,2021-07-15,45000.0,16851.568359375
167,2021-07-16,40000.0,16849.673828125
167,2021-07-20,40000.0,16848.935546875
167,2021-07-22,45000.0,16846.4609375
167,2021-07-23,40000.0,16845.6484375
167,2021-07-27,40000.0,16845.390625
167,2021-07-29,35000.0,16844.6640625
167,2021-07-30,40000.0,16844.494140625
167,2021-08-03,40000.0,16844.453125
167,2021-08-05,50000.0,16844.609375
167,2021-08-06,45000.0,16844.8828125
167,2021-08-10,50000.0,16845.0625
167,2021-08-12,50000.0,16846.10546875
167,2021-08-13,50000.0,16846.9921875
167,2021-08-17,50000.0,16847.58984375
167,2021-08-19,50000.0,16850.427734375
167,2021-08-20,50000.0,16852.404296875
167,2021-08-24,50000.0,16853.68359375
167,2021-08-26,50000.0,16861.82421875
167,2021-08-27,40000.0,16867.8515625
167,2021-08-31,45000.0,16871.51953125
167,2021-09-07,45000.0,16890.052734375
167,2021-09-09,45000.0,16938.322265625
167,2021-09-10,45000.0,16955.828125
167,2021-09-14,40000.0,16965.177734375
167,2021-09-16,50000.0,17011.05859375
167,2021-09-17,45000.0,17037.9921875
167,2021-09-21,45000.0,17052.029296875
167,2021-09-23,45000.0,17112.646484375
167,2021-09-24,40000.0,17146.2421875
167,2021-09-28,40000.0,17163.875
167,2021-09-30,45000.0,17237.7109375
167,2021-10-01,35000.0,17276.27734375
167,2021-10-05,40000.0,17295.88671875
167,2021-10-07,35000.0,17376.171875
167,2021-10-08,35000.0,17419.798828125
167,2021-10-12,35000.0,17442.138671875
167,2021-10-14,40000.0,17533.33203125
167,2021-10-15,35000.0,17579.91015625
167,2021-10-19,35000.0,17603.41015625
167,2021-10-21,40000.0,17698.228515625
167,2021-10-22,40000.0,17746.515625
167,2021-10-26,40000.0,17771.11328125
167,2021-10-28,40000.0,17875.25390625
167,2021-10-29,30000.0,17929.54296875
167,2021-11-02,30000.0,17957.2890625
167,2021-11-04,40000.0,18072.974609375
167,2021-11-05,35000.0,18132.18359375
167,2021-11-09,35000.0,18161.791015625
167,2021-11-11,40000.0,18281.1328125
167,2021-11-12,35000.0,18340.828125
167,2021-11-16,35000.0,18370.5390625
167,2021-11-18,40000.0,18491.3125
167,2021-11-19,40000.0,18551.953125
167,2021-11-23,35000.0,18582.08203125
167,2021-11-25,35000.0,18701.669921875
167,2021-11-26,35000.0,18760.92578125
167,2021-11-30,40000.0,18790.19140625
167,2021-12-02,35000.0,18905.05859375
167,2021-12-03,35000.0,18961.53515625
167,2021-12-07,40000.0,18989.638671875
167,2021-12-09,35000.0,19099.1796875
167,2021-12-10,35000.0,19152.04296875
167,2021-12-14,35000.0,19177.98828125
167,2021-12-16,35000.0,19278.013671875
167,2021-12-17,30000.0,19325.77734375
167,2021-12-21,35000.0,19349.078125
167,2021-12-23,45000.0,19438.140625
167,2021-12-24,40000.0,19480.044921875
167,2021-12-28,30000.0,19500.359375
167,2021-12-30,30000.0,19576.91015625
167,2021-12-31,30000.0,19612.33203125
167,2022-04-26,50000.0,19629.248046875
167,2022-04-29,45000.0,18159.44140625
167,2022-05-06,45000.0,18070.609375
167,2022-05-10,50000.0,17872.828125
167,2022-05-13,55000.0,17768.609375
167,2022-05-16,60000.0,17695.109375
167,2022-05-20,45000.0,17623.5234375
167,2022-05-20,50000.0,17032.5078125
167,2022-05-24,45000.0,17530.009765625
167,2022-05-24,50000.0,16966.03515625
167,2022-06-24,55000.0,17439.14453125
167,2022-06-28,55000.0,16937.130859375
167,2022-07-01,55000.0,16906.52734375
167,2022-07-05,50000.0,16888.9375
167,2022-07-08,55000.0,16870.5390625
167,2022-07-12,50000.0,16860.87109375
167,2022-07-15,55000.0,16852.85546875
167,2022-07-19,50000.0,16849.673828125
167,2022-07-22,50000.0,16847.01171875
167,2022-07-26,50000.0,16845.6484375
167,2022-07-29,55000.0,16844.796875
167,2022-08-02,50000.0,16844.494140625
167,2022-08-05,50000.0,16844.521484375
167,2022-08-09,55000.0,16844.8828125
167,2022-08-12,50000.0,16845.80078125
167,2022-08-16,50000.0,16846.9921875
167,2022-08-19,50000.0,16849.65234375
167,2022-08-23,50000.0,16852.404296875
167,2022-08-26,50000.0,16859.34765625
167,2022-08-30,50000.0,16867.8515625
167,2022-09-02,50000.0,16884.9765625
167,2022-09-06,55000.0,16901.0859375
167,2022-09-09,55000.0,16930.16015625
167,2022-09-13,55000.0,16955.828125
167,2022-09-16,55000.0,16998.48828125
167,2022-09-20,55000.0,17037.9921875
167,2022-09-23,50000.0,17096.490234375
167,2022-09-27,55000.0,17146.2421875
167,2022-10-07,40000.0,17218.740234375
167,2022-10-11,55000.0,17419.798828125
167,2022-10-28,60000.0,17510.27734375
167,2022-11-01,55000.0,17929.54296875
167,2022-11-11,55000.0,18043.333984375
167,2022-11-22,55000.0,18340.828125
167,2022-11-25,50000.0,18671.6484375
167,2022-11-29,55000.0,18760.92578125
167,2022-12-06,55000.0,18876.7265625
167,2022-12-09,55000.0,19072.2578125
167,2022-12-13,50000.0,19152.04296875
167,2022-12-20,50000.0,19253.53125
167,2023-01-03,50000.0,19416.521484375
167,2023-01-05,50000.0,19677.11328125
167,2023-01-10,50000.0,19706.15625
167,2023-01-12,50000.0,19770.953125
167,2023-01-17,50000.0,19792.970703125
167,2023-01-20,50000.0,19837.955078125
167,2023-01-24,50000.0,19857.857421875
167,2023-01-27,50000.0,19876.044921875
167,2023-02-17,60000.0,19883.486328125
167,2023-02-21,60000.0,19784.76953125
167,2023-02-24,55000.0,19736.837890625
167,2023-02-28,50000.0,19696.107421875
167,2023-03-03,50000.0,19635.18359375
167,2023-03-07,50000.0,19584.33203125
167,2023-03-10,50000.0,19509.78125
167,2023-03-14,60000.0,19449.109375
167,2023-03-17,50000.0,19362.21484375
167,2023-03-21,50000.0,19292.806640625
167,2023-03-24,50000.0,19194.9609375
167,2023-03-28,55000.0,19117.84375
167,2023-03-31,55000.0,19010.607421875
167,2023-04-04,55000.0,18927.28125
167,2023-04-07,55000.0,18814.39453125
167,2023-04-11,55000.0,18726.76171875
167,2023-04-14,55000.0,18607.98828125
167,2023-04-18,55000.0,18518.1171875
167,2023-04-21,55000.0,18397.515625
167,2023-04-25,50000.0,18308.3671875
167,2023-04-28,50000.0,18188.9140625
167,2023-05-02,55000.0,18100.265625
167,2023-05-05,55000.0,17983.251953125
167,2023-05-09,50000.0,17899.9140625
167,2023-05-12,50000.0,17793.533203125
167,2023-09-29,55000.0,17719.193359375
167,2023-10-03,55000.0,17256.87890625
167,2023-10-06,55000.0,17335.6640625
167,2023-10-10,55000.0,17397.64453125
167,2023-10-13,55000.0,17487.4140625
167,2023-10-17,60000.0,17556.578125
167,2023-10-20,55000.0,17650.7265625
167,2023-10-24,50000.0,17722.07421875
167,2023-10-27,50000.0,17822.251953125
167,2023-10-31,55000.0,17902.35546875
167,2023-11-03,50000.0,18014.181640625
167,2023-11-07,50000.0,18102.55078125
167,2023-11-14,52000.0,18221.20703125
168,2022-09-23,4500.0,20704.998046875
168,2022-10-21,5000.0,20654.0390625
168,2022-10-28,5000.0,20389.662109375
168,2022-11-11,5000.0,20311.78515625
168,2022-11-18,4500.0,20147.935546875
168,2022-11-25,5000.0,20064.376953125
168,2023-04-21,5000.0,19981.5390625
168,2023-04-28,5000.0,20152.658203125
168,2023-05-05,5000.0,20234.7734375
168,2023-05-12,5000.0,20314.94140625
168,2023-05-19,5000.0,20392.015625
168,2023-06-02,6500.0,20465.431640625
168,2023-06-09,6500.0,20597.666015625
168,2023-06-16,6500.0,20654.96484375
168,2023-06-23,5500.0,20705.626953125
168,2023-06-30,5500.0,20749.078125
168,2023-07-07,5500.0,20785.681640625
168,2023-07-14,5000.0,20815.23046875
168,2023-07-21,4500.0,20837.62890625
168,2023-07-28,4500.0,20852.771484375
168,2023-08-04,4500.0,20860.6015625
168,2023-09-01,6000.0,20861.125
168,2023-09-08,6000.0,20790.083984375
168,2023-09-15,6000.0,20754.322265625
168,2023-09-22,5500.0,20711.65234375
168,2023-09-29,5500.0,20661.74609375
168,2023-10-06,5500.0,20605.07421875
169,2022-07-15,45000.0,17194.92578125
169,2022-07-22,20000.0,17230.677734375
169,2022-07-29,22000.0,17254.095703125
169,2022-08-05,22000.0,17264.9921875
169,2022-08-12,25000.0,17263.4375
169,2022-08-19,25000.0,20808.98046875
169,2022-08-26,26000.0,20793.54296875
169,2022-09-02,25000.0,20770.677734375
169,2022-09-09,26000.0,20740.48046875
169,2022-09-16,30000.0,20703.099609375
169,2022-09-23,30000.0,20658.080078125
169,2022-10-21,30000.0,20606.1171875
169,2022-10-28,30000.0,20337.48828125
169,2022-11-11,30000.0,20258.38671875
169,2022-11-18,25000.0,20092.01953125
169,2022-11-25,30000.0,20007.22265625
169,2022-12-02,25000.0,19923.521484375
169,2022-12-09,25000.0,17129.783203125
169,2022-12-16,25000.0,17085.66796875
169,2022-12-23,25000.0,17056.8046875
169,2023-02-03,25000.0,17042.7890625
169,2023-02-10,38000.0,17001.1875
169,2023-02-17,35000.0,17004.197265625
169,2023-02-24,35000.0,17010.162109375
169,2023-03-03,35000.0,17018.75390625
169,2023-03-10,35000.0,17029.57421875
169,2023-03-17,35000.0,17042.142578125
169,2023-03-24,30000.0,17056.765625
169,2023-03-31,35000.0,17087.029296875
169,2023-04-07,30000.0,17134.5234375
169,2023-04-21,30000.0,17220.82421875
169,2023-04-28,30000.0,17453.572265625
169,2023-05-05,30000.0,17595.2734375
169,2023-05-12,30000.0,17734.30859375
169,2023-05-19,30000.0,17872.130859375
169,2023-06-02,31000.0,18013.859375
169,2023-06-09,30000.0,18270.4921875
169,2023-06-16,27000.0,18382.732421875
169,2023-06-23,27000.0,18482.8125
169,2023-06-30,27000.0,18570.04296875
169,2023-07-07,20000.0,18643.66015625
169,2023-07-14,20000.0,18703.1171875
169,2023-07-21,20000.0,18748.0859375
169,2023-07-28,20000.0,18778.3203125
169,2023-08-04,20000.0,18793.703125
169,2023-09-01,22000.0,18794.15234375
169,2023-09-08,22000.0,18647.33984375
169,2023-09-15,22000.0,18574.29296875
169,2023-09-22,24000.0,18487.6875
169,2023-09-29,24000.0,18387.91015625
169,2023-10-06,20000.0,18275.8984375
170,2021-07-16,19500.0,18348.62109375
170,2021-07-23,17500.0,18389.80078125
170,2021-07-30,17500.0,18415.85546875
170,2021-08-06,17500.0,18426.822265625
170,2021-08-13,17500.0,18422.5546875
170,2021-08-20,17500.0,18403.1875
170,2021-08-27,17500.0,18368.71484375
170,2021-09-10,17500.0,18319.359375
170,2021-09-17,14500.0,18176.65625
170,2021-09-24,13500.0,18084.2578125
170,2021-10-01,12500.0,17979.0703125
170,2021-10-08,11500.0,17861.7734375
170,2021-10-15,11500.0,17740.79296875
170,2021-10-22,11500.0,17616.171875
170,2021-10-29,11500.0,17484.15625
170,2021-11-05,11500.0,17354.28125
170,2021-11-12,11500.0,17234.78125
170,2021-11-19,9500.0,17136.033203125
170,2021-11-26,9500.0,17066.546875
170,2021-12-03,9500.0,17030.08984375
170,2021-12-10,9500.0,17008.28515625
170,2021-12-17,8500.0,16990.21484375
170,2021-12-24,8500.0,16972.76171875
170,2021-12-31,19500.0,16956.51171875
170,2022-01-06,19500.0,16942.115234375
170,2022-01-13,16500.0,16931.65625
170,2022-01-20,16500.0,16921.982421875
170,2022-01-27,16500.0,16915.365234375
170,2022-02-10,15500.0,16912.083984375
170,2022-02-17,16000.0,16915.8203125
170,2022-02-24,15500.0,16922.68359375
170,2022-03-03,17500.0,16932.56640625
170,2022-03-10,17500.0,16945.083984375
170,2022-03-17,17500.0,16959.73828125
170,2022-03-24,17500.0,16975.9921875
170,2022-03-31,17500.0,16993.28125
170,2022-04-08,17500.0,17011.015625
170,2022-04-15,17500.0,17043.58203125
170,2022-04-22,17500.0,17091.33203125
170,2022-04-29,17500.0,17177.419921875
170,2022-05-06,17500.0,17285.39453125
170,2022-05-09,14000.0,17406.8203125
170,2022-05-11,14000.0,32552.318359375
170,2022-05-18,14000.0,32476.875
170,2022-05-23,14000.0,32214.263671875
170,2022-05-25,14000.0,32034.9140625
170,2022-05-30,14000.0,31964.748046875
170,2022-06-01,14000.0,31792.6796875
170,2022-06-06,14000.0,31725.8125
170,2022-06-08,14000.0,31564.4765625
170,2022-06-10,22500.0,31502.421875
170,2022-06-13,20000.0,18023.99609375
170,2022-06-15,20000.0,31354.4375
170,2022-06-17,22500.0,31298.318359375
170,2022-06-20,20000.0,18123.87109375
170,2022-06-22,20000.0,31166.08984375
170,2022-06-24,22500.0,31116.595703125
170,2022-06-27,20000.0,18210.51953125
170,2022-06-29,20000.0,31002.36328125
170,2022-07-01,22500.0,30960.8671875
170,2022-07-04,20000.0,18283.224609375
170,2022-07-06,20000.0,30866.4296875
170,2022-07-08,22500.0,30832.685546875
170,2022-07-11,20000.0,18341.53125
170,2022-07-13,20000.0,30759.00390625
170,2022-07-15,22500.0,30733.8515625
170,2022-07-18,18000.0,18384.85546875
170,2022-07-20,18000.0,30682.4296875
170,2022-07-22,22500.0,30666.4609375
170,2022-07-25,18000.0,18413.0625
170,2022-07-27,18000.0,30638.1640625
170,2022-07-29,22500.0,30631.50390625
170,2022-08-01,18000.0,18426.1640625
170,2022-08-03,18000.0,30626.50390625
170,2022-08-05,22500.0,30629.1484375
170,2022-08-08,18000.0,18424.10546875
170,2022-08-10,18000.0,30647.41015625
170,2022-08-12,22500.0,30659.5390625
170,2022-08-15,18000.0,18406.8828125
170,2022-08-17,18000.0,30701.34375
170,2022-08-31,18000.0,30722.6484375
170,2022-09-02,24500.0,30941.62109375
170,2022-09-05,18000.0,18265.35546875
170,2022-09-07,24000.0,31047.060546875
170,2022-09-09,24500.0,31093.068359375
170,2022-09-12,18000.0,18188.75390625
170,2022-09-14,18000.0,31217.736328125
170,2022-09-16,24500.0,31271.6015625
170,2022-09-19,18000.0,18098.279296875
170,2022-09-21,18000.0,31414.37109375
170,2022-09-23,24500.0,31474.466796875
170,2022-09-26,18000.0,17994.84375
170,2022-10-07,24500.0,31631.755859375
170,2022-10-12,18000.0,17757.873046875
170,2022-10-17,18000.0,32196.642578125
170,2022-10-19,18000.0,32384.43359375
170,2022-10-21,23500.0,32460.146484375
170,2022-10-24,18000.0,17503.404296875
170,2022-10-26,18000.0,32649.849609375
170,2022-10-28,22500.0,32726.203125
170,2022-11-02,18000.0,17371.32421875
170,2022-11-07,18000.0,32991.734375
170,2022-11-09,18000.0,33176.41015625
170,2022-11-11,20500.0,33249.33984375
170,2022-11-14,18000.0,17149.35546875
170,2022-11-16,18000.0,33430.28125
170,2022-11-18,20500.0,33501.40234375
170,2022-11-21,15000.0,17075.265625
170,2022-11-23,15000.0,33674.40625
170,2022-11-25,20500.0,33741.40234375
170,2022-11-28,15000.0,17035.224609375
170,2022-11-30,15000.0,33903.8125
170,2022-12-02,18500.0,33966.56640625
170,2022-12-05,15000.0,17010.875
170,2022-12-07,15000.0,34116.45703125
170,2022-12-09,18500.0,34173.70703125
170,2022-12-12,15000.0,16992.775390625
170,2022-12-14,15000.0,34309.45703125
170,2022-12-16,18500.0,34360.8515625
170,2022-12-19,15000.0,16975.201171875
170,2022-12-21,15000.0,34481.35546875
170,2022-12-23,18500.0,34526.21484375
170,2023-01-04,15000.0,16958.736328125
170,2023-01-11,15000.0,34783.41015625
170,2023-01-18,15000.0,34871.92578125
170,2023-01-25,15000.0,34931.87890625
170,2023-02-01,15000.0,34962.94140625
170,2023-02-03,26500.0,34965.15625
170,2023-02-08,15000.0,16912.23046875
170,2023-02-10,26500.0,34938.56640625
170,2023-02-15,15000.0,16915.8203125
170,2023-02-17,26500.0,34883.05859375
170,2023-02-22,15000.0,16922.68359375
170,2023-02-24,21000.0,34798.76171875
170,2023-03-01,15000.0,16932.56640625
170,2023-03-03,19500.0,34687.203125
170,2023-03-08,15000.0,16945.083984375
170,2023-03-10,26500.0,34549.890625
170,2023-03-16,15000.0,16959.73828125
170,2023-03-17,17500.0,34363.73046875
170,2023-03-23,15000.0,16975.9921875
170,2023-03-24,17500.0,34177.4765625
170,2023-03-29,15000.0,16993.28125
170,2023-03-30,15000.0,34001.734375
170,2023-03-31,17500.0,33970.97265625
170,2023-04-06,15000.0,17011.015625
170,2023-04-07,20500.0,33748.078125
170,2023-04-21,20500.0,17038.484375
170,2023-04-27,15000.0,17163.236328125
170,2023-04-28,20500.0,33005.43359375
170,2023-05-04,18000.0,17268.060546875
170,2023-05-05,20500.0,32741.51171875
170,2023-05-11,20000.0,17388.244140625
170,2023-05-12,20500.0,32476.875
170,2023-05-18,20000.0,17523.984375
170,2023-05-19,22500.0,32214.263671875
170,2023-05-25,20000.0,17653.74609375
170,2023-06-01,20000.0,31964.748046875
170,2023-06-02,22500.0,31725.8125
170,2023-06-08,20000.0,17895.2109375
170,2023-06-09,19500.0,31502.421875
170,2023-06-15,20000.0,18008.748046875
170,2023-06-16,19500.0,31298.318359375
170,2023-06-22,22000.0,18110.3984375
170,2023-06-23,17500.0,31116.595703125
170,2023-06-29,20000.0,18198.982421875
170,2023-06-30,17500.0,30960.8671875
170,2023-07-06,20000.0,18273.693359375
170,2023-07-07,17500.0,30832.685546875
170,2023-07-13,20000.0,18334.08984375
170,2023-07-14,17500.0,30733.8515625
170,2023-07-20,20000.0,18379.60546875
170,2023-07-21,18000.0,30666.4609375
170,2023-07-27,20000.0,18409.9609375
170,2023-07-28,18000.0,30631.50390625
170,2023-08-03,20000.0,18425.224609375
170,2023-08-04,17500.0,30629.1484375
170,2023-09-01,16500.0,18425.314453125
170,2023-09-07,22000.0,18275.17578125
170,2023-09-08,16500.0,31093.068359375
170,2023-09-14,22000.0,18200.529296875
170,2023-09-15,16500.0,31271.6015625
170,2023-09-21,22000.0,18112.0078125
170,2023-09-22,16000.0,31474.466796875
170,2023-09-28,22000.0,18010.390625
170,2023-09-29,16500.0,31697.08984375
170,2023-10-03,15000.0,17896.421875
170,2023-10-05,22000.0,36204.921875
170,2023-10-06,15500.0,31940.900390625
171,2021-07-16,24000.0,18276.103515625
171,2021-07-23,19500.0,18317.83984375
171,2021-07-30,19500.0,18344.40234375
171,2021-08-06,20500.0,18355.591796875
171,2021-08-13,20500.0,18351.359375
171,2021-08-20,24500.0,18331.728515625
171,2021-08-27,22500.0,18296.796875
171,2021-09-10,31500.0,18246.71875
171,2021-09-17,31500.0,18102.43359375
171,2021-09-24,34500.0,18009.4375
171,2021-10-01,31000.0,17903.390625
171,2021-10-08,29500.0,17787.400390625
171,2021-10-15,29500.0,17670.712890625
171,2021-10-22,36500.0,17545.07421875
171,2021-10-29,41500.0,17412.08984375
171,2021-11-05,36500.0,17292.03125
171,2021-11-12,38500.0,17183.044921875
171,2021-11-19,42500.0,17095.466796875
171,2021-11-26,39500.0,17046.7578125
171,2021-12-03,34500.0,17016.3203125
171,2021-12-10,37500.0,16997.501953125
171,2021-12-17,39500.0,16978.763671875
171,2021-12-24,39500.0,16960.701171875
171,2021-12-31,41500.0,16943.93359375
171,2022-01-06,43500.0,16929.177734375
171,2022-01-13,42500.0,16918.40625
171,2022-01-20,39500.0,16908.45703125
171,2022-01-27,34500.0,16901.671875
171,2022-02-10,40500.0,16898.29296875
171,2022-02-17,45000.0,16902.162109375
171,2022-02-24,46500.0,16909.23828125
171,2022-03-03,53500.0,16919.40625
171,2022-03-10,59500.0,16932.2890625
171,2022-03-17,64500.0,16947.42578125
171,2022-03-24,64500.0,16964.234375
171,2022-03-31,64500.0,16982.146484375
171,2022-04-08,62500.0,17000.56640625
171,2022-04-15,56500.0,17023.9140625
171,2022-04-22,49000.0,17060.328125
171,2022-04-29,46500.0,17127.44921875
171,2022-05-06,50500.0,17224.798828125
171,2022-05-13,44500.0,17342.57421875
171,2022-05-20,37000.0,17470.51171875
171,2022-05-27,33000.0,17601.287109375
171,2022-06-03,31000.0,17722.1171875
171,2022-06-10,26000.0,17836.486328125
171,2022-06-17,29500.0,17948.91796875
171,2022-06-24,29500.0,18049.4375
171,2022-07-01,29500.0,18136.76953125
171,2022-07-08,29500.0,18210.12109375
171,2022-07-15,29500.0,18268.94140625
171,2022-07-22,31500.0,18312.833984375
171,2022-07-29,34500.0,18341.5625
171,2022-08-05,34500.0,18354.93359375
171,2022-08-12,34500.0,18352.921875
171,2022-08-19,35500.0,18335.50390625
171,2022-08-26,37500.0,18302.71484375
171,2022-09-02,39500.0,18254.80078125
171,2022-09-09,39500.0,18191.94140625
171,2022-09-16,44500.0,18114.650390625
171,2022-09-23,49000.0,18023.556640625
171,2022-10-07,54500.0,17919.27734375
171,2022-10-21,59000.0,17687.93359375
171,2022-10-28,54000.0,17431.4921875
171,2022-11-11,64000.0,17309.19140625
171,2022-11-18,56500.0,17104.265625
171,2022-11-25,56500.0,17052.015625
171,2022-12-02,36500.0,17018.98046875
171,2022-12-09,39500.0,17000.1953125
171,2022-12-16,39500.0,16981.41796875
171,2022-12-23,41000.0,16963.22265625
171,2023-02-03,51500.0,16946.22265625
171,2023-02-10,51500.0,16898.46484375
171,2023-02-17,51500.0,16902.162109375
171,2023-02-24,57500.0,16909.23828125
171,2023-03-03,63500.0,16919.40625
171,2023-03-10,51500.0,16932.2890625
171,2023-03-17,69500.0,16947.42578125
171,2023-03-24,71500.0,16964.234375
171,2023-03-31,64500.0,16982.146484375
171,2023-04-07,47500.0,17000.56640625
171,2023-04-21,42500.0,17018.9375
171,2023-04-28,47500.0,17115.576171875
171,2023-05-05,49500.0,17210.7265625
171,2023-05-12,49500.0,17325.55859375
171,2023-05-19,44500.0,17451.25390625
171,2023-06-02,26000.0,17583.08203125
171,2023-06-09,16000.0,17819.5859375
171,2023-06-16,14500.0,17933.498046875
171,2023-06-23,16500.0,18035.87109375
171,2023-06-30,19500.0,18125.115234375
171,2023-07-07,19500.0,18200.525390625
171,2023-07-14,24500.0,18261.42578125
171,2023-07-21,28000.0,18307.48828125
171,2023-07-28,28000.0,18338.380859375
171,2023-08-04,28500.0,18353.9453125
171,2023-09-01,39000.0,18354.138671875
171,2023-09-08,39000.0,18201.85546875
171,2023-09-15,34500.0,18126.55078125
171,2023-09-22,39000.0,18037.40234375
171,2023-09-29,37000.0,17934.95703125
171,2023-10-06,46500.0,17820.140625
172,2021-07-16,6750.0,18203.298828125
172,2021-07-23,6750.0,18245.443359375
172,2021-07-30,6750.0,18272.1953125
172,2021-08-06,6750.0,18283.482421875
172,2021-08-13,6750.0,18279.19921875
172,2021-08-20,6750.0,18259.376953125
172,2021-08-27,6750.0,18224.072265625
172,2021-09-10,6750.0,18173.50390625
172,2021-09-17,6750.0,18028.162109375
172,2021-09-24,6750.0,17934.39453125
172,2021-10-01,6750.0,17827.548828125
172,2021-10-08,6750.0,17718.083984375
172,2021-10-15,6750.0,17600.46484375
172,2021-10-22,6750.0,17473.845703125
172,2021-10-29,6750.0,17348.76953125
172,2021-11-05,6750.0,17231.271484375
172,2021-11-12,6750.0,17132.732421875
172,2021-11-19,6750.0,17064.37109375
172,2021-11-26,6750.0,17027.013671875
172,2021-12-03,6750.0,17005.900390625
172,2021-12-10,6750.0,16986.359375
172,2021-12-17,6750.0,16966.958984375
172,2021-12-31,6750.0,16948.30078125
172,2022-01-06,6750.0,16915.9140625
172,2022-01-13,6750.0,16904.83984375
172,2022-01-20,6750.0,16894.6171875
172,2022-01-27,6750.0,16887.6484375
172,2022-02-10,6750.0,16884.1953125
172,2022-02-17,7000.0,16888.19140625
172,2022-02-24,6750.0,16895.46875
172,2022-03-03,6750.0,16905.9453125
172,2022-03-10,7500.0,16919.203125
172,2022-03-17,7500.0,16934.779296875
172,2022-03-24,7500.0,16952.13671875
172,2022-03-31,7500.0,16970.6640625
172,2022-04-08,7500.0,16989.76171875
172,2022-04-15,7500.0,17011.55859375
172,2022-04-22,7500.0,17041.078125
172,2022-04-29,7500.0,17088.5390625
172,2022-05-06,7500.0,17173.625
172,2022-05-13,7500.0,17279.98828125
172,2022-05-20,7500.0,17397.78515625
172,2022-05-27,7500.0,17529.55078125
172,2022-06-03,7500.0,17652.939453125
172,2022-06-10,7500.0,17765.09765625
172,2022-06-17,7500.0,17873.58984375
172,2022-06-24,7500.0,17974.93359375
172,2022-07-01,7500.0,18062.84375
172,2022-07-08,7500.0,18136.736328125
172,2022-07-15,7500.0,18196.05078125
172,2022-07-22,7500.0,18240.34765625
172,2022-07-29,7500.0,18269.32421875
172,2022-08-05,7500.0,18282.82421875
172,2022-08-12,7500.0,18280.7578125
172,2022-08-19,7500.0,18263.134765625
172,2022-08-26,7500.0,18230.05078125
172,2022-09-02,7500.0,18181.67578125
172,2022-09-09,7500.0,18118.2734375
172,2022-09-16,7500.0,18040.458984375
172,2022-09-23,7500.0,17948.62890625
172,2022-10-07,7500.0,17843.55078125
172,2022-10-21,7500.0,17617.818359375
172,2022-10-28,7500.0,17365.41015625
172,2022-11-11,7500.0,17246.666015625
172,2022-11-18,7500.0,17072.125
172,2022-11-25,7500.0,17032.376953125
172,2022-12-02,7500.0,17008.666015625
172,2023-02-03,7500.0,16989.154296875
172,2023-02-10,7500.0,16884.37890625
172,2023-02-17,7500.0,16888.19140625
172,2023-02-24,7500.0,16895.46875
172,2023-03-03,7500.0,16905.9453125
172,2023-03-10,7500.0,16919.203125
172,2023-03-17,7500.0,16934.779296875
172,2023-03-24,7500.0,16952.13671875
172,2023-03-31,7500.0,16970.6640625
172,2023-04-07,7500.0,16989.76171875
172,2023-04-21,7500.0,17008.86328125
172,2023-04-28,7500.0,17079.765625
172,2023-05-05,7500.0,17159.40234375
172,2023-05-12,7500.0,17262.84375
172,2023-05-19,7500.0,17381.04296875
172,2023-06-02,7500.0,17511.181640625
172,2023-06-09,7500.0,17749.7265625
172,2023-06-16,7500.0,17858.1796875
172,2023-06-23,7500.0,17961.25
172,2023-06-30,7500.0,18051.12109375
172,2023-07-07,7500.0,18127.029296875
172,2023-07-14,7500.0,18188.50390625
172,2023-07-21,8000.0,18234.94921875
172,2023-07-28,8000.0,18266.12890625
172,2023-08-04,7500.0,18281.806640625
172,2023-09-01,7750.0,18281.98828125
172,2023-09-08,7800.0,18128.263671875
172,2023-09-15,7750.0,18052.421875
172,2023-09-22,7500.0,17962.60546875
172,2023-09-29,7250.0,17859.34375
172,2023-10-06,7250.0,17749.8984375
173,2021-07-16,13500.0,18130.232421875
173,2021-07-23,9500.0,18172.71875
173,2021-07-30,9500.0,18199.7109375
173,2021-08-06,9500.0,18211.08203125
173,2021-08-13,9500.0,18206.75
173,2021-08-20,9500.0,18186.712890625
173,2021-08-27,9500.0,18151.111328125
173,2021-09-10,8500.0,18100.130859375
173,2021-09-17,10500.0,17953.6953125
173,2021-09-24,10500.0,17859.1953125
173,2021-10-01,10500.0,17757.03125
173,2021-10-08,10500.0,17648.576171875
173,2021-10-15,10500.0,17530.0
173,2021-10-22,10500.0,17402.48828125
173,2021-10-29,10500.0,17287.140625
173,2021-11-05,10500.0,17179.67578125
173,2021-11-12,10500.0,17093.4609375
173,2021-11-19,10500.0,17045.078125
173,2021-11-26,10500.0,17015.013671875
173,2021-12-03,10500.0,16995.125
173,2021-12-10,10500.0,16974.8671875
173,2021-12-17,10500.0,16954.81640625
173,2021-12-24,10500.0,16935.61328125
173,2021-12-31,10500.0,16917.9609375
173,2022-01-06,10500.0,16902.341796875
173,2022-01-13,10500.0,16890.96484375
173,2022-01-20,10500.0,16880.4765625
173,2022-01-27,10500.0,16873.333984375
173,2022-02-10,10500.0,16869.80078125
173,2022-02-17,10000.0,16873.9140625
173,2022-02-24,10500.0,16881.400390625
173,2022-03-03,10500.0,16892.16796875
173,2022-03-10,10500.0,16905.80859375
173,2022-03-17,10500.0,16921.8359375
173,2022-03-24,10500.0,16939.70703125
173,2022-03-31,10500.0,16958.8515625
173,2022-04-08,10500.0,16978.609375
173,2022-04-15,10500.0,17001.2421875
173,2022-04-22,10500.0,17021.5703125
173,2022-04-26,18000.0,17058.95703125
173,2022-04-29,10500.0,19814.380859375
173,2022-05-06,10500.0,17124.787109375
173,2022-05-09,11000.0,17221.0234375
173,2022-05-10,20000.0,32622.3359375
173,2022-05-11,11000.0,19350.42578125
173,2022-05-13,10500.0,32548.48828125
173,2022-05-17,20000.0,17335.515625
173,2022-05-18,8500.0,19126.953125
173,2022-05-20,10500.0,32291.787109375
173,2022-05-23,8500.0,17457.640625
173,2022-05-24,18000.0,32115.3828125
173,2022-05-25,8500.0,18913.5546875
173,2022-05-27,10500.0,32046.484375
173,2022-05-31,20000.0,17582.30859375
173,2022-06-01,8500.0,18715.38671875
173,2022-06-03,10500.0,31812.7421875
173,2022-06-06,8500.0,17696.63671875
173,2022-06-07,20000.0,31654.4921875
173,2022-06-08,8500.0,18533.28515625
173,2022-06-10,10500.0,31593.6953125
173,2022-06-13,13500.0,17799.216796875
173,2022-06-14,20000.0,31448.419921875
173,2022-06-15,13500.0,18369.65625
173,2022-06-17,10500.0,31393.359375
173,2022-06-20,12500.0,17900.203125
173,2022-06-21,25000.0,31263.587890625
173,2022-06-22,12500.0,18226.90234375
173,2022-06-24,10500.0,31215.015625
173,2022-06-27,12500.0,17988.79296875
173,2022-06-28,25000.0,31102.63671875
173,2022-06-29,11500.0,18105.66796875
173,2022-07-01,10500.0,31061.474609375
173,2022-07-04,12500.0,18063.17578125
173,2022-07-05,23000.0,30968.37890625
173,2022-07-06,11500.0,18006.205078125
173,2022-07-08,10500.0,30935.306640625
173,2022-07-11,11500.0,18122.931640625
173,2022-07-12,23000.0,30863.23828125
173,2022-07-13,11500.0,17931.84375
173,2022-07-15,10500.0,30838.60546875
173,2022-07-18,12500.0,18167.59765625
173,2022-07-19,25000.0,30788.109375
173,2022-07-20,12500.0,17881.251953125
173,2022-07-22,10500.0,30772.375
173,2022-07-22,30000.0,18196.80859375
173,2022-07-25,12500.0,17086.75390625
173,2022-07-26,25000.0,30744.41015625
173,2022-07-27,12500.0,17853.25390625
173,2022-07-29,10500.0,30737.8359375
173,2022-08-01,12500.0,18210.421875
173,2022-08-02,23000.0,30732.955078125
173,2022-08-03,12500.0,17847.21875
173,2022-08-05,10500.0,30735.595703125
173,2022-08-08,11500.0,18208.314453125
173,2022-08-09,25000.0,30753.81640625
173,2022-08-10,11500.0,17863.27734375
173,2022-08-12,10500.0,30765.67578125
173,2022-08-15,11500.0,18190.5234375
173,2022-08-16,23000.0,30806.75
173,2022-08-17,11500.0,35262.609375
173,2022-08-19,10500.0,30827.66796875
173,2022-08-22,8500.0,18157.134765625
173,2022-08-23,23000.0,30890.875
173,2022-08-24,8500.0,35339.328125
173,2022-08-26,10500.0,30920.33203125
173,2022-08-29,7500.0,18108.328125
173,2022-08-30,25000.0,31004.0234375
173,2022-08-31,7500.0,35439.46875
173,2022-09-02,10500.0,31041.6171875
173,2022-09-05,7500.0,18044.521484375
173,2022-09-06,25000.0,31146.515625
173,2022-09-07,7500.0,35561.43359375
173,2022-09-09,10500.0,31192.369140625
173,2022-09-12,7500.0,17966.09765625
173,2022-09-13,25000.0,31316.015625
173,2022-09-14,7500.0,35703.59765625
173,2022-09-16,10500.0,31368.9296875
173,2022-09-19,7500.0,17873.52734375
173,2022-09-20,22000.0,31509.046875
173,2022-09-21,7500.0,35863.82421875
173,2022-09-23,10500.0,31568.009765625
173,2022-09-26,10500.0,17771.61328125
173,2022-09-30,20000.0,31722.11328125
173,2022-10-07,10500.0,36118.33203125
173,2022-10-11,22000.0,17547.52734375
173,2022-10-12,10500.0,36423.74609375
173,2022-10-18,22000.0,32276.033203125
173,2022-10-19,9500.0,36628.75390625
173,2022-10-21,10500.0,32533.6171875
173,2022-10-25,20000.0,17303.9140625
173,2022-10-28,10500.0,36838.1796875
173,2022-11-01,20000.0,17193.978515625
173,2022-11-02,11500.0,17376.13671875
173,2022-11-07,11500.0,33052.7734375
173,2022-11-08,25000.0,33233.36328125
173,2022-11-09,11500.0,17539.900390625
173,2022-11-11,10500.0,33305.4140625
173,2022-11-14,11500.0,17050.4609375
173,2022-11-15,25000.0,33483.03515625
173,2022-11-16,11500.0,17702.83984375
173,2022-11-18,10500.0,33552.91796875
173,2022-11-21,10000.0,17017.79296875
173,2022-11-22,25000.0,33721.92578125
173,2022-11-23,10000.0,17867.81640625
173,2022-11-25,10500.0,33787.70703125
173,2022-11-28,10000.0,16998.00390625
173,2022-11-29,22000.0,33947.07421875
173,2022-11-30,10000.0,18038.962890625
173,2022-12-02,10500.0,34008.45703125
173,2022-12-05,10000.0,16977.76171875
173,2022-12-06,22000.0,34155.33984375
173,2022-12-07,10000.0,18208.86328125
173,2022-12-09,10500.0,34211.46484375
173,2022-12-12,10000.0,16957.638671875
173,2022-12-13,20000.0,34344.73828125
173,2022-12-14,10000.0,18368.228515625
173,2022-12-16,10500.0,34395.140625
173,2022-12-19,10000.0,16938.28125
173,2022-12-20,20000.0,34513.37109375
173,2022-12-21,10000.0,18514.25
173,2022-12-23,10500.0,34557.41015625
173,2023-01-03,22000.0,16920.369140625
173,2023-01-04,10500.0,18752.103515625
173,2023-01-10,20000.0,34809.88671875
173,2023-01-11,10500.0,18838.1796875
173,2023-01-17,20000.0,34896.578125
173,2023-01-18,10500.0,18899.54296875
173,2023-01-24,20000.0,34955.16796875
173,2023-01-25,10500.0,18934.99609375
173,2023-01-31,18000.0,34985.64453125
173,2023-02-01,15500.0,18944.16796875
173,2023-02-03,10500.0,34987.796875
173,2023-02-07,18000.0,16870.00390625
173,2023-02-08,15500.0,18926.55078125
173,2023-02-10,10500.0,34961.53125
173,2023-02-14,20000.0,16873.9140625
173,2023-02-15,10500.0,18882.7890625
173,2023-02-17,10500.0,34907.23046875
173,2023-02-21,22000.0,16881.400390625
173,2023-02-22,10500.0,18813.525390625
173,2023-02-24,10500.0,34824.61328125
173,2023-02-28,20000.0,16892.16796875
173,2023-03-01,10500.0,18720.029296875
173,2023-03-03,10500.0,34715.078125
173,2023-03-07,22000.0,16905.80859375
173,2023-03-08,14500.0,18604.828125
173,2023-03-10,10500.0,34580.27734375
173,2023-03-14,20000.0,16921.8359375
173,2023-03-16,14500.0,18469.779296875
173,2023-03-17,10500.0,34397.67578125
173,2023-03-21,23000.0,16939.70703125
173,2023-03-23,14500.0,18320.08984375
173,2023-03-24,10500.0,34214.83984375
173,2023-03-28,22000.0,16958.8515625
173,2023-03-29,14500.0,18157.654296875
173,2023-03-30,14500.0,34042.69140625
173,2023-03-31,10500.0,34012.60546875
173,2023-04-04,20000.0,16978.609375
173,2023-04-06,14500.0,17985.74609375
173,2023-04-07,10500.0,33793.51171875
173,2023-04-21,10500.0,16998.4375
173,2023-04-25,20000.0,17053.662109375
173,2023-04-27,14000.0,17489.51953125
173,2023-04-28,10500.0,33065.99609375
173,2023-05-02,20000.0,17112.87109375
173,2023-05-04,14000.0,17329.3125
173,2023-05-05,10500.0,32808.08203125
173,2023-05-09,20000.0,17207.1015625
173,2023-05-11,12000.0,17177.4296875
173,2023-05-12,10500.0,32548.48828125
173,2023-05-16,20000.0,17318.919921875
173,2023-05-18,12000.0,17039.712890625
173,2023-05-19,10500.0,32291.787109375
173,2023-05-23,20000.0,17439.146484375
173,2023-05-25,12000.0,16933.517578125
173,2023-05-30,20000.0,32046.484375
173,2023-06-01,12000.0,16867.4609375
173,2023-06-02,10500.0,31812.7421875
173,2023-06-06,20000.0,17681.1171875
173,2023-06-08,12000.0,16848.22265625
173,2023-06-09,10500.0,31593.6953125
173,2023-06-13,20000.0,17785.2421875
173,2023-06-15,12000.0,16860.541015625
173,2023-06-16,10500.0,31393.359375
173,2023-06-20,20000.0,17886.423828125
173,2023-06-22,12000.0,16880.103515625
173,2023-06-23,10500.0,31215.015625
173,2023-06-27,22000.0,17976.99609375
173,2023-06-29,12000.0,16899.880859375
173,2023-06-30,10500.0,31061.474609375
173,2023-07-04,20000.0,18053.44921875
173,2023-07-06,12000.0,16915.853515625
173,2023-07-07,10500.0,30935.306640625
173,2023-07-11,18000.0,18115.31640625
173,2023-07-13,12000.0,16928.05859375
173,2023-07-14,10500.0,30838.60546875
173,2023-07-18,20000.0,18162.14453125
173,2023-07-20,12000.0,16936.66015625
173,2023-07-21,11000.0,30772.375
173,2023-07-25,20000.0,18193.599609375
173,2023-07-27,12000.0,16941.814453125
173,2023-07-28,11000.0,30737.8359375
173,2023-08-03,12000.0,18209.4140625
173,2023-08-04,11000.0,30735.595703125
173,2023-08-04,30000.0,18209.578125
173,2023-09-01,10500.0,18502.4140625
173,2023-09-05,20000.0,18054.57421875
173,2023-09-07,12000.0,16899.625
173,2023-09-08,10500.0,31192.369140625
173,2023-09-12,20000.0,17978.16796875
173,2023-09-14,12000.0,16879.443359375
173,2023-09-15,10500.0,31368.9296875
173,2023-09-19,20000.0,17887.58984375
173,2023-09-21,12000.0,16860.76953125
173,2023-09-22,10000.0,31568.009765625
173,2023-09-26,20000.0,17785.9609375
173,2023-09-28,12000.0,16851.021484375
173,2023-09-29,10500.0,31786.314453125
173,2023-10-03,25000.0,17680.654296875
173,2023-10-05,12000.0,16875.92578125
173,2023-10-06,10500.0,32025.296875
174,2021-07-16,15000.0,18057.037109375
174,2021-07-23,12000.0,18099.77734375
174,2021-07-30,12000.0,18126.9765625
174,2021-08-06,12000.0,18138.43359375
174,2021-08-13,12000.0,18134.04296875
174,2021-08-20,12000.0,18113.828125
174,2021-08-27,11000.0,18077.98046875
174,2021-09-10,13000.0,18026.66796875
174,2021-09-17,13000.0,17879.05078125
174,2021-09-24,13000.0,17786.21484375
174,2021-10-01,13000.0,17688.201171875
174,2021-10-08,13000.0,17578.912109375
174,2021-10-15,13000.0,17459.4375
174,2021-10-22,13000.0,17341.21484375
174,2021-10-29,13000.0,17227.111328125
174,2021-11-05,13000.0,17130.412109375
174,2021-11-12,13000.0,17063.486328125
174,2021-12-31,15000.0,17025.5078125
174,2022-01-06,14000.0,16888.470703125
174,2022-01-13,14000.0,16876.79296875
174,2022-01-20,13000.0,16866.04296875
174,2022-01-27,13000.0,16859.1015625
174,2022-02-10,13000.0,16856.4296875
174,2022-02-17,13000.0,16859.51171875
174,2022-02-24,13000.0,16867.037109375
174,2022-03-03,13000.0,16878.0859375
174,2022-03-10,13000.0,16892.107421875
174,2022-03-17,13000.0,16908.59765625
174,2022-03-24,13000.0,16926.982421875
174,2022-03-31,13000.0,16946.70703125
174,2022-04-08,13000.0,16967.12890625
174,2022-04-15,13000.0,16990.57421875
174,2022-04-22,13000.0,17010.56640625
174,2022-04-29,13000.0,17039.89453125
174,2022-05-06,12000.0,17086.984375
174,2022-05-13,12000.0,17170.353515625
174,2022-05-20,12000.0,17273.513671875
174,2022-05-27,12000.0,17387.2421875
174,2022-06-03,11000.0,17511.1875
174,2022-06-10,11000.0,17627.234375
174,2022-06-17,12000.0,17731.33984375
174,2022-06-24,12000.0,17825.32421875
174,2022-07-01,12000.0,17914.5859375
174,2022-07-08,12000.0,17989.52734375
174,2022-07-15,12000.0,18049.693359375
174,2022-07-22,12000.0,18094.62109375
174,2022-07-29,12000.0,18124.0703125
174,2022-08-05,12000.0,18137.78125
174,2022-08-12,12000.0,18135.650390625
174,2022-08-19,12000.0,18117.705078125
174,2022-08-26,12000.0,18084.0546875
174,2022-09-02,12000.0,18034.935546875
174,2023-03-03,55000.0,17970.59765625
174,2023-03-17,53500.0,16892.107421875
174,2023-03-24,57500.0,16926.982421875
174,2023-03-31,57500.0,16946.70703125
174,2023-04-07,57500.0,16967.12890625
174,2023-04-21,57500.0,16987.66796875
174,2023-04-28,57500.0,17034.505859375
174,2023-05-05,37500.0,17078.18359375
174,2023-05-12,37500.0,17156.29296875
174,2023-05-19,37500.0,17256.810546875
174,2023-06-02,37500.0,17371.34765625
174,2023-06-09,37500.0,17611.3125
174,2023-06-16,37500.0,17717.271484375
174,2023-06-23,37500.0,17811.5078125
174,2023-06-30,37500.0,17902.658203125
174,2023-07-07,38500.0,17979.72265625
174,2023-07-14,38000.0,18042.0234375
174,2023-07-21,38000.0,18089.13671875
174,2023-07-28,38000.0,18120.8125
174,2023-08-04,38000.0,18136.775390625
174,2023-09-01,36000.0,18136.921875
174,2023-09-08,36000.0,17980.75
174,2023-09-15,35000.0,17903.6796875
174,2023-09-22,35000.0,17812.48828125
174,2023-09-29,35000.0,17717.384765625
174,2023-10-06,35500.0,17611.236328125
175,2021-09-27,4000.0,30791.666015625
175,2021-10-04,4000.0,31008.259765625
175,2021-10-05,12000.0,31241.486328125
175,2021-10-07,12000.0,22228.046875
175,2021-10-11,18000.0,22289.43359375
175,2021-10-11,12000.0,31491.7890625
175,2021-10-12,12000.0,22414.49609375
175,2021-10-14,12000.0,22446.18359375
175,2021-10-18,12000.0,22509.978515625
175,2021-10-18,15000.0,22639.482421875
175,2021-10-19,12000.0,31754.107421875
175,2021-10-21,15000.0,22672.2421875
175,2021-10-25,15000.0,22738.1484375
175,2021-10-25,15000.0,22871.150390625
175,2021-10-26,15000.0,32020.39453125
175,2021-10-28,15000.0,22904.578125
175,2021-11-01,15000.0,22971.85546875
175,2021-11-01,15000.0,23109.1015625
175,2021-11-02,15000.0,32286.32421875
175,2021-11-04,18000.0,23143.392578125
175,2021-11-08,18000.0,23211.94140625
175,2021-11-08,14000.0,23348.41015625
175,2021-11-09,18000.0,32547.796875
175,2021-11-11,18000.0,23382.32421875
175,2021-11-15,18000.0,23449.875
175,2021-11-15,14000.0,23583.595703125
175,2021-11-16,18000.0,32803.9453125
175,2021-11-18,18000.0,23616.650390625
175,2021-11-22,15000.0,23682.03515625
175,2021-11-22,18000.0,33047.6796875
175,2021-11-23,18000.0,23810.70703125
175,2021-11-25,18000.0,23842.365234375
175,2021-11-29,18000.0,23904.84765625
175,2021-11-29,14000.0,24026.82421875
175,2021-11-30,18000.0,33274.83203125
175,2021-12-02,18000.0,24056.625
175,2021-12-06,18000.0,24115.40625
175,2021-12-06,14000.0,24229.06640625
175,2021-12-07,18000.0,33485.98046875
175,2021-12-09,18000.0,24256.53515625
175,2021-12-13,18000.0,24310.22265625
175,2021-12-13,15000.0,24412.603515625
175,2021-12-14,18000.0,33676.48046875
175,2021-12-16,18000.0,24437.2578125
175,2021-12-20,18000.0,24485.408203125
175,2021-12-20,15000.0,24578.2734375
175,2021-12-21,18000.0,33844.94921875
175,2021-12-23,18000.0,24600.3359375
175,2021-12-27,15000.0,24643.0703125
175,2021-12-27,12000.0,24722.708984375
175,2021-12-28,15000.0,33989.30859375
175,2021-12-30,15000.0,24741.796875
175,2022-01-06,10000.0,24778.3203125
175,2022-01-13,10000.0,34150.66796875
175,2022-01-20,10000.0,34230.59375
175,2022-01-27,9000.0,34282.484375
175,2022-02-10,9000.0,34305.51171875
175,2022-02-17,10000.0,34264.5703125
175,2022-02-24,12000.0,34201.09765625
175,2022-03-03,8000.0,34109.96875
175,2022-03-10,8000.0,33992.015625
175,2022-03-17,5000.0,33848.26171875
175,2022-03-24,5000.0,33680.65234375
175,2022-03-31,5000.0,33490.6953125
175,2022-04-07,6000.0,33280.5546875
175,2022-04-14,5000.0,33056.28515625
175,2022-04-21,4000.0,32816.45703125
175,2022-04-28,6000.0,32564.02734375
175,2023-04-27,5000.0,32304.2890625
175,2023-05-04,5000.0,32341.859375
175,2023-05-11,5000.0,32077.7734375
175,2023-05-18,5000.0,31814.3359375
175,2023-05-25,5000.0,31557.939453125
175,2023-06-01,5000.0,31309.697265625
175,2023-06-08,5000.0,31073.955078125
175,2023-06-15,5000.0,30853.8125
175,2023-06-22,5000.0,30652.033203125
175,2023-06-29,5000.0,30472.73828125
175,2023-07-06,4000.0,30320.17578125
175,2023-07-13,4000.0,30195.03515625
175,2023-07-20,4000.0,30098.54296875
175,2023-07-27,4000.0,30032.58984375
175,2023-09-07,4000.0,29998.123046875
175,2023-09-21,5000.0,30447.9921875
175,2023-09-28,4000.0,30821.55078125
175,2023-10-05,4000.0,31040.578125
176,2022-06-15,52500.0,31539.09375
176,2022-06-20,40000.0,31485.03515625
176,2022-06-22,40000.0,31357.712890625
176,2022-06-27,40000.0,31309.99609375
176,2022-06-29,35000.0,31199.60546875
176,2022-07-04,40000.0,31159.22265625
176,2022-07-06,35000.0,31067.86328125
176,2022-07-11,32500.0,31035.23828125
176,2022-07-13,32500.0,30964.30078125
176,2022-07-18,21000.0,30940.166015625
176,2022-07-20,21000.0,30890.5234375
176,2022-07-25,21000.0,30874.765625
176,2022-07-27,21000.0,30847.166015625
176,2022-08-01,21000.0,30840.72265625
176,2022-08-03,21000.0,30835.951171875
176,2022-08-08,21000.0,30838.5703125
176,2022-08-10,21000.0,30856.451171875
176,2022-08-15,21000.0,30868.10546875
176,2022-08-17,21000.0,30908.26171875
176,2022-08-22,27500.0,30928.751953125
176,2022-08-24,27500.0,30991.15234375
176,2022-08-29,27500.0,31020.31640625
176,2022-08-31,27500.0,31103.787109375
176,2022-09-05,27500.0,31141.17578125
176,2022-09-07,20000.0,31244.41796875
176,2022-09-12,17500.0,31289.41796875
176,2022-09-14,17500.0,31410.8828125
176,2022-09-19,17500.0,31462.794921875
176,2022-09-21,17500.0,31600.3515625
176,2022-09-26,42000.0,31658.08984375
176,2022-10-12,42000.0,31809.375
176,2022-10-17,42000.0,32352.44140625
176,2022-10-19,42000.0,32531.494140625
176,2022-10-24,42000.0,32603.720703125
176,2022-10-26,42000.0,32785.8984375
176,2022-11-02,42000.0,32858.62890625
176,2022-11-07,42000.0,33111.19140625
176,2022-11-09,42000.0,33288.83984375
176,2022-11-14,42000.0,33359.58984375
176,2022-11-16,42000.0,33533.93359375
176,2022-11-21,42000.0,33602.21875
176,2022-11-23,42000.0,33767.80859375
176,2022-11-28,42000.0,33832.3359375
176,2022-11-30,42000.0,33988.58203125
176,2022-12-05,42000.0,34048.78515625
176,2022-12-07,42000.0,34192.8046875
176,2022-12-12,42000.0,34247.88671875
176,2022-12-14,42000.0,34378.7265625
176,2022-12-19,42000.0,34428.30859375
176,2022-12-21,42000.0,34544.2734375
176,2023-01-04,42000.0,34587.5390625
176,2023-01-11,42000.0,34835.43359375
176,2023-01-18,45000.0,34920.26171875
176,2023-01-25,45000.0,34977.58203125
176,2023-02-01,32500.0,35007.40234375
176,2023-02-08,32500.0,35009.43359375
176,2023-02-15,32500.0,34983.66015625
176,2023-02-22,32500.0,34930.43359375
176,2023-03-01,32500.0,34849.60546875
176,2023-03-08,32500.0,34742.04296875
176,2023-03-16,32500.0,34609.65234375
176,2023-03-23,32500.0,34430.2890625
176,2023-03-29,32500.0,34250.80078125
176,2023-03-30,32500.0,34082.05859375
176,2023-04-06,32500.0,34052.49609375
176,2023-04-27,30000.0,33837.08984375
176,2023-05-04,30000.0,33124.12890625
176,2023-05-11,30000.0,32871.9921875
176,2023-05-18,30000.0,32617.39453125
176,2023-05-25,30000.0,32366.162109375
176,2023-06-01,30000.0,32125.3203125
176,2023-06-08,30000.0,31896.63671875
176,2023-06-15,37500.0,31681.546875
176,2023-06-22,36000.0,31485.03515625
176,2023-06-29,30000.0,31309.99609375
176,2023-07-06,30000.0,31159.22265625
176,2023-07-13,30000.0,31035.23828125
176,2023-07-20,30000.0,30940.166015625
176,2023-07-27,30000.0,30874.765625
176,2023-08-03,30000.0,30840.72265625
176,2023-09-07,18000.0,30838.5703125
176,2023-09-14,18000.0,31289.41796875
176,2023-09-21,18000.0,31462.794921875
176,2023-09-28,18000.0,31658.08984375
176,2023-10-05,18000.0,31872.828125
177,2022-07-20,9000.0,18682.150390625
177,2022-07-27,9000.0,18712.1171875
177,2022-08-03,10000.0,18728.3046875
177,2022-08-10,10000.0,18730.5859375
177,2022-08-17,10000.0,18718.990234375
177,2022-08-24,10000.0,21101.6953125
177,2022-08-31,10000.0,21183.615234375
177,2022-09-07,10000.0,21291.642578125
177,2022-09-14,10000.0,21424.404296875
177,2022-09-21,9000.0,21579.46484375
177,2022-10-12,7000.0,21755.12109375
177,2022-10-19,7000.0,22376.2890625
177,2022-10-26,7000.0,22605.3828125
177,2022-11-02,10000.0,22840.99609375
177,2022-11-09,10000.0,23082.08984375
177,2022-11-16,10000.0,23324.6015625
177,2022-11-23,8000.0,23562.453125
177,2022-11-30,8000.0,23791.576171875
177,2022-12-07,8000.0,24009.125
177,2022-12-14,7000.0,17108.666015625
177,2022-12-21,7000.0,17065.728515625
177,2023-01-04,7000.0,17039.74609375
177,2023-01-11,8000.0,17012.9375
177,2023-01-18,8000.0,17004.7578125
177,2023-01-25,8000.0,16998.8359375
177,2023-02-01,8000.0,16995.423828125
177,2023-02-08,9000.0,16994.65625
177,2023-02-15,8000.0,16996.55859375
177,2023-02-22,7000.0,17001.044921875
177,2023-03-01,7000.0,17007.91015625
177,2023-03-08,7000.0,17016.849609375
177,2023-03-15,7000.0,17027.65234375
177,2023-03-22,7000.0,17052.033203125
177,2023-03-28,7000.0,17085.17578125
177,2023-04-05,7000.0,17133.896484375
177,2023-04-26,8000.0,17228.4453125
177,2023-05-03,8000.0,17584.79296875
177,2023-05-10,8000.0,17714.197265625
177,2023-05-17,7000.0,17841.4609375
177,2023-05-24,7000.0,17973.521484375
177,2023-05-31,8000.0,18098.45703125
177,2023-06-07,8500.0,18214.78515625
177,2023-06-14,8000.0,18321.3984375
177,2023-06-21,8000.0,18417.080078125
177,2023-06-28,7000.0,18501.04296875
177,2023-07-05,7000.0,18572.595703125
177,2023-07-12,7000.0,18631.29296875
177,2023-07-19,7000.0,18676.763671875
177,2023-07-26,7000.0,18708.666015625
177,2023-08-02,7000.0,18726.828125
177,2023-09-06,8000.0,18731.12890625
177,2023-09-13,8000.0,18545.953125
177,2023-09-20,10000.0,18469.1328125
177,2023-09-27,10000.0,18380.087890625
177,2023-10-04,10000.0,18279.48046875
178,2022-05-23,20000.0,31610.453125
178,2022-05-23,18000.0,22521.46875
178,2022-05-25,15000.0,31470.66015625
178,2022-05-26,17000.0,22259.251953125
178,2022-05-26,20000.0,31368.236328125
178,2022-05-30,20000.0,22431.59765625
178,2022-06-01,15000.0,22315.236328125
178,2022-06-02,20000.0,22051.529296875
178,2022-06-06,20000.0,22230.525390625
178,2022-06-08,15000.0,22121.376953125
178,2022-06-09,18000.0,21857.28125
178,2022-06-09,20000.0,30925.416015625
178,2022-06-13,18000.0,22042.87890625
178,2022-06-13,20000.0,30812.271484375
178,2022-06-15,15000.0,21943.171875
178,2022-06-16,18000.0,18360.259765625
178,2022-06-16,20000.0,30731.85546875
178,2022-06-20,20000.0,21872.49609375
178,2022-06-20,18000.0,21784.142578125
178,2022-06-22,20000.0,30630.25
178,2022-06-23,18000.0,18443.1953125
178,2022-06-27,20000.0,30559.16015625
178,2022-06-27,18000.0,21646.234375
178,2022-06-29,15000.0,30471.525390625
178,2022-06-30,18000.0,18513.533203125
178,2022-07-04,20000.0,30411.4375
178,2022-07-04,18000.0,21530.86328125
178,2022-07-06,15000.0,30339.0
178,2022-07-07,18000.0,18570.89453125
178,2022-07-11,18000.0,30291.546875
178,2022-07-11,25000.0,30236.486328125
178,2022-07-13,15000.0,21439.48046875
178,2022-07-14,18000.0,18614.771484375
178,2022-07-14,25000.0,30201.283203125
178,2022-07-18,18000.0,21408.16796875
178,2022-07-18,25000.0,30163.01953125
178,2022-07-20,15000.0,21374.2265625
178,2022-07-21,25000.0,18645.01953125
178,2022-07-21,18000.0,21354.609375
178,2022-07-25,25000.0,30140.91015625
178,2022-07-25,18000.0,21336.310546875
178,2022-07-27,20000.0,30120.2421875
178,2022-07-28,25000.0,18661.3359375
178,2022-07-28,18000.0,21328.619140625
178,2022-08-01,25000.0,30111.564453125
178,2022-08-01,18000.0,21326.375
178,2022-08-03,15000.0,30108.908203125
178,2022-08-04,25000.0,18663.640625
178,2022-08-04,18000.0,21330.6796875
178,2022-08-08,25000.0,30113.74609375
178,2022-08-08,17000.0,21344.39453125
178,2022-08-10,15000.0,30129.1171875
178,2022-08-11,18000.0,18651.8984375
178,2022-08-11,25000.0,30147.353515625
178,2022-08-15,25000.0,21360.640625
178,2022-08-15,18000.0,21390.267578125
178,2022-08-17,20000.0,30180.578125
178,2022-08-18,25000.0,21181.4921875
178,2022-08-18,17000.0,21418.3125
178,2022-08-22,25000.0,30211.96484375
178,2022-08-22,17000.0,21463.220703125
178,2022-08-24,15000.0,30262.248046875
178,2022-08-25,17000.0,21262.890625
178,2022-08-25,25000.0,30306.2109375
178,2022-08-29,18000.0,21502.5703125
178,2022-08-29,25000.0,30372.896484375
178,2022-08-31,15000.0,21562.16015625
178,2022-09-01,25000.0,21370.45703125
178,2022-09-01,17000.0,21612.154296875
178,2022-09-05,25000.0,30428.7421875
178,2022-09-05,18000.0,21685.859375
178,2022-09-07,12000.0,30511.57421875
178,2022-09-08,25000.0,21502.16015625
178,2022-09-08,18000.0,21745.7265625
178,2022-09-12,25000.0,30579.6171875
178,2022-09-12,16000.0,21831.94140625
178,2022-09-14,20000.0,30677.25390625
178,2022-09-15,16000.0,21656.453125
178,2022-09-15,25000.0,30755.46484375
178,2022-09-19,30000.0,21901.146484375
178,2022-09-19,18000.0,21999.30859375
178,2022-09-21,12000.0,30866.76953125
178,2022-09-22,25000.0,21831.32421875
178,2022-09-22,18000.0,22076.830078125
178,2022-09-26,30000.0,30954.29296875
178,2022-09-28,16000.0,22184.923828125
178,2022-10-06,30000.0,31139.55078125
178,2022-10-06,16000.0,22473.330078125
178,2022-10-10,30000.0,31404.947265625
178,2022-10-10,16000.0,22595.21484375
178,2022-10-12,20000.0,31547.064453125
178,2022-10-13,18000.0,22448.828125
178,2022-10-13,35000.0,31655.95703125
178,2022-10-17,18000.0,22688.80078125
178,2022-10-17,35000.0,31803.39453125
178,2022-10-19,19000.0,22816.1640625
178,2022-10-20,16000.0,22677.00390625
178,2022-10-20,35000.0,31914.62109375
178,2022-10-24,16000.0,22913.2109375
178,2022-10-26,15000.0,32063.78125
178,2022-10-27,16000.0,22911.677734375
178,2022-10-31,35000.0,32175.6484375
178,2022-11-02,25000.0,23282.1171875
178,2022-11-07,18000.0,23153.05859375
178,2022-11-09,25000.0,32581.40625
178,2022-11-14,17000.0,23394.41015625
178,2022-11-16,25000.0,32833.89453125
178,2022-11-17,30000.0,23630.81640625
178,2022-11-17,17000.0,23847.7890625
178,2022-11-21,16000.0,32938.49609375
178,2022-11-23,20000.0,33073.08984375
178,2022-11-24,30000.0,23858.85546875
178,2022-11-24,16000.0,24068.71484375
178,2022-11-28,17000.0,33171.15625
178,2022-11-30,20000.0,33298.015625
178,2022-12-01,18000.0,24074.79296875
178,2022-12-01,35000.0,33389.99609375
178,2022-12-07,25000.0,24277.87890625
178,2022-12-14,25000.0,17077.203125
178,2022-12-21,20000.0,17046.74609375
178,2023-01-04,15000.0,17025.05078125
178,2023-01-11,15000.0,17002.46875
178,2023-01-18,15000.0,16993.99609375
178,2023-01-25,25000.0,16987.8671875
178,2023-02-01,25000.0,16984.34765625
178,2023-02-08,20000.0,16983.560546875
178,2023-02-15,22000.0,16985.541015625
178,2023-02-22,20000.0,16990.1953125
178,2023-03-01,18000.0,16997.326171875
178,2023-03-08,20000.0,17006.619140625
178,2023-03-15,18000.0,17017.693359375
178,2023-03-22,18000.0,17032.939453125
178,2023-03-28,25000.0,17060.275390625
178,2023-04-05,25000.0,17095.90625
178,2023-04-26,22000.0,17178.375
178,2023-05-03,22000.0,17514.3671875
178,2023-05-10,25000.0,17645.359375
178,2023-05-17,20000.0,17771.6328125
178,2023-05-24,20000.0,17900.37890625
178,2023-05-31,25000.0,18026.259765625
178,2023-06-07,20000.0,18143.48828125
178,2023-06-14,25000.0,18250.900390625
178,2023-06-21,25000.0,18347.435546875
178,2023-06-28,25000.0,18432.10546875
178,2023-07-05,25000.0,18504.296875
178,2023-07-12,20000.0,18563.49609375
178,2023-07-19,25000.0,18609.345703125
178,2023-07-26,25000.0,18641.5546875
178,2023-08-02,25000.0,18659.85546875
178,2023-09-06,25000.0,18664.17578125
178,2023-09-13,25000.0,18477.22265625
178,2023-09-20,25000.0,18399.701171875
178,2023-09-27,25000.0,18309.84375
178,2023-10-04,25000.0,18208.40625
179,2021-12-01,58000.0,18189.46484375
179,2021-12-08,57000.0,18072.33984375
179,2021-12-15,58000.0,17961.08984375
179,2021-12-22,55000.0,17857.87890625
179,2021-12-29,57000.0,17771.11328125
179,2022-05-11,55000.0,17697.5703125
179,2022-05-18,53000.0,18769.42578125
179,2022-05-25,50000.0,18880.880859375
179,2022-06-01,52000.0,18985.87890625
179,2022-06-08,52000.0,19083.34375
179,2022-06-14,40000.0,19173.005859375
179,2022-06-15,50000.0,37473.64453125
179,2022-06-21,35000.0,20954.84375
179,2022-06-22,50000.0,37345.01953125
179,2022-06-28,35000.0,20990.09765625
179,2022-06-29,50000.0,37234.14453125
179,2022-07-05,30000.0,21019.90625
179,2022-07-06,53000.0,37141.80859375
179,2022-07-12,35000.0,21044.17578125
179,2022-07-13,54000.0,37070.33984375
179,2022-07-19,35000.0,21062.7421875
179,2022-07-20,55000.0,37021.3671875
179,2022-07-26,35000.0,21075.595703125
179,2022-07-27,54000.0,36995.73046875
179,2022-08-02,35000.0,21082.751953125
179,2022-08-03,53000.0,36993.8203125
179,2022-08-09,35000.0,21084.080078125
179,2022-08-10,55000.0,37015.7578125
179,2022-08-16,35000.0,21079.5625
179,2022-08-17,55000.0,37061.19921875
179,2022-08-23,35000.0,33992.15625
179,2022-08-24,65000.0,37129.33984375
179,2022-08-30,35000.0,34074.75390625
179,2022-08-31,67000.0,37219.05078125
179,2022-09-06,35000.0,34182.62890625
179,2022-09-07,65000.0,37328.91796875
179,2022-09-13,35000.0,34313.65625
179,2022-09-14,63000.0,37457.02734375
179,2022-09-20,35000.0,34465.16015625
179,2022-09-21,65000.0,37599.01953125
179,2022-09-28,35000.0,34633.96484375
179,2022-10-11,35000.0,37774.8671875
179,2022-10-12,65000.0,38088.00390625
179,2022-10-18,35000.0,35221.96875
179,2022-10-19,70000.0,38262.015625
179,2022-10-25,35000.0,35430.22265625
179,2022-10-26,72000.0,38436.73046875
179,2022-11-01,35000.0,35643.10546875
179,2022-11-02,75000.0,38610.01953125
179,2022-11-08,65000.0,35856.0859375
179,2022-11-09,73000.0,38780.21484375
179,2022-11-15,60000.0,36064.62890625
179,2022-11-16,73000.0,38945.16796875
179,2022-11-22,60000.0,36267.26171875
179,2022-11-23,65000.0,39101.9375
179,2022-11-29,65000.0,36461.34765625
179,2022-11-30,63000.0,39247.68359375
179,2022-12-06,60000.0,36644.08203125
179,2022-12-07,65000.0,39382.1796875
179,2022-12-13,65000.0,17976.51171875
179,2022-12-14,70000.0,39503.11328125
179,2022-12-20,65000.0,17872.07421875
179,2022-12-21,75000.0,39609.3671875
179,2023-01-03,65000.0,17782.529296875
179,2023-01-04,80000.0,39774.02734375
179,2023-01-10,65000.0,17644.333984375
179,2023-01-17,80000.0,39830.76171875
179,2023-01-18,90000.0,39869.54296875
179,2023-01-24,80000.0,17559.87890625
179,2023-01-25,85000.0,39889.77734375
179,2023-01-31,65000.0,17540.447265625
179,2023-02-01,80000.0,39891.30078125
179,2023-02-08,85000.0,17536.810546875
179,2023-02-14,65000.0,17549.123046875
179,2023-02-15,80000.0,39838.4609375
179,2023-02-21,100000.0,17577.115234375
179,2023-02-22,75000.0,39784.73046875
179,2023-02-28,70000.0,17620.056640625
179,2023-03-01,70000.0,39713.6015625
179,2023-03-07,80000.0,17676.998046875
179,2023-03-08,75000.0,39625.97265625
179,2023-03-14,80000.0,17746.67578125
179,2023-03-15,73000.0,39522.53125
179,2023-03-21,80000.0,17827.564453125
179,2023-03-22,75000.0,39404.08984375
179,2023-03-28,80000.0,17927.380859375
179,2023-04-04,80000.0,39272.09765625
179,2023-04-05,77000.0,39128.60546875
179,2023-04-25,80000.0,18151.1953125
179,2023-04-26,77000.0,38641.80859375
179,2023-05-02,80000.0,18514.98828125
179,2023-05-03,80000.0,38469.78515625
179,2023-05-09,60000.0,18635.76171875
179,2023-05-10,85000.0,38296.78125
179,2023-05-16,63000.0,18753.01171875
179,2023-05-17,70000.0,38124.67578125
179,2023-05-24,75000.0,18865.34375
179,2023-05-30,80000.0,18971.3359375
179,2023-05-31,76000.0,37791.375
179,2023-06-06,60000.0,19069.822265625
179,2023-06-07,77000.0,37636.98046875
179,2023-06-13,55000.0,19160.755859375
179,2023-06-14,77000.0,37493.265625
179,2023-06-20,60000.0,19242.30859375
179,2023-06-21,67000.0,37362.36328125
179,2023-06-27,60000.0,19313.83203125
179,2023-06-28,65000.0,37248.828125
179,2023-07-04,60000.0,19374.796875
179,2023-07-05,60000.0,37153.78515625
179,2023-07-11,60000.0,19424.8203125
179,2023-07-12,60000.0,37079.17578125
179,2023-07-18,55000.0,19463.58984375
179,2023-07-19,58000.0,37026.9765625
179,2023-07-25,55000.0,19490.830078125
179,2023-07-26,58000.0,36997.91015625
179,2023-08-02,63000.0,19506.375
179,2023-09-05,68000.0,19510.197265625
179,2023-09-06,75000.0,37312.06640625
179,2023-09-12,70000.0,19354.328125
179,2023-09-13,75000.0,37437.6875
179,2023-09-19,70000.0,19289.36328125
179,2023-09-20,75000.0,37578.03515625
179,2023-09-26,68000.0,19213.99609375
179,2023-09-27,75000.0,37729.421875
179,2023-10-03,68000.0,19128.6875
179,2023-10-04,75000.0,37893.1015625
180,2023-01-10,10000.0,39755.2578125
180,2023-01-10,12000.0,19436.234375
180,2023-01-17,7000.0,39811.77734375
180,2023-01-17,12000.0,19497.44921875
180,2023-01-24,7000.0,39850.33984375
180,2023-01-24,11000.0,19532.80078125
180,2023-01-31,8000.0,39870.5
180,2023-01-31,12000.0,19541.732421875
180,2023-02-07,12000.0,39872.04296875
180,2023-02-07,8000.0,39854.9609375
180,2023-02-14,7000.0,19524.125
180,2023-02-14,12000.0,19480.248046875
180,2023-02-21,6000.0,39819.44140625
180,2023-02-21,12000.0,19410.912109375
180,2023-02-28,7000.0,39765.97265625
180,2023-02-28,12000.0,19317.212890625
180,2023-03-07,8000.0,39695.1796875
180,2023-03-07,12000.0,19200.7578125
180,2023-03-14,12000.0,39607.94140625
180,2023-03-14,9000.0,39504.87109375
180,2023-03-21,12000.0,19063.63671875
180,2023-03-21,10000.0,39386.87109375
180,2023-03-28,9000.0,18908.423828125
180,2023-03-28,10000.0,18739.8828125
180,2023-04-04,10000.0,39255.49609375
180,2023-04-04,12000.0,18560.125
180,2023-04-25,11000.0,39112.48828125
180,2023-04-25,12000.0,17993.791015625
180,2023-05-02,11000.0,38627.9296875
180,2023-05-02,12000.0,17814.265625
180,2023-05-09,12000.0,38456.77734375
180,2023-05-09,12000.0,17651.552734375
180,2023-05-16,12000.0,38284.6484375
180,2023-05-16,12000.0,17495.2578125
180,2023-05-23,11000.0,38113.046875
180,2023-05-23,12000.0,17347.42578125
180,2023-05-30,11000.0,37944.79296875
180,2023-05-30,12000.0,17214.150390625
180,2023-06-06,12000.0,37781.296875
180,2023-06-06,11000.0,37627.69921875
180,2023-06-13,12000.0,17093.79296875
180,2023-06-13,10000.0,37484.64453125
180,2023-06-20,8000.0,16996.162109375
180,2023-06-20,12000.0,16927.568359375
180,2023-06-27,6500.0,37354.39453125
180,2023-06-27,11500.0,16882.5234375
180,2023-07-04,8000.0,37241.43359375
180,2023-07-04,12000.0,16858.796875
180,2023-07-11,10000.0,37146.7890625
180,2023-07-11,12000.0,16850.95703125
180,2023-07-18,9000.0,37072.56640625
180,2023-07-18,12000.0,16849.708984375
180,2023-07-25,10000.0,37020.64453125
180,2023-07-25,12000.0,16851.470703125
180,2023-08-01,8000.0,36991.7578125
180,2023-08-01,12000.0,16852.33203125
180,2023-09-05,8000.0,36986.47265625
180,2023-09-05,12000.0,16888.73828125
180,2023-09-12,8000.0,37304.22265625
180,2023-09-12,12000.0,16937.244140625
180,2023-09-19,8000.0,37429.19921875
180,2023-09-19,12000.0,17010.150390625
180,2023-09-26,7000.0,37568.9453125
180,2023-09-26,12000.0,17111.6796875
180,2023-10-03,10000.0,37719.57421875
180,2023-10-03,11000.0,17234.8671875
181,2022-08-23,5300.0,37048.2578125
181,2022-08-30,5400.0,37115.68359375
181,2022-09-06,5400.0,37204.44140625
181,2022-09-13,5400.0,37313.15234375
181,2022-09-20,5300.0,37439.94140625
181,2022-09-28,5300.0,37580.72265625
181,2022-10-11,5300.0,37755.09375
181,2022-10-18,5300.0,38065.26953125
181,2022-10-25,5300.0,38237.94140625
181,2022-11-01,5300.0,38410.89453125
181,2022-11-08,64000.0,38582.61328125
181,2022-11-15,64000.0,38751.2109375
181,2022-11-22,64000.0,38914.64453125
181,2022-11-29,64000.0,39070.1953125
181,2023-01-03,64000.0,39214.81640625
181,2023-01-10,64000.0,39736.75390625
181,2023-01-17,64000.0,39792.99609375
181,2023-01-24,64000.0,39831.34375
181,2023-01-31,64000.0,39851.41015625
181,2023-02-07,65000.0,39852.95703125
181,2023-02-14,64000.0,39835.98046875
181,2023-02-21,64000.0,39800.640625
181,2023-02-28,64000.0,39747.41015625
181,2023-03-07,64000.0,39676.92578125
181,2023-03-14,64000.0,39590.08203125
181,2023-03-21,64000.0,39487.4453125
181,2023-03-28,64000.0,39369.82421875
181,2023-04-04,64000.0,39239.09375
181,2023-04-25,64000.0,39096.53125
181,2023-05-02,64000.0,38614.19921875
181,2023-05-09,65000.0,38443.90625
181,2023-05-16,65000.0,38272.62890625
181,2023-05-23,65000.0,38101.53125
181,2023-05-30,64000.0,37933.98046875
181,2023-06-06,65000.0,37771.40625
181,2023-06-13,80000.0,37618.5546875
181,2023-06-20,75000.0,37476.078125
181,2023-06-27,75000.0,37346.484375
181,2023-07-04,72000.0,37234.14453125
181,2023-07-11,72000.0,37139.890625
181,2023-07-18,6000.0,37066.0859375
181,2023-07-25,73000.0,37014.40625
181,2023-09-05,75000.0,36985.62109375
181,2023-09-12,74000.0,37296.52734375
181,2023-09-19,74000.0,37420.8046875
181,2023-09-26,75000.0,37559.9296875
181,2023-10-03,75000.0,37709.875
182,2022-08-23,35000.0,37041.9140625
182,2022-08-30,35000.0,37108.953125
182,2022-09-06,35000.0,37197.2109375
182,2022-09-13,35000.0,37305.41796875
182,2022-09-20,35000.0,37431.5390625
182,2022-09-28,35000.0,37571.66796875
182,2022-10-11,35000.0,37745.33203125
182,2022-10-18,35000.0,38054.078125
182,2022-10-25,35000.0,38226.03515625
182,2022-11-01,35000.0,38398.15234375
182,2022-11-08,5200.0,38569.13671875
182,2022-11-15,5200.0,38736.94921875
182,2022-11-22,5300.0,38899.58984375
182,2022-11-29,5200.0,39054.46875
182,2022-12-06,5200.0,39198.62890625
182,2022-12-13,5200.0,39331.19921875
182,2022-12-20,5200.0,39450.828125
182,2023-01-03,5200.0,39555.95703125
182,2023-01-10,5200.0,39718.35546875
182,2023-01-17,5200.0,39774.34765625
182,2023-01-24,5200.0,39812.55078125
182,2023-01-31,5200.0,39832.53125
182,2023-02-07,5300.0,39834.07421875
182,2023-02-14,5200.0,39817.17578125
182,2023-02-21,5200.0,39781.9765625
182,2023-02-28,5200.0,39728.98828125
182,2023-03-07,5200.0,39658.87109375
182,2023-03-14,5200.0,39572.44140625
182,2023-03-21,5200.0,39470.1484375
182,2023-03-28,5200.0,39352.96875
182,2023-04-04,5200.0,39222.84765625
182,2023-04-25,5200.0,39080.75390625
182,2023-05-02,5200.0,38600.68359375
182,2023-05-09,5200.0,38431.16796875
182,2023-05-16,5200.0,38260.76953125
182,2023-05-23,5200.0,38090.15625
182,2023-05-30,5200.0,37923.33984375
182,2023-06-06,5300.0,37761.54296875
182,2023-06-13,6000.0,37609.4296875
182,2023-06-20,6000.0,37467.6015625
182,2023-06-27,6000.0,37338.6640625
182,2023-07-04,5900.0,37226.88671875
182,2023-07-11,5900.0,37133.04296875
182,2023-07-18,30000.0,37059.6171875
182,2023-07-25,6000.0,37008.1796875
182,2023-09-05,6100.0,36979.60546875
182,2023-09-12,6400.0,37288.83203125
182,2023-09-19,6400.0,37412.49609375
182,2023-09-26,6100.0,37550.95703125
182,2023-10-03,6100.0,37700.25
183,2022-07-12,8000.0,18836.9765625
183,2022-07-19,8000.0,18756.76953125
183,2022-07-26,8000.0,18700.4921875
183,2022-08-02,8000.0,18668.669921875
183,2022-08-09,7000.0,18661.9921875
183,2022-08-16,8000.0,18680.173828125
183,2022-08-23,10000.0,35297.83203125
183,2022-08-30,8000.0,35369.79296875
183,2022-09-06,7000.0,35463.81640625
183,2022-09-13,8000.0,35579.08203125
183,2022-09-20,10000.0,35713.43359375
183,2022-09-30,10000.0,35864.8515625
183,2022-10-11,14000.0,36105.33203125
183,2022-10-18,14000.0,36394.97265625
183,2022-10-25,15000.0,36589.74609375
183,2022-11-01,15000.0,36787.9453125
183,2022-11-08,10000.0,18099.47265625
183,2022-11-15,12000.0,18291.142578125
183,2022-11-22,10000.0,18484.59375
183,2022-11-29,10000.0,18677.5234375
183,2022-12-06,10000.0,18865.40625
183,2022-12-13,12000.0,19044.1875
183,2022-12-20,12000.0,19210.189453125
183,2023-01-03,10000.0,19359.4140625
183,2023-01-10,12000.0,19597.84765625
183,2023-01-17,14000.0,19683.12890625
183,2023-01-24,14000.0,19744.0859375
183,2023-01-31,12000.0,19780.224609375
183,2023-02-07,12000.0,19789.359375
183,2023-02-14,12000.0,19770.953125
183,2023-02-21,14000.0,19725.80078125
183,2023-02-28,15000.0,19656.96875
183,2023-03-07,16000.0,19563.921875
183,2023-03-14,16000.0,19448.41796875
183,2023-03-21,16000.0,19312.365234375
183,2023-03-28,16000.0,19158.04296875
183,2023-04-04,15000.0,18987.984375
183,2023-04-25,16000.0,18806.859375
183,2023-05-02,16000.0,18230.939453125
183,2023-05-09,16000.0,18039.390625
183,2023-05-16,16000.0,17859.46875
183,2023-05-23,14000.0,17697.88671875
183,2023-05-30,14000.0,17548.466796875
183,2023-06-06,14000.0,17406.875
183,2023-06-13,14000.0,17282.26171875
183,2023-06-20,14000.0,17170.166015625
183,2023-06-27,13000.0,17075.22265625
183,2023-07-04,12000.0,17000.76953125
183,2023-07-11,10000.0,16949.09375
183,2023-07-18,10000.0,16914.240234375
183,2023-07-25,12000.0,16893.5625
183,2023-09-05,10000.0,16882.84375
183,2023-09-12,10000.0,17011.294921875
183,2023-09-19,10000.0,17088.65234375
183,2023-09-26,10000.0,17186.994140625
183,2023-10-03,13000.0,17301.521484375
184,2022-07-19,50000.0,18838.890625
184,2022-07-26,50000.0,18782.734375
184,2022-08-02,50000.0,18751.09375
184,2022-08-09,50000.0,18744.3125
184,2022-08-16,50000.0,18762.5625
184,2022-08-23,50000.0,35301.14453125
184,2022-08-30,45000.0,35372.58984375
184,2022-09-06,50000.0,35466.09765625
184,2022-09-13,50000.0,35580.76171875
184,2022-09-20,50000.0,35714.36328125
184,2022-09-30,50000.0,35864.95703125
184,2022-10-11,50000.0,36104.09765625
184,2022-10-18,50000.0,36392.34375
184,2022-10-25,55000.0,36586.10546875
184,2022-11-01,55000.0,36783.23828125
184,2022-11-08,55000.0,18177.62109375
184,2022-11-15,55000.0,18370.359375
184,2022-11-22,55000.0,18566.02734375
184,2022-11-29,55000.0,18759.63671875
184,2022-12-06,55000.0,18947.18359375
184,2022-12-13,55000.0,19126.9765625
184,2022-12-20,55000.0,19292.52734375
184,2023-01-03,55000.0,19441.359375
184,2023-01-10,55000.0,19679.0390625
184,2023-01-17,55000.0,19765.013671875
184,2023-01-24,55000.0,19827.3828125
184,2023-01-31,55000.0,19863.416015625
184,2023-02-07,55000.0,19872.15625
184,2023-02-14,55000.0,19853.71484375
184,2023-02-21,60000.0,19808.642578125
184,2023-02-28,56000.0,19737.69921875
184,2023-03-07,60000.0,19644.716796875
184,2023-03-14,55000.0,19529.5
184,2023-03-21,55000.0,19393.84375
184,2023-03-28,60000.0,19239.921875
184,2023-04-04,55000.0,19070.35546875
184,2023-06-13,60000.0,18888.45703125
184,2023-06-20,55000.0,17233.0546875
184,2023-06-27,50000.0,17134.228515625
184,2023-07-04,45000.0,17055.138671875
184,2023-07-11,50000.0,16994.142578125
184,2023-07-18,50000.0,16953.732421875
184,2023-07-25,47000.0,16928.2890625
184,2023-09-12,55000.0,16913.94140625
184,2023-09-19,55000.0,17148.78515625
184,2023-09-26,55000.0,17250.330078125
184,2023-10-03,57000.0,17364.75390625
185,2022-07-15,9000.0,21298.26171875
185,2022-07-22,13000.0,21311.9375
185,2022-07-29,13000.0,21320.96875
185,2022-08-05,13000.0,21325.322265625
185,2022-08-12,13000.0,21325.01171875
185,2022-08-19,9000.0,20033.9375
185,2022-08-26,9000.0,20013.771484375
185,2022-09-02,9000.0,19984.0859375
185,2022-09-09,8500.0,19945.12109375
185,2022-09-16,8000.0,19897.048828125
185,2022-09-23,10000.0,19840.13671875
185,2022-10-21,10000.0,19774.796875
185,2022-10-28,10000.0,19441.708984375
185,2022-11-11,10000.0,19344.501953125
185,2022-11-18,9500.0,19142.001953125
185,2022-11-25,10000.0,19039.904296875
185,2022-12-02,9500.0,18939.591796875
185,2022-12-09,9500.0,18842.236328125
185,2022-12-16,15000.0,18749.861328125
185,2022-12-23,17000.0,18664.314453125
185,2023-02-03,15000.0,18587.341796875
185,2023-02-10,20000.0,18381.5078125
185,2023-02-17,20000.0,18396.916015625
185,2023-02-24,22000.0,18426.70703125
185,2023-03-03,22000.0,18470.125
185,2023-03-10,20000.0,18526.248046875
185,2023-03-17,23000.0,18593.79296875
185,2023-03-24,22000.0,18671.41796875
185,2023-03-31,23000.0,18757.40625
185,2023-04-07,22000.0,18849.84375
185,2023-04-21,20000.0,18947.06640625
185,2023-04-28,18000.0,19149.07421875
185,2023-05-05,18000.0,19250.8671875
185,2023-05-12,18000.0,19350.76953125
185,2023-05-19,18000.0,19447.484375
185,2023-06-02,18000.0,19539.744140625
185,2023-06-09,11000.0,19706.537109375
185,2023-06-16,11000.0,19779.3828125
185,2023-06-23,8000.0,19844.0625
185,2023-06-30,8000.0,19900.283203125
185,2023-07-07,5000.0,19947.685546875
185,2023-07-14,5000.0,19986.052734375
185,2023-07-21,5000.0,20015.162109375
185,2023-07-28,6000.0,20034.783203125
185,2023-08-04,5000.0,20044.8203125
185,2023-09-01,6000.0,20045.26171875
185,2023-09-08,6000.0,19951.26171875
185,2023-09-15,3500.0,19904.4609375
185,2023-09-22,4500.0,19848.7890625
185,2023-09-29,4500.0,19784.62890625
186,2021-08-16,18000.0,21959.26953125
186,2021-08-17,18000.0,21989.9375
186,2021-08-19,18000.0,21998.88671875
186,2021-08-23,18000.0,22018.37890625
186,2021-08-24,18000.0,22063.40234375
186,2021-08-26,18000.0,22075.953125
186,2021-08-30,18000.0,22102.4921875
186,2021-08-31,18000.0,22161.466796875
186,2021-09-06,18000.0,22177.4140625
186,2021-09-07,18000.0,22281.94921875
186,2021-09-09,18000.0,22300.9375
186,2021-09-13,15000.0,22340.201171875
186,2021-09-14,15000.0,22423.74609375
186,2021-09-16,15000.0,22445.578125
186,2021-09-20,15000.0,22490.517578125
186,2021-09-21,17000.0,22584.8359375
186,2021-09-23,18000.0,22609.29296875
186,2021-09-27,17000.0,22659.33203125
186,2021-09-28,17000.0,22763.2734375
186,2021-09-30,17000.0,22790.05859375
186,2021-10-04,18000.0,22844.515625
186,2021-10-05,18000.0,22956.7734375
186,2021-10-07,18000.0,22985.9453125
186,2021-10-11,17000.0,23045.2421875
186,2021-10-12,18000.0,23166.37109375
186,2021-10-14,15000.0,23197.1640625
186,2021-10-14,18000.0,19101.4609375
186,2021-10-15,15000.0,23259.287109375
186,2021-10-18,18000.0,19130.43359375
186,2021-10-19,18000.0,23385.26171875
186,2021-10-19,16000.0,23417.09375
186,2021-10-21,18000.0,19248.03515625
186,2021-10-21,16000.0,23481.109375
186,2021-10-22,15000.0,19307.62890625
186,2021-10-25,18000.0,19337.623046875
186,2021-10-26,18000.0,23610.025390625
186,2021-10-26,18000.0,23642.2890625
186,2021-10-28,16000.0,19458.537109375
186,2021-10-28,18000.0,19519.4375
186,2021-10-29,18000.0,23707.14453125
186,2021-11-01,18000.0,19550.00390625
186,2021-11-02,18000.0,23836.98046875
186,2021-11-02,18000.0,23869.4140625
186,2021-11-05,17000.0,19672.43359375
186,2021-11-09,18000.0,19765.890625
186,2021-11-22,22000.0,19891.30859375
186,2021-11-23,22000.0,24498.751953125
186,2021-11-23,16000.0,24529.0390625
186,2021-11-25,22000.0,20323.46875
186,2021-11-29,22000.0,24589.0
186,2021-11-30,22000.0,24705.96484375
186,2021-12-06,20000.0,24734.8125
186,2021-12-07,20000.0,24903.392578125
186,2021-12-09,20000.0,24930.29296875
186,2021-12-13,20000.0,24983.05078125
186,2021-12-14,20000.0,25083.677734375
186,2021-12-16,20000.0,25107.857421875
186,2021-12-20,20000.0,25154.765625
186,2021-12-21,18000.0,25243.51953125
186,2021-12-23,18000.0,25264.62890625
186,2021-12-27,20000.0,25305.21484375
186,2021-12-28,20000.0,25380.80078125
186,2021-12-30,20000.0,25398.513671875
186,2022-04-21,15000.0,25432.466796875
186,2022-04-25,15000.0,24077.525390625
186,2022-04-28,15000.0,23948.8515625
186,2022-05-05,15000.0,23851.947265625
186,2022-05-09,15000.0,23625.5703125
186,2022-05-12,15000.0,23496.8671875
186,2022-05-16,15000.0,23401.216796875
186,2022-05-19,15000.0,23275.318359375
186,2022-09-19,20000.0,23182.49609375
186,2022-09-26,20000.0,22560.75
186,2022-10-06,20000.0,22736.8125
186,2022-10-10,20000.0,23015.5078125
186,2022-10-13,20000.0,23135.791015625
186,2022-10-17,18000.0,23228.140625
186,2022-10-20,20000.0,23353.525390625
186,2022-10-31,20000.0,23449.01953125
186,2022-11-17,18000.0,23804.5625
186,2022-11-24,18000.0,24346.90625
186,2022-12-01,18000.0,24559.13671875
186,2022-12-08,18000.0,24763.6484375
186,2022-12-19,20000.0,24956.7890625
186,2023-01-05,15000.0,25221.9765625
186,2023-01-09,15000.0,25522.26953125
186,2023-01-12,15000.0,25572.478515625
186,2023-01-16,15000.0,25604.517578125
186,2023-01-19,15000.0,25639.525390625
186,2023-01-23,15000.0,25660.080078125
186,2023-01-26,15000.0,25679.37109375
186,2023-01-30,15000.0,25687.69921875
186,2023-02-02,15000.0,25690.412109375
186,2023-02-06,15000.0,25686.16796875
186,2023-02-09,15000.0,25672.232421875
186,2023-02-13,15000.0,25655.583984375
186,2023-02-16,15000.0,25625.6328125
186,2023-02-20,15000.0,25597.36328125
186,2023-02-23,15000.0,25552.35546875
186,2023-02-27,15000.0,25513.4921875
186,2023-03-03,15000.0,25454.33984375
186,2023-03-06,15000.0,25387.275390625
186,2023-03-09,15000.0,25331.892578125
186,2023-03-27,16500.0,25272.05078125
186,2023-03-30,16500.0,24831.25
186,2023-04-03,16500.0,24746.1015625
186,2023-04-06,16500.0,24630.38671875
186,2023-04-24,15000.0,24541.41015625
186,2023-04-27,15000.0,23981.126953125
186,2023-05-04,18000.0,23884.2734375
186,2023-05-08,18000.0,23657.82421875
186,2023-05-11,16000.0,23528.98828125
186,2023-05-15,16000.0,23432.947265625
186,2023-05-18,16000.0,23306.60546875
186,2023-05-22,16000.0,23213.29296875
186,2023-05-25,12000.0,23091.35546875
186,2023-08-07,12000.0,23002.0390625
187,2023-06-26,20000.0,22380.4453125
187,2023-06-29,20000.0,22306.5625
187,2023-07-03,20000.0,22255.84765625
187,2023-07-06,20000.0,22194.421875
187,2023-07-10,20000.0,22153.21484375
187,2023-07-13,20000.0,22105.1796875
187,2023-07-17,12000.0,22074.439453125
187,2023-07-20,12000.0,22040.6640625
187,2023-07-24,12000.0,22020.890625
187,2023-07-27,13000.0,22001.890625
187,2023-07-31,13000.0,21993.265625
187,2023-08-03,13000.0,21989.306640625
187,2023-08-07,13000.0,21992.068359375
189,2023-01-04,62500.0,34705.96484375
189,2023-01-11,62500.0,34934.33984375
189,2023-01-18,62500.0,35012.1640625
189,2023-01-25,62500.0,35063.8125
189,2023-02-01,62500.0,35090.31640625
189,2023-02-08,62500.0,35091.58203125
189,2023-02-15,62500.0,35067.55078125
189,2023-02-22,62500.0,35018.40625
189,2023-03-01,60000.0,34944.171875
189,2023-03-08,52500.0,34845.5234375
189,2023-03-16,52500.0,34723.140625
189,2023-03-23,52500.0,34557.35546875
189,2023-03-29,52500.0,34391.84765625
189,2023-03-30,52500.0,34236.40234375
189,2023-04-06,52500.0,34209.36328125
189,2023-04-27,55000.0,34010.75390625
189,2023-05-04,55000.0,33351.28515625
189,2023-05-11,52500.0,33120.8046875
189,2023-05-18,53000.0,32888.58203125
189,2023-05-25,53000.0,32657.482421875
189,2023-06-01,53000.0,32435.53515625
189,2023-06-08,53000.0,32225.046875
189,2023-06-29,55000.0,32027.724609375
189,2023-07-06,55000.0,31545.7421875
189,2023-07-13,55000.0,31430.828125
189,2023-07-20,55000.0,31342.734375
189,2023-07-27,55000.0,31282.6328125
189,2023-08-03,55000.0,31251.482421875
190,2023-06-30,20000.0,18500.45703125
191,2022-03-16,25000.0,17084.283203125
191,2022-03-23,25000.0,17118.99609375
191,2022-03-30,25000.0,17176.17578125
191,2022-12-14,30000.0,17251.6953125
191,2022-12-21,30000.0,17136.248046875
191,2023-01-04,28000.0,17094.5
191,2023-01-11,29000.0,17054.57421875
191,2023-01-18,30000.0,17044.70703125
191,2023-01-25,30000.0,17039.556640625
191,2023-02-01,30000.0,17036.546875
191,2023-02-08,30000.0,17035.80859375
191,2023-02-15,30000.0,17037.359375
191,2023-02-22,33000.0,17041.1328125
191,2023-03-01,35000.0,17046.94921875
191,2023-03-08,35000.0,17062.138671875
191,2023-03-15,37000.0,17081.310546875
191,2023-03-22,36000.0,17113.2890625
191,2023-04-05,35000.0,17165.78515625
191,2023-04-26,38000.0,17333.892578125
191,2023-06-07,35000.0,17683.02734375
192,2021-11-25,22000.0,24881.337890625
192,2021-11-29,22000.0,24940.7265625
192,2021-11-30,22000.0,25056.240234375
192,2021-12-02,22000.0,25084.296875
192,2021-12-06,20000.0,25139.490234375
192,2021-12-07,20000.0,25246.15234375
192,2021-12-09,20000.0,25271.904296875
192,2021-12-13,20000.0,25322.3203125
192,2021-12-14,20000.0,25418.83203125
192,2021-12-16,20000.0,25442.0
192,2021-12-20,20000.0,25487.2578125
192,2021-12-21,20000.0,25573.234375
192,2021-12-23,20000.0,25594.01171875
192,2021-12-27,20000.0,25634.18359375
192,2021-12-28,20000.0,25710.41796875
192,2021-12-30,20000.0,25728.3515625
192,2022-10-13,25000.0,25762.6875
192,2022-10-20,25000.0,23609.92578125
192,2022-10-31,25000.0,23824.28125
192,2022-11-17,25000.0,24169.8125
192,2022-11-24,25000.0,24698.21484375
192,2022-12-01,25000.0,24911.08984375
192,2022-12-08,25000.0,25112.02734375
192,2022-12-19,30000.0,25297.255859375
192,2023-01-05,30000.0,25552.146484375
192,2023-01-09,30000.0,25853.482421875
192,2023-01-12,30000.0,25903.578125
192,2023-01-16,30000.0,25935.41015625
192,2023-01-19,30000.0,25970.02734375
192,2023-01-23,30000.0,25990.0859375
192,2023-01-26,30000.0,26008.83984375
192,2023-01-30,30000.0,26016.900390625
192,2023-02-02,25000.0,26019.51171875
192,2023-02-06,25000.0,26015.3359375
192,2023-02-09,25000.0,26001.70703125
192,2023-02-13,25000.0,25985.5
192,2023-02-16,25000.0,25955.955078125
192,2023-02-20,25000.0,25927.876953125
192,2023-02-23,25000.0,25882.763671875
192,2023-02-27,25000.0,25843.2734375
192,2023-03-03,25000.0,25783.30078125
192,2023-03-06,25000.0,25715.3125
192,2023-03-09,25000.0,25659.14453125
193,2021-12-22,27000.0,17078.1484375
193,2021-12-29,25000.0,17054.125
193,2022-01-12,22000.0,17041.15625
193,2022-01-19,20000.0,17024.587890625
193,2022-01-26,20000.0,17019.33984375
193,2022-02-09,20000.0,17016.4453125
193,2022-02-16,20000.0,17018.08203125
193,2022-02-23,18000.0,17022.53125
193,2022-03-02,18000.0,17029.16796875
193,2022-03-09,18000.0,17037.68359375
193,2022-03-16,18000.0,17048.2265625
193,2022-03-23,18000.0,17071.4765625
193,2022-03-30,18000.0,17102.517578125
193,2022-11-16,42000.0,17157.234375
193,2022-11-23,35000.0,36241.4765625
193,2022-11-30,32000.0,36421.48046875
193,2022-12-07,35000.0,36591.10546875
193,2022-12-14,26000.0,17119.609375
193,2022-12-21,25000.0,17081.77734375
193,2023-01-04,23000.0,17057.3984375
193,2023-01-11,23000.0,17033.1875
193,2023-01-18,23000.0,17025.517578125
193,2023-01-25,23000.0,17019.9453125
193,2023-02-01,22000.0,17016.70703125
193,2023-02-08,22000.0,17015.9296875
194,2021-05-06,40000.0,24144.17578125
194,2021-05-10,35000.0,24081.974609375
194,2021-05-11,35000.0,23958.35546875
194,2021-05-13,35000.0,23927.5859375
194,2021-05-17,35000.0,23866.625
194,2021-05-18,35000.0,23746.044921875
194,2021-05-20,35000.0,23716.2421875
194,2021-05-24,35000.0,23657.24609375
194,2021-05-25,35000.0,23541.40234375
194,2021-05-27,35000.0,23512.90625
194,2021-06-07,30000.0,23456.51953125
194,2021-06-08,30000.0,23165.6484375
194,2021-06-14,28000.0,23141.037109375
194,2021-06-15,28000.0,23000.48828125
194,2021-06-17,28000.0,22978.265625
194,2021-06-21,25000.0,22935.6015625
194,2021-06-22,25000.0,22855.578125
194,2021-06-28,25000.0,22836.58203125
194,2021-06-29,25000.0,22731.568359375
194,2021-07-01,25000.0,22715.630859375
194,2021-07-05,25000.0,22684.99609375
194,2021-07-06,25000.0,22629.314453125
194,2021-07-08,25000.0,22616.552734375
194,2021-07-12,25000.0,22592.505859375
194,2021-07-13,25000.0,22550.16796875
194,2021-07-15,25000.0,22540.8359375
194,2021-07-19,20000.0,22523.572265625
194,2021-07-20,20000.0,22495.24609375
194,2021-07-22,20000.0,22489.41796875
194,2021-07-26,15000.0,22479.20703125
194,2021-07-27,15000.0,22465.166015625
194,2021-07-29,15000.0,22462.91796875
194,2021-08-02,17000.0,22459.98828125
194,2021-08-03,17000.0,22460.396484375
194,2021-08-05,18000.0,22461.818359375
194,2021-08-09,15000.0,22466.19140625
194,2021-08-10,15000.0,22481.1328125
194,2021-08-12,17000.0,22486.16015625
194,2021-08-16,17000.0,22497.708984375
194,2021-08-17,17000.0,22526.9609375
194,2021-08-19,17000.0,22535.533203125
194,2021-08-23,17000.0,22554.15234375
194,2021-08-24,19000.0,22597.35546875
194,2021-08-26,17000.0,22609.33203125
194,2021-08-30,20000.0,22634.78125
194,2021-08-31,20000.0,22691.3203125
194,2021-09-06,18000.0,22706.65625
194,2021-09-07,18000.0,22807.734375
194,2021-09-09,15000.0,22826.13671875
194,2021-09-13,15000.0,22864.07421875
194,2021-09-14,17000.0,22945.02734375
194,2021-09-16,17000.0,22966.30859375
194,2021-09-20,15000.0,23010.74609375
194,2021-09-21,17000.0,23103.96484375
194,2021-09-23,15000.0,23128.16015625
194,2021-09-27,18000.0,23177.51953125
194,2021-09-28,18000.0,23280.1328125
194,2021-09-30,18000.0,23306.5546875
194,2021-10-04,12000.0,23360.171875
194,2021-10-05,17000.0,23470.78515625
194,2021-10-07,18000.0,23499.05078125
194,2021-10-11,16000.0,23556.19921875
194,2021-10-12,15000.0,23672.7734375
194,2021-10-14,15000.0,23702.37109375
194,2021-10-18,15000.0,23762.0703125
194,2021-10-19,15000.0,23883.2265625
194,2021-10-21,18000.0,23913.865234375
194,2021-10-25,18000.0,23975.41796875
194,2021-10-26,18000.0,24099.70703125
194,2021-10-28,18000.0,24130.73046875
194,2021-11-01,18000.0,24192.9375
194,2021-11-02,18000.0,24316.84375
194,2021-11-04,20000.0,24347.861328125
194,2021-11-08,20000.0,24409.81640625
194,2021-11-09,20000.0,24534.21484375
194,2021-11-11,20000.0,24565.4921875
194,2021-11-15,20000.0,24627.787109375
194,2021-11-16,20000.0,24751.572265625
194,2021-11-18,20000.0,24782.7265625
194,2021-11-22,20000.0,24844.466796875
194,2021-11-23,20000.0,24965.515625
194,2021-11-25,20000.0,24995.171875
194,2021-11-29,20000.0,25053.80078125
194,2021-11-30,20000.0,25167.48828125
194,2021-12-02,20000.0,25195.216796875
194,2021-12-06,18000.0,25249.693359375
194,2021-12-07,18000.0,25354.857421875
194,2021-12-09,18000.0,25380.275390625
194,2021-12-13,18000.0,25430.22265625
194,2021-12-14,18000.0,25525.83984375
194,2021-12-16,18000.0,25548.845703125
194,2021-12-20,18000.0,25594.203125
194,2021-12-21,15000.0,25681.529296875
194,2021-12-23,15000.0,25702.498046875
194,2021-12-27,18000.0,25743.140625
194,2021-12-28,18000.0,25818.876953125
194,2021-12-30,18000.0,25836.64453125
194,2022-04-21,35000.0,25870.68359375
194,2022-04-25,35000.0,24546.86328125
194,2022-04-28,40000.0,24422.666015625
194,2022-05-05,35000.0,24330.125
194,2022-05-09,35000.0,24113.06640625
194,2022-05-12,30000.0,23989.0625
194,2022-05-16,40000.0,23897.0703125
194,2022-05-19,38000.0,23776.021484375
194,2022-05-23,40000.0,23686.6875
194,2022-05-26,40000.0,23570.11328125
194,2022-05-30,35000.0,23484.62890625
194,2022-06-02,35000.0,23373.81640625
194,2022-06-06,35000.0,23293.556640625
194,2022-06-09,40000.0,23190.60546875
194,2022-06-13,35000.0,23116.734375
194,2022-06-16,35000.0,23022.9609375
194,2022-06-20,35000.0,22956.55078125
194,2022-06-27,35000.0,22874.9609375
194,2022-07-04,35000.0,22747.9921875
194,2022-07-11,35000.0,22642.51953125
194,2022-07-14,35000.0,22559.98828125
194,2022-07-18,35000.0,22531.98828125
194,2022-07-21,35000.0,22501.572265625
194,2022-07-25,35000.0,22484.02734375
194,2022-07-28,35000.0,22467.87109375
194,2022-08-01,35000.0,22461.21875
194,2022-08-04,35000.0,22459.55859375
194,2022-08-08,35000.0,22463.7578125
194,2022-08-11,30000.0,22476.61328125
194,2022-08-15,35000.0,22491.71484375
194,2022-08-18,30000.0,22518.89453125
194,2022-08-22,30000.0,22544.60546875
194,2022-08-25,30000.0,22585.82421875
194,2022-08-29,35000.0,22621.83203125
194,2022-09-01,30000.0,22676.484375
194,2022-09-05,35000.0,22722.376953125
194,2022-09-08,25000.0,22789.810546875
194,2022-09-12,35000.0,22844.91796875
194,2022-09-15,25000.0,22924.154296875
194,2022-09-19,30000.0,22988.33984375
194,2022-09-22,25000.0,23080.111328125
194,2022-09-26,35000.0,23152.65625
194,2022-10-06,35000.0,23254.07421875
194,2022-10-10,35000.0,23527.53125
194,2022-10-13,35000.0,23643.33203125
194,2022-10-17,35000.0,23732.134765625
194,2022-10-20,35000.0,23852.763671875
194,2022-10-31,35000.0,23944.61328125
194,2022-11-17,30000.0,24285.8828125
194,2022-11-24,30000.0,24813.728515625
194,2022-12-01,30000.0,25024.5546875
195,2022-08-01,25000.0,22532.224609375
195,2022-08-08,25000.0,22523.92578125
195,2022-08-11,20000.0,22540.943359375
195,2022-08-15,25000.0,22555.931640625
195,2022-08-18,20000.0,22583.04296875
195,2022-08-25,20000.0,22608.6640625
195,2022-09-01,20000.0,22685.64453125
196,2021-08-02,10000.0,22588.1953125
196,2021-08-03,10000.0,22588.6171875
196,2021-09-07,28000.0,22590.025390625
196,2021-09-09,30000.0,19018.65234375
196,2021-09-10,30000.0,19053.890625
196,2021-09-14,25000.0,19072.1484375
196,2021-09-16,25000.0,19148.8515625
196,2021-09-17,25000.0,19189.36328125
196,2021-09-21,25000.0,19210.24609375
196,2021-09-23,25000.0,19297.0
196,2022-06-20,15000.0,19342.40625
196,2022-06-27,25000.0,23000.71875
196,2022-07-04,30000.0,22873.912109375
196,2022-07-11,15000.0,22769.28125
196,2022-07-14,15000.0,22687.39453125
196,2022-07-18,20000.0,22659.537109375
196,2022-07-21,15000.0,22629.39453125
196,2022-07-25,20000.0,22612.01953125
196,2022-07-28,15000.0,22595.94921875
196,2022-08-01,20000.0,22589.3828125
196,2022-08-04,15000.0,22587.74609375
196,2022-08-08,20000.0,22591.984375
197,2021-06-21,10000.0,23124.5703125
197,2021-06-22,10000.0,23044.00390625
197,2021-06-28,12000.0,23024.90234375
197,2021-06-29,12000.0,22919.849609375
197,2021-07-01,12000.0,22904.0859375
197,2021-07-05,15000.0,22873.828125
197,2021-07-08,15000.0,22818.734375
197,2021-07-12,15000.0,22782.326171875
197,2021-07-13,15000.0,22740.50390625
197,2021-07-15,15000.0,22731.275390625
197,2021-07-19,15000.0,22714.2578125
197,2021-07-20,15000.0,22686.19921875
197,2021-07-22,15000.0,22680.453125
197,2021-07-26,15000.0,22670.39453125
197,2022-05-26,25000.0,22656.568359375
197,2022-05-30,25000.0,23666.57421875
197,2022-06-02,25000.0,23557.62890625
197,2022-06-06,25000.0,23478.380859375
197,2022-06-09,25000.0,23376.724609375
197,2022-06-13,25000.0,23303.83203125
197,2022-06-16,15000.0,23211.287109375
197,2022-06-20,25000.0,23145.66015625
197,2022-06-27,25000.0,23063.55078125
197,2022-07-04,25000.0,22936.099609375
198,2021-05-10,38000.0,24311.6015625
198,2021-05-11,40000.0,24191.33984375
198,2021-05-13,40000.0,24161.25390625
198,2021-05-17,40000.0,24101.3515625
198,2021-05-18,40000.0,23982.787109375
198,2021-05-20,40000.0,23953.51171875
198,2021-05-24,40000.0,23895.501953125
198,2021-05-25,40000.0,23781.84375
198,2021-05-27,40000.0,23753.82421875
198,2021-06-07,28000.0,23698.6015625
198,2021-06-08,25000.0,23413.15234375
198,2021-06-14,25000.0,23388.9296875
198,2021-06-15,22000.0,23250.859375
198,2021-06-17,20000.0,23229.01171875
198,2021-06-21,20000.0,23186.572265625
198,2021-06-22,17000.0,23106.36328125
198,2021-06-28,18000.0,23087.26953125
198,2021-06-29,18000.0,22981.94921875
198,2021-07-01,18000.0,22965.96484375
198,2021-07-05,18000.0,22935.705078125
198,2021-07-06,18000.0,22880.84375
198,2021-07-08,18000.0,22868.2578125
198,2021-07-12,18000.0,22844.546875
198,2021-07-13,18000.0,22802.912109375
198,2021-07-15,18000.0,22793.67578125
198,2021-07-19,25000.0,22776.73046875
198,2021-07-20,25000.0,22748.8203125
198,2021-07-22,25000.0,22743.099609375
198,2021-07-26,25000.0,22733.060546875
198,2021-07-27,25000.0,22719.236328125
198,2021-07-29,25000.0,22717.04296875
198,2021-08-02,27000.0,22714.19140625
198,2021-08-03,27000.0,22714.646484375
198,2022-05-23,25000.0,22716.03515625
198,2022-05-26,25000.0,23809.9140625
198,2022-05-30,25000.0,23726.111328125
198,2022-06-02,25000.0,23617.5859375
198,2022-06-06,25000.0,23538.859375
198,2022-06-09,25000.0,23437.658203125
198,2022-06-13,25000.0,23365.08984375
198,2022-06-20,25000.0,23272.92578125
198,2022-06-27,25000.0,23125.7578125
198,2022-07-04,25000.0,22998.484375
199,2021-05-18,15000.0,20212.44921875
199,2021-05-20,18000.0,20095.919921875
199,2021-05-21,15000.0,20038.62890625
199,2021-05-25,15000.0,20010.2734375
199,2021-05-27,12000.0,19898.875
199,2021-05-28,15000.0,19845.26953125
199,2021-06-10,18000.0,19818.90234375
199,2021-06-11,15000.0,19508.00390625
199,2021-06-15,12000.0,19486.33203125
199,2021-06-17,12000.0,19403.34375
199,2021-06-18,15000.0,19363.908203125
199,2021-06-22,16000.0,19344.703125
199,2021-06-25,16000.0,19271.76171875
199,2021-06-29,17000.0,19221.09375
199,2021-07-01,18000.0,19159.16796875
199,2021-07-02,17000.0,19130.64453125
199,2021-07-06,17000.0,19117.02734375
199,2021-07-08,16000.0,19066.7421875
199,2021-07-09,17000.0,19044.291015625
199,2021-07-13,17000.0,19033.724609375
199,2021-07-15,16000.0,18995.912109375
199,2021-07-16,15000.0,18979.69921875
199,2021-07-20,17000.0,18972.359375
199,2021-07-22,20000.0,18947.435546875
199,2021-07-23,18000.0,18937.6484375
199,2021-07-27,18500.0,18933.4765625
199,2021-07-29,17000.0,18921.5546875
199,2021-07-30,17000.0,18918.423828125
199,2021-08-03,20000.0,18917.57421875
199,2021-08-05,30000.0,18918.875
199,2021-08-06,25000.0,18922.353515625
199,2021-08-10,30000.0,18924.8125
199,2021-08-12,30000.0,18939.30078125
199,2021-08-13,25000.0,18949.52734375
199,2021-08-17,18000.0,18955.37890625
199,2021-08-19,20000.0,18983.380859375
199,2021-08-20,25000.0,19000.166015625
199,2021-08-24,20000.0,19009.234375
199,2021-08-26,22000.0,19050.2109375
199,2021-08-27,18000.0,19073.35546875
199,2021-09-07,15000.0,19085.609375
199,2021-09-09,30000.0,19248.546875
199,2021-09-10,20000.0,19283.4453125
199,2021-09-14,15000.0,19301.564453125
199,2021-09-16,30000.0,19377.6015625
199,2021-09-17,20000.0,19417.81640625
199,2021-09-21,18000.0,19438.5234375
199,2021-09-23,25000.0,19524.48828125
199,2021-09-24,20000.0,19569.19921875
199,2021-09-28,15000.0,19591.970703125
199,2021-09-30,25000.0,19686.296875
199,2021-10-01,15000.0,19735.46484375
199,2021-10-05,18000.0,19761.09375
199,2021-10-07,18000.0,19865.994140625
199,2021-10-08,20000.0,19920.388671875
199,2021-10-12,20000.0,19948.10546875
199,2021-10-14,20000.0,20061.404296875
199,2021-10-15,25000.0,20119.138671875
199,2021-10-19,20000.0,20148.2890625
199,2021-10-21,25000.0,20266.3828125
199,2021-10-22,25000.0,20326.224609375
199,2021-10-26,30000.0,20356.302734375
199,2021-10-28,25000.0,20477.251953125
199,2021-10-29,30000.0,20537.31640625
199,2021-11-02,30000.0,20567.390625
199,2021-11-04,25000.0,20687.8984375
199,2021-11-05,25000.0,20748.28125
199,2021-11-09,25000.0,20778.35546875
199,2021-11-11,25000.0,20898.53125
199,2021-11-12,25000.0,20958.1953125
199,2021-11-16,20000.0,20987.9140625
199,2021-11-18,25000.0,21105.3046875
199,2021-11-19,25000.0,21162.91796875
199,2021-11-23,25000.0,21191.482421875
199,2021-11-25,25000.0,21304.220703125
199,2021-11-26,25000.0,21359.4921875
199,2021-11-30,20000.0,21386.77734375
199,2021-12-02,20000.0,21493.6484375
199,2021-12-03,20000.0,21545.513671875
199,2021-12-07,25000.0,21570.96484375
199,2021-12-09,20000.0,21670.177734375
199,2021-12-10,20000.0,21717.8828125
199,2021-12-14,20000.0,21741.18359375
199,2021-12-16,25000.0,21830.556640625
199,2021-12-17,20000.0,21873.03515625
199,2021-12-21,20000.0,21893.71875
199,2021-12-23,20000.0,21972.716796875
199,2021-12-24,20000.0,22009.810546875
199,2021-12-28,18000.0,22027.7578125
199,2021-12-30,18000.0,22095.34375
199,2021-12-31,20000.0,22126.5390625
199,2022-05-20,17000.0,22141.49609375
199,2022-05-24,20000.0,19401.16015625
200,2021-05-06,15000.0,24482.751953125
200,2021-05-10,15000.0,24422.7578125
200,2021-06-07,15000.0,24303.56640625
200,2021-06-08,15000.0,23533.5703125
200,2021-06-14,15000.0,23509.58203125
200,2021-06-15,15000.0,23372.599609375
200,2021-06-17,15000.0,23350.986328125
200,2021-06-21,15000.0,23308.91015625
200,2021-06-22,15000.0,23229.453125
200,2021-06-28,15000.0,23210.58203125
200,2021-06-29,15000.0,23106.0390625
200,2021-07-01,15000.0,23090.171875
200,2021-07-05,15000.0,23059.677734375
200,2021-07-06,15000.0,23004.3046875
200,2021-07-08,15000.0,22991.57421875
200,2021-07-12,15000.0,22967.603515625
200,2021-07-13,15000.0,22926.1015625
200,2021-07-15,15000.0,22916.98046875
200,2021-07-19,15000.0,22900.150390625
200,2021-07-20,15000.0,22872.41796875
200,2021-07-22,15000.0,22866.744140625
200,2021-07-26,15000.0,22856.796875
200,2021-07-27,15000.0,22843.11328125
200,2021-07-29,15000.0,22840.900390625
200,2021-08-02,15000.0,22838.0859375
200,2021-08-03,15000.0,22838.578125
200,2021-08-05,15000.0,22839.8984375
200,2021-08-09,15000.0,22844.17578125
200,2021-08-10,15000.0,22858.85546875
200,2021-08-12,15000.0,22863.765625
200,2021-08-16,15000.0,22875.109375
200,2021-08-17,15000.0,22903.734375
200,2021-08-19,15000.0,22912.15234375
200,2021-08-23,15000.0,22930.40234375
200,2021-08-24,15000.0,22972.89453125
200,2021-08-26,15000.0,22984.90234375
200,2021-08-30,15000.0,23010.2890625
200,2021-08-31,15000.0,23066.6328125
200,2021-09-06,15000.0,23081.87109375
200,2021-09-07,15000.0,23182.6015625
200,2021-09-09,15000.0,23200.955078125
200,2021-09-13,15000.0,23238.734375
200,2021-09-14,15000.0,23319.19140625
200,2021-09-16,15000.0,23340.232421875
200,2021-09-20,15000.0,23383.498046875
200,2021-09-21,15000.0,23474.4375
200,2021-09-23,15000.0,23498.0390625
200,2021-09-27,15000.0,23546.16796875
200,2021-09-28,15000.0,23645.8359375
200,2021-09-30,15000.0,23671.53125
200,2021-10-04,15000.0,23723.75
200,2021-10-05,15000.0,23831.109375
200,2021-10-07,15000.0,23858.578125
200,2021-10-11,15000.0,23914.11328125
200,2021-10-12,15000.0,24027.76171875
200,2021-10-14,15000.0,24056.609375
200,2021-10-18,15000.0,24114.6484375
200,2021-10-19,15000.0,24231.75
200,2021-10-21,18000.0,24261.24609375
200,2021-10-25,18000.0,24320.62109375
200,2021-10-26,18000.0,24440.3671875
200,2021-10-28,18000.0,24470.45703125
200,2021-11-01,18000.0,24531.734375
200,2021-11-02,18000.0,24654.904296875
200,2021-11-04,20000.0,24685.67578125
200,2021-11-08,20000.0,24747.828125
200,2021-11-09,18000.0,24872.8203125
200,2021-11-11,18000.0,24903.830078125
200,2021-11-15,18000.0,24965.390625
200,2021-11-16,20000.0,25086.765625
200,2021-11-18,20000.0,25116.68359375
200,2021-11-22,20000.0,25176.06640625
200,2021-11-23,20000.0,25292.044921875
200,2021-11-25,20000.0,25320.515625
200,2021-11-29,20000.0,25376.86328125
200,2021-11-30,20000.0,25486.716796875
200,2021-12-02,20000.0,25513.546875
200,2021-12-06,20000.0,25566.48828125
200,2021-12-07,20000.0,25670.7109375
200,2021-12-09,20000.0,25696.505859375
200,2021-12-13,20000.0,25747.119140625
200,2021-12-14,20000.0,25844.0
200,2021-12-16,20000.0,25867.369140625
200,2021-12-20,20000.0,25912.82421875
200,2021-12-21,20000.0,25998.84765625
200,2021-12-23,20000.0,26019.259765625
200,2021-12-27,20000.0,26058.8515625
200,2021-12-28,20000.0,26132.62109375
200,2021-12-30,20000.0,26149.92578125
200,2022-04-21,15000.0,26183.05859375
200,2022-04-25,15000.0,24884.36328125
200,2022-04-28,15000.0,24759.75
200,2022-05-05,15000.0,24666.958984375
200,2022-05-09,15000.0,24452.71875
200,2022-05-12,15000.0,24333.16796875
202,2021-07-14,15000.0,17969.94921875
202,2021-07-21,12000.0,18012.59375
202,2021-07-28,13000.0,18041.318359375
202,2021-08-04,13000.0,18055.830078125
202,2021-08-11,14000.0,18056.080078125
202,2021-08-18,14000.0,18042.046875
202,2021-08-25,14000.0,18013.779296875
202,2021-09-01,14000.0,17971.5234375
202,2021-09-08,12000.0,17915.58203125
202,2021-09-15,12000.0,17846.36328125
202,2021-09-22,12000.0,17770.8984375
202,2021-09-29,12000.0,17685.849609375
202,2021-10-06,10000.0,17590.68359375
202,2021-10-13,10000.0,17485.125
202,2021-10-20,10000.0,17378.982421875
202,2021-10-27,20000.0,17275.73828125
202,2021-11-03,20000.0,17186.529296875
202,2021-11-10,20000.0,17114.376953125
202,2021-11-17,18000.0,17072.322265625
202,2021-11-24,17000.0,17044.443359375
202,2021-12-01,16000.0,17027.16015625
202,2021-12-08,15000.0,17009.474609375
202,2021-12-15,15000.0,16991.8984375
202,2021-12-22,16000.0,16974.9453125
202,2021-12-29,16500.0,16958.98828125
202,2022-01-19,18000.0,16944.666015625
202,2022-01-26,19000.0,16915.53125
202,2022-02-09,20000.0,16911.78515625
202,2022-02-16,20000.0,16914.1875
202,2022-02-23,18000.0,16920.25390625
202,2022-03-02,18000.0,16929.30078125
202,2022-03-09,18000.0,16940.873046875
202,2022-03-16,18000.0,16954.5390625
202,2022-03-23,18000.0,16969.919921875
202,2022-03-30,18000.0,16986.421875
202,2022-04-06,23000.0,17003.65234375
202,2022-04-13,22000.0,17021.126953125
202,2022-04-20,22000.0,17038.326171875
202,2022-04-27,22000.0,17063.375
202,2022-05-04,21000.0,17101.62890625
203,2022-02-23,68000.0,16907.287109375
203,2022-03-02,62000.0,16916.5390625
203,2022-03-09,62000.0,16928.56640625
203,2022-03-16,62000.0,16942.705078125
203,2022-03-23,62000.0,16958.546875
203,2022-03-30,62000.0,16975.607421875
203,2022-04-06,85000.0,16993.36328125
203,2022-04-13,85000.0,17011.41015625
203,2022-04-20,87000.0,17029.271484375
203,2022-04-27,85000.0,17046.392578125
203,2022-05-04,75000.0,17079.634765625
204,2021-05-10,10000.0,24642.30859375
204,2021-05-11,15000.0,24522.77734375
204,2022-04-25,20000.0,24493.08984375
205,2021-08-17,30000.0,19400.87890625
205,2021-08-19,30000.0,19428.603515625
205,2021-08-20,30000.0,19445.265625
205,2021-08-24,35000.0,19454.22265625
205,2021-08-26,35000.0,19494.607421875
206,2021-07-29,33000.0,19438.21875
207,2021-05-10,20000.0,24804.435546875
207,2021-05-11,20000.0,24684.609375
207,2021-05-13,15000.0,24655.3125
207,2021-05-17,15000.0,24597.04296875
207,2021-05-18,15000.0,24481.9296875
207,2021-05-20,15000.0,24453.98828125
207,2021-05-24,20000.0,24398.75390625
207,2021-05-25,20000.0,24290.3125
207,2021-05-27,20000.0,24263.705078125
207,2021-06-28,20000.0,24211.126953125
207,2021-06-29,20000.0,23523.525390625
207,2021-07-01,20000.0,23508.080078125
207,2021-07-05,25000.0,23478.556640625
207,2021-07-06,25000.0,23424.669921875
207,2021-07-08,25000.0,23412.333984375
208,2021-05-26,8500.0,17038.318359375
208,2021-05-28,8500.0,35103.84765625
208,2021-06-11,6000.0,16950.2109375
208,2021-06-16,7000.0,16851.880859375
208,2021-06-18,6000.0,34642.21484375
208,2021-06-25,6000.0,16839.8046875
208,2021-06-30,7000.0,16843.40625
208,2021-07-02,6000.0,34411.98046875
208,2021-07-07,7000.0,16852.1875
