Tên_mặt_hàng,Thị_trường,Loại_giá,Nguồn,Ngày,Giá
Gạo NL 25% tấm,Kiên Giang,Thương lái thu mua,CTV địa phương,2025-05-16,8460.0
Gạo XK 5% tấm,Kiên Giang,Thương lái thu mua,CTV địa phương,2025-05-16,10070.0
Gạo XK 5% tấm,Tiền Giang,Thương lái thu mua,CTV địa phương,2025-05-14,15300.0
ST24,Hậu Giang,Thương lái thu mua,CTV địa phương,2025-05-13,10650.0
Gạo NL 25% tấm,Kiên Giang,Thương lái thu mua,CTV địa phương,2025-05-09,8520.0
Gạo XK 5% tấm,Kiên Giang,Thương lái thu mua,CTV địa phương,2025-05-09,10250.0
Gạo XK 5% tấm,Tiền Giang,Thương lái thu mua,CTV địa phương,2025-05-07,15400.0
ST24,Hậu Giang,Thương lái thu mua,CTV địa phương,2025-05-06,10800.0
ST24,Hậu Giang,Thương lái thu mua,CTV địa phương,2025-04-29,10850.0
Gạo NL 25% tấm,Kiên Giang,Thương lái thu mua,CTV địa phương,2025-04-25,8510.0
Gạo XK 5% tấm,Kiên Giang,Thương lái thu mua,CTV địa phương,2025-04-25,10120.0
Gạo XK 5% tấm,Tiền Giang,Thương lái thu mua,CTV địa phương,2025-04-23,15400.0
ST24,Hậu Giang,Thương lái thu mua,CTV địa phương,2025-04-22,10850.0
ST24,Sóc Trăng,Thương lái thu mua,CTV địa phương,2025-04-16,9325.0
Gạo XK 5% tấm,Tiền Giang,Thương lái thu mua,CTV địa phương,2025-04-16,15400.0
ST24,Hậu Giang,Thương lái thu mua,CTV địa phương,2025-04-15,10950.0
ST24,Sóc Trăng,Thương lái thu mua,CTV địa phương,2025-04-14,9325.0
ST24,Sóc Trăng,Thương lái thu mua,CTV địa phương,2025-04-09,9675.0
Gạo XK 5% tấm,Tiền Giang,Thương lái thu mua,CTV địa phương,2025-04-09,15200.0
ST24,Hậu Giang,Thương lái thu mua,CTV địa phương,2025-04-08,10650.0
ST24,Sóc Trăng,Thương lái thu mua,CTV địa phương,2025-04-02,9650.0
Gạo XK 5% tấm,Tiền Giang,Thương lái thu mua,CTV địa phương,2025-04-02,15000.0
ST24,Hậu Giang,Thương lái thu mua,CTV địa phương,2025-04-01,10650.0
ST24,Sóc Trăng,Thương lái thu mua,CTV địa phương,2025-03-31,9650.0
Gạo NL 25% tấm,Kiên Giang,Thu mua,Giồng Riềng,2024-12-20,9930.0
Gạo XK 5% tấm,Kiên Giang,Thu mua,Giồng Riềng,2024-12-20,11050.0
Gạo NL 25% tấm,Kiên Giang,Thu mua,Giồng Riềng,2024-12-18,9980.0
Gạo XK 5% tấm,Kiên Giang,Thu mua,Giồng Riềng,2024-12-18,11100.0
Gạo NL 25% tấm,Kiên Giang,Thu mua,Giồng Riềng,2024-12-16,9980.0
Gạo XK 5% tấm,Kiên Giang,Thu mua,Giồng Riềng,2024-12-16,11100.0
Gạo NL 25% tấm,Kiên Giang,Thu mua,Giồng Riềng,2024-12-13,9980.0
Gạo XK 5% tấm,Kiên Giang,Thu mua,Giồng Riềng,2024-12-13,11100.0
Gạo NL 25% tấm,Kiên Giang,Thu mua,Giồng Riềng,2024-12-11,9980.0
Gạo XK 5% tấm,Kiên Giang,Thu mua,Giồng Riềng,2024-12-11,11100.0
Gạo NL 25% tấm,Kiên Giang,Thu mua,Giồng Riềng,2024-12-09,9980.0
Gạo XK 5% tấm,Kiên Giang,Thu mua,Giồng Riềng,2024-12-09,11100.0
Gạo NL 25% tấm,Kiên Giang,Thu mua,CTV địa phương,2024-12-06,10030.0
Gạo XK 5% tấm,Kiên Giang,Thu mua,CTV địa phương,2024-12-06,11600.0
Gạo NL 25% tấm,Kiên Giang,Thu mua,CTV địa phương,2024-12-04,10030.0
Gạo XK 5% tấm,Kiên Giang,Thu mua,CTV địa phương,2024-12-04,11600.0
Gạo NL 25% tấm,Kiên Giang,Thu mua,CTV địa phương,2024-11-29,9900.0
Gạo XK 5% tấm,Kiên Giang,Thu mua,CTV địa phương,2024-11-29,11600.0
Gạo NL 25% tấm,Kiên Giang,Thu mua,CTV địa phương,2024-11-27,9900.0
Gạo XK 5% tấm,Kiên Giang,Thu mua,CTV địa phương,2024-11-27,11600.0
Gạo NL 25% tấm,Kiên Giang,Thu mua,CTV địa phương,2024-11-22,9900.0
Gạo XK 5% tấm,Kiên Giang,Thu mua,CTV địa phương,2024-11-22,11600.0
Gạo NL 25% tấm,Kiên Giang,Thu mua,CTV địa phương,2024-11-20,9900.0
Gạo XK 5% tấm,Kiên Giang,Thu mua,CTV địa phương,2024-11-20,11600.0
Gạo NL 25% tấm,Kiên Giang,Thu mua,CTV địa phương,2024-11-15,9900.0
Gạo XK 5% tấm,Kiên Giang,Thu mua,CTV địa phương,2024-11-15,11600.0
Gạo NL 25% tấm,Kiên Giang,Thu mua,CTV địa phương,2024-11-13,9900.0
Gạo XK 5% tấm,Kiên Giang,Thu mua,CTV địa phương,2024-11-13,11600.0
Gạo NL 25% tấm,Kiên Giang,Thu mua,CTV địa phương,2024-11-08,9900.0
Gạo XK 5% tấm,Kiên Giang,Thu mua,CTV địa phương,2024-11-08,11600.0
Gạo NL 25% tấm,Kiên Giang,Thu mua,CTV địa phương,2024-11-06,10000.0
Gạo XK 5% tấm,Kiên Giang,Thu mua,CTV địa phương,2024-11-06,11700.0
Gạo NL 25% tấm,Kiên Giang,Thu mua,CTV địa phương,2024-11-01,10000.0
Gạo XK 5% tấm,Kiên Giang,Thu mua,CTV địa phương,2024-11-01,11700.0
Gạo NL 25% tấm,Kiên Giang,Thu mua,CTV địa phương,2024-10-30,10350.0
Gạo XK 5% tấm,Kiên Giang,Thu mua,CTV địa phương,2024-10-30,12050.0
Gạo NL 25% tấm,Kiên Giang,Thu mua,CTV địa phương,2024-10-25,10350.0
Gạo XK 5% tấm,Kiên Giang,Thu mua,CTV địa phương,2024-10-25,12050.0
Gạo NL 25% tấm,Kiên Giang,Thu mua,CTV địa phương,2024-10-23,10350.0
Gạo XK 5% tấm,Kiên Giang,Thu mua,CTV địa phương,2024-10-23,12050.0
Gạo NL 25% tấm,Kiên Giang,Thu mua,CTV địa phương,2024-10-18,10350.0
Gạo XK 5% tấm,Kiên Giang,Thu mua,CTV địa phương,2024-10-18,12050.0
Gạo NL 25% tấm,Kiên Giang,Thu mua,CTV địa phương,2024-10-16,10450.0
Gạo XK 5% tấm,Kiên Giang,Thu mua,CTV địa phương,2024-10-16,12150.0
Gạo NL 25% tấm,Kiên Giang,Thu mua,CTV địa phương,2024-10-11,10450.0
Gạo XK 5% tấm,Kiên Giang,Thu mua,CTV địa phương,2024-10-11,12150.0
Gạo NL 25% tấm,Kiên Giang,Thu mua,CTV địa phương,2024-10-09,10350.0
Gạo XK 5% tấm,Kiên Giang,Thu mua,CTV địa phương,2024-10-09,12050.0
Gạo NL 25% tấm,Kiên Giang,Thu mua,CTV địa phương,2024-10-04,10350.0
Gạo XK 5% tấm,Kiên Giang,Thu mua,CTV địa phương,2024-10-04,12050.0
Gạo NL 25% tấm,Kiên Giang,Thu mua,CTV địa phương,2024-10-02,10350.0
Gạo XK 5% tấm,Kiên Giang,Thu mua,CTV địa phương,2024-10-02,12050.0
Gạo NL 25% tấm,Kiên Giang,Thu mua,CTV địa phương,2024-09-27,10350.0
Gạo XK 5% tấm,Kiên Giang,Thu mua,CTV địa phương,2024-09-27,11950.0
Gạo NL 25% tấm,Kiên Giang,Thu mua,CTV địa phương,2024-09-25,10350.0
Gạo XK 5% tấm,Kiên Giang,Thu mua,CTV địa phương,2024-09-25,11950.0
Gạo NL 25% tấm,Kiên Giang,Thu mua,CTV địa phương,2024-09-20,10400.0
Gạo XK 5% tấm,Kiên Giang,Thu mua,CTV địa phương,2024-09-20,12000.0
Gạo NL 25% tấm,Kiên Giang,Thu mua,CTV địa phương,2024-09-18,10400.0
Gạo XK 5% tấm,Kiên Giang,Thu mua,CTV địa phương,2024-09-18,12000.0
Gạo NL 25% tấm,Kiên Giang,Thu mua,CTV địa phương,2024-09-13,10400.0
Gạo XK 5% tấm,Kiên Giang,Thu mua,CTV địa phương,2024-09-13,12000.0
Gạo NL 25% tấm,Kiên Giang,Thu mua,CTV địa phương,2024-09-11,10400.0
Gạo XK 5% tấm,Kiên Giang,Thu mua,CTV địa phương,2024-09-11,12000.0
Gạo NL 25% tấm,Kiên Giang,Thu mua,CTV địa phương,2024-09-06,10400.0
Gạo XK 5% tấm,Kiên Giang,Thu mua,CTV địa phương,2024-09-06,12000.0
Gạo NL 25% tấm,Kiên Giang,Thu mua,CTV địa phương,2024-09-04,10400.0
Gạo XK 5% tấm,Kiên Giang,Thu mua,CTV địa phương,2024-09-04,12000.0
Gạo NL 25% tấm,Kiên Giang,Thu mua,CTV địa phương,2024-08-30,10400.0
Gạo XK 5% tấm,Kiên Giang,Thu mua,CTV địa phương,2024-08-30,13070.0
Gạo NL 25% tấm,Kiên Giang,Thu mua,CTV địa phương,2024-08-28,10400.0
Gạo XK 5% tấm,Kiên Giang,Thu mua,CTV địa phương,2024-08-28,13070.0
Gạo NL 25% tấm,Kiên Giang,Thu mua,CTV địa phương,2024-08-23,10400.0
Gạo XK 5% tấm,Kiên Giang,Thu mua,CTV địa phương,2024-08-23,13070.0
Gạo NL 25% tấm,Kiên Giang,Thu mua,CTV địa phương,2024-08-21,10400.0
Gạo XK 5% tấm,Kiên Giang,Thu mua,CTV địa phương,2024-08-21,12000.0
Gạo NL 25% tấm,Kiên Giang,Thu mua,CTV địa phương,2024-08-16,10400.0
Gạo XK 5% tấm,Kiên Giang,Thu mua,CTV địa phương,2024-08-16,12000.0
Gạo NL 25% tấm,Kiên Giang,Thu mua,CTV địa phương,2024-08-14,10400.0
Gạo XK 5% tấm,Kiên Giang,Thu mua,CTV địa phương,2024-08-14,13070.0
Gạo NL 25% tấm,Kiên Giang,Thu mua,CTV địa phương,2024-08-09,10400.0
Gạo XK 5% tấm,Kiên Giang,Thu mua,CTV địa phương,2024-08-09,13070.0
Gạo NL 25% tấm,Kiên Giang,Thu mua,CTV địa phương,2024-08-07,10500.0
Gạo XK 5% tấm,Kiên Giang,Thu mua,CTV địa phương,2024-08-07,13170.0
Gạo NL 25% tấm,Kiên Giang,Thu mua,CTV địa phương,2024-08-02,10500.0
Gạo XK 5% tấm,Kiên Giang,Thu mua,CTV địa phương,2024-08-02,13170.0
Gạo NL 25% tấm,Kiên Giang,Thu mua,CTV địa phương,2024-07-31,10600.0
Gạo XK 5% tấm,Kiên Giang,Thu mua,CTV địa phương,2024-07-31,13270.0
Gạo NL 25% tấm,Kiên Giang,Thu mua,CTV địa phương,2024-07-26,10600.0
Gạo XK 5% tấm,Kiên Giang,Thu mua,CTV địa phương,2024-07-26,13270.0
Gạo NL 25% tấm,Kiên Giang,Thu mua,CTV địa phương,2024-07-24,10600.0
Gạo XK 5% tấm,Kiên Giang,Thu mua,CTV địa phương,2024-07-24,13270.0
Gạo NL 25% tấm,Kiên Giang,Thu mua,CTV địa phương,2024-07-19,10700.0
Gạo XK 5% tấm,Kiên Giang,Thu mua,CTV địa phương,2024-07-19,13370.0
Gạo NL 25% tấm,Kiên Giang,Thu mua,CTV địa phương,2024-07-17,10700.0
Gạo XK 5% tấm,Kiên Giang,Thu mua,CTV địa phương,2024-07-17,13370.0
Gạo NL 25% tấm,Kiên Giang,Thu mua,CTV địa phương,2024-07-12,10600.0
Gạo XK 5% tấm,Kiên Giang,Thu mua,CTV địa phương,2024-07-12,13270.0
Gạo NL 25% tấm,Kiên Giang,Thu mua,CTV địa phương,2024-07-10,10600.0
Gạo XK 5% tấm,Kiên Giang,Thu mua,CTV địa phương,2024-07-10,13270.0
Gạo NL 25% tấm,Kiên Giang,Thu mua,CTV địa phương,2024-07-05,10600.0
Gạo XK 5% tấm,Kiên Giang,Thu mua,CTV địa phương,2024-07-05,13270.0
Gạo NL 25% tấm,Kiên Giang,Thu mua,CTV địa phương,2024-07-03,10600.0
Gạo XK 5% tấm,Kiên Giang,Thu mua,CTV địa phương,2024-07-03,13270.0
Gạo NL 25% tấm,Kiên Giang,Thu mua,CTV địa phương,2024-06-28,10800.0
Gạo XK 5% tấm,Kiên Giang,Thu mua,CTV địa phương,2024-06-28,13470.0
Gạo NL 25% tấm,Kiên Giang,Thu mua,CTV địa phương,2024-06-26,10800.0
Gạo XK 5% tấm,Kiên Giang,Thu mua,CTV địa phương,2024-06-26,13470.0
Gạo NL 25% tấm,Kiên Giang,Thu mua,CTV địa phương,2024-06-21,10850.0
Gạo XK 5% tấm,Kiên Giang,Thu mua,CTV địa phương,2024-06-21,13520.0
Gạo NL 25% tấm,Kiên Giang,Thu mua,CTV địa phương,2024-06-19,10850.0
Gạo XK 5% tấm,Kiên Giang,Thu mua,CTV địa phương,2024-06-19,13520.0
Gạo NL 25% tấm,Kiên Giang,Thu mua,CTV địa phương,2024-06-14,10750.0
Gạo XK 5% tấm,Kiên Giang,Thu mua,CTV địa phương,2024-06-14,13420.0
Gạo NL 25% tấm,Kiên Giang,Thu mua,CTV địa phương,2024-06-12,10750.0
Gạo XK 5% tấm,Kiên Giang,Thu mua,CTV địa phương,2024-06-12,13420.0
Gạo NL 25% tấm,Kiên Giang,Thu mua,CTV địa phương,2024-06-07,10750.0
Gạo XK 5% tấm,Kiên Giang,Thu mua,CTV địa phương,2024-06-07,13420.0
Gạo NL 25% tấm,Kiên Giang,Thu mua,CTV địa phương,2024-06-05,10750.0
Gạo XK 5% tấm,Kiên Giang,Thu mua,CTV địa phương,2024-06-05,13420.0
Gạo NL 25% tấm,Kiên Giang,Thu mua,CTV địa phương,2024-05-31,10850.0
Gạo XK 5% tấm,Kiên Giang,Thu mua,CTV địa phương,2024-05-31,13520.0
Gạo NL 25% tấm,Kiên Giang,Thu mua,CTV địa phương,2024-05-29,10850.0
Gạo XK 5% tấm,Kiên Giang,Thu mua,CTV địa phương,2024-05-29,13520.0
Gạo NL 25% tấm,Kiên Giang,Thu mua,CTV địa phương,2024-05-24,10850.0
Gạo XK 5% tấm,Kiên Giang,Thu mua,CTV địa phương,2024-05-24,14150.0
Gạo NL 25% tấm,Kiên Giang,Thu mua,CTV địa phương,2024-05-22,10850.0
Gạo XK 5% tấm,Kiên Giang,Thu mua,CTV địa phương,2024-05-22,14150.0
Gạo NL 25% tấm,Kiên Giang,Thu mua,CTV địa phương,2024-05-17,10850.0
Gạo XK 5% tấm,Kiên Giang,Thu mua,CTV địa phương,2024-05-17,14150.0
Gạo NL 25% tấm,Kiên Giang,Thu mua,CTV địa phương,2024-05-15,10850.0
Gạo XK 5% tấm,Kiên Giang,Thu mua,CTV địa phương,2024-05-15,14150.0
Gạo NL 25% tấm,Kiên Giang,Thu mua,CTV địa phương,2024-05-10,10450.0
Gạo XK 5% tấm,Kiên Giang,Thu mua,CTV địa phương,2024-05-10,13750.0
Gạo NL 25% tấm,Kiên Giang,Thu mua,CTV địa phương,2024-05-08,10450.0
Gạo XK 5% tấm,Kiên Giang,Thu mua,CTV địa phương,2024-05-08,13750.0
Gạo NL 25% tấm,Kiên Giang,Thu mua,CTV địa phương,2024-05-03,10450.0
Gạo XK 5% tấm,Kiên Giang,Thu mua,CTV địa phương,2024-05-03,13750.0
Gạo NL 25% tấm,Kiên Giang,Thu mua,CTV địa phương,2024-05-01,10450.0
Gạo XK 5% tấm,Kiên Giang,Thu mua,CTV địa phương,2024-05-01,13750.0
Gạo NL 25% tấm,Kiên Giang,Thu mua,CTV địa phương,2024-04-26,10350.0
Gạo XK 5% tấm,Kiên Giang,Thu mua,CTV địa phương,2024-04-26,13650.0
Gạo NL 25% tấm,Kiên Giang,Thu mua,CTV địa phương,2024-04-24,10350.0
Gạo XK 5% tấm,Kiên Giang,Thu mua,CTV địa phương,2024-04-24,13650.0
Gạo NL 25% tấm,Kiên Giang,Thu mua,CTV địa phương,2024-04-19,10350.0
Gạo XK 5% tấm,Kiên Giang,Thu mua,CTV địa phương,2024-04-19,13650.0
Gạo NL 25% tấm,Kiên Giang,Thu mua,CTV địa phương,2024-04-17,10350.0
Gạo XK 5% tấm,Kiên Giang,Thu mua,CTV địa phương,2024-04-17,13650.0
Gạo NL 25% tấm,Kiên Giang,Thu mua,CTV địa phương,2024-04-12,10350.0
Gạo XK 5% tấm,Kiên Giang,Thu mua,CTV địa phương,2024-04-12,13650.0
Gạo NL 25% tấm,Kiên Giang,Thu mua,CTV địa phương,2024-04-10,10350.0
Gạo XK 5% tấm,Kiên Giang,Thu mua,CTV địa phương,2024-04-10,13650.0
Gạo NL 25% tấm,Kiên Giang,Thu mua,CTV địa phương,2024-04-05,10600.0
Gạo XK 5% tấm,Kiên Giang,Thu mua,CTV địa phương,2024-04-05,13900.0
Gạo NL 25% tấm,Kiên Giang,Thu mua,CTV địa phương,2024-04-03,10600.0
Gạo XK 5% tấm,Kiên Giang,Thu mua,CTV địa phương,2024-04-03,13900.0
Gạo NL 25% tấm,Kiên Giang,Thu mua,CTV địa phương,2024-03-29,10600.0
Gạo XK 5% tấm,Kiên Giang,Thu mua,CTV địa phương,2024-03-29,13900.0
Gạo NL 25% tấm,Kiên Giang,Thu mua,CTV địa phương,2024-03-27,10600.0
Gạo XK 5% tấm,Kiên Giang,Thu mua,CTV địa phương,2024-03-27,13900.0
Gạo NL 25% tấm,Kiên Giang,Thu mua,CTV địa phương,2024-03-22,10600.0
Gạo XK 5% tấm,Kiên Giang,Thu mua,CTV địa phương,2024-03-22,13900.0
Gạo NL 25% tấm,Kiên Giang,Thu mua,CTV địa phương,2024-03-20,10600.0
Gạo XK 5% tấm,Kiên Giang,Thu mua,CTV địa phương,2024-03-20,13900.0
Gạo NL 25% tấm,Kiên Giang,Thu mua,CTV địa phương,2024-03-15,10600.0
Gạo XK 5% tấm,Kiên Giang,Thu mua,CTV địa phương,2024-03-15,13900.0
Gạo NL 25% tấm,Kiên Giang,Thu mua,CTV địa phương,2024-03-13,10600.0
Gạo XK 5% tấm,Kiên Giang,Thu mua,CTV địa phương,2024-03-13,13900.0
Gạo NL 25% tấm,Kiên Giang,Thu mua,CTV địa phương,2024-03-08,10600.0
Gạo XK 5% tấm,Kiên Giang,Thu mua,CTV địa phương,2024-03-08,13900.0
Gạo NL 25% tấm,Kiên Giang,Thu mua,CTV địa phương,2024-03-06,10400.0
Gạo XK 5% tấm,Kiên Giang,Thu mua,CTV địa phương,2024-03-06,13700.0
Gạo NL 25% tấm,Kiên Giang,Thu mua,CTV địa phương,2024-03-01,10400.0
Gạo XK 5% tấm,Kiên Giang,Thu mua,CTV địa phương,2024-03-01,13700.0
Gạo NL 25% tấm,Kiên Giang,Thu mua,CTV địa phương,2024-02-28,10400.0
Gạo XK 5% tấm,Kiên Giang,Thu mua,CTV địa phương,2024-02-28,13600.0
Gạo NL 25% tấm,Kiên Giang,Thu mua,CTV địa phương,2024-02-23,10400.0
Gạo XK 5% tấm,Kiên Giang,Thu mua,CTV địa phương,2024-02-23,13600.0
Gạo NL 25% tấm,Kiên Giang,Thu mua,CTV địa phương,2024-02-21,10400.0
Gạo XK 5% tấm,Kiên Giang,Thu mua,CTV địa phương,2024-02-21,13600.0
Gạo NL 25% tấm,Kiên Giang,Thu mua,CTV địa phương,2024-02-16,10400.0
Gạo XK 5% tấm,Kiên Giang,Thu mua,CTV địa phương,2024-02-16,13600.0
Gạo NL 25% tấm,Kiên Giang,Thu mua,CTV địa phương,2024-02-14,10400.0
Gạo XK 5% tấm,Kiên Giang,Thu mua,CTV địa phương,2024-02-14,13600.0
Gạo NL 25% tấm,Kiên Giang,Thu mua,CTV địa phương,2024-02-09,10400.0
Gạo XK 5% tấm,Kiên Giang,Thu mua,CTV địa phương,2024-02-09,13600.0
Gạo NL 25% tấm,Kiên Giang,Thu mua,CTV địa phương,2024-02-07,10700.0
Gạo XK 5% tấm,Kiên Giang,Thu mua,CTV địa phương,2024-02-07,14000.0
Gạo NL 25% tấm,Kiên Giang,Thu mua,CTV địa phương,2024-02-02,10700.0
Gạo XK 5% tấm,Kiên Giang,Thu mua,CTV địa phương,2024-02-02,14000.0
Gạo NL 25% tấm,Kiên Giang,Thu mua,CTV địa phương,2024-01-31,10700.0
Gạo XK 5% tấm,Kiên Giang,Thu mua,CTV địa phương,2024-01-31,14000.0
Gạo NL 25% tấm,Kiên Giang,Thu mua,CTV địa phương,2024-01-26,10600.0
Gạo XK 5% tấm,Kiên Giang,Thu mua,CTV địa phương,2024-01-26,13800.0
Gạo NL 25% tấm,Kiên Giang,Thu mua,CTV địa phương,2024-01-24,10600.0
Gạo XK 5% tấm,Kiên Giang,Thu mua,CTV địa phương,2024-01-24,13800.0
Gạo NL 25% tấm,Kiên Giang,Thu mua,CTV địa phương,2024-01-19,10600.0
Gạo XK 5% tấm,Kiên Giang,Thu mua,CTV địa phương,2024-01-19,13800.0
Gạo NL 25% tấm,Kiên Giang,Thu mua,CTV địa phương,2024-01-17,10600.0
Gạo XK 5% tấm,Kiên Giang,Thu mua,CTV địa phương,2024-01-17,13800.0
Gạo NL 25% tấm,Kiên Giang,Thu mua,CTV địa phương,2024-01-12,10400.0
Gạo XK 5% tấm,Kiên Giang,Thu mua,CTV địa phương,2024-01-12,13600.0
Gạo NL 25% tấm,Kiên Giang,Thu mua,CTV địa phương,2024-01-10,10400.0
Gạo XK 5% tấm,Kiên Giang,Thu mua,CTV địa phương,2024-01-10,13600.0
Gạo NL 25% tấm,Kiên Giang,Thu mua,CTV địa phương,2024-01-05,10000.0
Gạo XK 5% tấm,Kiên Giang,Thu mua,CTV địa phương,2024-01-05,13200.0
Gạo NL 25% tấm,Kiên Giang,Thu mua,CTV địa phương,2024-01-03,10000.0
Gạo XK 5% tấm,Kiên Giang,Thu mua,CTV địa phương,2024-01-03,13200.0
Gạo thơm Đài Loan (trong),An Giang,Thương lái thu mua,CTV địa phương,2023-12-20,21900.0
Gạo NL 15%,Kiên Giang,Thương lái thu mua,CTV địa phương,2023-12-19,10500.0
Gạo NL 25% tấm,Kiên Giang,Thương lái thu mua,CTV địa phương,2023-12-19,9600.0
Gạo XK 5% tấm,Kiên Giang,Thương lái thu mua,CTV địa phương,2023-12-19,12800.0
Gạo thơm Đài Loan (trong),An Giang,Thương lái thu mua,CTV địa phương,2023-12-18,21800.0
Gạo NL 15%,Kiên Giang,Thương lái thu mua,CTV địa phương,2023-12-14,10300.0
Gạo NL 25% tấm,Kiên Giang,Thương lái thu mua,CTV địa phương,2023-12-14,9400.0
Gạo XK 5% tấm,Kiên Giang,Thương lái thu mua,CTV địa phương,2023-12-14,12600.0
Gạo thơm Đài Loan (trong),An Giang,Thương lái thu mua,CTV địa phương,2023-12-13,21800.0
Gạo NL 15%,Kiên Giang,Thương lái thu mua,CTV địa phương,2023-12-12,10300.0
Gạo NL 25% tấm,Kiên Giang,Thương lái thu mua,CTV địa phương,2023-12-12,9400.0
Gạo XK 5% tấm,Kiên Giang,Thương lái thu mua,CTV địa phương,2023-12-12,12600.0
Gạo thơm Đài Loan (trong),An Giang,Thương lái thu mua,CTV địa phương,2023-12-11,21800.0
Gạo NL 15%,Kiên Giang,Thương lái thu mua,CTV địa phương,2023-12-07,10300.0
Gạo NL 25% tấm,Kiên Giang,Thương lái thu mua,CTV địa phương,2023-12-07,9400.0
Gạo XK 5% tấm,Kiên Giang,Thương lái thu mua,CTV địa phương,2023-12-07,12600.0
Gạo thơm Đài Loan (trong),An Giang,Thương lái thu mua,CTV địa phương,2023-12-06,21900.0
Gạo NL 15%,Kiên Giang,Thương lái thu mua,CTV địa phương,2023-12-05,10100.0
Gạo NL 25% tấm,Kiên Giang,Thương lái thu mua,CTV địa phương,2023-12-05,9200.0
Gạo XK 5% tấm,Kiên Giang,Thương lái thu mua,CTV địa phương,2023-12-05,12400.0
Gạo thơm Đài Loan (trong),An Giang,Thương lái thu mua,CTV địa phương,2023-12-04,21700.0
Gạo NL 15%,Kiên Giang,Thương lái thu mua,CTV địa phương,2023-11-30,10100.0
Gạo NL 25% tấm,Kiên Giang,Thương lái thu mua,CTV địa phương,2023-11-30,9200.0
Gạo XK 5% tấm,Kiên Giang,Thương lái thu mua,CTV địa phương,2023-11-30,12400.0
Gạo thơm Đài Loan (trong),An Giang,Thương lái thu mua,CTV địa phương,2023-11-29,21700.0
Gạo NL 15%,Kiên Giang,Thương lái thu mua,CTV địa phương,2023-11-28,10100.0
Gạo NL 25% tấm,Kiên Giang,Thương lái thu mua,CTV địa phương,2023-11-28,9200.0
Gạo XK 5% tấm,Kiên Giang,Thương lái thu mua,CTV địa phương,2023-11-28,12400.0
Gạo thơm Đài Loan (trong),An Giang,Thương lái thu mua,CTV địa phương,2023-11-27,21700.0
Gạo NL 15%,Kiên Giang,Thương lái thu mua,CTV địa phương,2023-11-23,10100.0
Gạo NL 25% tấm,Kiên Giang,Thương lái thu mua,CTV địa phương,2023-11-23,9200.0
Gạo XK 5% tấm,Kiên Giang,Thương lái thu mua,CTV địa phương,2023-11-23,12400.0
Gạo thơm Đài Loan (trong),An Giang,Thương lái thu mua,CTV địa phương,2023-11-22,21700.0
Gạo NL 15%,Kiên Giang,Thương lái thu mua,CTV địa phương,2023-11-21,10000.0
Gạo NL 25% tấm,Kiên Giang,Thương lái thu mua,CTV địa phương,2023-11-21,9000.0
Gạo XK 5% tấm,Kiên Giang,Thương lái thu mua,CTV địa phương,2023-11-21,12300.0
Gạo thơm Đài Loan (trong),An Giang,Thương lái thu mua,CTV địa phương,2023-11-20,21700.0
Gạo NL 15%,Kiên Giang,Thương lái thu mua,CTV địa phương,2023-11-16,10000.0
Gạo NL 25% tấm,Kiên Giang,Thương lái thu mua,CTV địa phương,2023-11-16,9000.0
Gạo XK 5% tấm,Kiên Giang,Thương lái thu mua,CTV địa phương,2023-11-16,12300.0
Gạo thơm Đài Loan (trong),An Giang,Thương lái thu mua,CTV địa phương,2023-11-15,21500.0
Gạo NL 15%,Kiên Giang,Thương lái thu mua,CTV địa phương,2023-11-14,10000.0
Gạo NL 25% tấm,Kiên Giang,Thương lái thu mua,CTV địa phương,2023-11-14,9000.0
Gạo XK 5% tấm,Kiên Giang,Thương lái thu mua,CTV địa phương,2023-11-14,12300.0
Gạo thơm Đài Loan (trong),An Giang,Thương lái thu mua,CTV địa phương,2023-11-13,21500.0
Gạo NL 15%,Kiên Giang,Thương lái thu mua,CTV địa phương,2023-11-09,10000.0
Gạo NL 25% tấm,Kiên Giang,Thương lái thu mua,CTV địa phương,2023-11-09,9000.0
Gạo XK 5% tấm,Kiên Giang,Thương lái thu mua,CTV địa phương,2023-11-09,12300.0
Gạo thơm Đài Loan (trong),An Giang,Thương lái thu mua,CTV địa phương,2023-11-08,21200.0
Gạo NL 15%,Kiên Giang,Thương lái thu mua,CTV địa phương,2023-11-07,9800.0
Gạo NL 25% tấm,Kiên Giang,Thương lái thu mua,CTV địa phương,2023-11-07,8800.0
Gạo XK 5% tấm,Kiên Giang,Thương lái thu mua,CTV địa phương,2023-11-07,12100.0
Gạo thơm Đài Loan (trong),An Giang,Thương lái thu mua,CTV địa phương,2023-11-06,21200.0
Gạo NL 15%,Kiên Giang,Thương lái thu mua,CTV địa phương,2023-11-02,9800.0
Gạo NL 25% tấm,Kiên Giang,Thương lái thu mua,CTV địa phương,2023-11-02,8800.0
Gạo XK 5% tấm,Kiên Giang,Thương lái thu mua,CTV địa phương,2023-11-02,12100.0
Gạo thơm Đài Loan (trong),An Giang,Thương lái thu mua,CTV địa phương,2023-11-01,21000.0
Gạo NL 15%,Kiên Giang,Thương lái thu mua,CTV địa phương,2023-10-31,9800.0
Gạo NL 25% tấm,Kiên Giang,Thương lái thu mua,CTV địa phương,2023-10-31,8800.0
Gạo XK 5% tấm,Kiên Giang,Thương lái thu mua,CTV địa phương,2023-10-31,12100.0
Gạo thơm Đài Loan (trong),An Giang,Thương lái thu mua,CTV địa phương,2023-10-30,21000.0
Gạo NL 15%,Kiên Giang,Thương lái thu mua,CTV địa phương,2023-10-26,9900.0
Gạo NL 25% tấm,Kiên Giang,Thương lái thu mua,CTV địa phương,2023-10-26,8900.0
Gạo XK 5% tấm,Kiên Giang,Thương lái thu mua,CTV địa phương,2023-10-26,12200.0
Gạo thơm Đài Loan (trong),An Giang,Thương lái thu mua,CTV địa phương,2023-10-25,21000.0
Gạo NL 15%,Kiên Giang,Thương lái thu mua,CTV địa phương,2023-10-24,9900.0
Gạo NL 25% tấm,Kiên Giang,Thương lái thu mua,CTV địa phương,2023-10-24,8900.0
Gạo XK 5% tấm,Kiên Giang,Thương lái thu mua,CTV địa phương,2023-10-24,12200.0
Gạo thơm Đài Loan (trong),An Giang,Thương lái thu mua,CTV địa phương,2023-10-23,21000.0
Gạo NL 25% tấm,Kiên Giang,Thương lái thu mua,CTV địa phương,2023-10-19,10720.0
Gạo XK 5% tấm,Kiên Giang,Thương lái thu mua,CTV địa phương,2023-10-19,12370.0
Lúa OM 5451,Kiên Giang,Thương lái thu mua,CTV địa phương,2023-10-19,8000.0
Gạo thơm Đài Loan (trong),An Giang,Thương lái thu mua,CTV địa phương,2023-10-18,21000.0
Gạo NL 25% tấm,Kiên Giang,Thương lái thu mua,CTV địa phương,2023-10-17,10720.0
Gạo XK 5% tấm,Kiên Giang,Thương lái thu mua,CTV địa phương,2023-10-17,12370.0
Lúa OM 5451,Kiên Giang,Thương lái thu mua,CTV địa phương,2023-10-17,8000.0
Gạo thơm Đài Loan (trong),An Giang,Thương lái thu mua,CTV địa phương,2023-10-16,21100.0
Gạo NL 25% tấm,Kiên Giang,Thương lái thu mua,CTV địa phương,2023-10-12,10720.0
Gạo XK 5% tấm,Kiên Giang,Thương lái thu mua,CTV địa phương,2023-10-12,12370.0
Lúa OM 5451,Kiên Giang,Thương lái thu mua,CTV địa phương,2023-10-12,8000.0
Gạo thơm Đài Loan (trong),An Giang,Thương lái thu mua,CTV địa phương,2023-10-11,21100.0
Gạo Jasmine,Cần Thơ,Thương lái thu mua,CTV địa phương,2023-10-11,15200.0
Gạo NL 25% tấm,Kiên Giang,Thương lái thu mua,CTV địa phương,2023-10-10,10720.0
Gạo XK 5% tấm,Kiên Giang,Thương lái thu mua,CTV địa phương,2023-10-10,12370.0
Lúa OM 5451,Kiên Giang,Thương lái thu mua,CTV địa phương,2023-10-10,7900.0
Gạo thơm Đài Loan (trong),An Giang,Thương lái thu mua,CTV địa phương,2023-10-09,21000.0
Gạo Jasmine,Cần Thơ,Thương lái thu mua,CTV địa phương,2023-10-09,15000.0
Gạo NL 25% tấm,Kiên Giang,Thương lái thu mua,CTV địa phương,2023-10-05,10720.0
Gạo XK 5% tấm,Kiên Giang,Thương lái thu mua,CTV địa phương,2023-10-05,12370.0
Lúa OM 5451,Kiên Giang,Thương lái thu mua,CTV địa phương,2023-10-05,7900.0
Gạo thơm Đài Loan (trong),An Giang,Thương lái thu mua,CTV địa phương,2023-10-04,21000.0
Gạo Jasmine,Cần Thơ,Thương lái thu mua,CTV địa phương,2023-10-04,15000.0
Gạo NL 25% tấm,Kiên Giang,Thương lái thu mua,CTV địa phương,2023-10-03,10720.0
Gạo XK 5% tấm,Kiên Giang,Thương lái thu mua,CTV địa phương,2023-10-03,12370.0
Lúa OM 5451,Kiên Giang,Thương lái thu mua,CTV địa phương,2023-10-03,7900.0
Gạo thơm Đài Loan (trong),An Giang,Thương lái thu mua,CTV địa phương,2023-10-02,21000.0
Gạo Jasmine,Cần Thơ,Thương lái thu mua,CTV địa phương,2023-10-02,15000.0
Gạo thơm Đài Loan (trong),An Giang,Thương lái thu mua,CTV địa phương,2023-09-29,18500.0
Gạo Jasmine,Cần Thơ,Thương lái thu mua,CTV địa phương,2023-09-29,15000.0
Gạo NL 25% tấm,Kiên Giang,Thương lái thu mua,CTV địa phương,2023-09-29,10720.0
Gạo XK 5% tấm,Kiên Giang,Thương lái thu mua,CTV địa phương,2023-09-29,12370.0
Lúa OM 5451,Kiên Giang,Thương lái thu mua,CTV địa phương,2023-09-29,7900.0
Gạo NL 25% tấm,Kiên Giang,Thương lái thu mua,CTV địa phương,2023-09-27,10720.0
Gạo XK 5% tấm,Kiên Giang,Thương lái thu mua,CTV địa phương,2023-09-27,12370.0
Lúa OM 5451,Kiên Giang,Thương lái thu mua,CTV địa phương,2023-09-27,7700.0
Gạo thơm Đài Loan (trong),An Giang,Thương lái thu mua,CTV địa phương,2023-09-26,18500.0
Gạo Jasmine,Cần Thơ,Thương lái thu mua,CTV địa phương,2023-09-26,15000.0
Gạo thơm Đài Loan (trong),An Giang,Thương lái thu mua,CTV địa phương,2023-09-22,21000.0
Gạo Jasmine,Cần Thơ,Thương lái thu mua,CTV địa phương,2023-09-22,15000.0
Gạo NL 25% tấm,Kiên Giang,Thương lái thu mua,CTV địa phương,2023-09-22,10400.0
Gạo XK 5% tấm,Kiên Giang,Thương lái thu mua,CTV địa phương,2023-09-22,12050.0
Lúa OM 5451,Kiên Giang,Thương lái thu mua,CTV địa phương,2023-09-22,7700.0
Gạo NL 25% tấm,Kiên Giang,Thương lái thu mua,CTV địa phương,2023-09-20,10400.0
Gạo XK 5% tấm,Kiên Giang,Thương lái thu mua,CTV địa phương,2023-09-20,12050.0
Lúa OM 5451,Kiên Giang,Thương lái thu mua,CTV địa phương,2023-09-20,7700.0
Gạo thơm Đài Loan (trong),An Giang,Thương lái thu mua,CTV địa phương,2023-09-19,21000.0
Gạo Jasmine,Cần Thơ,Thương lái thu mua,CTV địa phương,2023-09-19,15000.0
Gạo thơm Đài Loan (trong),An Giang,Thương lái thu mua,CTV địa phương,2023-09-15,21000.0
Gạo Jasmine,Cần Thơ,Thương lái thu mua,CTV địa phương,2023-09-15,15000.0
Gạo NL 25% tấm,Kiên Giang,Thương lái thu mua,CTV địa phương,2023-09-15,10720.0
Gạo XK 5% tấm,Kiên Giang,Thương lái thu mua,CTV địa phương,2023-09-15,12370.0
Lúa OM 5451,Kiên Giang,Thương lái thu mua,CTV địa phương,2023-09-15,7600.0
Gạo NL 25% tấm,Kiên Giang,Thương lái thu mua,CTV địa phương,2023-09-13,10720.0
Gạo XK 5% tấm,Kiên Giang,Thương lái thu mua,CTV địa phương,2023-09-13,12370.0
Lúa OM 5451,Kiên Giang,Thương lái thu mua,CTV địa phương,2023-09-13,7600.0
Gạo thơm Đài Loan (trong),An Giang,Thương lái thu mua,CTV địa phương,2023-09-12,21000.0
Gạo Jasmine,Cần Thơ,Thương lái thu mua,CTV địa phương,2023-09-12,15000.0
Gạo thơm Đài Loan (trong),An Giang,Thương lái thu mua,CTV địa phương,2023-09-08,21000.0
Gạo Jasmine,Cần Thơ,Thương lái thu mua,CTV địa phương,2023-09-08,15000.0
Gạo NL 25% tấm,Kiên Giang,Thương lái thu mua,CTV địa phương,2023-09-08,10720.0
Gạo XK 5% tấm,Kiên Giang,Thương lái thu mua,CTV địa phương,2023-09-08,12370.0
Lúa OM 5451,Kiên Giang,Thương lái thu mua,CTV địa phương,2023-09-08,7800.0
Gạo NL 25% tấm,Kiên Giang,Thương lái thu mua,CTV địa phương,2023-09-06,10720.0
Gạo XK 5% tấm,Kiên Giang,Thương lái thu mua,CTV địa phương,2023-09-06,12370.0
Lúa OM 5451,Kiên Giang,Thương lái thu mua,CTV địa phương,2023-09-06,7800.0
Gạo thơm Đài Loan (trong),An Giang,Thương lái thu mua,CTV địa phương,2023-09-05,21000.0
Gạo Jasmine,Cần Thơ,Thương lái thu mua,CTV địa phương,2023-09-05,15000.0
Gạo NL 25% tấm,Kiên Giang,Thương lái thu mua,CTV địa phương,2023-08-30,10620.0
Gạo XK 5% tấm,Kiên Giang,Thương lái thu mua,CTV địa phương,2023-08-30,12270.0
Lúa OM 5451,Kiên Giang,Thương lái thu mua,CTV địa phương,2023-08-30,7600.0
Gạo thơm Đài Loan (trong),An Giang,Thương lái thu mua,CTV địa phương,2023-08-29,21000.0
Gạo Jasmine,Cần Thơ,Thương lái thu mua,CTV địa phương,2023-08-29,15000.0
Gạo thơm Đài Loan (trong),An Giang,Thương lái thu mua,CTV địa phương,2023-08-25,21000.0
Gạo Jasmine,Cần Thơ,Thương lái thu mua,CTV địa phương,2023-08-25,15000.0
Gạo NL 25% tấm,Kiên Giang,Thương lái thu mua,CTV địa phương,2023-08-23,10620.0
Gạo XK 5% tấm,Kiên Giang,Thương lái thu mua,CTV địa phương,2023-08-23,12270.0
Lúa OM 5451,Kiên Giang,Thương lái thu mua,CTV địa phương,2023-08-23,7600.0
Gạo thơm Đài Loan (trong),An Giang,Thương lái thu mua,CTV địa phương,2023-08-22,21000.0
Gạo Jasmine,Cần Thơ,Thương lái thu mua,CTV địa phương,2023-08-22,15000.0
Gạo thơm Đài Loan (trong),An Giang,Thương lái thu mua,CTV địa phương,2023-08-18,21000.0
Gạo Jasmine,Cần Thơ,Thương lái thu mua,CTV địa phương,2023-08-18,15000.0
Gạo NL 25% tấm,Kiên Giang,Thương lái thu mua,CTV địa phương,2023-08-18,10320.0
Gạo XK 5% tấm,Kiên Giang,Thương lái thu mua,CTV địa phương,2023-08-18,11970.0
Lúa OM 5451,Kiên Giang,Thương lái thu mua,CTV địa phương,2023-08-18,7300.0
Gạo NL 25% tấm,Kiên Giang,Thương lái thu mua,CTV địa phương,2023-08-16,10320.0
Gạo XK 5% tấm,Kiên Giang,Thương lái thu mua,CTV địa phương,2023-08-16,11970.0
Lúa OM 5451,Kiên Giang,Thương lái thu mua,CTV địa phương,2023-08-16,7300.0
Gạo thơm Đài Loan (trong),An Giang,Thương lái thu mua,CTV địa phương,2023-08-15,21000.0
Gạo Jasmine,Cần Thơ,Thương lái thu mua,CTV địa phương,2023-08-15,15000.0
Gạo thơm Đài Loan (trong),An Giang,Thương lái thu mua,CTV địa phương,2023-08-11,21000.0
Gạo Jasmine,Cần Thơ,Thương lái thu mua,CTV địa phương,2023-08-11,15000.0
Gạo NL 25% tấm,Kiên Giang,Thương lái thu mua,CTV địa phương,2023-08-11,10220.0
Gạo XK 5% tấm,Kiên Giang,Thương lái thu mua,CTV địa phương,2023-08-11,11870.0
Lúa OM 5451,Kiên Giang,Thương lái thu mua,CTV địa phương,2023-08-11,7300.0
Gạo NL 25% tấm,Kiên Giang,Thương lái thu mua,CTV địa phương,2023-08-09,10220.0
Gạo XK 5% tấm,Kiên Giang,Thương lái thu mua,CTV địa phương,2023-08-09,11870.0
Lúa OM 5451,Kiên Giang,Thương lái thu mua,CTV địa phương,2023-08-09,7300.0
Gạo thơm Đài Loan (trong),An Giang,Thương lái thu mua,CTV địa phương,2023-08-08,21000.0
Gạo Jasmine,Cần Thơ,Thương lái thu mua,CTV địa phương,2023-08-08,15000.0
Gạo thơm Đài Loan (trong),An Giang,Thương lái thu mua,CTV địa phương,2023-08-04,20000.0
Gạo Jasmine,Cần Thơ,Thương lái thu mua,CTV địa phương,2023-08-04,15000.0
Gạo NL 15%,Kiên Giang,Thương lái thu mua,CTV địa phương,2023-08-04,9750.0
Gạo NL 25% tấm,Kiên Giang,Thương lái thu mua,CTV địa phương,2023-08-04,9620.0
Gạo XK 5% tấm,Kiên Giang,Thương lái thu mua,CTV địa phương,2023-08-04,10370.0
Lúa OM 5451,Kiên Giang,Thương lái thu mua,CTV địa phương,2023-08-04,6700.0
Gạo NL 15%,Kiên Giang,Thương lái thu mua,CTV địa phương,2023-08-02,9750.0
Gạo NL 25% tấm,Kiên Giang,Thương lái thu mua,CTV địa phương,2023-08-02,9620.0
Gạo XK 5% tấm,Kiên Giang,Thương lái thu mua,CTV địa phương,2023-08-02,10370.0
Lúa OM 5451,Kiên Giang,Thương lái thu mua,CTV địa phương,2023-08-02,6700.0
Gạo thơm Đài Loan (trong),An Giang,Thương lái thu mua,CTV địa phương,2023-08-01,20000.0
Gạo Jasmine,Cần Thơ,Thương lái thu mua,CTV địa phương,2023-08-01,15000.0
Gạo thơm Đài Loan (trong),An Giang,Thương lái thu mua,CTV địa phương,2023-07-28,20000.0
Gạo Jasmine,Cần Thơ,Thương lái thu mua,CTV địa phương,2023-07-28,15000.0
Gạo NL 15%,Kiên Giang,Thương lái thu mua,CTV địa phương,2023-07-28,9750.0
Gạo NL 25% tấm,Kiên Giang,Thương lái thu mua,CTV địa phương,2023-07-28,9620.0
Gạo XK 5% tấm,Kiên Giang,Thương lái thu mua,CTV địa phương,2023-07-28,10370.0
Lúa OM 5451,Kiên Giang,Thương lái thu mua,CTV địa phương,2023-07-28,6700.0
Gạo NL 15%,Kiên Giang,Thương lái thu mua,CTV địa phương,2023-07-26,9750.0
Gạo NL 25% tấm,Kiên Giang,Thương lái thu mua,CTV địa phương,2023-07-26,9620.0
Gạo XK 5% tấm,Kiên Giang,Thương lái thu mua,CTV địa phương,2023-07-26,10370.0
Lúa OM 5451,Kiên Giang,Thương lái thu mua,CTV địa phương,2023-07-26,6700.0
Gạo thơm Đài Loan (trong),An Giang,Thương lái thu mua,CTV địa phương,2023-07-25,20000.0
Gạo Jasmine,Cần Thơ,Thương lái thu mua,CTV địa phương,2023-07-25,15000.0
Gạo thơm Đài Loan (trong),An Giang,Thương lái thu mua,CTV địa phương,2023-07-21,20000.0
Gạo Jasmine,Cần Thơ,Thương lái thu mua,CTV địa phương,2023-07-21,15000.0
Gạo NL 15%,Kiên Giang,Thương lái thu mua,CTV địa phương,2023-07-21,9720.0
Gạo NL 25% tấm,Kiên Giang,Thương lái thu mua,CTV địa phương,2023-07-21,9570.0
Gạo XK 5% tấm,Kiên Giang,Thương lái thu mua,CTV địa phương,2023-07-21,10320.0
Lúa OM 5451,Kiên Giang,Thương lái thu mua,CTV địa phương,2023-07-21,6400.0
Gạo NL 15%,Kiên Giang,Thương lái thu mua,CTV địa phương,2023-07-19,9720.0
Gạo NL 25% tấm,Kiên Giang,Thương lái thu mua,CTV địa phương,2023-07-19,9570.0
Gạo XK 5% tấm,Kiên Giang,Thương lái thu mua,CTV địa phương,2023-07-19,10320.0
Lúa OM 5451,Kiên Giang,Thương lái thu mua,CTV địa phương,2023-07-19,6400.0
Gạo thơm Đài Loan (trong),An Giang,Thương lái thu mua,CTV địa phương,2023-07-18,20000.0
Gạo Jasmine,Cần Thơ,Thương lái thu mua,CTV địa phương,2023-07-18,15000.0
Gạo thơm Đài Loan (trong),An Giang,Thương lái thu mua,CTV địa phương,2023-07-14,20000.0
Gạo Jasmine,Cần Thơ,Thương lái thu mua,CTV địa phương,2023-07-14,15000.0
Gạo NL 15%,Kiên Giang,Thương lái thu mua,CTV địa phương,2023-07-14,9520.0
Gạo NL 25% tấm,Kiên Giang,Thương lái thu mua,CTV địa phương,2023-07-14,9370.0
Gạo XK 5% tấm,Kiên Giang,Thương lái thu mua,CTV địa phương,2023-07-14,10000.0
Lúa OM 5451,Kiên Giang,Thương lái thu mua,CTV địa phương,2023-07-14,6400.0
Gạo NL 15%,Kiên Giang,Thương lái thu mua,CTV địa phương,2023-07-12,9520.0
Gạo NL 25% tấm,Kiên Giang,Thương lái thu mua,CTV địa phương,2023-07-12,9370.0
Gạo XK 5% tấm,Kiên Giang,Thương lái thu mua,CTV địa phương,2023-07-12,10000.0
Lúa OM 5451,Kiên Giang,Thương lái thu mua,CTV địa phương,2023-07-12,6400.0
Gạo thơm Đài Loan (trong),An Giang,Thương lái thu mua,CTV địa phương,2023-07-11,20000.0
Gạo Jasmine,Cần Thơ,Thương lái thu mua,CTV địa phương,2023-07-11,15000.0
Gạo thơm Đài Loan (trong),An Giang,Thương lái thu mua,CTV địa phương,2023-07-07,20000.0
Gạo Jasmine,Cần Thơ,Thương lái thu mua,CTV địa phương,2023-07-07,15000.0
Gạo NL 15%,Kiên Giang,Thương lái thu mua,CTV địa phương,2023-07-07,9520.0
Gạo NL 25% tấm,Kiên Giang,Thương lái thu mua,CTV địa phương,2023-07-07,9370.0
Gạo XK 5% tấm,Kiên Giang,Thương lái thu mua,CTV địa phương,2023-07-07,10120.0
Lúa OM 5451,Kiên Giang,Thương lái thu mua,CTV địa phương,2023-07-07,6400.0
Gạo NL 15%,Kiên Giang,Thương lái thu mua,CTV địa phương,2023-07-05,9520.0
Gạo NL 25% tấm,Kiên Giang,Thương lái thu mua,CTV địa phương,2023-07-05,9370.0
Gạo XK 5% tấm,Kiên Giang,Thương lái thu mua,CTV địa phương,2023-07-05,10120.0
Lúa OM 5451,Kiên Giang,Thương lái thu mua,CTV địa phương,2023-07-05,6400.0
Gạo thơm Đài Loan (trong),An Giang,Thương lái thu mua,CTV địa phương,2023-07-04,20000.0
Gạo Jasmine,Cần Thơ,Thương lái thu mua,CTV địa phương,2023-07-04,15000.0
Gạo thơm Đài Loan (trong),An Giang,Thương lái thu mua,CTV địa phương,2023-06-30,20000.0
Gạo Jasmine,Cần Thơ,Thương lái thu mua,CTV địa phương,2023-06-30,15000.0
Gạo NL 15%,Kiên Giang,Thương lái thu mua,CTV địa phương,2023-06-30,9522.0
Gạo NL 25% tấm,Kiên Giang,Thương lái thu mua,CTV địa phương,2023-06-30,9322.0
Gạo XK 5% tấm,Kiên Giang,Thương lái thu mua,CTV địa phương,2023-06-30,10122.0
Lúa OM 5451,Kiên Giang,Thương lái thu mua,CTV địa phương,2023-06-30,6322.0
Gạo NL 15%,Kiên Giang,Thương lái thu mua,CTV địa phương,2023-06-28,9522.0
Gạo NL 25% tấm,Kiên Giang,Thương lái thu mua,CTV địa phương,2023-06-28,9322.0
Gạo XK 5% tấm,Kiên Giang,Thương lái thu mua,CTV địa phương,2023-06-28,10022.0
Lúa OM 5451,Kiên Giang,Thương lái thu mua,CTV địa phương,2023-06-28,6322.0
Gạo thơm Đài Loan (trong),An Giang,Thương lái thu mua,CTV địa phương,2023-06-27,20000.0
Gạo Jasmine,Cần Thơ,Thương lái thu mua,CTV địa phương,2023-06-27,15000.0
Gạo thơm Đài Loan (trong),An Giang,Thương lái thu mua,CTV địa phương,2023-06-23,20000.0
Gạo Jasmine,Cần Thơ,Thương lái thu mua,CTV địa phương,2023-06-23,15000.0
Gạo NL 15%,Kiên Giang,Thương lái thu mua,CTV địa phương,2023-06-23,9522.0
Gạo NL 25% tấm,Kiên Giang,Thương lái thu mua,CTV địa phương,2023-06-23,9322.0
Gạo XK 5% tấm,Kiên Giang,Thương lái thu mua,CTV địa phương,2023-06-23,10022.0
Lúa OM 5451,Kiên Giang,Thương lái thu mua,CTV địa phương,2023-06-23,6322.0
Gạo NL 15%,Kiên Giang,Thương lái thu mua,CTV địa phương,2023-06-21,9522.0
Gạo NL 25% tấm,Kiên Giang,Thương lái thu mua,CTV địa phương,2023-06-21,9322.0
Gạo XK 5% tấm,Kiên Giang,Thương lái thu mua,CTV địa phương,2023-06-21,10022.0
Lúa OM 5451,Kiên Giang,Thương lái thu mua,CTV địa phương,2023-06-21,6322.0
Gạo thơm Đài Loan (trong),An Giang,Thương lái thu mua,CTV địa phương,2023-06-20,20000.0
Gạo Jasmine,Cần Thơ,Thương lái thu mua,CTV địa phương,2023-06-20,15000.0
Gạo thơm Đài Loan (trong),An Giang,Thương lái thu mua,CTV địa phương,2023-06-16,20000.0
Gạo Jasmine,Cần Thơ,Thương lái thu mua,CTV địa phương,2023-06-16,15000.0
Gạo NL 15%,Kiên Giang,Thương lái thu mua,CTV địa phương,2023-06-16,9522.0
Gạo NL 25% tấm,Kiên Giang,Thương lái thu mua,CTV địa phương,2023-06-16,9322.0
Gạo XK 5% tấm,Kiên Giang,Thương lái thu mua,CTV địa phương,2023-06-16,10022.0
Lúa OM 5451,Kiên Giang,Thương lái thu mua,CTV địa phương,2023-06-16,6322.0
Gạo NL 15%,Kiên Giang,Thương lái thu mua,CTV địa phương,2023-06-14,9522.0
Gạo NL 25% tấm,Kiên Giang,Thương lái thu mua,CTV địa phương,2023-06-14,9322.0
Gạo XK 5% tấm,Kiên Giang,Thương lái thu mua,CTV địa phương,2023-06-14,10022.0
Lúa OM 5451,Kiên Giang,Thương lái thu mua,CTV địa phương,2023-06-14,6322.0
Gạo thơm Đài Loan (trong),An Giang,Thương lái thu mua,CTV địa phương,2023-06-13,20000.0
Gạo Jasmine,Cần Thơ,Thương lái thu mua,CTV địa phương,2023-06-13,15000.0
Gạo NL 15%,Kiên Giang,Thương lái thu mua,CTV địa phương,2023-06-09,9600.0
Gạo NL 25% tấm,Kiên Giang,Thương lái thu mua,CTV địa phương,2023-06-09,9700.0
Gạo XK 5% tấm,Kiên Giang,Thương lái thu mua,CTV địa phương,2023-06-09,9100.0
Lúa OM 5451,Kiên Giang,Thương lái thu mua,CTV địa phương,2023-06-09,6300.0
Gạo NL 15%,Kiên Giang,Thương lái thu mua,CTV địa phương,2023-06-07,9600.0
Gạo NL 25% tấm,Kiên Giang,Thương lái thu mua,CTV địa phương,2023-06-07,9700.0
Gạo XK 5% tấm,Kiên Giang,Thương lái thu mua,CTV địa phương,2023-06-07,9100.0
Lúa OM 5451,Kiên Giang,Thương lái thu mua,CTV địa phương,2023-06-07,6300.0
Gạo thơm Đài Loan (trong),An Giang,Thương lái thu mua,CTV địa phương,2023-06-06,20000.0
Gạo Jasmine,Cần Thơ,Thương lái thu mua,CTV địa phương,2023-06-06,15000.0
Gạo thơm Đài Loan (trong),An Giang,Thương lái thu mua,CTV địa phương,2023-06-03,20000.0
Gạo Jasmine,Cần Thơ,Thương lái thu mua,CTV địa phương,2023-06-03,15000.0
Gạo thơm Đài Loan (trong),An Giang,Thương lái thu mua,CTV địa phương,2023-05-26,20000.0
Gạo Jasmine,Cần Thơ,Thương lái thu mua,CTV địa phương,2023-05-26,15000.0
Gạo NL 15%,Kiên Giang,Thương lái thu mua,CTV địa phương,2023-05-26,9622.0
Gạo NL 25% tấm,Kiên Giang,Thương lái thu mua,CTV địa phương,2023-05-26,9722.0
Gạo XK 5% tấm,Kiên Giang,Thương lái thu mua,CTV địa phương,2023-05-26,9122.0
Lúa OM 5451,Kiên Giang,Thương lái thu mua,CTV địa phương,2023-05-26,6422.0
Gạo NL 15%,Kiên Giang,Thương lái thu mua,CTV địa phương,2023-05-24,9622.0
Gạo NL 25% tấm,Kiên Giang,Thương lái thu mua,CTV địa phương,2023-05-24,9722.0
Gạo XK 5% tấm,Kiên Giang,Thương lái thu mua,CTV địa phương,2023-05-24,9122.0
Lúa OM 5451,Kiên Giang,Thương lái thu mua,CTV địa phương,2023-05-24,6422.0
Gạo thơm Đài Loan (trong),An Giang,Thương lái thu mua,CTV địa phương,2023-05-23,20000.0
Gạo Jasmine,Cần Thơ,Thương lái thu mua,CTV địa phương,2023-05-23,15000.0
Gạo thơm Đài Loan (trong),An Giang,Thương lái thu mua,CTV địa phương,2023-05-19,20000.0
Gạo Jasmine,Cần Thơ,Thương lái thu mua,CTV địa phương,2023-05-19,15000.0
Gạo NL 15%,Kiên Giang,Thương lái thu mua,CTV địa phương,2023-05-19,9522.0
Gạo NL 25% tấm,Kiên Giang,Thương lái thu mua,CTV địa phương,2023-05-19,9622.0
Gạo XK 5% tấm,Kiên Giang,Thương lái thu mua,CTV địa phương,2023-05-19,9022.0
Lúa OM 5451,Kiên Giang,Thương lái thu mua,CTV địa phương,2023-05-19,6322.0
Gạo thơm Đài Loan (trong),An Giang,Khác,CTV địa phương,2023-05-18,20000.0
Gạo IR50404,Cần Thơ,Khác,CTV địa phương,2023-05-18,10000.0
Gạo NL 15%,Kiên Giang,Thương lái thu mua,CTV địa phương,2023-05-17,9522.0
Gạo NL 25% tấm,Kiên Giang,Thương lái thu mua,CTV địa phương,2023-05-17,9622.0
Gạo XK 5% tấm,Kiên Giang,Thương lái thu mua,CTV địa phương,2023-05-17,9022.0
Lúa OM 5451,Kiên Giang,Thương lái thu mua,CTV địa phương,2023-05-17,6322.0
Gạo thơm Đài Loan (trong),An Giang,Thương lái thu mua,CTV địa phương,2023-05-16,20000.0
Gạo Jasmine,Cần Thơ,Thương lái thu mua,CTV địa phương,2023-05-16,15000.0
Gạo IR50404,Cần Thơ,Khác,CTV địa phương,2023-05-15,10000.0
Gạo thơm Đài Loan (trong),An Giang,Thương lái thu mua,CTV địa phương,2023-05-12,20000.0
Gạo IR50404,Đồng Tháp,Khác,CTV địa phương,2023-05-12,6600.0
Gạo NL 15%,Kiên Giang,Khác,CTV địa phương,2023-05-12,9640.0
Gạo NL 15%,Kiên Giang,Thương lái thu mua,CTV địa phương,2023-05-12,9622.0
Gạo NL 25% tấm,Kiên Giang,Khác,CTV địa phương,2023-05-12,9700.0
Gạo NL 25% tấm,Kiên Giang,Thương lái thu mua,CTV địa phương,2023-05-12,9722.0
Gạo XK 5% tấm,Kiên Giang,Khác,CTV địa phương,2023-05-12,10000.0
Gạo XK 5% tấm,Kiên Giang,Thương lái thu mua,CTV địa phương,2023-05-12,10022.0
Lúa OM 5451,Kiên Giang,Khác,CTV địa phương,2023-05-12,6500.0
Lúa OM 5451,Kiên Giang,Thương lái thu mua,CTV địa phương,2023-05-12,6322.0
Gạo thơm Đài Loan (trong),An Giang,Khác,CTV địa phương,2023-05-11,20000.0
Gạo IR50404,Cần Thơ,Khác,CTV địa phương,2023-05-11,10000.0
Gạo NL 15%,Kiên Giang,Khác,CTV địa phương,2023-05-11,9640.0
Gạo NL 25% tấm,Kiên Giang,Khác,CTV địa phương,2023-05-11,9700.0
Gạo XK 5% tấm,Kiên Giang,Khác,CTV địa phương,2023-05-11,10000.0
Lúa OM 5451,Kiên Giang,Khác,CTV địa phương,2023-05-11,6500.0
Gạo thơm Đài Loan (trong),An Giang,Khác,CTV địa phương,2023-05-10,20000.0
Gạo NL 15%,Kiên Giang,Thương lái thu mua,CTV địa phương,2023-05-10,9622.0
Gạo NL 25% tấm,Kiên Giang,Thương lái thu mua,CTV địa phương,2023-05-10,9722.0
Gạo XK 5% tấm,Kiên Giang,Thương lái thu mua,CTV địa phương,2023-05-10,10022.0
Lúa OM 5451,Kiên Giang,Thương lái thu mua,CTV địa phương,2023-05-10,6322.0
Gạo thơm Đài Loan (trong),An Giang,Thương lái thu mua,CTV địa phương,2023-05-09,20000.0
Gạo IR50404,Cần Thơ,Khác,CTV địa phương,2023-05-08,10000.0
Gạo Bắc thơm,Hà Nội,Khác,CTV địa phương,2023-05-08,17000.0
Lúa Bắc thơm,Hà Nội,Khác,CTV địa phương,2023-05-08,10000.0
Lúa Khang dân,Hà Nội,Khác,CTV địa phương,2023-05-08,8000.0
Gạo thơm Đài Loan (trong),An Giang,Thương lái thu mua,CTV địa phương,2023-05-05,20000.0
Gạo IR50404,Đồng Tháp,Khác,CTV địa phương,2023-05-05,6600.0
Gạo NL 15%,Kiên Giang,Thương lái thu mua,CTV địa phương,2023-05-05,9600.0
Gạo NL 25% tấm,Kiên Giang,Thương lái thu mua,CTV địa phương,2023-05-05,9700.0
Gạo XK 5% tấm,Kiên Giang,Thương lái thu mua,CTV địa phương,2023-05-05,10000.0
Lúa OM 5451,Kiên Giang,Thương lái thu mua,CTV địa phương,2023-05-05,6400.0
Gạo thơm Đài Loan (trong),An Giang,Khác,CTV địa phương,2023-05-04,20000.0
Gạo IR50404,Cần Thơ,Khác,CTV địa phương,2023-05-04,10000.0
Gạo NL 15%,Kiên Giang,Khác,CTV địa phương,2023-05-04,9640.0
Gạo NL 25% tấm,Kiên Giang,Khác,CTV địa phương,2023-05-04,9700.0
Gạo XK 5% tấm,Kiên Giang,Khác,CTV địa phương,2023-05-04,10000.0
Lúa OM 5451,Kiên Giang,Khác,CTV địa phương,2023-05-04,6550.0
Gạo NL 15%,Kiên Giang,Thương lái thu mua,CTV địa phương,2023-05-03,9600.0
Gạo NL 25% tấm,Kiên Giang,Thương lái thu mua,CTV địa phương,2023-05-03,9700.0
Gạo XK 5% tấm,Kiên Giang,Thương lái thu mua,CTV địa phương,2023-05-03,10000.0
Lúa OM 5451,Kiên Giang,Thương lái thu mua,CTV địa phương,2023-05-03,6400.0
Gạo thơm Đài Loan (trong),An Giang,Thương lái thu mua,CTV địa phương,2023-05-02,20000.0
Gạo IR50404,Cần Thơ,Khác,CTV địa phương,2023-05-01,10000.0
Gạo thơm Đài Loan (trong),An Giang,Thương lái thu mua,CTV địa phương,2023-04-28,20000.0
Gạo Jasmine,Cần Thơ,Thương lái thu mua,CTV địa phương,2023-04-28,15000.0
Gạo thơm Đài Loan (trong),An Giang,Khác,CTV địa phương,2023-04-27,20000.0
Gạo IR50404,Cần Thơ,Khác,CTV địa phương,2023-04-27,10000.0
Gạo IR50404,Đồng Tháp,Khác,CTV địa phương,2023-04-27,6500.0
Gạo NL 15%,Kiên Giang,Khác,CTV địa phương,2023-04-27,9640.0
Gạo NL 15%,Kiên Giang,Thương lái thu mua,CTV địa phương,2023-04-27,9622.0
Gạo NL 25% tấm,Kiên Giang,Khác,CTV địa phương,2023-04-27,9700.0
Gạo NL 25% tấm,Kiên Giang,Thương lái thu mua,CTV địa phương,2023-04-27,9722.0
Gạo XK 5% tấm,Kiên Giang,Khác,CTV địa phương,2023-04-27,10000.0
Gạo XK 5% tấm,Kiên Giang,Thương lái thu mua,CTV địa phương,2023-04-27,10022.0
Lúa OM 5451,Kiên Giang,Khác,CTV địa phương,2023-04-27,6550.0
Lúa OM 5451,Kiên Giang,Thương lái thu mua,CTV địa phương,2023-04-27,6422.0
Gạo thơm Đài Loan (trong),An Giang,Khác,CTV địa phương,2023-04-26,20000.0
Gạo thơm Đài Loan (trong),An Giang,Thương lái thu mua,CTV địa phương,2023-04-25,20000.0
Gạo Jasmine,Cần Thơ,Thương lái thu mua,CTV địa phương,2023-04-25,15000.0
Gạo NL 15%,Kiên Giang,Thương lái thu mua,CTV địa phương,2023-04-25,9622.0
Gạo NL 25% tấm,Kiên Giang,Thương lái thu mua,CTV địa phương,2023-04-25,9722.0
Gạo XK 5% tấm,Kiên Giang,Thương lái thu mua,CTV địa phương,2023-04-25,10022.0
Lúa OM 5451,Kiên Giang,Thương lái thu mua,CTV địa phương,2023-04-25,6422.0
Gạo Bắc thơm,Hà Nội,Khác,CTV địa phương,2023-04-24,17000.0
Lúa Bắc thơm,Hà Nội,Khác,CTV địa phương,2023-04-24,11000.0
Gạo thơm Đài Loan (trong),An Giang,Thương lái thu mua,CTV địa phương,2023-04-21,20000.0
Gạo Jasmine,Cần Thơ,Thương lái thu mua,CTV địa phương,2023-04-21,15000.0
Gạo NL 15%,Kiên Giang,Thương lái thu mua,CTV địa phương,2023-04-21,9622.0
Gạo NL 25% tấm,Kiên Giang,Thương lái thu mua,CTV địa phương,2023-04-21,9722.0
Gạo XK 5% tấm,Kiên Giang,Thương lái thu mua,CTV địa phương,2023-04-21,10022.0
Lúa OM 5451,Kiên Giang,Thương lái thu mua,CTV địa phương,2023-04-21,6422.0
Gạo IR50404,Đồng Tháp,Khác,CTV địa phương,2023-04-20,6600.0
Gạo Bắc thơm,Hà Nội,Khác,CTV địa phương,2023-04-20,16000.0
Lúa Bắc thơm,Hà Nội,Khác,CTV địa phương,2023-04-20,10000.0
Lúa Khang dân,Hà Nội,Khác,CTV địa phương,2023-04-20,8000.0
Gạo NL 15%,Kiên Giang,Khác,CTV địa phương,2023-04-20,9640.0
Gạo NL 25% tấm,Kiên Giang,Khác,CTV địa phương,2023-04-20,9700.0
Gạo XK 5% tấm,Kiên Giang,Khác,CTV địa phương,2023-04-20,10000.0
Lúa OM 5451,Kiên Giang,Khác,CTV địa phương,2023-04-20,6550.0
Gạo thơm Đài Loan (trong),An Giang,Khác,CTV địa phương,2023-04-19,20000.0
Gạo NL 15%,Kiên Giang,Thương lái thu mua,CTV địa phương,2023-04-19,9622.0
Gạo NL 25% tấm,Kiên Giang,Thương lái thu mua,CTV địa phương,2023-04-19,9722.0
Gạo XK 5% tấm,Kiên Giang,Thương lái thu mua,CTV địa phương,2023-04-19,10022.0
Lúa OM 5451,Kiên Giang,Thương lái thu mua,CTV địa phương,2023-04-19,6422.0
Gạo thơm Đài Loan (trong),An Giang,Thương lái thu mua,CTV địa phương,2023-04-18,20000.0
Gạo Jasmine,Cần Thơ,Thương lái thu mua,CTV địa phương,2023-04-18,15000.0
Gạo thơm Đài Loan (trong),An Giang,Thương lái thu mua,CTV địa phương,2023-04-14,20000.0
Gạo Jasmine,Cần Thơ,Thương lái thu mua,CTV địa phương,2023-04-14,15000.0
Gạo NL 15%,Kiên Giang,Thương lái thu mua,CTV địa phương,2023-04-14,9622.0
Gạo NL 25% tấm,Kiên Giang,Thương lái thu mua,CTV địa phương,2023-04-14,9722.0
Gạo XK 5% tấm,Kiên Giang,Thương lái thu mua,CTV địa phương,2023-04-14,10022.0
Lúa OM 5451,Kiên Giang,Thương lái thu mua,CTV địa phương,2023-04-14,6422.0
Gạo Bắc thơm,Hà Nội,Khác,CTV địa phương,2023-04-13,16000.0
Lúa Bắc thơm,Hà Nội,Khác,CTV địa phương,2023-04-13,9500.0
Lúa Khang dân,Hà Nội,Khác,CTV địa phương,2023-04-13,8500.0
Gạo NL 15%,Kiên Giang,Khác,CTV địa phương,2023-04-13,9640.0
Gạo NL 25% tấm,Kiên Giang,Khác,CTV địa phương,2023-04-13,9700.0
Gạo XK 5% tấm,Kiên Giang,Khác,CTV địa phương,2023-04-13,10000.0
Lúa OM 5451,Kiên Giang,Khác,CTV địa phương,2023-04-13,6550.0
Gạo thơm Đài Loan (trong),An Giang,Khác,CTV địa phương,2023-04-12,20000.0
Gạo NL 15%,Kiên Giang,Thương lái thu mua,CTV địa phương,2023-04-12,9622.0
Gạo NL 25% tấm,Kiên Giang,Thương lái thu mua,CTV địa phương,2023-04-12,9722.0
Gạo XK 5% tấm,Kiên Giang,Thương lái thu mua,CTV địa phương,2023-04-12,10022.0
Lúa OM 5451,Kiên Giang,Thương lái thu mua,CTV địa phương,2023-04-12,6422.0
Gạo thơm Đài Loan (trong),An Giang,Thương lái thu mua,CTV địa phương,2023-04-11,20000.0
Gạo Jasmine,Cần Thơ,Thương lái thu mua,CTV địa phương,2023-04-11,15000.0
Gạo Bắc thơm,Hà Nội,Khác,CTV địa phương,2023-04-10,16500.0
Lúa Bắc thơm,Hà Nội,Khác,CTV địa phương,2023-04-10,10000.0
Lúa Khang dân,Hà Nội,Khác,CTV địa phương,2023-04-10,8500.0
Gạo thơm Đài Loan (trong),An Giang,Thương lái thu mua,CTV địa phương,2023-04-07,20000.0
Gạo Jasmine,Cần Thơ,Thương lái thu mua,CTV địa phương,2023-04-07,15000.0
Gạo NL 15%,Kiên Giang,Khác,CTV địa phương,2023-04-07,9540.0
Gạo NL 15%,Kiên Giang,Thương lái thu mua,CTV địa phương,2023-04-07,9500.0
Gạo NL 25% tấm,Kiên Giang,Khác,CTV địa phương,2023-04-07,9600.0
Gạo NL 25% tấm,Kiên Giang,Thương lái thu mua,CTV địa phương,2023-04-07,9600.0
Gạo XK 5% tấm,Kiên Giang,Khác,CTV địa phương,2023-04-07,9900.0
Gạo XK 5% tấm,Kiên Giang,Thương lái thu mua,CTV địa phương,2023-04-07,9900.0
Lúa OM 5451,Kiên Giang,Khác,CTV địa phương,2023-04-07,6450.0
Lúa OM 5451,Kiên Giang,Thương lái thu mua,CTV địa phương,2023-04-07,6200.0
Gạo IR50404,Đồng Tháp,Khác,CTV địa phương,2023-04-06,6300.0
Gạo Bắc thơm,Hà Nội,Khác,CTV địa phương,2023-04-06,16000.0
Lúa Bắc thơm,Hà Nội,Khác,CTV địa phương,2023-04-06,10000.0
Lúa Khang dân,Hà Nội,Khác,CTV địa phương,2023-04-06,8500.0
Gạo thơm Đài Loan (trong),An Giang,Khác,CTV địa phương,2023-04-05,20000.0
Gạo NL 15%,Kiên Giang,Thương lái thu mua,CTV địa phương,2023-04-05,9500.0
Gạo NL 25% tấm,Kiên Giang,Thương lái thu mua,CTV địa phương,2023-04-05,9600.0
Gạo XK 5% tấm,Kiên Giang,Thương lái thu mua,CTV địa phương,2023-04-05,9900.0
Lúa OM 5451,Kiên Giang,Thương lái thu mua,CTV địa phương,2023-04-05,6200.0
Gạo thơm Đài Loan (trong),An Giang,Thương lái thu mua,CTV địa phương,2023-04-04,20000.0
Gạo Jasmine,Cần Thơ,Thương lái thu mua,CTV địa phương,2023-04-04,15000.0
Gạo Bắc thơm,Hà Nội,Khác,CTV địa phương,2023-04-03,16500.0
Lúa Bắc thơm,Hà Nội,Khác,CTV địa phương,2023-04-03,10500.0
Lúa Khang dân,Hà Nội,Khác,CTV địa phương,2023-04-03,8500.0
Gạo thơm Đài Loan (trong),An Giang,Thương lái thu mua,CTV địa phương,2023-03-31,20000.0
Gạo Jasmine,Cần Thơ,Thương lái thu mua,CTV địa phương,2023-03-31,15000.0
Gạo NL 15%,Kiên Giang,Khác,CTV địa phương,2023-03-31,9640.0
Gạo NL 25% tấm,Kiên Giang,Khác,CTV địa phương,2023-03-31,9700.0
Gạo XK 5% tấm,Kiên Giang,Khác,CTV địa phương,2023-03-31,10200.0
Lúa OM 5451,Kiên Giang,Khác,CTV địa phương,2023-03-31,6450.0
Gạo thơm Đài Loan (trong),An Giang,Khác,CTV địa phương,2023-03-30,20000.0
Gạo Bắc thơm,Hà Nội,Khác,CTV địa phương,2023-03-30,17000.0
Lúa Bắc thơm,Hà Nội,Khác,CTV địa phương,2023-03-30,10500.0
Lúa Khang dân,Hà Nội,Khác,CTV địa phương,2023-03-30,8500.0
Gạo thơm Đài Loan (trong),An Giang,Khác,CTV địa phương,2023-03-29,20000.0
Gạo NL 15%,Kiên Giang,Thương lái thu mua,CTV địa phương,2023-03-29,9720.0
Gạo NL 25% tấm,Kiên Giang,Thương lái thu mua,CTV địa phương,2023-03-29,9600.0
Gạo XK 5% tấm,Kiên Giang,Thương lái thu mua,CTV địa phương,2023-03-29,10300.0
Lúa OM 5451,Kiên Giang,Thương lái thu mua,CTV địa phương,2023-03-29,6700.0
Gạo thơm Đài Loan (trong),An Giang,Thương lái thu mua,CTV địa phương,2023-03-28,20000.0
Gạo Jasmine,Cần Thơ,Thương lái thu mua,CTV địa phương,2023-03-28,15000.0
Gạo Bắc thơm,Hà Nội,Khác,CTV địa phương,2023-03-27,16000.0
Lúa Bắc thơm,Hà Nội,Khác,CTV địa phương,2023-03-27,9500.0
Lúa Khang dân,Hà Nội,Khác,CTV địa phương,2023-03-27,8500.0
Gạo IR50404,Đồng Tháp,Khác,CTV địa phương,2023-03-26,6300.0
Gạo thơm Đài Loan (trong),An Giang,Thương lái thu mua,CTV địa phương,2023-03-24,20000.0
Gạo Jasmine,Cần Thơ,Thương lái thu mua,CTV địa phương,2023-03-24,15000.0
Gạo Bắc thơm,Hà Nội,Khác,CTV địa phương,2023-03-23,17000.0
Lúa Bắc thơm,Hà Nội,Khác,CTV địa phương,2023-03-23,11000.0
Gạo NL 15%,Kiên Giang,Khác,CTV địa phương,2023-03-23,9620.0
Gạo NL 25% tấm,Kiên Giang,Khác,CTV địa phương,2023-03-23,9500.0
Gạo XK 5% tấm,Kiên Giang,Khác,CTV địa phương,2023-03-23,10200.0
Lúa OM 5451,Kiên Giang,Khác,CTV địa phương,2023-03-23,6550.0
Gạo NL 15%,Kiên Giang,Thương lái thu mua,CTV địa phương,2023-03-22,9720.0
Gạo NL 25% tấm,Kiên Giang,Thương lái thu mua,CTV địa phương,2023-03-22,9600.0
Gạo XK 5% tấm,Kiên Giang,Thương lái thu mua,CTV địa phương,2023-03-22,10300.0
Lúa OM 5451,Kiên Giang,Thương lái thu mua,CTV địa phương,2023-03-22,6700.0
Gạo thơm Đài Loan (trong),An Giang,Thương lái thu mua,CTV địa phương,2023-03-21,20000.0
Gạo Jasmine,Cần Thơ,Thương lái thu mua,CTV địa phương,2023-03-21,15000.0
Gạo Bắc thơm,Hà Nội,Khác,CTV địa phương,2023-03-20,16000.0
Lúa Bắc thơm,Hà Nội,Khác,CTV địa phương,2023-03-20,10000.0
Lúa Khang dân,Hà Nội,Khác,CTV địa phương,2023-03-20,8500.0
Gạo thơm Đài Loan (trong),An Giang,Thương lái thu mua,CTV địa phương,2023-03-17,20000.0
Gạo Jasmine,Cần Thơ,Thương lái thu mua,CTV địa phương,2023-03-17,15000.0
Gạo NL 15%,Kiên Giang,Thương lái thu mua,CTV địa phương,2023-03-17,9520.0
Gạo NL 25% tấm,Kiên Giang,Thương lái thu mua,CTV địa phương,2023-03-17,9400.0
Gạo XK 5% tấm,Kiên Giang,Thương lái thu mua,CTV địa phương,2023-03-17,10100.0
Lúa OM 5451,Kiên Giang,Thương lái thu mua,CTV địa phương,2023-03-17,6500.0
Gạo IR50404,Đồng Tháp,Khác,CTV địa phương,2023-03-16,6300.0
Gạo NL 15%,Kiên Giang,Khác,CTV địa phương,2023-03-16,9620.0
Gạo NL 25% tấm,Kiên Giang,Khác,CTV địa phương,2023-03-16,9500.0
Gạo XK 5% tấm,Kiên Giang,Khác,CTV địa phương,2023-03-16,10200.0
Lúa OM 5451,Kiên Giang,Khác,CTV địa phương,2023-03-16,6550.0
Gạo thơm Đài Loan (trong),An Giang,Khác,CTV địa phương,2023-03-15,20000.0
Gạo NL 15%,Kiên Giang,Thương lái thu mua,CTV địa phương,2023-03-15,9640.0
Gạo NL 25% tấm,Kiên Giang,Thương lái thu mua,CTV địa phương,2023-03-15,9700.0
Gạo XK 5% tấm,Kiên Giang,Thương lái thu mua,CTV địa phương,2023-03-15,10200.0
Lúa OM 5451,Kiên Giang,Thương lái thu mua,CTV địa phương,2023-03-15,6200.0
Gạo thơm Đài Loan (trong),An Giang,Thương lái thu mua,CTV địa phương,2023-03-14,20000.0
Gạo Jasmine,Cần Thơ,Thương lái thu mua,CTV địa phương,2023-03-14,15000.0
Gạo Bắc thơm,Hà Nội,Khác,CTV địa phương,2023-03-13,17000.0
Lúa Bắc thơm,Hà Nội,Khác,CTV địa phương,2023-03-13,11000.0
Lúa Khang dân,Hà Nội,Khác,CTV địa phương,2023-03-13,8000.0
Gạo thơm Đài Loan (trong),An Giang,Thương lái thu mua,CTV địa phương,2023-03-10,20000.0
Gạo Jasmine,Cần Thơ,Thương lái thu mua,CTV địa phương,2023-03-10,15000.0
Gạo NL 15%,Kiên Giang,Khác,CTV địa phương,2023-03-10,9520.0
Gạo NL 15%,Kiên Giang,Thương lái thu mua,CTV địa phương,2023-03-10,9620.0
Gạo NL 25% tấm,Kiên Giang,Khác,CTV địa phương,2023-03-10,9400.0
Gạo NL 25% tấm,Kiên Giang,Thương lái thu mua,CTV địa phương,2023-03-10,9500.0
Gạo XK 5% tấm,Kiên Giang,Khác,CTV địa phương,2023-03-10,10100.0
Gạo XK 5% tấm,Kiên Giang,Thương lái thu mua,CTV địa phương,2023-03-10,10200.0
Lúa OM 5451,Kiên Giang,Thương lái thu mua,CTV địa phương,2023-03-10,6400.0
Gạo thơm Đài Loan (trong),An Giang,Khác,CTV địa phương,2023-03-09,20000.0
Gạo IR50404,Đồng Tháp,Khác,CTV địa phương,2023-03-09,6050.0
Gạo Bắc thơm,Hà Nội,Khác,CTV địa phương,2023-03-09,15500.0
Lúa Bắc thơm,Hà Nội,Khác,CTV địa phương,2023-03-09,10000.0
Lúa Khang dân,Hà Nội,Khác,CTV địa phương,2023-03-09,8000.0
Gạo thơm Đài Loan (trong),An Giang,Khác,CTV địa phương,2023-03-08,20000.0
Gạo NL 15%,Kiên Giang,Thương lái thu mua,CTV địa phương,2023-03-08,9620.0
Gạo NL 25% tấm,Kiên Giang,Thương lái thu mua,CTV địa phương,2023-03-08,9500.0
Gạo XK 5% tấm,Kiên Giang,Thương lái thu mua,CTV địa phương,2023-03-08,10200.0
Lúa OM 5451,Kiên Giang,Thương lái thu mua,CTV địa phương,2023-03-08,6400.0
Gạo thơm Đài Loan (trong),An Giang,Thương lái thu mua,CTV địa phương,2023-03-07,20000.0
Gạo Jasmine,Cần Thơ,Thương lái thu mua,CTV địa phương,2023-03-07,15000.0
Gạo Bắc thơm,Hà Nội,Khác,CTV địa phương,2023-03-06,16000.0
Lúa Bắc thơm,Hà Nội,Khác,CTV địa phương,2023-03-06,11500.0
Lúa Khang dân,Hà Nội,Khác,CTV địa phương,2023-03-06,8000.0
Gạo NL 15%,Kiên Giang,Thương lái thu mua,CTV địa phương,2023-03-05,9520.0
Gạo NL 25% tấm,Kiên Giang,Thương lái thu mua,CTV địa phương,2023-03-05,9400.0
Gạo XK 5% tấm,Kiên Giang,Thương lái thu mua,CTV địa phương,2023-03-05,10100.0
Gạo thơm Đài Loan (trong),An Giang,Thương lái thu mua,CTV địa phương,2023-03-03,20000.0
Gạo Jasmine,Cần Thơ,Thương lái thu mua,CTV địa phương,2023-03-03,15000.0
Gạo NL 15%,Kiên Giang,Khác,CTV địa phương,2023-03-02,9520.0
Gạo NL 25% tấm,Kiên Giang,Khác,CTV địa phương,2023-03-02,9400.0
Gạo XK 5% tấm,Kiên Giang,Khác,CTV địa phương,2023-03-02,10100.0
Lúa OM 5451,Kiên Giang,Khác,CTV địa phương,2023-03-02,6600.0
Gạo thơm Đài Loan (trong),An Giang,Khác,CTV địa phương,2023-03-01,20000.0
Gạo NL 15%,Kiên Giang,Thương lái thu mua,CTV địa phương,2023-03-01,9720.0
Gạo NL 25% tấm,Kiên Giang,Thương lái thu mua,CTV địa phương,2023-03-01,9600.0
Gạo XK 5% tấm,Kiên Giang,Thương lái thu mua,CTV địa phương,2023-03-01,10300.0
Lúa OM 5451,Kiên Giang,Thương lái thu mua,CTV địa phương,2023-03-01,6700.0
Gạo thơm Đài Loan (trong),An Giang,Thương lái thu mua,CTV địa phương,2023-02-28,20000.0
Gạo Jasmine,Cần Thơ,Thương lái thu mua,CTV địa phương,2023-02-28,15000.0
Gạo Bắc thơm,Hà Nội,Khác,CTV địa phương,2023-02-27,16500.0
Lúa Bắc thơm,Hà Nội,Khác,CTV địa phương,2023-02-27,12500.0
Lúa Khang dân,Hà Nội,Khác,CTV địa phương,2023-02-27,8000.0
Gạo NL 15%,Kiên Giang,Thương lái thu mua,CTV địa phương,2023-02-25,9720.0
Gạo NL 25% tấm,Kiên Giang,Thương lái thu mua,CTV địa phương,2023-02-25,9600.0
Gạo XK 5% tấm,Kiên Giang,Thương lái thu mua,CTV địa phương,2023-02-25,10300.0
Lúa OM 5451,Kiên Giang,Thương lái thu mua,CTV địa phương,2023-02-25,6700.0
Gạo thơm Đài Loan (trong),An Giang,Thương lái thu mua,CTV địa phương,2023-02-24,20000.0
Gạo Jasmine,Cần Thơ,Thương lái thu mua,CTV địa phương,2023-02-24,15000.0
Gạo IR50404,Đồng Tháp,Khác,CTV địa phương,2023-02-23,6500.0
Gạo Bắc thơm,Hà Nội,Khác,CTV địa phương,2023-02-23,17000.0
Lúa Bắc thơm,Hà Nội,Khác,CTV địa phương,2023-02-23,12500.0
Lúa Khang dân,Hà Nội,Khác,CTV địa phương,2023-02-23,8500.0
Gạo NL 15%,Kiên Giang,Khác,CTV địa phương,2023-02-23,9470.0
Gạo NL 25% tấm,Kiên Giang,Khác,CTV địa phương,2023-02-23,9350.0
Gạo XK 5% tấm,Kiên Giang,Khác,CTV địa phương,2023-02-23,10050.0
Lúa OM 5451,Kiên Giang,Khác,CTV địa phương,2023-02-23,6550.0
Gạo thơm Đài Loan (trong),An Giang,Khác,CTV địa phương,2023-02-22,20000.0
Gạo NL 15%,Kiên Giang,Thương lái thu mua,CTV địa phương,2023-02-22,9720.0
Gạo NL 25% tấm,Kiên Giang,Thương lái thu mua,CTV địa phương,2023-02-22,9600.0
Gạo XK 5% tấm,Kiên Giang,Thương lái thu mua,CTV địa phương,2023-02-22,10300.0
Lúa OM 5451,Kiên Giang,Thương lái thu mua,CTV địa phương,2023-02-22,6700.0
Gạo thơm Đài Loan (trong),An Giang,Thương lái thu mua,CTV địa phương,2023-02-21,20000.0
Gạo Jasmine,Cần Thơ,Thương lái thu mua,CTV địa phương,2023-02-21,15000.0
Gạo Bắc thơm,Hà Nội,Khác,CTV địa phương,2023-02-20,17000.0
Lúa Bắc thơm,Hà Nội,Khác,CTV địa phương,2023-02-20,11000.0
Lúa Khang dân,Hà Nội,Khác,CTV địa phương,2023-02-20,8500.0
Gạo thơm Đài Loan (trong),An Giang,Thương lái thu mua,CTV địa phương,2023-02-17,20000.0
Gạo Jasmine,Cần Thơ,Thương lái thu mua,CTV địa phương,2023-02-17,15000.0
Gạo NL 15%,Kiên Giang,Thương lái thu mua,CTV địa phương,2023-02-17,9520.0
Gạo NL 25% tấm,Kiên Giang,Thương lái thu mua,CTV địa phương,2023-02-17,9400.0
Gạo XK 5% tấm,Kiên Giang,Thương lái thu mua,CTV địa phương,2023-02-17,10100.0
Lúa OM 5451,Kiên Giang,Thương lái thu mua,CTV địa phương,2023-02-17,6500.0
Gạo IR50404,Đồng Tháp,Khác,CTV địa phương,2023-02-16,6500.0
Gạo NL 15%,Kiên Giang,Khác,CTV địa phương,2023-02-16,9520.0
Gạo NL 25% tấm,Kiên Giang,Khác,CTV địa phương,2023-02-16,9400.0
Gạo XK 5% tấm,Kiên Giang,Khác,CTV địa phương,2023-02-16,10150.0
Lúa OM 5451,Kiên Giang,Khác,CTV địa phương,2023-02-16,6550.0
Gạo thơm Đài Loan (trong),An Giang,Khác,CTV địa phương,2023-02-15,20000.0
Gạo NL 15%,Kiên Giang,Thương lái thu mua,CTV địa phương,2023-02-15,9720.0
Gạo NL 25% tấm,Kiên Giang,Thương lái thu mua,CTV địa phương,2023-02-15,9600.0
Gạo XK 5% tấm,Kiên Giang,Thương lái thu mua,CTV địa phương,2023-02-15,10300.0
Lúa OM 5451,Kiên Giang,Thương lái thu mua,CTV địa phương,2023-02-15,6700.0
Gạo thơm Đài Loan (trong),An Giang,Thương lái thu mua,CTV địa phương,2023-02-14,20000.0
Gạo Jasmine,Cần Thơ,Thương lái thu mua,CTV địa phương,2023-02-14,15000.0
Gạo thơm Đài Loan (trong),An Giang,Thương lái thu mua,CTV địa phương,2023-02-10,20000.0
Gạo Jasmine,Cần Thơ,Thương lái thu mua,CTV địa phương,2023-02-10,15000.0
Gạo NL 15%,Kiên Giang,Thương lái thu mua,CTV địa phương,2023-02-10,9520.0
Gạo NL 25% tấm,Kiên Giang,Thương lái thu mua,CTV địa phương,2023-02-10,9400.0
Gạo XK 5% tấm,Kiên Giang,Thương lái thu mua,CTV địa phương,2023-02-10,10100.0
Lúa OM 5451,Kiên Giang,Thương lái thu mua,CTV địa phương,2023-02-10,6500.0
Gạo IR50404,Đồng Tháp,Khác,CTV địa phương,2023-02-09,6950.0
Gạo NL 15%,Kiên Giang,Khác,CTV địa phương,2023-02-09,9620.0
Gạo NL 25% tấm,Kiên Giang,Khác,CTV địa phương,2023-02-09,9500.0
Gạo XK 5% tấm,Kiên Giang,Khác,CTV địa phương,2023-02-09,10250.0
Lúa OM 5451,Kiên Giang,Khác,CTV địa phương,2023-02-09,6550.0
Gạo thơm Đài Loan (trong),An Giang,Khác,CTV địa phương,2023-02-08,20000.0
Gạo NL 15%,Kiên Giang,Thương lái thu mua,CTV địa phương,2023-02-08,10120.0
Gạo NL 25% tấm,Kiên Giang,Thương lái thu mua,CTV địa phương,2023-02-08,10000.0
Gạo XK 5% tấm,Kiên Giang,Thương lái thu mua,CTV địa phương,2023-02-08,10700.0
Lúa OM 5451,Kiên Giang,Thương lái thu mua,CTV địa phương,2023-02-08,7100.0
Gạo thơm Đài Loan (trong),An Giang,Thương lái thu mua,CTV địa phương,2023-02-07,20000.0
Gạo Jasmine,Cần Thơ,Thương lái thu mua,CTV địa phương,2023-02-07,15000.0
Gạo Bắc thơm,Hà Nội,Khác,CTV địa phương,2023-02-06,16000.0
Lúa Bắc thơm,Hà Nội,Khác,CTV địa phương,2023-02-06,10500.0
Lúa Khang dân,Hà Nội,Khác,CTV địa phương,2023-02-06,8000.0
Gạo thơm Đài Loan (trong),An Giang,Thương lái thu mua,CTV địa phương,2023-02-03,20000.0
Gạo Jasmine,Cần Thơ,Thương lái thu mua,CTV địa phương,2023-02-03,15000.0
Gạo NL 15%,Kiên Giang,Thương lái thu mua,CTV địa phương,2023-02-03,9920.0
Gạo NL 25% tấm,Kiên Giang,Thương lái thu mua,CTV địa phương,2023-02-03,9800.0
Gạo XK 5% tấm,Kiên Giang,Thương lái thu mua,CTV địa phương,2023-02-03,10500.0
Lúa OM 5451,Kiên Giang,Thương lái thu mua,CTV địa phương,2023-02-03,6900.0
Gạo NL 15%,Kiên Giang,Khác,CTV địa phương,2023-02-02,9900.0
Gạo NL 25% tấm,Kiên Giang,Khác,CTV địa phương,2023-02-02,9700.0
Gạo XK 5% tấm,Kiên Giang,Khác,CTV địa phương,2023-02-02,10350.0
Lúa OM 5451,Kiên Giang,Khác,CTV địa phương,2023-02-02,6650.0
Gạo thơm Đài Loan (trong),An Giang,Khác,CTV địa phương,2023-02-01,20000.0
Gạo NL 15%,Kiên Giang,Thương lái thu mua,CTV địa phương,2023-02-01,9720.0
Gạo NL 25% tấm,Kiên Giang,Thương lái thu mua,CTV địa phương,2023-02-01,9600.0
Gạo XK 5% tấm,Kiên Giang,Thương lái thu mua,CTV địa phương,2023-02-01,10300.0
Lúa OM 5451,Kiên Giang,Thương lái thu mua,CTV địa phương,2023-02-01,6700.0
Gạo thơm Đài Loan (trong),An Giang,Thương lái thu mua,CTV địa phương,2023-01-31,22000.0
Gạo Jasmine,Cần Thơ,Thương lái thu mua,CTV địa phương,2023-01-31,15000.0
Gạo Bắc thơm,Hà Nội,Khác,CTV địa phương,2023-01-30,16000.0
Lúa Bắc thơm,Hà Nội,Khác,CTV địa phương,2023-01-30,10000.0
Lúa Khang dân,Hà Nội,Khác,CTV địa phương,2023-01-30,7800.0
Gạo thơm Đài Loan (trong),An Giang,Thương lái thu mua,CTV địa phương,2023-01-27,22000.0
Gạo Jasmine,Cần Thơ,Thương lái thu mua,CTV địa phương,2023-01-27,15000.0
Gạo NL 15%,Kiên Giang,Khác,CTV địa phương,2023-01-27,9700.0
Gạo NL 15%,Kiên Giang,Thương lái thu mua,CTV địa phương,2023-01-27,9720.0
Gạo NL 25% tấm,Kiên Giang,Khác,CTV địa phương,2023-01-27,9600.0
Gạo NL 25% tấm,Kiên Giang,Thương lái thu mua,CTV địa phương,2023-01-27,9600.0
Gạo XK 5% tấm,Kiên Giang,Khác,CTV địa phương,2023-01-27,10250.0
Gạo XK 5% tấm,Kiên Giang,Thương lái thu mua,CTV địa phương,2023-01-27,10300.0
Lúa OM 5451,Kiên Giang,Khác,CTV địa phương,2023-01-27,6750.0
Lúa OM 5451,Kiên Giang,Thương lái thu mua,CTV địa phương,2023-01-27,6700.0
Gạo NL 15%,Kiên Giang,Thương lái thu mua,CTV địa phương,2023-01-25,9520.0
Gạo NL 25% tấm,Kiên Giang,Thương lái thu mua,CTV địa phương,2023-01-25,9400.0
Gạo XK 5% tấm,Kiên Giang,Thương lái thu mua,CTV địa phương,2023-01-25,10100.0
Lúa OM 5451,Kiên Giang,Thương lái thu mua,CTV địa phương,2023-01-25,6500.0
Gạo thơm Đài Loan (trong),An Giang,Thương lái thu mua,CTV địa phương,2023-01-24,22000.0
Gạo Jasmine,Cần Thơ,Thương lái thu mua,CTV địa phương,2023-01-24,15000.0
Gạo thơm Đài Loan (trong),An Giang,Thương lái thu mua,CTV địa phương,2023-01-20,22000.0
Gạo Jasmine,Cần Thơ,Thương lái thu mua,CTV địa phương,2023-01-20,15000.0
Gạo NL 15%,Kiên Giang,Thương lái thu mua,CTV địa phương,2023-01-20,9720.0
Gạo NL 25% tấm,Kiên Giang,Thương lái thu mua,CTV địa phương,2023-01-20,9600.0
Gạo XK 5% tấm,Kiên Giang,Thương lái thu mua,CTV địa phương,2023-01-20,10300.0
Lúa OM 5451,Kiên Giang,Thương lái thu mua,CTV địa phương,2023-01-20,6700.0
Gạo thơm Đài Loan (trong),An Giang,Khác,CTV địa phương,2023-01-18,20000.0
Gạo NL 15%,Kiên Giang,Thương lái thu mua,CTV địa phương,2023-01-18,9520.0
Gạo NL 25% tấm,Kiên Giang,Thương lái thu mua,CTV địa phương,2023-01-18,9400.0
Gạo XK 5% tấm,Kiên Giang,Thương lái thu mua,CTV địa phương,2023-01-18,10100.0
Lúa OM 5451,Kiên Giang,Thương lái thu mua,CTV địa phương,2023-01-18,6500.0
Gạo thơm Đài Loan (trong),An Giang,Thương lái thu mua,CTV địa phương,2023-01-17,22000.0
Gạo Jasmine,Cần Thơ,Thương lái thu mua,CTV địa phương,2023-01-17,15000.0
Gạo NL 15%,Kiên Giang,Thương lái thu mua,CTV địa phương,2023-01-13,10120.0
Gạo NL 25% tấm,Kiên Giang,Thương lái thu mua,CTV địa phương,2023-01-13,10000.0
Gạo XK 5% tấm,Kiên Giang,Thương lái thu mua,CTV địa phương,2023-01-13,10700.0
Lúa OM 5451,Kiên Giang,Thương lái thu mua,CTV địa phương,2023-01-13,7100.0
Gạo thơm Đài Loan (trong),An Giang,Thương lái thu mua,CTV địa phương,2023-01-12,20000.0
Gạo Jasmine,Cần Thơ,Thương lái thu mua,CTV địa phương,2023-01-12,15000.0
Gạo NL 15%,Kiên Giang,Khác,CTV địa phương,2023-01-12,9700.0
Gạo NL 25% tấm,Kiên Giang,Khác,CTV địa phương,2023-01-12,9600.0
Gạo XK 5% tấm,Kiên Giang,Khác,CTV địa phương,2023-01-12,10250.0
Lúa OM 5451,Kiên Giang,Khác,CTV địa phương,2023-01-12,6700.0
Gạo thơm Đài Loan (trong),An Giang,Khác,CTV địa phương,2023-01-11,20000.0
Gạo NL 15%,Kiên Giang,Thương lái thu mua,CTV địa phương,2023-01-11,9920.0
Gạo NL 25% tấm,Kiên Giang,Thương lái thu mua,CTV địa phương,2023-01-11,9800.0
Gạo XK 5% tấm,Kiên Giang,Thương lái thu mua,CTV địa phương,2023-01-11,10500.0
Lúa OM 5451,Kiên Giang,Thương lái thu mua,CTV địa phương,2023-01-11,6900.0
Gạo thơm Đài Loan (trong),An Giang,Thương lái thu mua,CTV địa phương,2023-01-10,20000.0
Gạo Jasmine,Cần Thơ,Thương lái thu mua,CTV địa phương,2023-01-10,15000.0
Gạo NL 15%,Kiên Giang,Thương lái thu mua,CTV địa phương,2023-01-06,9720.0
Gạo NL 25% tấm,Kiên Giang,Thương lái thu mua,CTV địa phương,2023-01-06,9600.0
Gạo XK 5% tấm,Kiên Giang,Thương lái thu mua,CTV địa phương,2023-01-06,10300.0
Lúa OM 5451,Kiên Giang,Thương lái thu mua,CTV địa phương,2023-01-06,6700.0
Gạo thơm Đài Loan (trong),An Giang,Thương lái thu mua,CTV địa phương,2023-01-05,20000.0
Gạo Jasmine,Cần Thơ,Thương lái thu mua,CTV địa phương,2023-01-05,15000.0
Gạo IR50404,Đồng Tháp,Khác,CTV địa phương,2023-01-05,7150.0
Gạo Bắc thơm,Hà Nội,Khác,CTV địa phương,2023-01-05,17000.0
Lúa Bắc thơm,Hà Nội,Khác,CTV địa phương,2023-01-05,10500.0
Lúa Khang dân,Hà Nội,Khác,CTV địa phương,2023-01-05,8000.0
Gạo NL 15%,Kiên Giang,Khác,CTV địa phương,2023-01-05,9700.0
Gạo NL 25% tấm,Kiên Giang,Khác,CTV địa phương,2023-01-05,9600.0
Gạo XK 5% tấm,Kiên Giang,Khác,CTV địa phương,2023-01-05,10250.0
Lúa OM 5451,Kiên Giang,Khác,CTV địa phương,2023-01-05,6700.0
Gạo thơm Đài Loan (trong),An Giang,Khác,CTV địa phương,2023-01-04,20000.0
Gạo NL 15%,Kiên Giang,Thương lái thu mua,CTV địa phương,2023-01-04,9520.0
Gạo NL 25% tấm,Kiên Giang,Thương lái thu mua,CTV địa phương,2023-01-04,9400.0
Gạo XK 5% tấm,Kiên Giang,Thương lái thu mua,CTV địa phương,2023-01-04,10100.0
Lúa OM 5451,Kiên Giang,Thương lái thu mua,CTV địa phương,2023-01-04,6500.0
Lúa OM 5451,Bến Tre,Thương lái thu mua,CTV địa phương,2022-04-19,5900.0
Lúa OM 5451,Hậu Giang,Thương lái thu mua,CTV địa phương,2022-04-19,6600.0
Lúa ST24,Hậu Giang,Thương lái thu mua,CTV địa phương,2022-04-19,8400.0
Lúa OM 5451,Sóc Trăng,Thương lái thu mua,CTV địa phương,2022-04-18,6600.0
Lúa ST24,Sóc Trăng,Thương lái thu mua,CTV địa phương,2022-04-18,8500.0
Lúa OM 5451,Kiên Giang,Thương lái thu mua,CTV địa phương,2022-04-15,6800.0
Lúa ST 24 (lúa tươi),Kiên Giang,Thương lái thu mua,CTV địa phương,2022-04-15,6100.0
Lúa OM 5451,Trà Vinh,Thương lái thu mua,CTV địa phương,2022-04-14,7100.0
Lúa ST 24 (lúa tươi),Cà Mau,Thương lái thu mua,CTV địa phương,2022-04-13,7400.0
Lúa OM 5451,Sóc Trăng,Thương lái thu mua,CTV địa phương,2022-04-13,6600.0
Lúa ST24,Sóc Trăng,Thương lái thu mua,CTV địa phương,2022-04-13,8000.0
Lúa thường IR 50404 (khô),Tiền Giang,Thương lái thu mua,CTV địa phương,2022-04-13,6750.0
Lúa thường IR 50404 (tươi),Tiền Giang,Thương lái thu mua,CTV địa phương,2022-04-13,6000.0
Lúa OM 5451,Bến Tre,Thương lái thu mua,CTV địa phương,2022-04-12,5900.0
Lúa OM 5451,Hậu Giang,Thương lái thu mua,CTV địa phương,2022-04-12,6400.0
Lúa ST24,Hậu Giang,Thương lái thu mua,CTV địa phương,2022-04-12,8400.0
Lúa OM 5451,Kiên Giang,Thương lái thu mua,CTV địa phương,2022-04-08,6800.0
Lúa ST 24 (lúa tươi),Kiên Giang,Thương lái thu mua,CTV địa phương,2022-04-08,6100.0
Lúa OM 5451,Trà Vinh,Thương lái thu mua,CTV địa phương,2022-04-07,7100.0
Lúa ST 24 (lúa tươi),Cà Mau,Thương lái thu mua,CTV địa phương,2022-04-06,7400.0
Lúa OM 5451,Sóc Trăng,Thương lái thu mua,CTV địa phương,2022-04-06,6700.0
Lúa ST24,Sóc Trăng,Thương lái thu mua,CTV địa phương,2022-04-06,8000.0
Lúa thường IR 50404 (khô),Tiền Giang,Thương lái thu mua,CTV địa phương,2022-04-06,6650.0
Lúa thường IR 50404 (tươi),Tiền Giang,Thương lái thu mua,CTV địa phương,2022-04-06,5800.0
Lúa OM 5451,Bến Tre,Thương lái thu mua,CTV địa phương,2022-04-05,5900.0
Lúa OM 5451,Hậu Giang,Thương lái thu mua,CTV địa phương,2022-04-05,6400.0
Lúa ST24,Hậu Giang,Thương lái thu mua,CTV địa phương,2022-04-05,8400.0
Lúa OM 5451,Sóc Trăng,Thương lái thu mua,CTV địa phương,2022-04-04,6700.0
Lúa ST24,Sóc Trăng,Thương lái thu mua,CTV địa phương,2022-04-04,8000.0
Lúa OM 5451,Trà Vinh,Thương lái thu mua,CTV địa phương,2022-03-31,6950.0
Lúa ST 24 (lúa tươi),Cà Mau,Thương lái thu mua,CTV địa phương,2022-03-30,7300.0
Lúa ST24,Sóc Trăng,Thương lái thu mua,CTV địa phương,2022-03-30,8000.0
Lúa thường IR 50404 (khô),Tiền Giang,Thương lái thu mua,CTV địa phương,2022-03-30,6700.0
Lúa thường IR 50404 (tươi),Tiền Giang,Thương lái thu mua,CTV địa phương,2022-03-30,6000.0
Lúa OM 5451,Bến Tre,Thương lái thu mua,CTV địa phương,2022-03-29,5900.0
Lúa OM 5451,Hậu Giang,Thương lái thu mua,CTV địa phương,2022-03-29,6500.0
Lúa ST24,Hậu Giang,Thương lái thu mua,CTV địa phương,2022-03-29,8400.0
Lúa OM 5451,Sóc Trăng,Thương lái thu mua,CTV địa phương,2022-03-28,6500.0
Lúa ST24,Sóc Trăng,Thương lái thu mua,CTV địa phương,2022-03-28,8000.0
Lúa OM 5451,Kiên Giang,Thương lái thu mua,CTV địa phương,2022-03-25,6800.0
Lúa ST 24 (lúa tươi),Kiên Giang,Thương lái thu mua,CTV địa phương,2022-03-25,6200.0
Lúa OM 5451,Trà Vinh,Thương lái thu mua,CTV địa phương,2022-03-24,6950.0
Lúa OM 5451,Bến Tre,Thương lái thu mua,CTV địa phương,2022-03-22,5900.0
Lúa OM 5451,Sóc Trăng,Thương lái thu mua,CTV địa phương,2022-03-21,6500.0
Lúa ST24,Sóc Trăng,Thương lái thu mua,CTV địa phương,2022-03-21,8000.0
Lúa OM 5451,Kiên Giang,Thương lái thu mua,CTV địa phương,2022-03-18,6300.0
Lúa ST 24 (lúa tươi),Kiên Giang,Thương lái thu mua,CTV địa phương,2022-03-18,6200.0
Lúa OM 5451,Trà Vinh,Thương lái thu mua,CTV địa phương,2022-03-17,7400.0
Lúa ST 24 (lúa tươi),Cà Mau,Thương lái thu mua,CTV địa phương,2022-03-16,7300.0
Lúa OM 5451,Sóc Trăng,Thương lái thu mua,CTV địa phương,2022-03-16,6500.0
Lúa ST24,Sóc Trăng,Thương lái thu mua,CTV địa phương,2022-03-16,8000.0
Lúa thường IR 50404 (khô),Tiền Giang,Thương lái thu mua,CTV địa phương,2022-03-16,6700.0
Lúa thường IR 50404 (tươi),Tiền Giang,Thương lái thu mua,CTV địa phương,2022-03-16,6000.0
Lúa OM 5451,Bến Tre,Thương lái thu mua,CTV địa phương,2022-03-15,6350.0
Lúa OM 5451,Sóc Trăng,Thương lái thu mua,CTV địa phương,2022-03-14,6500.0
Lúa ST24,Sóc Trăng,Thương lái thu mua,CTV địa phương,2022-03-14,8000.0
Lúa OM 5451,Trà Vinh,Thương lái thu mua,CTV địa phương,2022-03-10,6950.0
Lúa OM 5451,Bến Tre,Thương lái thu mua,CTV địa phương,2022-03-08,6350.0
Lúa OM 5451,Hậu Giang,Thương lái thu mua,CTV địa phương,2022-03-08,6700.0
Lúa OM 5451,Sóc Trăng,Thương lái thu mua,CTV địa phương,2022-03-07,6500.0
Lúa ST24,Sóc Trăng,Thương lái thu mua,CTV địa phương,2022-03-07,8000.0
Lúa OM 5451,Kiên Giang,Thương lái thu mua,CTV địa phương,2022-03-04,6500.0
Lúa ST 24 (lúa tươi),Kiên Giang,Thương lái thu mua,CTV địa phương,2022-03-04,6400.0
Lúa OM 5451,Trà Vinh,Thương lái thu mua,CTV địa phương,2022-03-03,6950.0
Lúa ST 24 (lúa tươi),Cà Mau,Thương lái thu mua,CTV địa phương,2022-03-02,7600.0
Lúa OM 5451,Sóc Trăng,Thương lái thu mua,CTV địa phương,2022-03-02,6500.0
Lúa ST24,Sóc Trăng,Thương lái thu mua,CTV địa phương,2022-03-02,8000.0
Lúa thường IR 50404 (khô),Tiền Giang,Thương lái thu mua,CTV địa phương,2022-03-02,6950.0
Lúa thường IR 50404 (tươi),Tiền Giang,Thương lái thu mua,CTV địa phương,2022-03-02,6400.0
Lúa OM 5451,Bến Tre,Thương lái thu mua,CTV địa phương,2022-03-01,6350.0
Lúa OM 5451,Hậu Giang,Thương lái thu mua,CTV địa phương,2022-03-01,6500.0
Lúa OM 5451,Sóc Trăng,Thương lái thu mua,CTV địa phương,2022-02-28,6500.0
Lúa ST24,Sóc Trăng,Thương lái thu mua,CTV địa phương,2022-02-28,8000.0
Lúa OM 5451,Kiên Giang,Thương lái thu mua,CTV địa phương,2022-02-25,6300.0
Lúa ST 24 (lúa tươi),Kiên Giang,Thương lái thu mua,CTV địa phương,2022-02-25,6200.0
Lúa OM 5451,Trà Vinh,Thương lái thu mua,CTV địa phương,2022-02-24,6950.0
Lúa ST 24 (lúa tươi),Cà Mau,Thương lái thu mua,CTV địa phương,2022-02-23,7500.0
Lúa thường IR 50404 (khô),Tiền Giang,Thương lái thu mua,CTV địa phương,2022-02-23,7050.0
Lúa thường IR 50404 (tươi),Tiền Giang,Thương lái thu mua,CTV địa phương,2022-02-23,6400.0
Lúa OM 5451,Bến Tre,Thương lái thu mua,CTV địa phương,2022-02-22,6350.0
Lúa OM 5451,Hậu Giang,Thương lái thu mua,CTV địa phương,2022-02-22,6700.0
Lúa OM 5451,Sóc Trăng,Thương lái thu mua,CTV địa phương,2022-02-21,6400.0
Lúa ST24,Sóc Trăng,Thương lái thu mua,CTV địa phương,2022-02-21,7900.0
Lúa OM 5451,Trà Vinh,Thương lái thu mua,CTV địa phương,2022-02-17,7000.0
Lúa ST 24 (lúa tươi),Cà Mau,Thương lái thu mua,CTV địa phương,2022-02-16,7500.0
Lúa thường IR 50404 (khô),Tiền Giang,Thương lái thu mua,CTV địa phương,2022-02-16,7250.0
Lúa thường IR 50404 (tươi),Tiền Giang,Thương lái thu mua,CTV địa phương,2022-02-16,6300.0
Lúa OM 5451,Bến Tre,Thương lái thu mua,CTV địa phương,2022-02-15,6300.0
Lúa OM 5451,Hậu Giang,Thương lái thu mua,CTV địa phương,2022-02-15,6500.0
Lúa OM 5451,Sóc Trăng,Thương lái thu mua,CTV địa phương,2022-02-15,6300.0
Lúa ST24,Sóc Trăng,Thương lái thu mua,CTV địa phương,2022-02-15,7900.0
Lúa OM 5451,Sóc Trăng,Thương lái thu mua,CTV địa phương,2022-02-14,6300.0
Lúa ST24,Sóc Trăng,Thương lái thu mua,CTV địa phương,2022-02-14,7900.0
Lúa OM 5451,Kiên Giang,Thương lái thu mua,CTV địa phương,2022-02-11,6100.0
Lúa ST 24 (lúa tươi),Kiên Giang,Thương lái thu mua,CTV địa phương,2022-02-11,6450.0
Lúa ST 24 (lúa tươi),Cà Mau,Thương lái thu mua,CTV địa phương,2022-02-09,7500.0
Lúa thường IR 50404 (khô),Tiền Giang,Thương lái thu mua,CTV địa phương,2022-02-09,7250.0
Lúa thường IR 50404 (tươi),Tiền Giang,Thương lái thu mua,CTV địa phương,2022-02-09,6300.0
Lúa OM 5451,Bến Tre,Thương lái thu mua,CTV địa phương,2022-02-08,6300.0
Lúa OM 5451,Hậu Giang,Thương lái thu mua,CTV địa phương,2022-02-08,6500.0
Lúa OM 5451,Sóc Trăng,Thương lái thu mua,CTV địa phương,2022-02-07,6300.0
Lúa ST24,Sóc Trăng,Thương lái thu mua,CTV địa phương,2022-02-07,7900.0
Lúa OM 5451,Kiên Giang,Thương lái thu mua,CTV địa phương,2022-01-28,6100.0
Lúa ST 24 (lúa tươi),Kiên Giang,Thương lái thu mua,CTV địa phương,2022-01-28,6450.0
Lúa OM 5451,Trà Vinh,Thương lái thu mua,CTV địa phương,2022-01-27,6950.0
Lúa ST 24 (lúa tươi),Cà Mau,Thương lái thu mua,CTV địa phương,2022-01-26,7500.0
Lúa OM 5451,Sóc Trăng,Thương lái thu mua,CTV địa phương,2022-01-26,6300.0
Lúa ST24,Sóc Trăng,Thương lái thu mua,CTV địa phương,2022-01-26,8000.0
Lúa thường IR 50404 (khô),Tiền Giang,Thương lái thu mua,CTV địa phương,2022-01-26,7050.0
Lúa thường IR 50404 (tươi),Tiền Giang,Thương lái thu mua,CTV địa phương,2022-01-26,6200.0
Lúa OM 5451,Bến Tre,Thương lái thu mua,CTV địa phương,2022-01-25,6300.0
Lúa OM 5451,Hậu Giang,Thương lái thu mua,CTV địa phương,2022-01-25,6700.0
Lúa OM 5451,Sóc Trăng,Thương lái thu mua,CTV địa phương,2022-01-24,6300.0
Lúa ST24,Sóc Trăng,Thương lái thu mua,CTV địa phương,2022-01-24,8000.0
Lúa OM 5451,Kiên Giang,Thương lái thu mua,CTV địa phương,2022-01-21,6100.0
Lúa ST 24 (lúa tươi),Kiên Giang,Thương lái thu mua,CTV địa phương,2022-01-21,6450.0
Lúa OM 5451,Trà Vinh,Thương lái thu mua,CTV địa phương,2022-01-20,6950.0
Lúa ST 24 (lúa tươi),Cà Mau,Thương lái thu mua,CTV địa phương,2022-01-19,7300.0
Lúa OM 5451,Sóc Trăng,Thương lái thu mua,CTV địa phương,2022-01-19,6300.0
Lúa ST24,Sóc Trăng,Thương lái thu mua,CTV địa phương,2022-01-19,8000.0
Lúa thường IR 50404 (khô),Tiền Giang,Thương lái thu mua,CTV địa phương,2022-01-19,7000.0
Lúa thường IR 50404 (tươi),Tiền Giang,Thương lái thu mua,CTV địa phương,2022-01-19,6200.0
Lúa OM 5451,Bến Tre,Thương lái thu mua,CTV địa phương,2022-01-18,6400.0
Lúa OM 5451,Hậu Giang,Thương lái thu mua,CTV địa phương,2022-01-18,6500.0
Lúa OM 5451,Sóc Trăng,Thương lái thu mua,CTV địa phương,2022-01-17,6300.0
Lúa ST24,Sóc Trăng,Thương lái thu mua,CTV địa phương,2022-01-17,8000.0
Lúa OM 5451,Kiên Giang,Thương lái thu mua,CTV địa phương,2022-01-14,6100.0
Lúa ST 24 (lúa tươi),Kiên Giang,Thương lái thu mua,CTV địa phương,2022-01-14,6450.0
Lúa OM 5451,Trà Vinh,Thương lái thu mua,CTV địa phương,2022-01-13,7050.0
Lúa OM 5451,Bến Tre,Thương lái thu mua,CTV địa phương,2022-01-12,6300.0
Lúa ST 24 (lúa tươi),Cà Mau,Thương lái thu mua,CTV địa phương,2022-01-12,7500.0
Lúa OM 5451,Hậu Giang,Thương lái thu mua,CTV địa phương,2022-01-12,8000.0
Lúa OM 5451,Sóc Trăng,Thương lái thu mua,CTV địa phương,2022-01-12,6300.0
Lúa ST20 (lúa tươi),Sóc Trăng,Thương lái thu mua,CTV địa phương,2022-01-12,7500.0
Lúa ST24,Sóc Trăng,Thương lái thu mua,CTV địa phương,2022-01-12,8000.0
Lúa OM 5451,Sóc Trăng,Thương lái thu mua,CTV địa phương,2022-01-11,6300.0
Lúa ST20 (lúa tươi),Sóc Trăng,Thương lái thu mua,CTV địa phương,2022-01-11,7500.0
Lúa ST24,Sóc Trăng,Thương lái thu mua,CTV địa phương,2022-01-11,8000.0
Lúa OM 5451,Kiên Giang,Thương lái thu mua,CTV địa phương,2022-01-07,6100.0
Lúa OM 5451,Trà Vinh,Thương lái thu mua,CTV địa phương,2022-01-06,7050.0
Lúa ST 24 (lúa tươi),Cà Mau,Thương lái thu mua,CTV địa phương,2022-01-05,7500.0
Lúa OM 5451,Sóc Trăng,Thương lái thu mua,CTV địa phương,2022-01-05,6300.0
Lúa ST20 (lúa tươi),Sóc Trăng,Thương lái thu mua,CTV địa phương,2022-01-05,7500.0
Lúa ST24,Sóc Trăng,Thương lái thu mua,CTV địa phương,2022-01-05,8000.0
Lúa OM 5451,Bến Tre,Thương lái thu mua,CTV địa phương,2022-01-04,6400.0
Lúa OM 5451,Hậu Giang,Thương lái thu mua,CTV địa phương,2022-01-04,6500.0
Lúa OM 5451,Sóc Trăng,Thương lái thu mua,CTV địa phương,2022-01-02,6300.0
Lúa ST20 (lúa tươi),Sóc Trăng,Thương lái thu mua,CTV địa phương,2022-01-02,7500.0
Lúa ST24,Sóc Trăng,Thương lái thu mua,CTV địa phương,2022-01-02,8000.0
Lúa OM 5451,Kiên Giang,Thương lái thu mua,CTV địa phương,2021-12-31,6100.0
Lúa OM 5451,Trà Vinh,Thương lái thu mua,CTV địa phương,2021-12-30,7050.0
Lúa OM 5451,Kiên Giang,Thương lái thu mua,CTV địa phương,2021-12-17,6100.0
Lúa OM 5451,Sóc Trăng,Thương lái thu mua,CTV địa phương,2021-12-15,6300.0
Lúa ST20 (lúa tươi),Sóc Trăng,Thương lái thu mua,CTV địa phương,2021-12-15,7600.0
Lúa ST24,Sóc Trăng,Thương lái thu mua,CTV địa phương,2021-12-15,8250.0
Lúa OM 5451,Trà Vinh,Thương lái thu mua,CTV địa phương,2021-12-15,7050.0
Lúa OM 5451,Bến Tre,Thương lái thu mua,CTV địa phương,2021-12-14,6400.0
Lúa OM 5451,Hậu Giang,Thương lái thu mua,CTV địa phương,2021-12-14,6500.0
Lúa OM 5451,Sóc Trăng,Thương lái thu mua,CTV địa phương,2021-12-13,6300.0
Lúa ST20 (lúa tươi),Sóc Trăng,Thương lái thu mua,CTV địa phương,2021-12-13,7500.0
Lúa ST24,Sóc Trăng,Thương lái thu mua,CTV địa phương,2021-12-13,8250.0
Lúa OM 5451,Kiên Giang,Thương lái thu mua,CTV địa phương,2021-12-10,6100.0
Lúa OM 5451,Trà Vinh,Thương lái thu mua,CTV địa phương,2021-12-09,7050.0
Lúa ST24,Sóc Trăng,Thương lái thu mua,CTV địa phương,2021-12-08,8250.0
Lúa OM 5451,Bến Tre,Thương lái thu mua,CTV địa phương,2021-12-07,6400.0
Lúa OM 5451,Hậu Giang,Thương lái thu mua,CTV địa phương,2021-12-07,6500.0
Lúa OM 5451,Sóc Trăng,Thương lái thu mua,CTV địa phương,2021-12-06,6300.0
Lúa ST20 (lúa tươi),Sóc Trăng,Thương lái thu mua,CTV địa phương,2021-12-06,7500.0
Lúa ST24,Sóc Trăng,Thương lái thu mua,CTV địa phương,2021-12-06,8250.0
Lúa OM 5451,Kiên Giang,Thương lái thu mua,CTV địa phương,2021-12-03,6100.0
Lúa OM 5451,Trà Vinh,Thương lái thu mua,CTV địa phương,2021-12-02,7100.0
Lúa OM 5451,Sóc Trăng,Thương lái thu mua,CTV địa phương,2021-12-01,6300.0
Lúa ST20 (lúa tươi),Sóc Trăng,Thương lái thu mua,CTV địa phương,2021-12-01,7500.0
Lúa ST24,Sóc Trăng,Thương lái thu mua,CTV địa phương,2021-12-01,8250.0
Lúa OM 5451,Bến Tre,Thương lái thu mua,CTV địa phương,2021-11-30,6400.0
Lúa OM 5451,Hậu Giang,Thương lái thu mua,CTV địa phương,2021-11-30,6500.0
Lúa OM 5451,Kiên Giang,Thương lái thu mua,CTV địa phương,2021-11-26,6100.0
Lúa OM 5451,Sóc Trăng,Thương lái thu mua,CTV địa phương,2021-11-26,6300.0
Lúa ST20 (lúa tươi),Sóc Trăng,Thương lái thu mua,CTV địa phương,2021-11-26,7500.0
Lúa ST24,Sóc Trăng,Thương lái thu mua,CTV địa phương,2021-11-26,8250.0
Lúa OM 5451,Trà Vinh,Thương lái thu mua,CTV địa phương,2021-11-25,7100.0
Lúa OM 5451,Sóc Trăng,Thương lái thu mua,CTV địa phương,2021-11-24,6300.0
Lúa ST20 (lúa tươi),Sóc Trăng,Thương lái thu mua,CTV địa phương,2021-11-24,7500.0
Lúa ST24,Sóc Trăng,Thương lái thu mua,CTV địa phương,2021-11-24,8250.0
Lúa OM 5451,Bến Tre,Thương lái thu mua,CTV địa phương,2021-11-23,6400.0
Lúa OM 5451,Hậu Giang,Thương lái thu mua,CTV địa phương,2021-11-23,6500.0
Lúa OM 5451,Sóc Trăng,Thương lái thu mua,CTV địa phương,2021-11-22,6300.0
Lúa ST20 (lúa tươi),Sóc Trăng,Thương lái thu mua,CTV địa phương,2021-11-22,7500.0
Lúa ST24,Sóc Trăng,Thương lái thu mua,CTV địa phương,2021-11-22,8250.0
Lúa OM 5451,Kiên Giang,Thương lái thu mua,CTV địa phương,2021-11-19,6100.0
Lúa OM 5451,Trà Vinh,Thương lái thu mua,CTV địa phương,2021-11-18,7000.0
Lúa OM 5451,Sóc Trăng,Thương lái thu mua,CTV địa phương,2021-11-17,6300.0
Lúa ST20 (lúa tươi),Sóc Trăng,Thương lái thu mua,CTV địa phương,2021-11-17,7500.0
Lúa ST24,Sóc Trăng,Thương lái thu mua,CTV địa phương,2021-11-17,8250.0
Lúa OM 5451,Bến Tre,Thương lái thu mua,CTV địa phương,2021-11-16,6400.0
Lúa OM 5451,Hậu Giang,Thương lái thu mua,CTV địa phương,2021-11-16,6400.0
Lúa OM 5451,Sóc Trăng,Thương lái thu mua,CTV địa phương,2021-11-15,6300.0
Lúa ST20 (lúa tươi),Sóc Trăng,Thương lái thu mua,CTV địa phương,2021-11-15,7500.0
Lúa ST24,Sóc Trăng,Thương lái thu mua,CTV địa phương,2021-11-15,8250.0
Lúa OM 5451,Kiên Giang,Thương lái thu mua,CTV địa phương,2021-11-12,6100.0
Lúa OM 5451,Trà Vinh,Thương lái thu mua,CTV địa phương,2021-11-11,6800.0
Lúa OM 5451,Sóc Trăng,Thương lái thu mua,CTV địa phương,2021-11-10,6300.0
Lúa ST20 (lúa tươi),Sóc Trăng,Thương lái thu mua,CTV địa phương,2021-11-10,7500.0
Lúa ST24,Sóc Trăng,Thương lái thu mua,CTV địa phương,2021-11-10,8250.0
Lúa OM 5451,Bến Tre,Thương lái thu mua,CTV địa phương,2021-11-09,6500.0
Lúa OM 5451,Hậu Giang,Thương lái thu mua,CTV địa phương,2021-11-09,6400.0
Lúa OM 5451,Sóc Trăng,Thương lái thu mua,CTV địa phương,2021-11-08,6300.0
Lúa ST20 (lúa tươi),Sóc Trăng,Thương lái thu mua,CTV địa phương,2021-11-08,7500.0
Lúa ST24,Sóc Trăng,Thương lái thu mua,CTV địa phương,2021-11-08,8250.0
Lúa OM 5451,Kiên Giang,Thương lái thu mua,CTV địa phương,2021-11-05,6100.0
Lúa OM 5451,Trà Vinh,Thương lái thu mua,CTV địa phương,2021-11-04,6800.0
Lúa OM 5451,Sóc Trăng,Thương lái thu mua,CTV địa phương,2021-11-03,6300.0
Lúa ST20 (lúa tươi),Sóc Trăng,Thương lái thu mua,CTV địa phương,2021-11-03,7500.0
Lúa ST24,Sóc Trăng,Thương lái thu mua,CTV địa phương,2021-11-03,8250.0
Lúa OM 5451,Bến Tre,Thương lái thu mua,CTV địa phương,2021-11-02,6500.0
Lúa OM 5451,Hậu Giang,Thương lái thu mua,CTV địa phương,2021-11-02,6450.0
Lúa OM 5451,Sóc Trăng,Thương lái thu mua,CTV địa phương,2021-11-01,6300.0
Lúa ST20 (lúa tươi),Sóc Trăng,Thương lái thu mua,CTV địa phương,2021-11-01,7500.0
Lúa ST24,Sóc Trăng,Thương lái thu mua,CTV địa phương,2021-11-01,8250.0
Lúa OM 5451,Sóc Trăng,Thương lái thu mua,CTV địa phương,2021-10-29,6300.0
Lúa ST20 (lúa tươi),Sóc Trăng,Thương lái thu mua,CTV địa phương,2021-10-29,7500.0
Lúa ST24,Sóc Trăng,Thương lái thu mua,CTV địa phương,2021-10-29,8050.0
Lúa OM 5451,Trà Vinh,Thương lái thu mua,CTV địa phương,2021-10-28,6800.0
Lúa OM 5451,Sóc Trăng,Thương lái thu mua,CTV địa phương,2021-10-27,6300.0
Lúa ST20 (lúa tươi),Sóc Trăng,Thương lái thu mua,CTV địa phương,2021-10-27,7500.0
Lúa ST24,Sóc Trăng,Thương lái thu mua,CTV địa phương,2021-10-27,8050.0
Lúa OM 5451,Bến Tre,Thương lái thu mua,CTV địa phương,2021-10-26,6500.0
Lúa OM 5451,Hậu Giang,Thương lái thu mua,CTV địa phương,2021-10-26,6600.0
Lúa OM 5451,Sóc Trăng,Thương lái thu mua,CTV địa phương,2021-10-25,6300.0
Lúa ST20 (lúa tươi),Sóc Trăng,Thương lái thu mua,CTV địa phương,2021-10-25,7500.0
Lúa ST24,Sóc Trăng,Thương lái thu mua,CTV địa phương,2021-10-25,8050.0
Lúa OM 5451,Kiên Giang,Thương lái thu mua,CTV địa phương,2021-10-22,5950.0
Lúa OM 5451,Trà Vinh,Thương lái thu mua,CTV địa phương,2021-10-21,6800.0
Lúa OM 5451,Sóc Trăng,Thương lái thu mua,CTV địa phương,2021-10-20,6300.0
Lúa ST20 (lúa tươi),Sóc Trăng,Thương lái thu mua,CTV địa phương,2021-10-20,7500.0
Lúa ST24,Sóc Trăng,Thương lái thu mua,CTV địa phương,2021-10-20,8050.0
Lúa OM 5451,Bến Tre,Thương lái thu mua,CTV địa phương,2021-10-19,6500.0
Lúa OM 5451,Hậu Giang,Thương lái thu mua,CTV địa phương,2021-10-19,6500.0
Lúa OM 5451,Sóc Trăng,Thương lái thu mua,CTV địa phương,2021-10-18,6300.0
Lúa ST20 (lúa tươi),Sóc Trăng,Thương lái thu mua,CTV địa phương,2021-10-18,7500.0
Lúa ST24,Sóc Trăng,Thương lái thu mua,CTV địa phương,2021-10-18,8050.0
Lúa OM 5451,Kiên Giang,Thương lái thu mua,CTV địa phương,2021-10-15,5900.0
Lúa OM 5451,Trà Vinh,Thương lái thu mua,CTV địa phương,2021-10-14,6800.0
Lúa OM 5451,Sóc Trăng,Thương lái thu mua,CTV địa phương,2021-10-13,6300.0
Lúa ST20 (lúa tươi),Sóc Trăng,Thương lái thu mua,CTV địa phương,2021-10-13,7500.0
Lúa ST24,Sóc Trăng,Thương lái thu mua,CTV địa phương,2021-10-13,8050.0
Lúa OM 5451,Bến Tre,Thương lái thu mua,CTV địa phương,2021-10-12,6500.0
Lúa OM 5451,Hậu Giang,Thương lái thu mua,CTV địa phương,2021-10-12,6500.0
Lúa OM 5451,Kiên Giang,Thương lái thu mua,CTV địa phương,2021-10-08,5900.0
Lúa OM 5451,Trà Vinh,Thương lái thu mua,CTV địa phương,2021-10-07,6800.0
Lúa OM 5451,Sóc Trăng,Thương lái thu mua,CTV địa phương,2021-10-06,6300.0
Lúa ST20 (lúa tươi),Sóc Trăng,Thương lái thu mua,CTV địa phương,2021-10-06,7500.0
Lúa ST24,Sóc Trăng,Thương lái thu mua,CTV địa phương,2021-10-06,8050.0
Lúa OM 5451,Bến Tre,Thương lái thu mua,CTV địa phương,2021-10-05,6500.0
Lúa OM 5451,Hậu Giang,Thương lái thu mua,CTV địa phương,2021-10-05,6500.0
Lúa OM 5451,Sóc Trăng,Thương lái thu mua,CTV địa phương,2021-10-04,6300.0
Lúa ST20 (lúa tươi),Sóc Trăng,Thương lái thu mua,CTV địa phương,2021-10-04,7500.0
Lúa ST24,Sóc Trăng,Thương lái thu mua,CTV địa phương,2021-10-04,8050.0
Lúa OM 5451,Kiên Giang,Thương lái thu mua,CTV địa phương,2021-10-01,5900.0
Lúa OM 5451,Trà Vinh,Thương lái thu mua,CTV địa phương,2021-09-30,6800.0
Lúa OM 5451,Bến Tre,Thương lái thu mua,CTV địa phương,2021-09-28,6500.0
Lúa OM 5451,Hậu Giang,Thương lái thu mua,CTV địa phương,2021-09-28,6300.0
Lúa OM 5451,Sóc Trăng,Thương lái thu mua,CTV địa phương,2021-09-27,6300.0
Lúa ST20 (lúa tươi),Sóc Trăng,Thương lái thu mua,CTV địa phương,2021-09-27,7500.0
Lúa ST24,Sóc Trăng,Thương lái thu mua,CTV địa phương,2021-09-27,8050.0
Lúa OM 5451,Trà Vinh,Thương lái thu mua,CTV địa phương,2021-09-23,6800.0
Lúa OM 5451,Sóc Trăng,Thương lái thu mua,CTV địa phương,2021-09-22,6300.0
Lúa ST20 (lúa tươi),Sóc Trăng,Thương lái thu mua,CTV địa phương,2021-09-22,7500.0
Lúa ST24,Sóc Trăng,Thương lái thu mua,CTV địa phương,2021-09-22,8050.0
Lúa OM 5451,Bến Tre,Thương lái thu mua,CTV địa phương,2021-09-21,6500.0
Lúa OM 5451,Hậu Giang,Thương lái thu mua,CTV địa phương,2021-09-21,6400.0
Lúa OM 5451,Sóc Trăng,Thương lái thu mua,CTV địa phương,2021-09-20,6300.0
Lúa ST20 (lúa tươi),Sóc Trăng,Thương lái thu mua,CTV địa phương,2021-09-20,7500.0
Lúa ST24,Sóc Trăng,Thương lái thu mua,CTV địa phương,2021-09-20,7950.0
Lúa OM 5451,Kiên Giang,Thương lái thu mua,CTV địa phương,2021-09-17,6850.0
Lúa OM 5451,Trà Vinh,Thương lái thu mua,CTV địa phương,2021-09-16,6800.0
Lúa OM 5451,Sóc Trăng,Thương lái thu mua,CTV địa phương,2021-09-15,6300.0
Lúa ST20 (lúa tươi),Sóc Trăng,Thương lái thu mua,CTV địa phương,2021-09-15,7500.0
Lúa ST24,Sóc Trăng,Thương lái thu mua,CTV địa phương,2021-09-15,7950.0
Lúa OM 5451,Bến Tre,Thương lái thu mua,CTV địa phương,2021-09-14,6500.0
Lúa OM 5451,Hậu Giang,Thương lái thu mua,CTV địa phương,2021-09-14,6300.0
Lúa OM 5451,Sóc Trăng,Thương lái thu mua,CTV địa phương,2021-09-13,6300.0
Lúa ST20 (lúa tươi),Sóc Trăng,Thương lái thu mua,CTV địa phương,2021-09-13,7500.0
Lúa ST24,Sóc Trăng,Thương lái thu mua,CTV địa phương,2021-09-13,7950.0
Lúa OM 5451,Kiên Giang,Thương lái thu mua,CTV địa phương,2021-09-10,6850.0
Lúa OM 5451,Trà Vinh,Thương lái thu mua,CTV địa phương,2021-09-09,6800.0
Lúa OM 5451,Sóc Trăng,Thương lái thu mua,CTV địa phương,2021-09-08,6300.0
Lúa ST20 (lúa tươi),Sóc Trăng,Thương lái thu mua,CTV địa phương,2021-09-08,7500.0
Lúa ST24,Sóc Trăng,Thương lái thu mua,CTV địa phương,2021-09-08,8050.0
Lúa OM 5451,Bến Tre,Thương lái thu mua,CTV địa phương,2021-09-07,6500.0
Lúa OM 5451,Hậu Giang,Thương lái thu mua,CTV địa phương,2021-09-07,6300.0
Lúa OM 5451,Sóc Trăng,Thương lái thu mua,CTV địa phương,2021-09-06,6300.0
Lúa ST20 (lúa tươi),Sóc Trăng,Thương lái thu mua,CTV địa phương,2021-09-06,7500.0
Lúa ST24,Sóc Trăng,Thương lái thu mua,CTV địa phương,2021-09-06,8050.0
Lúa OM 5451,Trà Vinh,Thương lái thu mua,CTV địa phương,2021-09-02,6800.0
Lúa OM 5451,Sóc Trăng,Thương lái thu mua,CTV địa phương,2021-09-01,6300.0
Lúa ST20 (lúa tươi),Sóc Trăng,Thương lái thu mua,CTV địa phương,2021-09-01,7500.0
Lúa ST24,Sóc Trăng,Thương lái thu mua,CTV địa phương,2021-09-01,8050.0
Lúa OM 5451,Sóc Trăng,Thương lái thu mua,CTV địa phương,2021-08-30,6300.0
Lúa ST20 (lúa tươi),Sóc Trăng,Thương lái thu mua,CTV địa phương,2021-08-30,7500.0
Lúa ST24,Sóc Trăng,Thương lái thu mua,CTV địa phương,2021-08-30,8350.0
Lúa OM 5451,Sóc Trăng,Thương lái thu mua,CTV địa phương,2021-08-23,6300.0
Lúa ST20 (lúa tươi),Sóc Trăng,Thương lái thu mua,CTV địa phương,2021-08-23,7500.0
Lúa ST24,Sóc Trăng,Thương lái thu mua,CTV địa phương,2021-08-23,8350.0
Lúa OM 5451,Sóc Trăng,Thương lái thu mua,CTV địa phương,2021-08-18,6300.0
Lúa ST20 (lúa tươi),Sóc Trăng,Thương lái thu mua,CTV địa phương,2021-08-18,7500.0
Lúa ST24,Sóc Trăng,Thương lái thu mua,CTV địa phương,2021-08-18,8350.0
Lúa OM 5451,Bến Tre,Thương lái thu mua,CTV địa phương,2021-08-17,6700.0
Lúa OM 5451,Hậu Giang,Thương lái thu mua,CTV địa phương,2021-08-17,7400.0
Lúa Bắc thơm,Hà Nội,Thương lái thu mua,CTV địa phương,2021-08-13,10000.0
Lúa OM 5451,Kiên Giang,Thương lái thu mua,CTV địa phương,2021-08-13,6700.0
Lúa Bắc thơm,Hà Nội,Thương lái thu mua,CTV địa phương,2021-08-12,7500.0
Lúa Khang dân,Hà Nội,Thương lái thu mua,CTV địa phương,2021-08-12,8200.0
Lúa OM 5451,Sóc Trăng,Thương lái thu mua,CTV địa phương,2021-08-11,6300.0
Lúa ST20 (lúa tươi),Sóc Trăng,Thương lái thu mua,CTV địa phương,2021-08-11,7500.0
Lúa ST24,Sóc Trăng,Thương lái thu mua,CTV địa phương,2021-08-11,8450.0
Lúa OM 5451,Trà Vinh,Thương lái thu mua,CTV địa phương,2021-08-11,6800.0
Lúa OM 5451,Bến Tre,Thương lái thu mua,CTV địa phương,2021-08-10,6700.0
Lúa Bắc thơm,Hà Nội,Thương lái thu mua,CTV địa phương,2021-08-10,7500.0
Lúa OM 5451,Hậu Giang,Thương lái thu mua,CTV địa phương,2021-08-10,8000.0
Lúa Bắc thơm,Hà Nội,Thương lái thu mua,CTV địa phương,2021-08-06,7500.0
Lúa Khang dân,Hà Nội,Thương lái thu mua,CTV địa phương,2021-08-06,8000.0
Lúa OM 5451,Kiên Giang,Thương lái thu mua,CTV địa phương,2021-08-06,6900.0
Lúa OM 5451,Trà Vinh,Thương lái thu mua,CTV địa phương,2021-08-05,6950.0
Lúa OM 5451,Sóc Trăng,Thương lái thu mua,CTV địa phương,2021-08-04,6300.0
Lúa ST20 (lúa tươi),Sóc Trăng,Thương lái thu mua,CTV địa phương,2021-08-04,7500.0
Lúa ST24,Sóc Trăng,Thương lái thu mua,CTV địa phương,2021-08-04,8450.0
Lúa OM 5451,Bến Tre,Thương lái thu mua,CTV địa phương,2021-08-03,6700.0
Lúa OM 5451,Hậu Giang,Thương lái thu mua,CTV địa phương,2021-08-03,7000.0
Lúa OM 5451,Sóc Trăng,Thương lái thu mua,CTV địa phương,2021-07-26,6300.0
Lúa ST24,Sóc Trăng,Thương lái thu mua,CTV địa phương,2021-07-26,8250.0
Lúa Bắc thơm,Hà Nội,Thương lái thu mua,CTV địa phương,2021-07-23,10000.0
Lúa OM 5451,Kiên Giang,Thương lái thu mua,CTV địa phương,2021-07-23,7000.0
Lúa Bắc thơm,Hà Nội,Thương lái thu mua,CTV địa phương,2021-07-22,9000.0
Lúa Khang dân,Hà Nội,Thương lái thu mua,CTV địa phương,2021-07-22,8000.0
Lúa Q5 (lúa tươi),Thái Bình,Thương lái thu mua,CTV địa phương,2021-07-22,7500.0
Lúa T10 (lúa tươi),Thái Bình,Thương lái thu mua,CTV địa phương,2021-07-22,9000.0
Lúa OM 5451,Bến Tre,Thương lái thu mua,CTV địa phương,2021-07-20,6500.0
Lúa Bắc thơm,Hà Nội,Thương lái thu mua,CTV địa phương,2021-07-20,9500.0
Lúa OM 5451,Hậu Giang,Thương lái thu mua,CTV địa phương,2021-07-20,7300.0
Lúa Q5 (lúa tươi),Thái Bình,Thương lái thu mua,CTV địa phương,2021-07-20,8000.0
Lúa T10 (lúa tươi),Thái Bình,Thương lái thu mua,CTV địa phương,2021-07-20,9000.0
Lúa OM 5451,Sóc Trăng,Thương lái thu mua,CTV địa phương,2021-07-19,6300.0
Lúa ST24,Sóc Trăng,Thương lái thu mua,CTV địa phương,2021-07-19,8150.0
Lúa Q5 (lúa tươi),Thái Bình,Thương lái thu mua,CTV địa phương,2021-07-18,10000.0
Lúa T10 (lúa tươi),Thái Bình,Thương lái thu mua,CTV địa phương,2021-07-18,11000.0
Lúa OM 5451,Kiên Giang,Thương lái thu mua,CTV địa phương,2021-07-16,7000.0
Lúa Bắc thơm,Hà Nội,Thương lái thu mua,CTV địa phương,2021-07-15,9500.0
Lúa Khang dân,Hà Nội,Thương lái thu mua,CTV địa phương,2021-07-15,8000.0
Lúa Q5 (lúa tươi),Thái Bình,Thương lái thu mua,CTV địa phương,2021-07-15,10500.0
Lúa T10 (lúa tươi),Thái Bình,Thương lái thu mua,CTV địa phương,2021-07-15,11500.0
Lúa OM 5451,Trà Vinh,Thương lái thu mua,CTV địa phương,2021-07-15,7100.0
Lúa OM 5451,Bến Tre,Thương lái thu mua,CTV địa phương,2021-07-13,6500.0
Lúa OM 5451,Hậu Giang,Thương lái thu mua,CTV địa phương,2021-07-13,7300.0
Lúa Q5 (lúa tươi),Thái Bình,Thương lái thu mua,CTV địa phương,2021-07-13,10000.0
Lúa T10 (lúa tươi),Thái Bình,Thương lái thu mua,CTV địa phương,2021-07-13,11000.0
Lúa OM 5451,Sóc Trăng,Thương lái thu mua,CTV địa phương,2021-07-12,6300.0
Lúa ST24,Sóc Trăng,Thương lái thu mua,CTV địa phương,2021-07-12,8150.0
Lúa Q5 (lúa tươi),Thái Bình,Thương lái thu mua,CTV địa phương,2021-07-12,8000.0
Lúa T10 (lúa tươi),Thái Bình,Thương lái thu mua,CTV địa phương,2021-07-12,9000.0
Lúa Bắc thơm,Hà Nội,Thương lái thu mua,CTV địa phương,2021-07-09,9500.0
Lúa OM 5451,Kiên Giang,Thương lái thu mua,CTV địa phương,2021-07-09,7000.0
Lúa Bắc thơm,Hà Nội,Thương lái thu mua,CTV địa phương,2021-07-08,11000.0
Lúa Khang dân,Hà Nội,Thương lái thu mua,CTV địa phương,2021-07-08,8000.0
Lúa OM 5451,Trà Vinh,Thương lái thu mua,CTV địa phương,2021-07-08,7100.0
Lúa OM 5451,Bến Tre,Thương lái thu mua,CTV địa phương,2021-07-06,6500.0
Lúa OM 5451,Hậu Giang,Thương lái thu mua,CTV địa phương,2021-07-06,7300.0
Lúa Bắc thơm,Hà Nội,Thương lái thu mua,CTV địa phương,2021-07-05,9500.0
Lúa OM 5451,Sóc Trăng,Thương lái thu mua,CTV địa phương,2021-07-05,6300.0
Lúa ST24,Sóc Trăng,Thương lái thu mua,CTV địa phương,2021-07-05,8100.0
Lúa Q5 (lúa tươi),Thái Bình,Thương lái thu mua,CTV địa phương,2021-07-05,9750.0
Lúa T10 (lúa tươi),Thái Bình,Thương lái thu mua,CTV địa phương,2021-07-05,10500.0
Lúa Khang dân,Hà Nội,Thương lái thu mua,CTV địa phương,2021-07-02,8000.0
Lúa OM 5451,Kiên Giang,Thương lái thu mua,CTV địa phương,2021-07-02,7000.0
Lúa Bắc thơm,Hà Nội,Thương lái thu mua,CTV địa phương,2021-07-01,9500.0
Lúa Q5 (lúa tươi),Thái Bình,Thương lái thu mua,CTV địa phương,2021-07-01,9500.0
Lúa T10 (lúa tươi),Thái Bình,Thương lái thu mua,CTV địa phương,2021-07-01,10000.0
Lúa OM 5451,Trà Vinh,Thương lái thu mua,CTV địa phương,2021-07-01,7100.0
Lúa OM 5451,Bến Tre,Thương lái thu mua,CTV địa phương,2021-06-22,6500.0
Lúa Bắc thơm,Hà Nội,Thương lái thu mua,CTV địa phương,2021-06-22,11000.0
Lúa Khang dân,Hà Nội,Thương lái thu mua,CTV địa phương,2021-06-22,8000.0
Lúa OM 5451,Hậu Giang,Thương lái thu mua,CTV địa phương,2021-06-22,7300.0
Lúa Q5 (lúa tươi),Thái Bình,Thương lái thu mua,CTV địa phương,2021-06-22,7600.0
Lúa T10 (lúa tươi),Thái Bình,Thương lái thu mua,CTV địa phương,2021-06-22,8300.0
Lúa OM 5451,Sóc Trăng,Thương lái thu mua,CTV địa phương,2021-06-21,6300.0
Lúa ST24,Sóc Trăng,Thương lái thu mua,CTV địa phương,2021-06-21,8100.0
Lúa Q5 (lúa tươi),Thái Bình,Thương lái thu mua,CTV địa phương,2021-06-21,7500.0
Lúa T10 (lúa tươi),Thái Bình,Thương lái thu mua,CTV địa phương,2021-06-21,8200.0
Lúa Bắc thơm,Hà Nội,Thương lái thu mua,CTV địa phương,2021-06-18,8500.0
Lúa Khang dân,Hà Nội,Thương lái thu mua,CTV địa phương,2021-06-18,8000.0
Lúa OM 5451,Kiên Giang,Thương lái thu mua,CTV địa phương,2021-06-18,6900.0
Lúa OM 5451,Bến Tre,Thương lái thu mua,CTV địa phương,2021-06-17,6400.0
Lúa Bắc thơm,Hà Nội,Thương lái thu mua,CTV địa phương,2021-06-17,9000.0
Lúa Khang dân,Hà Nội,Thương lái thu mua,CTV địa phương,2021-06-17,8000.0
Lúa Q5 (lúa tươi),Thái Bình,Thương lái thu mua,CTV địa phương,2021-06-17,7500.0
Lúa T10 (lúa tươi),Thái Bình,Thương lái thu mua,CTV địa phương,2021-06-17,8000.0
Lúa OM 5451,Trà Vinh,Thương lái thu mua,CTV địa phương,2021-06-17,7000.0
Lúa OM 5451,Cà Mau,Thương lái thu mua,CTV địa phương,2021-06-16,5500.0
Lúa OM 5451,Bến Tre,Thương lái thu mua,CTV địa phương,2021-06-15,6500.0
Lúa Bắc thơm,Hà Nội,Thương lái thu mua,CTV địa phương,2021-06-15,11000.0
Lúa Khang dân,Hà Nội,Thương lái thu mua,CTV địa phương,2021-06-15,8000.0
Lúa OM 5451,Hậu Giang,Thương lái thu mua,CTV địa phương,2021-06-15,7400.0
Lúa Q5 (lúa tươi),Thái Bình,Thương lái thu mua,CTV địa phương,2021-06-15,7500.0
Lúa T10 (lúa tươi),Thái Bình,Thương lái thu mua,CTV địa phương,2021-06-15,8000.0
Lúa OM 5451,Sóc Trăng,Thương lái thu mua,CTV địa phương,2021-06-14,6300.0
Lúa ST24,Sóc Trăng,Thương lái thu mua,CTV địa phương,2021-06-14,8400.0
Lúa Q5 (lúa tươi),Thái Bình,Thương lái thu mua,CTV địa phương,2021-06-14,7500.0
Lúa T10 (lúa tươi),Thái Bình,Thương lái thu mua,CTV địa phương,2021-06-14,7500.0
Lúa Bắc thơm,Hà Nội,Thương lái thu mua,CTV địa phương,2021-06-11,9500.0
Lúa Khang dân,Hà Nội,Thương lái thu mua,CTV địa phương,2021-06-11,8000.0
Lúa OM 5451,Kiên Giang,Thương lái thu mua,CTV địa phương,2021-06-11,6900.0
Lúa Q5 (lúa tươi),Thái Bình,Thương lái thu mua,CTV địa phương,2021-06-10,7500.0
Lúa T10 (lúa tươi),Thái Bình,Thương lái thu mua,CTV địa phương,2021-06-10,7500.0
Lúa OM 5451,Trà Vinh,Thương lái thu mua,CTV địa phương,2021-06-10,7000.0
Lúa OM 5451,Cà Mau,Thương lái thu mua,CTV địa phương,2021-06-09,5500.0
Lúa Bắc thơm,Hà Nội,Thương lái thu mua,CTV địa phương,2021-06-09,9500.0
Lúa Khang dân,Hà Nội,Thương lái thu mua,CTV địa phương,2021-06-09,8000.0
Lúa OM 5451,Bến Tre,Thương lái thu mua,CTV địa phương,2021-06-08,6500.0
Lúa Bắc thơm,Hà Nội,Thương lái thu mua,CTV địa phương,2021-06-08,10000.0
Lúa Khang dân,Hà Nội,Thương lái thu mua,CTV địa phương,2021-06-08,8500.0
Lúa OM 5451,Hậu Giang,Thương lái thu mua,CTV địa phương,2021-06-08,7400.0
Lúa Q5 (lúa tươi),Thái Bình,Thương lái thu mua,CTV địa phương,2021-06-08,7700.0
Lúa T10 (lúa tươi),Thái Bình,Thương lái thu mua,CTV địa phương,2021-06-08,7500.0
Lúa OM 5451,Sóc Trăng,Thương lái thu mua,CTV địa phương,2021-06-07,6300.0
Lúa ST24,Sóc Trăng,Thương lái thu mua,CTV địa phương,2021-06-07,8400.0
Lúa Q5 (lúa tươi),Thái Bình,Thương lái thu mua,CTV địa phương,2021-06-07,7800.0
Lúa T10 (lúa tươi),Thái Bình,Thương lái thu mua,CTV địa phương,2021-06-07,7500.0
Lúa Bắc thơm,Hà Nội,Thương lái thu mua,CTV địa phương,2021-06-04,8500.0
Lúa Khang dân,Hà Nội,Thương lái thu mua,CTV địa phương,2021-06-04,8000.0
Lúa OM 5451,Trà Vinh,Thương lái thu mua,CTV địa phương,2021-06-03,7000.0
Lúa OM 5451,Cà Mau,Thương lái thu mua,CTV địa phương,2021-06-02,5500.0
Lúa OM 5451,Bến Tre,Thương lái thu mua,CTV địa phương,2021-06-01,6400.0
Lúa OM 5451,Hậu Giang,Thương lái thu mua,CTV địa phương,2021-06-01,7500.0
Lúa OM 5451,Sóc Trăng,Thương lái thu mua,CTV địa phương,2021-05-31,6300.0
Lúa ST24,Sóc Trăng,Thương lái thu mua,CTV địa phương,2021-05-31,8250.0
Lúa OM 5451,Bạc Liêu,Thương lái thu mua,CTV địa phương,2021-05-28,8000.0
Lúa Bắc thơm,Hà Nội,Thương lái thu mua,CTV địa phương,2021-05-28,10000.0
Lúa OM 5451,Kiên Giang,Thương lái thu mua,CTV địa phương,2021-05-28,6900.0
Lúa OM 5451,Trà Vinh,Thương lái thu mua,CTV địa phương,2021-05-27,7000.0
Lúa OM 5451,Cà Mau,Thương lái thu mua,CTV địa phương,2021-05-26,5500.0
Lúa Bắc thơm,Hà Nội,Thương lái thu mua,CTV địa phương,2021-05-26,11000.0
Lúa Khang dân,Hà Nội,Thương lái thu mua,CTV địa phương,2021-05-26,8000.0
Lúa OM 5451,Bến Tre,Thương lái thu mua,CTV địa phương,2021-05-25,6400.0
Lúa OM 5451,Hậu Giang,Thương lái thu mua,CTV địa phương,2021-05-25,7600.0
Lúa OM 5451,Sóc Trăng,Thương lái thu mua,CTV địa phương,2021-05-24,6300.0
Lúa ST24,Sóc Trăng,Thương lái thu mua,CTV địa phương,2021-05-24,8150.0
Lúa OM 5451,Bạc Liêu,Thương lái thu mua,CTV địa phương,2021-05-21,8000.0
Lúa Bắc thơm,Hà Nội,Thương lái thu mua,CTV địa phương,2021-05-21,11000.0
Lúa Bắc thơm,Hà Nội,Thương lái thu mua,CTV địa phương,2021-05-20,11000.0
Lúa Khang dân,Hà Nội,Thương lái thu mua,CTV địa phương,2021-05-20,8000.0
Lúa OM 5451,Cà Mau,Thương lái thu mua,CTV địa phương,2021-05-19,5500.0
Lúa OM 5451,Bến Tre,Thương lái thu mua,CTV địa phương,2021-05-18,6400.0
Lúa Bắc thơm,Hà Nội,Thương lái thu mua,CTV địa phương,2021-05-18,12000.0
Lúa Khang dân,Hà Nội,Thương lái thu mua,CTV địa phương,2021-05-18,8300.0
Lúa OM 5451,Hậu Giang,Thương lái thu mua,CTV địa phương,2021-05-18,7600.0
Lúa OM 5451,Sóc Trăng,Thương lái thu mua,CTV địa phương,2021-05-17,6300.0
Lúa ST24,Sóc Trăng,Thương lái thu mua,CTV địa phương,2021-05-17,8150.0
Lúa OM 5451,Bạc Liêu,Thương lái thu mua,CTV địa phương,2021-05-14,8000.0
Lúa Bắc thơm,Hà Nội,Thương lái thu mua,CTV địa phương,2021-05-14,11000.0
Lúa Khang dân,Hà Nội,Thương lái thu mua,CTV địa phương,2021-05-14,8200.0
Lúa Bắc thơm,Hà Nội,Thương lái thu mua,CTV địa phương,2021-05-13,10000.0
Lúa Khang dân,Hà Nội,Thương lái thu mua,CTV địa phương,2021-05-13,8200.0
Lúa OM 5451,Trà Vinh,Thương lái thu mua,CTV địa phương,2021-05-13,7000.0
Lúa OM 5451,Cà Mau,Thương lái thu mua,CTV địa phương,2021-05-12,5500.0
Lúa OM 5451,Bến Tre,Thương lái thu mua,CTV địa phương,2021-05-11,6400.0
Lúa Bắc thơm,Hà Nội,Thương lái thu mua,CTV địa phương,2021-05-11,9500.0
Lúa Khang dân,Hà Nội,Thương lái thu mua,CTV địa phương,2021-05-11,8000.0
Lúa OM 5451,Hậu Giang,Thương lái thu mua,CTV địa phương,2021-05-11,7400.0
Lúa OM 5451,Sóc Trăng,Thương lái thu mua,CTV địa phương,2021-05-10,6300.0
Lúa ST24,Sóc Trăng,Thương lái thu mua,CTV địa phương,2021-05-10,7650.0
Lúa OM 5451,Bạc Liêu,Thương lái thu mua,CTV địa phương,2021-05-07,8000.0
Lúa Bắc thơm,Hà Nội,Thương lái thu mua,CTV địa phương,2021-05-07,8000.0
Lúa Khang dân,Hà Nội,Thương lái thu mua,CTV địa phương,2021-05-07,7900.0
Lúa ST 24 (lúa tươi),Kiên Giang,Thương lái thu mua,CTV địa phương,2021-05-07,6500.0
Lúa Bắc thơm,Hà Nội,Thương lái thu mua,CTV địa phương,2021-05-06,8000.0
Lúa Khang dân,Hà Nội,Thương lái thu mua,CTV địa phương,2021-05-06,7900.0
Lúa OM 5451,Trà Vinh,Thương lái thu mua,CTV địa phương,2021-05-06,7000.0
Lúa OM 5451,Cà Mau,Thương lái thu mua,CTV địa phương,2021-05-05,5500.0
Lúa OM 5451,Bến Tre,Thương lái thu mua,CTV địa phương,2021-05-04,6400.0
Lúa Bắc thơm,Hà Nội,Thương lái thu mua,CTV địa phương,2021-05-04,12000.0
Lúa Khang dân,Hà Nội,Thương lái thu mua,CTV địa phương,2021-05-04,8000.0
Lúa OM 5451,Hậu Giang,Thương lái thu mua,CTV địa phương,2021-05-04,7700.0
Lúa OM 5451,Sóc Trăng,Thương lái thu mua,CTV địa phương,2021-05-03,6300.0
Lúa ST24,Sóc Trăng,Thương lái thu mua,CTV địa phương,2021-05-03,8150.0
Lúa OM 5451,Bạc Liêu,Thương lái thu mua,CTV địa phương,2021-04-30,8000.0
Lúa Bắc thơm,Hà Nội,Thương lái thu mua,CTV địa phương,2021-04-30,10500.0
Lúa Khang dân,Hà Nội,Thương lái thu mua,CTV địa phương,2021-04-30,8000.0
Lúa ST 24 (lúa tươi),Kiên Giang,Thương lái thu mua,CTV địa phương,2021-04-30,6500.0
Lúa OM 5451,Trà Vinh,Thương lái thu mua,CTV địa phương,2021-04-29,7000.0
Lúa Bắc thơm,Hà Nội,Thương lái thu mua,CTV địa phương,2021-04-27,12000.0
Lúa Khang dân,Hà Nội,Thương lái thu mua,CTV địa phương,2021-04-27,8000.0
Lúa OM 5451,Hậu Giang,Thương lái thu mua,CTV địa phương,2021-04-27,7700.0
Lúa OM 5451,Sóc Trăng,Thương lái thu mua,CTV địa phương,2021-04-26,6300.0
Lúa ST24,Sóc Trăng,Thương lái thu mua,CTV địa phương,2021-04-26,7650.0
Lúa OM 5451,Cà Mau,Thương lái thu mua,CTV địa phương,2021-04-24,5500.0
Lúa OM 5451,Bạc Liêu,Thương lái thu mua,CTV địa phương,2021-04-23,8000.0
Lúa ST 24 (lúa tươi),Kiên Giang,Thương lái thu mua,CTV địa phương,2021-04-23,6500.0
Lúa OM 5451,Trà Vinh,Thương lái thu mua,CTV địa phương,2021-04-22,7000.0
Lúa OM 5451,Cà Mau,Thương lái thu mua,CTV địa phương,2021-04-21,5500.0
Lúa OM 5451,Bến Tre,Thương lái thu mua,CTV địa phương,2021-04-20,6400.0
Lúa Bắc thơm,Hà Nội,Thương lái thu mua,CTV địa phương,2021-04-20,8500.0
Lúa Khang dân,Hà Nội,Thương lái thu mua,CTV địa phương,2021-04-20,8500.0
Lúa OM 5451,Hậu Giang,Thương lái thu mua,CTV địa phương,2021-04-20,7700.0
Lúa OM 5451,Sóc Trăng,Thương lái thu mua,CTV địa phương,2021-04-19,6300.0
Lúa ST24,Sóc Trăng,Thương lái thu mua,CTV địa phương,2021-04-19,8150.0
Lúa OM 5451,Bạc Liêu,Thương lái thu mua,CTV địa phương,2021-04-16,8000.0
Lúa ST 24 (lúa tươi),Kiên Giang,Thương lái thu mua,CTV địa phương,2021-04-16,7100.0
Lúa OM 5451,Cà Mau,Thương lái thu mua,CTV địa phương,2021-04-14,5500.0
Lúa OM 5451,Bến Tre,Thương lái thu mua,CTV địa phương,2021-04-13,6400.0
Lúa OM 5451,Hậu Giang,Thương lái thu mua,CTV địa phương,2021-04-13,7700.0
Lúa OM 5451,Sóc Trăng,Thương lái thu mua,CTV địa phương,2021-04-12,6300.0
Lúa ST24,Sóc Trăng,Thương lái thu mua,CTV địa phương,2021-04-12,8250.0
Lúa ST 24 (lúa tươi),Kiên Giang,Thương lái thu mua,CTV địa phương,2021-04-09,6900.0
Lúa OM 5451,Trà Vinh,Thương lái thu mua,CTV địa phương,2021-04-08,7000.0
Lúa OM 5451,Cà Mau,Thương lái thu mua,CTV địa phương,2021-04-07,5500.0
Lúa OM 5451,Bến Tre,Thương lái thu mua,CTV địa phương,2021-04-06,6400.0
Lúa OM 5451,Hậu Giang,Thương lái thu mua,CTV địa phương,2021-04-06,7700.0
Lúa OM 5451,Sóc Trăng,Thương lái thu mua,CTV địa phương,2021-04-05,6300.0
Lúa ST24,Sóc Trăng,Thương lái thu mua,CTV địa phương,2021-04-05,8450.0
Lúa ST 24 (lúa tươi),Kiên Giang,Thương lái thu mua,CTV địa phương,2021-04-02,7100.0
Lúa OM 5451,Trà Vinh,Thương lái thu mua,CTV địa phương,2021-04-01,7000.0
Lúa OM 5451,Cà Mau,Thương lái thu mua,CTV địa phương,2021-03-31,5500.0
Lúa OM 5451,Bến Tre,Thương lái thu mua,CTV địa phương,2021-03-30,6400.0
Lúa OM 5451,Hậu Giang,Thương lái thu mua,CTV địa phương,2021-03-30,6700.0
Lúa OM 5451,Sóc Trăng,Thương lái thu mua,CTV địa phương,2021-03-29,6300.0
Lúa ST 24 (lúa tươi),Kiên Giang,Thương lái thu mua,CTV địa phương,2021-03-26,7100.0
Lúa OM 5451,Trà Vinh,Thương lái thu mua,CTV địa phương,2021-03-25,6900.0
Lúa OM 5451,Cà Mau,Thương lái thu mua,CTV địa phương,2021-03-24,5500.0
Lúa ST 24 (lúa tươi),Kiên Giang,Thương lái thu mua,CTV địa phương,2021-03-19,7100.0
Lúa OM 5451,Trà Vinh,Thương lái thu mua,CTV địa phương,2021-03-18,6900.0
Lúa OM 5451,Cà Mau,Thương lái thu mua,CTV địa phương,2021-03-17,5500.0
Lúa ST 24 (lúa tươi),Kiên Giang,Thương lái thu mua,CTV địa phương,2021-03-12,7100.0
Lúa OM 5451,Trà Vinh,Thương lái thu mua,CTV địa phương,2021-03-11,7100.0
Lúa Bắc thơm,Hà Nội,Thương lái thu mua,CTV địa phương,2021-03-08,7500.0
Lúa Khang dân,Hà Nội,Thương lái thu mua,CTV địa phương,2021-03-08,8250.0
Lúa ST 24 (lúa tươi),Kiên Giang,Thương lái thu mua,CTV địa phương,2021-03-05,7100.0
Lúa OM 5451,Kiên Giang,Thương lái thu mua,CTV địa phương,2021-03-04,6900.0
Lúa OM 5451,Trà Vinh,Thương lái thu mua,CTV địa phương,2021-03-04,6900.0
Bắp cải,Sơn La,Bán lẻ,CTV địa phương,2025-05-19,10000.0
Bưởi da xanh,Sơn La,Bán lẻ,CTV địa phương,2025-05-19,35000.0
Cà rốt,Sơn La,Bán lẻ,CTV địa phương,2025-05-19,15000.0
Chanh,Sơn La,Bán lẻ,CTV địa phương,2025-05-19,30000.0
Khoai tây,Sơn La,Bán lẻ,CTV địa phương,2025-05-19,20000.0
Mồng tơi,Sơn La,Bán lẻ,CTV địa phương,2025-05-19,20000.0
Mướp đắng,Sơn La,Bán lẻ,CTV địa phương,2025-05-19,25000.0
Mướp hương,Sơn La,Bán lẻ,CTV địa phương,2025-05-19,20000.0
Quả bí đỏ,Sơn La,Bán lẻ,CTV địa phương,2025-05-19,20000.0
Quả bí xanh,Sơn La,Bán lẻ,CTV địa phương,2025-05-19,20000.0
Rau cải,Sơn La,Bán lẻ,CTV địa phương,2025-05-19,12000.0
Su su quả,Sơn La,Bán lẻ,CTV địa phương,2025-05-19,20000.0
Bưởi da xanh,Hà Nội,Bán lẻ,CTV địa phương,2025-05-13,65000.0
Cà rốt,Hà Nội,Bán lẻ,CTV địa phương,2025-05-13,17000.0
Khoai tây,Hà Nội,Bán lẻ,CTV địa phương,2025-05-13,16000.0
Măng cụt,Hà Nội,Bán lẻ,CTV địa phương,2025-05-13,70000.0
Mướp,Hà Nội,Bán lẻ,CTV địa phương,2025-05-13,8000.0
Mướp hương,Hà Nội,Bán lẻ,CTV địa phương,2025-05-13,23000.0
Rau cải mơ,Hà Nội,Bán lẻ,CTV địa phương,2025-05-13,25000.0
Rau cải ngọt,Hà Nội,Bán lẻ,CTV địa phương,2025-05-13,25000.0
Bắp cải,Sơn La,Bán lẻ,CTV địa phương,2025-05-12,10000.0
Bưởi da xanh,Sơn La,Bán lẻ,CTV địa phương,2025-05-12,35000.0
Cà rốt,Sơn La,Bán lẻ,CTV địa phương,2025-05-12,15000.0
Chanh,Sơn La,Bán lẻ,CTV địa phương,2025-05-12,30000.0
Khoai tây,Sơn La,Bán lẻ,CTV địa phương,2025-05-12,20000.0
Mồng tơi,Sơn La,Bán lẻ,CTV địa phương,2025-05-12,20000.0
Mướp đắng,Sơn La,Bán lẻ,CTV địa phương,2025-05-12,20000.0
Mướp hương,Sơn La,Bán lẻ,CTV địa phương,2025-05-12,20000.0
Quả bí đỏ,Sơn La,Bán lẻ,CTV địa phương,2025-05-12,20000.0
Quả bí xanh,Sơn La,Bán lẻ,CTV địa phương,2025-05-12,20000.0
Rau cải,Sơn La,Bán lẻ,CTV địa phương,2025-05-12,12000.0
Su su quả,Sơn La,Bán lẻ,CTV địa phương,2025-05-12,20000.0
Bưởi da xanh,Hà Nội,Bán lẻ,CTV địa phương,2025-05-09,65000.0
Khoai tây,Hà Nội,Bán lẻ,CTV địa phương,2025-05-09,16000.0
Măng cụt,Hà Nội,Bán lẻ,CTV địa phương,2025-05-09,70000.0
Mướp,Hà Nội,Bán lẻ,CTV địa phương,2025-05-09,22000.0
Rau cải mơ,Hà Nội,Bán lẻ,CTV địa phương,2025-05-09,20000.0
Rau cải ngọt,Hà Nội,Bán lẻ,CTV địa phương,2025-05-09,20000.0
Bắp cải,Sơn La,Bán lẻ,CTV địa phương,2025-05-08,10000.0
Bưởi da xanh,Sơn La,Bán lẻ,CTV địa phương,2025-05-08,35000.0
Cà rốt,Sơn La,Bán lẻ,CTV địa phương,2025-05-08,15000.0
Chanh,Sơn La,Bán lẻ,CTV địa phương,2025-05-08,35000.0
Khoai tây,Sơn La,Bán lẻ,CTV địa phương,2025-05-08,20000.0
Mồng tơi,Sơn La,Bán lẻ,CTV địa phương,2025-05-08,20000.0
Mướp đắng,Sơn La,Bán lẻ,CTV địa phương,2025-05-08,20000.0
Mướp hương,Sơn La,Bán lẻ,CTV địa phương,2025-05-08,15000.0
Quả bí đỏ,Sơn La,Bán lẻ,CTV địa phương,2025-05-08,20000.0
Quả bí xanh,Sơn La,Bán lẻ,CTV địa phương,2025-05-08,20000.0
Rau cải,Sơn La,Bán lẻ,CTV địa phương,2025-05-08,12000.0
Su su quả,Sơn La,Bán lẻ,CTV địa phương,2025-05-08,25000.0
Bưởi da xanh,Tiền Giang,Thương lái thu mua,CTV địa phương,2025-05-07,31000.0
Bưởi năm roi,Tiền Giang,Thương lái thu mua,CTV địa phương,2025-05-07,19000.0
Chôm chôm Java,Tiền Giang,Thương lái thu mua,CTV địa phương,2025-05-07,20000.0
Chuối sim,Tiền Giang,Thương lái thu mua,CTV địa phương,2025-05-07,12000.0
Đu đủ,Tiền Giang,Thương lái thu mua,CTV địa phương,2025-05-07,10000.0
Sầu Riêng Ri 6 (loại xô),Tiền Giang,Thương lái thu mua,CTV địa phương,2025-05-07,50000.0
Bưởi da xanh,Hà Nội,Bán lẻ,CTV địa phương,2025-05-06,60000.0
Khoai tây,Hà Nội,Bán lẻ,CTV địa phương,2025-05-06,16000.0
Mướp,Hà Nội,Bán lẻ,CTV địa phương,2025-05-06,25000.0
Rau cải mơ,Hà Nội,Bán lẻ,CTV địa phương,2025-05-06,20000.0
Rau cải ngọt,Hà Nội,Bán lẻ,CTV địa phương,2025-05-06,20000.0
Bắp cải,Sơn La,Bán lẻ,CTV địa phương,2025-05-05,10000.0
Bưởi da xanh,Sơn La,Bán lẻ,CTV địa phương,2025-05-05,35000.0
Cà rốt,Sơn La,Bán lẻ,CTV địa phương,2025-05-05,15000.0
Chanh,Sơn La,Bán lẻ,CTV địa phương,2025-05-05,35000.0
Khoai tây,Sơn La,Bán lẻ,CTV địa phương,2025-05-05,20000.0
Mồng tơi,Sơn La,Bán lẻ,CTV địa phương,2025-05-05,20000.0
Mướp đắng,Sơn La,Bán lẻ,CTV địa phương,2025-05-05,20000.0
Mướp hương,Sơn La,Bán lẻ,CTV địa phương,2025-05-05,15000.0
Quả bí đỏ,Sơn La,Bán lẻ,CTV địa phương,2025-05-05,20000.0
Quả bí xanh,Sơn La,Bán lẻ,CTV địa phương,2025-05-05,20000.0
Rau cải,Sơn La,Bán lẻ,CTV địa phương,2025-05-05,12000.0
Su su quả,Sơn La,Bán lẻ,CTV địa phương,2025-05-05,25000.0
Bưởi da xanh,Hà Nội,Bán lẻ,CTV địa phương,2025-04-29,55000.0
Khoai tây,Hà Nội,Bán lẻ,CTV địa phương,2025-04-29,16000.0
Mướp,Hà Nội,Bán lẻ,CTV địa phương,2025-04-29,25000.0
Rau cải mơ,Hà Nội,Bán lẻ,CTV địa phương,2025-04-29,20000.0
Rau cải ngọt,Hà Nội,Bán lẻ,CTV địa phương,2025-04-29,20000.0
Bắp cải,Sơn La,Bán lẻ,CTV địa phương,2025-04-28,10000.0
Bưởi da xanh,Sơn La,Bán lẻ,CTV địa phương,2025-04-28,35000.0
Cà rốt,Sơn La,Bán lẻ,CTV địa phương,2025-04-28,20000.0
Chanh,Sơn La,Bán lẻ,CTV địa phương,2025-04-28,35000.0
Khoai tây,Sơn La,Bán lẻ,CTV địa phương,2025-04-28,20000.0
Mồng tơi,Sơn La,Bán lẻ,CTV địa phương,2025-04-28,20000.0
Mướp đắng,Sơn La,Bán lẻ,CTV địa phương,2025-04-28,30000.0
Mướp hương,Sơn La,Bán lẻ,CTV địa phương,2025-04-28,20000.0
Quả bí đỏ,Sơn La,Bán lẻ,CTV địa phương,2025-04-28,20000.0
Quả bí xanh,Sơn La,Bán lẻ,CTV địa phương,2025-04-28,20000.0
Rau cải,Sơn La,Bán lẻ,CTV địa phương,2025-04-28,15000.0
Su su quả,Sơn La,Bán lẻ,CTV địa phương,2025-04-28,25000.0
Bưởi da xanh,Hà Nội,Bán lẻ,CTV địa phương,2025-04-25,55000.0
Khoai tây,Hà Nội,Bán lẻ,CTV địa phương,2025-04-25,16000.0
Mướp,Hà Nội,Bán lẻ,CTV địa phương,2025-04-25,25000.0
Rau cải mơ,Hà Nội,Bán lẻ,CTV địa phương,2025-04-25,20000.0
Rau cải ngọt,Hà Nội,Bán lẻ,CTV địa phương,2025-04-25,20000.0
Bưởi da xanh,Tiền Giang,Thương lái thu mua,CTV địa phương,2025-04-25,29000.0
Bưởi năm roi,Tiền Giang,Thương lái thu mua,CTV địa phương,2025-04-25,18500.0
Chôm chôm Java,Tiền Giang,Thương lái thu mua,CTV địa phương,2025-04-25,18000.0
Chuối sim,Tiền Giang,Thương lái thu mua,CTV địa phương,2025-04-25,12000.0
Đu đủ,Tiền Giang,Thương lái thu mua,CTV địa phương,2025-04-25,10000.0
Sầu Riêng Ri 6 (loại xô),Tiền Giang,Thương lái thu mua,CTV địa phương,2025-04-25,54000.0
Bắp cải,Sơn La,Bán lẻ,CTV địa phương,2025-04-24,10000.0
Bưởi da xanh,Sơn La,Bán lẻ,CTV địa phương,2025-04-24,35000.0
Cà rốt,Sơn La,Bán lẻ,CTV địa phương,2025-04-24,20000.0
Chanh,Sơn La,Bán lẻ,CTV địa phương,2025-04-24,35000.0
Khoai tây,Sơn La,Bán lẻ,CTV địa phương,2025-04-24,20000.0
Mồng tơi,Sơn La,Bán lẻ,CTV địa phương,2025-04-24,20000.0
Mướp đắng,Sơn La,Bán lẻ,CTV địa phương,2025-04-24,30000.0
Mướp hương,Sơn La,Bán lẻ,CTV địa phương,2025-04-24,20000.0
Quả bí đỏ,Sơn La,Bán lẻ,CTV địa phương,2025-04-24,20000.0
Quả bí xanh,Sơn La,Bán lẻ,CTV địa phương,2025-04-24,20000.0
Rau cải,Sơn La,Bán lẻ,CTV địa phương,2025-04-24,15000.0
Su su quả,Sơn La,Bán lẻ,CTV địa phương,2025-04-24,25000.0
Bưởi da xanh,Tiền Giang,Thương lái thu mua,CTV địa phương,2025-04-23,29000.0
Bưởi năm roi,Tiền Giang,Thương lái thu mua,CTV địa phương,2025-04-23,18500.0
Chôm chôm Java,Tiền Giang,Thương lái thu mua,CTV địa phương,2025-04-23,18000.0
Chuối sim,Tiền Giang,Thương lái thu mua,CTV địa phương,2025-04-23,12000.0
Đu đủ,Tiền Giang,Thương lái thu mua,CTV địa phương,2025-04-23,10000.0
Sầu Riêng Ri 6 (loại xô),Tiền Giang,Thương lái thu mua,CTV địa phương,2025-04-23,54000.0
Bưởi da xanh,Hà Nội,Bán lẻ,CTV địa phương,2025-04-22,65000.0
Khoai tây,Hà Nội,Bán lẻ,CTV địa phương,2025-04-22,16000.0
Rau cải mơ,Hà Nội,Bán lẻ,CTV địa phương,2025-04-22,20000.0
Rau cải ngọt,Hà Nội,Bán lẻ,CTV địa phương,2025-04-22,20000.0
Bắp cải,Sơn La,Bán lẻ,CTV địa phương,2025-04-21,12000.0
Bưởi da xanh,Sơn La,Bán lẻ,CTV địa phương,2025-04-21,35000.0
Cà rốt,Sơn La,Bán lẻ,CTV địa phương,2025-04-21,20000.0
Chanh,Sơn La,Bán lẻ,CTV địa phương,2025-04-21,35000.0
Khoai tây,Sơn La,Bán lẻ,CTV địa phương,2025-04-21,20000.0
Mồng tơi,Sơn La,Bán lẻ,CTV địa phương,2025-04-21,25000.0
Mướp đắng,Sơn La,Bán lẻ,CTV địa phương,2025-04-21,35000.0
Quả bí đỏ,Sơn La,Bán lẻ,CTV địa phương,2025-04-21,20000.0
Quả bí xanh,Sơn La,Bán lẻ,CTV địa phương,2025-04-21,25000.0
Rau cải,Sơn La,Bán lẻ,CTV địa phương,2025-04-21,15000.0
Bưởi da xanh,Hà Nội,Bán lẻ,CTV địa phương,2025-04-18,65000.0
Khoai tây,Hà Nội,Bán lẻ,CTV địa phương,2025-04-18,16000.0
Rau cải mơ,Hà Nội,Bán lẻ,CTV địa phương,2025-04-18,20000.0
Rau cải ngọt,Hà Nội,Bán lẻ,CTV địa phương,2025-04-18,20000.0
Bưởi da xanh,Tiền Giang,Thương lái thu mua,CTV địa phương,2025-04-16,28000.0
Bưởi năm roi,Tiền Giang,Thương lái thu mua,CTV địa phương,2025-04-16,18000.0
Chôm chôm Java,Tiền Giang,Thương lái thu mua,CTV địa phương,2025-04-16,18000.0
Chuối sim,Tiền Giang,Thương lái thu mua,CTV địa phương,2025-04-16,12000.0
Đu đủ,Tiền Giang,Thương lái thu mua,CTV địa phương,2025-04-16,10000.0
Sầu Riêng Ri 6 (loại xô),Tiền Giang,Thương lái thu mua,CTV địa phương,2025-04-16,65000.0
Bưởi da xanh,Hà Nội,Bán lẻ,CTV địa phương,2025-04-15,65000.0
Khoai tây,Hà Nội,Bán lẻ,CTV địa phương,2025-04-15,16000.0
Rau cải mơ,Hà Nội,Bán lẻ,CTV địa phương,2025-04-15,20000.0
Rau cải ngọt,Hà Nội,Bán lẻ,CTV địa phương,2025-04-15,20000.0
Bắp cải,Sơn La,Bán lẻ,CTV địa phương,2025-04-14,15000.0
Bưởi da xanh,Sơn La,Bán lẻ,CTV địa phương,2025-04-14,35000.0
Cà rốt,Sơn La,Bán lẻ,CTV địa phương,2025-04-14,25000.0
Chanh,Sơn La,Bán lẻ,CTV địa phương,2025-04-14,35000.0
Khoai tây,Sơn La,Bán lẻ,CTV địa phương,2025-04-14,25000.0
Mồng tơi,Sơn La,Bán lẻ,CTV địa phương,2025-04-14,25000.0
Quả bí đỏ,Sơn La,Bán lẻ,CTV địa phương,2025-04-14,20000.0
Quả bí xanh,Sơn La,Bán lẻ,CTV địa phương,2025-04-14,25000.0
Rau cải,Sơn La,Bán lẻ,CTV địa phương,2025-04-14,20000.0
Su su quả,Sơn La,Bán lẻ,CTV địa phương,2025-04-14,25000.0
Bưởi da xanh,Hà Nội,Bán lẻ,CTV địa phương,2025-04-11,65000.0
Khoai tây,Hà Nội,Bán lẻ,CTV địa phương,2025-04-11,16000.0
Rau cải mơ,Hà Nội,Bán lẻ,CTV địa phương,2025-04-11,20000.0
Rau cải ngọt,Hà Nội,Bán lẻ,CTV địa phương,2025-04-11,20000.0
Bắp cải,Sơn La,Bán lẻ,CTV địa phương,2025-04-10,15000.0
Bưởi da xanh,Sơn La,Bán lẻ,CTV địa phương,2025-04-10,35000.0
Cà rốt,Sơn La,Bán lẻ,CTV địa phương,2025-04-10,25000.0
Chanh,Sơn La,Bán lẻ,CTV địa phương,2025-04-10,35000.0
Khoai tây,Sơn La,Bán lẻ,CTV địa phương,2025-04-10,25000.0
Mồng tơi,Sơn La,Bán lẻ,CTV địa phương,2025-04-10,25000.0
Quả bí đỏ,Sơn La,Bán lẻ,CTV địa phương,2025-04-10,20000.0
Quả bí xanh,Sơn La,Bán lẻ,CTV địa phương,2025-04-10,25000.0
Rau cải,Sơn La,Bán lẻ,CTV địa phương,2025-04-10,20000.0
Su su quả,Sơn La,Bán lẻ,CTV địa phương,2025-04-10,25000.0
Bưởi da xanh,Tiền Giang,Thương lái thu mua,CTV địa phương,2025-04-09,25000.0
Bưởi năm roi,Tiền Giang,Thương lái thu mua,CTV địa phương,2025-04-09,18000.0
Chôm chôm Java,Tiền Giang,Thương lái thu mua,CTV địa phương,2025-04-09,19000.0
Chuối sim,Tiền Giang,Thương lái thu mua,CTV địa phương,2025-04-09,12000.0
Đu đủ,Tiền Giang,Thương lái thu mua,CTV địa phương,2025-04-09,10000.0
Sầu Riêng Ri 6 (loại xô),Tiền Giang,Thương lái thu mua,CTV địa phương,2025-04-09,73000.0
Bắp cải,Hà Nội,Bán lẻ,CTV địa phương,2025-04-08,14000.0
Bưởi da xanh,Hà Nội,Bán lẻ,CTV địa phương,2025-04-08,65000.0
Khoai tây,Hà Nội,Bán lẻ,CTV địa phương,2025-04-08,16000.0
Rau cải mơ,Hà Nội,Bán lẻ,CTV địa phương,2025-04-08,20000.0
Rau cải ngọt,Hà Nội,Bán lẻ,CTV địa phương,2025-04-08,20000.0
Bắp cải,Hà Nội,Bán lẻ,CTV địa phương,2025-04-04,14000.0
Bưởi da xanh,Hà Nội,Bán lẻ,CTV địa phương,2025-04-04,65000.0
Khoai tây,Hà Nội,Bán lẻ,CTV địa phương,2025-04-04,16000.0
Rau cải mơ,Hà Nội,Bán lẻ,CTV địa phương,2025-04-04,20000.0
Rau cải ngọt,Hà Nội,Bán lẻ,CTV địa phương,2025-04-04,20000.0
Bắp cải,Sơn La,Bán lẻ,CTV địa phương,2025-04-03,10000.0
Bưởi da xanh,Sơn La,Bán lẻ,CTV địa phương,2025-04-03,35000.0
Cà rốt,Sơn La,Bán lẻ,CTV địa phương,2025-04-03,20000.0
Chanh,Sơn La,Bán lẻ,CTV địa phương,2025-04-03,35000.0
Khoai tây,Sơn La,Bán lẻ,CTV địa phương,2025-04-03,20000.0
Mồng tơi,Sơn La,Bán lẻ,CTV địa phương,2025-04-03,25000.0
Quả bí đỏ,Sơn La,Bán lẻ,CTV địa phương,2025-04-03,20000.0
Quả bí xanh,Sơn La,Bán lẻ,CTV địa phương,2025-04-03,25000.0
Rau cải,Sơn La,Bán lẻ,CTV địa phương,2025-04-03,20000.0
Su su quả,Sơn La,Bán lẻ,CTV địa phương,2025-04-03,25000.0
Bưởi da xanh,Tiền Giang,Thương lái thu mua,CTV địa phương,2025-04-02,24000.0
Bưởi năm roi,Tiền Giang,Thương lái thu mua,CTV địa phương,2025-04-02,17000.0
Chôm chôm Java,Tiền Giang,Thương lái thu mua,CTV địa phương,2025-04-02,19000.0
Chuối sim,Tiền Giang,Thương lái thu mua,CTV địa phương,2025-04-02,11500.0
Đu đủ,Tiền Giang,Thương lái thu mua,CTV địa phương,2025-04-02,10000.0
Sầu Riêng Ri 6 (loại xô),Tiền Giang,Thương lái thu mua,CTV địa phương,2025-04-02,75000.0
Bắp cải,Hà Nội,Bán lẻ,CTV địa phương,2025-04-01,14000.0
Bưởi da xanh,Hà Nội,Bán lẻ,CTV địa phương,2025-04-01,65000.0
Khoai tây,Hà Nội,Bán lẻ,CTV địa phương,2025-04-01,16000.0
Rau cải mơ,Hà Nội,Bán lẻ,CTV địa phương,2025-04-01,20000.0
Rau cải ngọt,Hà Nội,Bán lẻ,CTV địa phương,2025-04-01,25000.0
Bắp cải,Sơn La,Bán lẻ,CTV địa phương,2025-03-31,10000.0
Bưởi da xanh,Sơn La,Bán lẻ,CTV địa phương,2025-03-31,35000.0
Cà rốt,Sơn La,Bán lẻ,CTV địa phương,2025-03-31,20000.0
Chanh,Sơn La,Bán lẻ,CTV địa phương,2025-03-31,35000.0
Khoai tây,Sơn La,Bán lẻ,CTV địa phương,2025-03-31,20000.0
Mồng tơi,Sơn La,Bán lẻ,CTV địa phương,2025-03-31,25000.0
Quả bí đỏ,Sơn La,Bán lẻ,CTV địa phương,2025-03-31,20000.0
Quả bí xanh,Sơn La,Bán lẻ,CTV địa phương,2025-03-31,25000.0
Rau cải,Sơn La,Bán lẻ,CTV địa phương,2025-03-31,20000.0
Su su quả,Sơn La,Bán lẻ,CTV địa phương,2025-03-31,25000.0
Bắp cải,Hà Nội,Bán lẻ,CTV địa phương,2025-03-28,14000.0
Bưởi da xanh,Hà Nội,Bán lẻ,CTV địa phương,2025-03-28,65000.0
Khoai tây,Hà Nội,Bán lẻ,CTV địa phương,2025-03-28,16000.0
Rau cải mơ,Hà Nội,Bán lẻ,CTV địa phương,2025-03-28,20000.0
Rau cải ngọt,Hà Nội,Bán lẻ,CTV địa phương,2025-03-28,25000.0
Bắp cải,Sơn La,Bán lẻ,CTV địa phương,2025-03-27,10000.0
Bưởi da xanh,Sơn La,Bán lẻ,CTV địa phương,2025-03-27,35000.0
Cà rốt,Sơn La,Bán lẻ,CTV địa phương,2025-03-27,20000.0
Chanh,Sơn La,Bán lẻ,CTV địa phương,2025-03-27,35000.0
Khoai tây,Sơn La,Bán lẻ,CTV địa phương,2025-03-27,20000.0
Mồng tơi,Sơn La,Bán lẻ,CTV địa phương,2025-03-27,25000.0
Quả bí đỏ,Sơn La,Bán lẻ,CTV địa phương,2025-03-27,20000.0
Quả bí xanh,Sơn La,Bán lẻ,CTV địa phương,2025-03-27,25000.0
Rau cải,Sơn La,Bán lẻ,CTV địa phương,2025-03-27,20000.0
Su su quả,Sơn La,Bán lẻ,CTV địa phương,2025-03-27,25000.0
Bưởi da xanh,Tiền Giang,Thương lái thu mua,CTV địa phương,2025-03-26,24000.0
Bưởi năm roi,Tiền Giang,Thương lái thu mua,CTV địa phương,2025-03-26,17500.0
Chôm chôm Java,Tiền Giang,Thương lái thu mua,CTV địa phương,2025-03-26,20000.0
Chuối sim,Tiền Giang,Thương lái thu mua,CTV địa phương,2025-03-26,11000.0
Đu đủ,Tiền Giang,Thương lái thu mua,CTV địa phương,2025-03-26,10000.0
Sầu Riêng Ri 6 (loại xô),Tiền Giang,Thương lái thu mua,CTV địa phương,2025-03-26,77000.0
Bắp cải,Hà Nội,Bán lẻ,CTV địa phương,2025-03-25,14000.0
Bưởi da xanh,Hà Nội,Bán lẻ,CTV địa phương,2025-03-25,65000.0
Khoai tây,Hà Nội,Bán lẻ,CTV địa phương,2025-03-25,16000.0
Rau cải mơ,Hà Nội,Bán lẻ,CTV địa phương,2025-03-25,20000.0
Rau cải ngọt,Hà Nội,Bán lẻ,CTV địa phương,2025-03-25,25000.0
Bắp cải,Sơn La,Bán lẻ,CTV địa phương,2025-03-24,15000.0
Bưởi da xanh,Sơn La,Bán lẻ,CTV địa phương,2025-03-24,35000.0
Cà rốt,Sơn La,Bán lẻ,CTV địa phương,2025-03-24,20000.0
Chanh,Sơn La,Bán lẻ,CTV địa phương,2025-03-24,35000.0
Khoai tây,Sơn La,Bán lẻ,CTV địa phương,2025-03-24,25000.0
Mồng tơi,Sơn La,Bán lẻ,CTV địa phương,2025-03-24,25000.0
Quả bí đỏ,Sơn La,Bán lẻ,CTV địa phương,2025-03-24,15000.0
Quả bí xanh,Sơn La,Bán lẻ,CTV địa phương,2025-03-24,15000.0
Rau cải,Sơn La,Bán lẻ,CTV địa phương,2025-03-24,20000.0
Su su quả,Sơn La,Bán lẻ,CTV địa phương,2025-03-24,25000.0
Bắp cải,Hà Nội,Bán lẻ,CTV địa phương,2025-03-21,13000.0
Bưởi da xanh,Hà Nội,Bán lẻ,CTV địa phương,2025-03-21,65000.0
Khoai tây,Hà Nội,Bán lẻ,CTV địa phương,2025-03-21,16000.0
Rau cải mơ,Hà Nội,Bán lẻ,CTV địa phương,2025-03-21,20000.0
Rau cải ngọt,Hà Nội,Bán lẻ,CTV địa phương,2025-03-21,20000.0
Bắp cải,Sơn La,Bán lẻ,CTV địa phương,2025-03-20,15000.0
Bưởi da xanh,Sơn La,Bán lẻ,CTV địa phương,2025-03-20,35000.0
Cà rốt,Sơn La,Bán lẻ,CTV địa phương,2025-03-20,20000.0
Chanh,Sơn La,Bán lẻ,CTV địa phương,2025-03-20,35000.0
Khoai tây,Sơn La,Bán lẻ,CTV địa phương,2025-03-20,25000.0
Mồng tơi,Sơn La,Bán lẻ,CTV địa phương,2025-03-20,25000.0
Quả bí đỏ,Sơn La,Bán lẻ,CTV địa phương,2025-03-20,15000.0
Quả bí xanh,Sơn La,Bán lẻ,CTV địa phương,2025-03-20,15000.0
Rau cải,Sơn La,Bán lẻ,CTV địa phương,2025-03-20,20000.0
Su su quả,Sơn La,Bán lẻ,CTV địa phương,2025-03-20,25000.0
Bưởi da xanh,Tiền Giang,Thương lái thu mua,CTV địa phương,2025-03-19,22000.0
Bưởi năm roi,Tiền Giang,Thương lái thu mua,CTV địa phương,2025-03-19,17000.0
Chôm chôm Java,Tiền Giang,Thương lái thu mua,CTV địa phương,2025-03-19,22000.0
Chuối sim,Tiền Giang,Thương lái thu mua,CTV địa phương,2025-03-19,11000.0
Đu đủ,Tiền Giang,Thương lái thu mua,CTV địa phương,2025-03-19,10000.0
Sầu Riêng Ri 6 (loại xô),Tiền Giang,Thương lái thu mua,CTV địa phương,2025-03-19,70000.0
Bắp cải,Hà Nội,Bán lẻ,CTV địa phương,2025-03-18,12000.0
Bưởi da xanh,Hà Nội,Bán lẻ,CTV địa phương,2025-03-18,65000.0
Khoai tây,Hà Nội,Bán lẻ,CTV địa phương,2025-03-18,16000.0
Rau cải mơ,Hà Nội,Bán lẻ,CTV địa phương,2025-03-18,20000.0
Rau cải ngọt,Hà Nội,Bán lẻ,CTV địa phương,2025-03-18,20000.0
Bắp cải,Sơn La,Bán lẻ,CTV địa phương,2025-03-17,15000.0
Bưởi da xanh,Sơn La,Bán lẻ,CTV địa phương,2025-03-17,35000.0
Cà rốt,Sơn La,Bán lẻ,CTV địa phương,2025-03-17,20000.0
Chanh,Sơn La,Bán lẻ,CTV địa phương,2025-03-17,35000.0
Khoai tây,Sơn La,Bán lẻ,CTV địa phương,2025-03-17,20000.0
Mồng tơi,Sơn La,Bán lẻ,CTV địa phương,2025-03-17,25000.0
Mướp đắng,Sơn La,Bán lẻ,CTV địa phương,2025-03-17,45000.0
Quả bí đỏ,Sơn La,Bán lẻ,CTV địa phương,2025-03-17,15000.0
Quả bí xanh,Sơn La,Bán lẻ,CTV địa phương,2025-03-17,15000.0
Rau cải,Sơn La,Bán lẻ,CTV địa phương,2025-03-17,20000.0
Su su quả,Sơn La,Bán lẻ,CTV địa phương,2025-03-17,20000.0
Bắp cải,Hà Nội,Bán lẻ,CTV địa phương,2025-03-14,12000.0
Bưởi da xanh,Hà Nội,Bán lẻ,CTV địa phương,2025-03-14,65000.0
Khoai tây,Hà Nội,Bán lẻ,CTV địa phương,2025-03-14,16000.0
Rau cải mơ,Hà Nội,Bán lẻ,CTV địa phương,2025-03-14,20000.0
Rau cải ngọt,Hà Nội,Bán lẻ,CTV địa phương,2025-03-14,20000.0
Bưởi da xanh,Sơn La,Bán lẻ,CTV địa phương,2025-03-13,35000.0
Cà rốt,Sơn La,Bán lẻ,CTV địa phương,2025-03-13,15000.0
Khoai tây,Sơn La,Bán lẻ,CTV địa phương,2025-03-13,20000.0
Mồng tơi,Sơn La,Bán lẻ,CTV địa phương,2025-03-13,10000.0
Mướp đắng,Sơn La,Bán lẻ,CTV địa phương,2025-03-13,20000.0
Mướp hương,Sơn La,Bán lẻ,CTV địa phương,2025-03-13,20000.0
Na thái,Sơn La,Bán lẻ,CTV địa phương,2025-03-13,50000.0
Quả bí đỏ,Sơn La,Bán lẻ,CTV địa phương,2025-03-13,15000.0
Quả bí xanh,Sơn La,Bán lẻ,CTV địa phương,2025-03-13,10000.0
Rau cải,Sơn La,Bán lẻ,CTV địa phương,2025-03-13,10000.0
Su su quả,Sơn La,Bán lẻ,CTV địa phương,2025-03-13,20000.0
Bưởi da xanh,Tiền Giang,Thương lái thu mua,CTV địa phương,2025-03-12,23000.0
Bưởi năm roi,Tiền Giang,Thương lái thu mua,CTV địa phương,2025-03-12,17500.0
Chôm chôm Java,Tiền Giang,Thương lái thu mua,CTV địa phương,2025-03-12,21000.0
Chuối sim,Tiền Giang,Thương lái thu mua,CTV địa phương,2025-03-12,10500.0
Đu đủ,Tiền Giang,Thương lái thu mua,CTV địa phương,2025-03-12,10500.0
Sầu Riêng Ri 6 (loại xô),Tiền Giang,Thương lái thu mua,CTV địa phương,2025-03-12,65000.0
Bắp cải,Hà Nội,Bán lẻ,CTV địa phương,2025-03-11,12000.0
Bưởi da xanh,Hà Nội,Bán lẻ,CTV địa phương,2025-03-11,65000.0
Khoai tây,Hà Nội,Bán lẻ,CTV địa phương,2025-03-11,16000.0
Rau cải mơ,Hà Nội,Bán lẻ,CTV địa phương,2025-03-11,20000.0
Rau cải ngọt,Hà Nội,Bán lẻ,CTV địa phương,2025-03-11,20000.0
Bắp cải,Hà Nội,Bán lẻ,CTV địa phương,2025-03-07,12000.0
Bưởi da xanh,Hà Nội,Bán lẻ,CTV địa phương,2025-03-07,65000.0
Khoai tây,Hà Nội,Bán lẻ,CTV địa phương,2025-03-07,16000.0
Rau cải mơ,Hà Nội,Bán lẻ,CTV địa phương,2025-03-07,20000.0
Rau cải ngọt,Hà Nội,Bán lẻ,CTV địa phương,2025-03-07,20000.0
Bưởi da xanh,Sơn La,Bán lẻ,CTV địa phương,2025-03-06,35000.0
Cà rốt,Sơn La,Bán lẻ,CTV địa phương,2025-03-06,15000.0
Khoai tây,Sơn La,Bán lẻ,CTV địa phương,2025-03-06,20000.0
Mồng tơi,Sơn La,Bán lẻ,CTV địa phương,2025-03-06,10000.0
Mướp đắng,Sơn La,Bán lẻ,CTV địa phương,2025-03-06,20000.0
Mướp hương,Sơn La,Bán lẻ,CTV địa phương,2025-03-06,20000.0
Na thái,Sơn La,Bán lẻ,CTV địa phương,2025-03-06,50000.0
Quả bí đỏ,Sơn La,Bán lẻ,CTV địa phương,2025-03-06,15000.0
Quả bí xanh,Sơn La,Bán lẻ,CTV địa phương,2025-03-06,10000.0
Rau cải,Sơn La,Bán lẻ,CTV địa phương,2025-03-06,10000.0
Su su quả,Sơn La,Bán lẻ,CTV địa phương,2025-03-06,20000.0
Bưởi da xanh,Tiền Giang,Thương lái thu mua,CTV địa phương,2025-03-05,25000.0
Bưởi năm roi,Tiền Giang,Thương lái thu mua,CTV địa phương,2025-03-05,17000.0
Chôm chôm Java,Tiền Giang,Thương lái thu mua,CTV địa phương,2025-03-05,20000.0
Chuối sim,Tiền Giang,Thương lái thu mua,CTV địa phương,2025-03-05,10000.0
Đu đủ,Tiền Giang,Thương lái thu mua,CTV địa phương,2025-03-05,10000.0
Sầu Riêng Ri 6 (loại xô),Tiền Giang,Thương lái thu mua,CTV địa phương,2025-03-05,53000.0
Bắp cải,Hà Nội,Bán lẻ,CTV địa phương,2025-03-04,12000.0
Bưởi da xanh,Hà Nội,Bán lẻ,CTV địa phương,2025-03-04,65000.0
Khoai tây,Hà Nội,Bán lẻ,CTV địa phương,2025-03-04,16000.0
Rau cải mơ,Hà Nội,Bán lẻ,CTV địa phương,2025-03-04,20000.0
Rau cải ngọt,Hà Nội,Bán lẻ,CTV địa phương,2025-03-04,20000.0
Bưởi da xanh,Sơn La,Bán lẻ,CTV địa phương,2025-03-03,35000.0
Cà rốt,Sơn La,Bán lẻ,CTV địa phương,2025-03-03,15000.0
Khoai tây,Sơn La,Bán lẻ,CTV địa phương,2025-03-03,20000.0
Mồng tơi,Sơn La,Bán lẻ,CTV địa phương,2025-03-03,10000.0
Mướp đắng,Sơn La,Bán lẻ,CTV địa phương,2025-03-03,20000.0
Mướp hương,Sơn La,Bán lẻ,CTV địa phương,2025-03-03,20000.0
Na thái,Sơn La,Bán lẻ,CTV địa phương,2025-03-03,50000.0
Quả bí đỏ,Sơn La,Bán lẻ,CTV địa phương,2025-03-03,15000.0
Quả bí xanh,Sơn La,Bán lẻ,CTV địa phương,2025-03-03,10000.0
Rau cải,Sơn La,Bán lẻ,CTV địa phương,2025-03-03,11000.0
Su su quả,Sơn La,Bán lẻ,CTV địa phương,2025-03-03,20000.0
Bắp cải,Hà Nội,Bán lẻ,CTV địa phương,2025-02-28,12000.0
Bưởi da xanh,Hà Nội,Bán lẻ,CTV địa phương,2025-02-28,65000.0
Khoai tây,Hà Nội,Bán lẻ,CTV địa phương,2025-02-28,16000.0
Rau cải mơ,Hà Nội,Bán lẻ,CTV địa phương,2025-02-28,20000.0
Rau cải ngọt,Hà Nội,Bán lẻ,CTV địa phương,2025-02-28,20000.0
Bưởi da xanh,Tiền Giang,Thương lái thu mua,CTV địa phương,2025-02-28,25000.0
Bưởi năm roi,Tiền Giang,Thương lái thu mua,CTV địa phương,2025-02-28,17000.0
Chôm chôm Java,Tiền Giang,Thương lái thu mua,CTV địa phương,2025-02-28,20000.0
Chuối sim,Tiền Giang,Thương lái thu mua,CTV địa phương,2025-02-28,10000.0
Đu đủ,Tiền Giang,Thương lái thu mua,CTV địa phương,2025-02-28,10000.0
Sầu Riêng Ri 6 (loại xô),Tiền Giang,Thương lái thu mua,CTV địa phương,2025-02-28,52000.0
Bưởi da xanh,Sơn La,Bán lẻ,CTV địa phương,2025-02-27,35000.0
Cà rốt,Sơn La,Bán lẻ,CTV địa phương,2025-02-27,15000.0
Khoai tây,Sơn La,Bán lẻ,CTV địa phương,2025-02-27,20000.0
Mồng tơi,Sơn La,Bán lẻ,CTV địa phương,2025-02-27,10000.0
Mướp đắng,Sơn La,Bán lẻ,CTV địa phương,2025-02-27,20000.0
Mướp hương,Sơn La,Bán lẻ,CTV địa phương,2025-02-27,20000.0
Na thái,Sơn La,Bán lẻ,CTV địa phương,2025-02-27,50000.0
Quả bí đỏ,Sơn La,Bán lẻ,CTV địa phương,2025-02-27,15000.0
Quả bí xanh,Sơn La,Bán lẻ,CTV địa phương,2025-02-27,10000.0
Rau cải,Sơn La,Bán lẻ,CTV địa phương,2025-02-27,10000.0
Su su quả,Sơn La,Bán lẻ,CTV địa phương,2025-02-27,20000.0
Bưởi da xanh,Tiền Giang,Thương lái thu mua,CTV địa phương,2025-02-26,25000.0
Bưởi năm roi,Tiền Giang,Thương lái thu mua,CTV địa phương,2025-02-26,17000.0
Chôm chôm Java,Tiền Giang,Thương lái thu mua,CTV địa phương,2025-02-26,20000.0
Chuối sim,Tiền Giang,Thương lái thu mua,CTV địa phương,2025-02-26,10000.0
Đu đủ,Tiền Giang,Thương lái thu mua,CTV địa phương,2025-02-26,10000.0
Sầu Riêng Ri 6 (loại xô),Tiền Giang,Thương lái thu mua,CTV địa phương,2025-02-26,52000.0
Bắp cải,Hà Nội,Bán lẻ,CTV địa phương,2025-02-25,12000.0
Bưởi da xanh,Hà Nội,Bán lẻ,CTV địa phương,2025-02-25,65000.0
Khoai tây,Hà Nội,Bán lẻ,CTV địa phương,2025-02-25,16000.0
Rau cải mơ,Hà Nội,Bán lẻ,CTV địa phương,2025-02-25,20000.0
Rau cải ngọt,Hà Nội,Bán lẻ,CTV địa phương,2025-02-25,20000.0
Bưởi da xanh,Sơn La,Bán lẻ,CTV địa phương,2025-02-24,35000.0
Cà rốt,Sơn La,Bán lẻ,CTV địa phương,2025-02-24,15000.0
Khoai tây,Sơn La,Bán lẻ,CTV địa phương,2025-02-24,20000.0
Mồng tơi,Sơn La,Bán lẻ,CTV địa phương,2025-02-24,10000.0
Mướp đắng,Sơn La,Bán lẻ,CTV địa phương,2025-02-24,20000.0
Mướp hương,Sơn La,Bán lẻ,CTV địa phương,2025-02-24,20000.0
Na thái,Sơn La,Bán lẻ,CTV địa phương,2025-02-24,50000.0
Quả bí đỏ,Sơn La,Bán lẻ,CTV địa phương,2025-02-24,15000.0
Quả bí xanh,Sơn La,Bán lẻ,CTV địa phương,2025-02-24,10000.0
Rau cải,Sơn La,Bán lẻ,CTV địa phương,2025-02-24,10000.0
Su su quả,Sơn La,Bán lẻ,CTV địa phương,2025-02-24,20000.0
Bắp cải,Hà Nội,Bán lẻ,CTV địa phương,2025-02-21,12000.0
Bưởi da xanh,Hà Nội,Bán lẻ,CTV địa phương,2025-02-21,70000.0
Khoai tây,Hà Nội,Bán lẻ,CTV địa phương,2025-02-21,15000.0
Rau cải mơ,Hà Nội,Bán lẻ,CTV địa phương,2025-02-21,21000.0
Rau cải ngọt,Hà Nội,Bán lẻ,CTV địa phương,2025-02-21,25000.0
Bưởi da xanh,Sơn La,Bán lẻ,CTV địa phương,2025-02-20,35000.0
Cà rốt,Sơn La,Bán lẻ,CTV địa phương,2025-02-20,15000.0
Khoai tây,Sơn La,Bán lẻ,CTV địa phương,2025-02-20,20000.0
Mồng tơi,Sơn La,Bán lẻ,CTV địa phương,2025-02-20,10000.0
Mướp đắng,Sơn La,Bán lẻ,CTV địa phương,2025-02-20,20000.0
Mướp hương,Sơn La,Bán lẻ,CTV địa phương,2025-02-20,20000.0
Na thái,Sơn La,Bán lẻ,CTV địa phương,2025-02-20,50000.0
Quả bí đỏ,Sơn La,Bán lẻ,CTV địa phương,2025-02-20,15000.0
Quả bí xanh,Sơn La,Bán lẻ,CTV địa phương,2025-02-20,10000.0
Rau cải,Sơn La,Bán lẻ,CTV địa phương,2025-02-20,10000.0
Su su quả,Sơn La,Bán lẻ,CTV địa phương,2025-02-20,15000.0
Bưởi da xanh,Tiền Giang,Thương lái thu mua,CTV địa phương,2025-02-19,26000.0
Bưởi năm roi,Tiền Giang,Thương lái thu mua,CTV địa phương,2025-02-19,17000.0
Chôm chôm Java,Tiền Giang,Thương lái thu mua,CTV địa phương,2025-02-19,20000.0
Chuối sim,Tiền Giang,Thương lái thu mua,CTV địa phương,2025-02-19,9000.0
Đu đủ,Tiền Giang,Thương lái thu mua,CTV địa phương,2025-02-19,10000.0
Sầu Riêng Ri 6 (loại xô),Tiền Giang,Thương lái thu mua,CTV địa phương,2025-02-19,48000.0
Bắp cải,Hà Nội,Bán lẻ,CTV địa phương,2025-02-18,13000.0
Bưởi da xanh,Hà Nội,Bán lẻ,CTV địa phương,2025-02-18,70000.0
Khoai tây,Hà Nội,Bán lẻ,CTV địa phương,2025-02-18,16000.0
Rau cải mơ,Hà Nội,Bán lẻ,CTV địa phương,2025-02-18,20000.0
Rau cải ngọt,Hà Nội,Bán lẻ,CTV địa phương,2025-02-18,25000.0
Bưởi da xanh,Sơn La,Bán lẻ,CTV địa phương,2025-02-17,35000.0
Cà rốt,Sơn La,Bán lẻ,CTV địa phương,2025-02-17,15000.0
Khoai tây,Sơn La,Bán lẻ,CTV địa phương,2025-02-17,20000.0
Mồng tơi,Sơn La,Bán lẻ,CTV địa phương,2025-02-17,10000.0
Mướp đắng,Sơn La,Bán lẻ,CTV địa phương,2025-02-17,20000.0
Mướp hương,Sơn La,Bán lẻ,CTV địa phương,2025-02-17,20000.0
Na thái,Sơn La,Bán lẻ,CTV địa phương,2025-02-17,50000.0
Quả bí đỏ,Sơn La,Bán lẻ,CTV địa phương,2025-02-17,15000.0
Quả bí xanh,Sơn La,Bán lẻ,CTV địa phương,2025-02-17,10000.0
Rau cải,Sơn La,Bán lẻ,CTV địa phương,2025-02-17,10000.0
Su su quả,Sơn La,Bán lẻ,CTV địa phương,2025-02-17,20000.0
Bắp cải,Hà Nội,Bán lẻ,CTV địa phương,2025-02-14,13000.0
Bưởi da xanh,Hà Nội,Bán lẻ,CTV địa phương,2025-02-14,70000.0
Khoai tây,Hà Nội,Bán lẻ,CTV địa phương,2025-02-14,16000.0
Rau cải mơ,Hà Nội,Bán lẻ,CTV địa phương,2025-02-14,20000.0
Rau cải ngọt,Hà Nội,Bán lẻ,CTV địa phương,2025-02-14,25000.0
Bưởi da xanh,Sơn La,Bán lẻ,CTV địa phương,2025-02-13,35000.0
Cà rốt,Sơn La,Bán lẻ,CTV địa phương,2025-02-13,15000.0
Khoai tây,Sơn La,Bán lẻ,CTV địa phương,2025-02-13,20000.0
Mồng tơi,Sơn La,Bán lẻ,CTV địa phương,2025-02-13,10000.0
Mướp đắng,Sơn La,Bán lẻ,CTV địa phương,2025-02-13,20000.0
Mướp hương,Sơn La,Bán lẻ,CTV địa phương,2025-02-13,20000.0
Na thái,Sơn La,Bán lẻ,CTV địa phương,2025-02-13,50000.0
Quả bí đỏ,Sơn La,Bán lẻ,CTV địa phương,2025-02-13,15000.0
Quả bí xanh,Sơn La,Bán lẻ,CTV địa phương,2025-02-13,10000.0
Rau cải,Sơn La,Bán lẻ,CTV địa phương,2025-02-13,10000.0
Su su quả,Sơn La,Bán lẻ,CTV địa phương,2025-02-13,15000.0
Bắp cải,Hà Nội,Bán lẻ,CTV địa phương,2025-02-11,13000.0
Bưởi da xanh,Hà Nội,Bán lẻ,CTV địa phương,2025-02-11,65000.0
Khoai tây,Hà Nội,Bán lẻ,CTV địa phương,2025-02-11,16000.0
Rau cải mơ,Hà Nội,Bán lẻ,CTV địa phương,2025-02-11,20000.0
Rau cải ngọt,Hà Nội,Bán lẻ,CTV địa phương,2025-02-11,20000.0
Bắp cải,Sơn La,Bán lẻ,CTV địa phương,2025-02-10,10000.0
Bưởi da xanh,Sơn La,Bán lẻ,CTV địa phương,2025-02-10,35000.0
Cà rốt,Sơn La,Bán lẻ,CTV địa phương,2025-02-10,20000.0
Khoai tây,Sơn La,Bán lẻ,CTV địa phương,2025-02-10,20000.0
Mồng tơi,Sơn La,Bán lẻ,CTV địa phương,2025-02-10,10000.0
Mướp đắng,Sơn La,Bán lẻ,CTV địa phương,2025-02-10,20000.0
Mướp hương,Sơn La,Bán lẻ,CTV địa phương,2025-02-10,20000.0
Na thái,Sơn La,Bán lẻ,CTV địa phương,2025-02-10,50000.0
Quả bí đỏ,Sơn La,Bán lẻ,CTV địa phương,2025-02-10,15000.0
Quả bí xanh,Sơn La,Bán lẻ,CTV địa phương,2025-02-10,10000.0
Rau cải,Sơn La,Bán lẻ,CTV địa phương,2025-02-10,10000.0
Su su quả,Sơn La,Bán lẻ,CTV địa phương,2025-02-10,20000.0
Bắp cải,Hà Nội,Bán lẻ,CTV địa phương,2025-02-07,13000.0
Bưởi da xanh,Hà Nội,Bán lẻ,CTV địa phương,2025-02-07,65000.0
Khoai tây,Hà Nội,Bán lẻ,CTV địa phương,2025-02-07,16000.0
Rau cải mơ,Hà Nội,Bán lẻ,CTV địa phương,2025-02-07,20000.0
Rau cải ngọt,Hà Nội,Bán lẻ,CTV địa phương,2025-02-07,18000.0
Bắp cải,Sơn La,Bán lẻ,CTV địa phương,2025-02-06,10000.0
Bưởi da xanh,Sơn La,Bán lẻ,CTV địa phương,2025-02-06,35000.0
Cà rốt,Sơn La,Bán lẻ,CTV địa phương,2025-02-06,20000.0
Khoai tây,Sơn La,Bán lẻ,CTV địa phương,2025-02-06,20000.0
Mồng tơi,Sơn La,Bán lẻ,CTV địa phương,2025-02-06,10000.0
Mướp đắng,Sơn La,Bán lẻ,CTV địa phương,2025-02-06,20000.0
Mướp hương,Sơn La,Bán lẻ,CTV địa phương,2025-02-06,20000.0
Na thái,Sơn La,Bán lẻ,CTV địa phương,2025-02-06,50000.0
Quả bí đỏ,Sơn La,Bán lẻ,CTV địa phương,2025-02-06,15000.0
Quả bí xanh,Sơn La,Bán lẻ,CTV địa phương,2025-02-06,10000.0
Rau cải,Sơn La,Bán lẻ,CTV địa phương,2025-02-06,10000.0
Su su quả,Sơn La,Bán lẻ,CTV địa phương,2025-02-06,20000.0
Bưởi da xanh,Tiền Giang,Thương lái thu mua,CTV địa phương,2025-02-05,28000.0
Bưởi năm roi,Tiền Giang,Thương lái thu mua,CTV địa phương,2025-02-05,18000.0
Chôm chôm Java,Tiền Giang,Thương lái thu mua,CTV địa phương,2025-02-05,22000.0
Chuối sim,Tiền Giang,Thương lái thu mua,CTV địa phương,2025-02-05,9000.0
Đu đủ,Tiền Giang,Thương lái thu mua,CTV địa phương,2025-02-05,10000.0
Sầu Riêng Ri 6 (loại xô),Tiền Giang,Thương lái thu mua,CTV địa phương,2025-02-05,50000.0
Bắp cải,Hà Nội,Bán lẻ,CTV địa phương,2025-02-04,12000.0
Bưởi da xanh,Hà Nội,Bán lẻ,CTV địa phương,2025-02-04,60000.0
Khoai tây,Hà Nội,Bán lẻ,CTV địa phương,2025-02-04,16000.0
Rau cải mơ,Hà Nội,Bán lẻ,CTV địa phương,2025-02-04,25000.0
Rau cải ngọt,Hà Nội,Bán lẻ,CTV địa phương,2025-02-04,20000.0
Bắp cải,Sơn La,Bán lẻ,CTV địa phương,2025-02-03,15000.0
Cà rốt,Sơn La,Bán lẻ,CTV địa phương,2025-02-03,15000.0
Chanh,Sơn La,Bán lẻ,CTV địa phương,2025-02-03,35000.0
Khoai tây,Sơn La,Bán lẻ,CTV địa phương,2025-02-03,25000.0
Mồng tơi,Sơn La,Bán lẻ,CTV địa phương,2025-02-03,12000.0
Mướp đắng,Sơn La,Bán lẻ,CTV địa phương,2025-02-03,25000.0
Mướp hương,Sơn La,Bán lẻ,CTV địa phương,2025-02-03,20000.0
Na thái,Sơn La,Bán lẻ,CTV địa phương,2025-02-03,55000.0
Quả bí đỏ,Sơn La,Bán lẻ,CTV địa phương,2025-02-03,15000.0
Quả bí xanh,Sơn La,Bán lẻ,CTV địa phương,2025-02-03,15000.0
Rau cải,Sơn La,Bán lẻ,CTV địa phương,2025-02-03,10000.0
Su su quả,Sơn La,Bán lẻ,CTV địa phương,2025-02-03,20000.0
Bắp cải,Hà Nội,Bán lẻ,CTV địa phương,2025-01-24,13000.0
Bưởi da xanh,Hà Nội,Bán lẻ,CTV địa phương,2025-01-24,55000.0
Khoai tây,Hà Nội,Bán lẻ,CTV địa phương,2025-01-24,15000.0
Rau cải ngọt,Hà Nội,Bán lẻ,CTV địa phương,2025-01-24,15000.0
Bắp cải,Sơn La,Bán lẻ,CTV địa phương,2025-01-23,15000.0
Cà rốt,Sơn La,Bán lẻ,CTV địa phương,2025-01-23,15000.0
Chanh,Sơn La,Bán lẻ,CTV địa phương,2025-01-23,35000.0
Khoai tây,Sơn La,Bán lẻ,CTV địa phương,2025-01-23,25000.0
Mồng tơi,Sơn La,Bán lẻ,CTV địa phương,2025-01-23,12000.0
Mướp đắng,Sơn La,Bán lẻ,CTV địa phương,2025-01-23,25000.0
Mướp hương,Sơn La,Bán lẻ,CTV địa phương,2025-01-23,20000.0
Na thái,Sơn La,Bán lẻ,CTV địa phương,2025-01-23,55000.0
Quả bí đỏ,Sơn La,Bán lẻ,CTV địa phương,2025-01-23,15000.0
Quả bí xanh,Sơn La,Bán lẻ,CTV địa phương,2025-01-23,15000.0
Rau cải,Sơn La,Bán lẻ,CTV địa phương,2025-01-23,10000.0
Su su quả,Sơn La,Bán lẻ,CTV địa phương,2025-01-23,20000.0
Bưởi da xanh,Tiền Giang,Thương lái thu mua,CTV địa phương,2025-01-22,29000.0
Bưởi năm roi,Tiền Giang,Thương lái thu mua,CTV địa phương,2025-01-22,17000.0
Chôm chôm Java,Tiền Giang,Thương lái thu mua,CTV địa phương,2025-01-22,21000.0
Chuối sim,Tiền Giang,Thương lái thu mua,CTV địa phương,2025-01-22,11000.0
Đu đủ,Tiền Giang,Thương lái thu mua,CTV địa phương,2025-01-22,10000.0
Sầu Riêng Ri 6 (loại xô),Tiền Giang,Thương lái thu mua,CTV địa phương,2025-01-22,87000.0
Bắp cải,Hà Nội,Bán lẻ,CTV địa phương,2025-01-21,13000.0
Bưởi da xanh,Hà Nội,Bán lẻ,CTV địa phương,2025-01-21,55000.0
Khoai tây,Hà Nội,Bán lẻ,CTV địa phương,2025-01-21,15000.0
Rau cải ngọt,Hà Nội,Bán lẻ,CTV địa phương,2025-01-21,15000.0
Bắp cải,Sơn La,Bán lẻ,CTV địa phương,2025-01-20,15000.0
Cà rốt,Sơn La,Bán lẻ,CTV địa phương,2025-01-20,15000.0
Chanh,Sơn La,Bán lẻ,CTV địa phương,2025-01-20,35000.0
Khoai tây,Sơn La,Bán lẻ,CTV địa phương,2025-01-20,25000.0
Mồng tơi,Sơn La,Bán lẻ,CTV địa phương,2025-01-20,12000.0
Mướp đắng,Sơn La,Bán lẻ,CTV địa phương,2025-01-20,25000.0
Mướp hương,Sơn La,Bán lẻ,CTV địa phương,2025-01-20,20000.0
Na thái,Sơn La,Bán lẻ,CTV địa phương,2025-01-20,55000.0
Quả bí đỏ,Sơn La,Bán lẻ,CTV địa phương,2025-01-20,15000.0
Quả bí xanh,Sơn La,Bán lẻ,CTV địa phương,2025-01-20,15000.0
Rau cải,Sơn La,Bán lẻ,CTV địa phương,2025-01-20,10000.0
Su su quả,Sơn La,Bán lẻ,CTV địa phương,2025-01-20,20000.0
Bắp cải,Hà Nội,Bán lẻ,CTV địa phương,2025-01-17,13000.0
Bưởi da xanh,Hà Nội,Bán lẻ,CTV địa phương,2025-01-17,55000.0
Khoai tây,Hà Nội,Bán lẻ,CTV địa phương,2025-01-17,15000.0
Rau cải ngọt,Hà Nội,Bán lẻ,CTV địa phương,2025-01-17,15000.0
Bắp cải,Sơn La,Bán lẻ,CTV địa phương,2025-01-16,15000.0
Cà rốt,Sơn La,Bán lẻ,CTV địa phương,2025-01-16,15000.0
Chanh,Sơn La,Bán lẻ,CTV địa phương,2025-01-16,35000.0
Khoai tây,Sơn La,Bán lẻ,CTV địa phương,2025-01-16,25000.0
Mồng tơi,Sơn La,Bán lẻ,CTV địa phương,2025-01-16,12000.0
Mướp đắng,Sơn La,Bán lẻ,CTV địa phương,2025-01-16,25000.0
Mướp hương,Sơn La,Bán lẻ,CTV địa phương,2025-01-16,20000.0
Na thái,Sơn La,Bán lẻ,CTV địa phương,2025-01-16,55000.0
Quả bí đỏ,Sơn La,Bán lẻ,CTV địa phương,2025-01-16,15000.0
Quả bí xanh,Sơn La,Bán lẻ,CTV địa phương,2025-01-16,15000.0
Rau cải,Sơn La,Bán lẻ,CTV địa phương,2025-01-16,10000.0
Su su quả,Sơn La,Bán lẻ,CTV địa phương,2025-01-16,20000.0
Bưởi da xanh,Tiền Giang,Thương lái thu mua,CTV địa phương,2025-01-15,29000.0
Bưởi năm roi,Tiền Giang,Thương lái thu mua,CTV địa phương,2025-01-15,17000.0
Chôm chôm Java,Tiền Giang,Thương lái thu mua,CTV địa phương,2025-01-15,21000.0
Chuối sim,Tiền Giang,Thương lái thu mua,CTV địa phương,2025-01-15,11000.0
Đu đủ,Tiền Giang,Thương lái thu mua,CTV địa phương,2025-01-15,10000.0
Sầu Riêng Ri 6 (loại xô),Tiền Giang,Thương lái thu mua,CTV địa phương,2025-01-15,87000.0
Bắp cải,Hà Nội,Bán lẻ,CTV địa phương,2025-01-14,13000.0
Bưởi da xanh,Hà Nội,Bán lẻ,CTV địa phương,2025-01-14,55000.0
Khoai tây,Hà Nội,Bán lẻ,CTV địa phương,2025-01-14,15000.0
Rau cải ngọt,Hà Nội,Bán lẻ,CTV địa phương,2025-01-14,15000.0
Bắp cải,Sơn La,Bán lẻ,CTV địa phương,2025-01-13,15000.0
Cà rốt,Sơn La,Bán lẻ,CTV địa phương,2025-01-13,15000.0
Chanh,Sơn La,Bán lẻ,CTV địa phương,2025-01-13,35000.0
Khoai tây,Sơn La,Bán lẻ,CTV địa phương,2025-01-13,25000.0
Mồng tơi,Sơn La,Bán lẻ,CTV địa phương,2025-01-13,12000.0
Mướp đắng,Sơn La,Bán lẻ,CTV địa phương,2025-01-13,25000.0
Mướp hương,Sơn La,Bán lẻ,CTV địa phương,2025-01-13,20000.0
Na thái,Sơn La,Bán lẻ,CTV địa phương,2025-01-13,55000.0
Quả bí đỏ,Sơn La,Bán lẻ,CTV địa phương,2025-01-13,15000.0
Quả bí xanh,Sơn La,Bán lẻ,CTV địa phương,2025-01-13,15000.0
Rau cải,Sơn La,Bán lẻ,CTV địa phương,2025-01-13,10000.0
Su su quả,Sơn La,Bán lẻ,CTV địa phương,2025-01-13,20000.0
Bắp cải,Hà Nội,Bán lẻ,CTV địa phương,2025-01-10,13000.0
Bưởi da xanh,Hà Nội,Bán lẻ,CTV địa phương,2025-01-10,55000.0
Khoai tây,Hà Nội,Bán lẻ,CTV địa phương,2025-01-10,15000.0
Rau cải ngọt,Hà Nội,Bán lẻ,CTV địa phương,2025-01-10,15000.0
Bắp cải,Sơn La,Bán lẻ,CTV địa phương,2025-01-09,15000.0
Cà rốt,Sơn La,Bán lẻ,CTV địa phương,2025-01-09,15000.0
Chanh,Sơn La,Bán lẻ,CTV địa phương,2025-01-09,35000.0
Khoai tây,Sơn La,Bán lẻ,CTV địa phương,2025-01-09,25000.0
Mồng tơi,Sơn La,Bán lẻ,CTV địa phương,2025-01-09,12000.0
Mướp đắng,Sơn La,Bán lẻ,CTV địa phương,2025-01-09,25000.0
Mướp hương,Sơn La,Bán lẻ,CTV địa phương,2025-01-09,20000.0
Na thái,Sơn La,Bán lẻ,CTV địa phương,2025-01-09,55000.0
Quả bí đỏ,Sơn La,Bán lẻ,CTV địa phương,2025-01-09,15000.0
Quả bí xanh,Sơn La,Bán lẻ,CTV địa phương,2025-01-09,15000.0
Rau cải,Sơn La,Bán lẻ,CTV địa phương,2025-01-09,10000.0
Su su quả,Sơn La,Bán lẻ,CTV địa phương,2025-01-09,20000.0
Bưởi da xanh,Tiền Giang,Thương lái thu mua,CTV địa phương,2025-01-08,28000.0
Bưởi năm roi,Tiền Giang,Thương lái thu mua,CTV địa phương,2025-01-08,18000.0
Chôm chôm Java,Tiền Giang,Thương lái thu mua,CTV địa phương,2025-01-08,19000.0
Chuối sim,Tiền Giang,Thương lái thu mua,CTV địa phương,2025-01-08,12000.0
Đu đủ,Tiền Giang,Thương lái thu mua,CTV địa phương,2025-01-08,10000.0
Sầu Riêng Ri 6 (loại xô),Tiền Giang,Thương lái thu mua,CTV địa phương,2025-01-08,85000.0
Bắp cải,Hà Nội,Bán lẻ,CTV địa phương,2025-01-07,13000.0
Bưởi da xanh,Hà Nội,Bán lẻ,CTV địa phương,2025-01-07,55000.0
Khoai tây,Hà Nội,Bán lẻ,CTV địa phương,2025-01-07,15000.0
Rau cải ngọt,Hà Nội,Bán lẻ,CTV địa phương,2025-01-07,15000.0
Bắp cải,Sơn La,Bán lẻ,CTV địa phương,2025-01-06,15000.0
Cà rốt,Sơn La,Bán lẻ,CTV địa phương,2025-01-06,14000.0
Chanh,Sơn La,Bán lẻ,CTV địa phương,2025-01-06,35000.0
Khoai tây,Sơn La,Bán lẻ,CTV địa phương,2025-01-06,25000.0
Mồng tơi,Sơn La,Bán lẻ,CTV địa phương,2025-01-06,12000.0
Mướp đắng,Sơn La,Bán lẻ,CTV địa phương,2025-01-06,25000.0
Mướp hương,Sơn La,Bán lẻ,CTV địa phương,2025-01-06,20000.0
Na thái,Sơn La,Bán lẻ,CTV địa phương,2025-01-06,55000.0
Quả bí đỏ,Sơn La,Bán lẻ,CTV địa phương,2025-01-06,15000.0
Quả bí xanh,Sơn La,Bán lẻ,CTV địa phương,2025-01-06,15000.0
Rau cải,Sơn La,Bán lẻ,CTV địa phương,2025-01-06,10000.0
Su su quả,Sơn La,Bán lẻ,CTV địa phương,2025-01-06,20000.0
Bắp cải,Hà Nội,Bán lẻ,CTV địa phương,2025-01-03,13000.0
Bưởi da xanh,Hà Nội,Bán lẻ,CTV địa phương,2025-01-03,55000.0
Khoai tây,Hà Nội,Bán lẻ,CTV địa phương,2025-01-03,15000.0
Rau cải ngọt,Hà Nội,Bán lẻ,CTV địa phương,2025-01-03,15000.0
Bắp cải,Sơn La,Bán lẻ,CTV địa phương,2025-01-02,15000.0
Cà rốt,Sơn La,Bán lẻ,CTV địa phương,2025-01-02,14000.0
Chanh,Sơn La,Bán lẻ,CTV địa phương,2025-01-02,35000.0
Mồng tơi,Sơn La,Bán lẻ,CTV địa phương,2025-01-02,12000.0
Mướp đắng,Sơn La,Bán lẻ,CTV địa phương,2025-01-02,25000.0
Mướp hương,Sơn La,Bán lẻ,CTV địa phương,2025-01-02,20000.0
Na thái,Sơn La,Bán lẻ,CTV địa phương,2025-01-02,55000.0
Quả bí đỏ,Sơn La,Bán lẻ,CTV địa phương,2025-01-02,15000.0
Quả bí xanh,Sơn La,Bán lẻ,CTV địa phương,2025-01-02,15000.0
Rau cải,Sơn La,Bán lẻ,CTV địa phương,2025-01-02,10000.0
Su su quả,Sơn La,Bán lẻ,CTV địa phương,2025-01-02,20000.0
Bắp cải,Hà Nội,Bán lẻ,CTV địa phương,2024-12-17,12000.0
Bưởi da xanh,Hà Nội,Bán lẻ,CTV địa phương,2024-12-17,55000.0
Khoai tây,Hà Nội,Bán lẻ,CTV địa phương,2024-12-17,16000.0
Rau cải ngọt,Hà Nội,Bán lẻ,CTV địa phương,2024-12-17,15000.0
Bắp cải,Sơn La,Bán lẻ,CTV địa phương,2024-12-16,15000.0
Bưởi da xanh,Sơn La,Bán lẻ,CTV địa phương,2024-12-16,35000.0
Cà rốt,Sơn La,Bán lẻ,CTV địa phương,2024-12-16,15000.0
Chanh,Sơn La,Bán lẻ,CTV địa phương,2024-12-16,35000.0
Khoai tây,Sơn La,Bán lẻ,CTV địa phương,2024-12-16,25000.0
Mồng tơi,Sơn La,Bán lẻ,CTV địa phương,2024-12-16,12000.0
Mướp đắng,Sơn La,Bán lẻ,CTV địa phương,2024-12-16,25000.0
Mướp hương,Sơn La,Bán lẻ,CTV địa phương,2024-12-16,20000.0
Na thái,Sơn La,Bán lẻ,CTV địa phương,2024-12-16,50000.0
Quả bí đỏ,Sơn La,Bán lẻ,CTV địa phương,2024-12-16,15000.0
Quả bí xanh,Sơn La,Bán lẻ,CTV địa phương,2024-12-16,15000.0
Rau cải,Sơn La,Bán lẻ,CTV địa phương,2024-12-16,10000.0
Su su quả,Sơn La,Bán lẻ,CTV địa phương,2024-12-16,15000.0
Bắp cải,Hà Nội,Bán lẻ,CTV địa phương,2024-12-13,13000.0
Bưởi da xanh,Hà Nội,Bán lẻ,CTV địa phương,2024-12-13,60000.0
Khoai tây,Hà Nội,Bán lẻ,CTV địa phương,2024-12-13,16000.0
Quả bí đỏ,Hà Nội,Bán lẻ,CTV địa phương,2024-12-13,15000.0
Rau cải ngọt,Hà Nội,Bán lẻ,CTV địa phương,2024-12-13,15000.0
Bắp cải,Sơn La,Bán lẻ,CTV địa phương,2024-12-12,15000.0
Cà rốt,Sơn La,Bán lẻ,CTV địa phương,2024-12-12,15000.0
Chanh,Sơn La,Bán lẻ,CTV địa phương,2024-12-12,35000.0
Khoai tây,Sơn La,Bán lẻ,CTV địa phương,2024-12-12,25000.0
Mồng tơi,Sơn La,Bán lẻ,CTV địa phương,2024-12-12,12000.0
Mướp đắng,Sơn La,Bán lẻ,CTV địa phương,2024-12-12,25000.0
Mướp hương,Sơn La,Bán lẻ,CTV địa phương,2024-12-12,20000.0
Na thái,Sơn La,Bán lẻ,CTV địa phương,2024-12-12,50000.0
Quả bí đỏ,Sơn La,Bán lẻ,CTV địa phương,2024-12-12,15000.0
Quả bí xanh,Sơn La,Bán lẻ,CTV địa phương,2024-12-12,15000.0
Rau cải,Sơn La,Bán lẻ,CTV địa phương,2024-12-12,10000.0
Su su quả,Sơn La,Bán lẻ,CTV địa phương,2024-12-12,20000.0
Bưởi da xanh,Tiền Giang,Thương lái thu mua,CTV địa phương,2024-12-11,32000.0
Bưởi năm roi,Tiền Giang,Thương lái thu mua,CTV địa phương,2024-12-11,18000.0
Chôm chôm Java,Tiền Giang,Thương lái thu mua,CTV địa phương,2024-12-11,19000.0
Chuối sim,Tiền Giang,Thương lái thu mua,CTV địa phương,2024-12-11,12000.0
Đu đủ,Tiền Giang,Thương lái thu mua,CTV địa phương,2024-12-11,10000.0
Sầu Riêng Ri 6 (loại xô),Tiền Giang,Thương lái thu mua,CTV địa phương,2024-12-11,115000.0
Bắp cải,Hà Nội,Bán lẻ,CTV địa phương,2024-12-10,13000.0
Bưởi da xanh,Hà Nội,Bán lẻ,CTV địa phương,2024-12-10,60000.0
Khoai tây,Hà Nội,Bán lẻ,CTV địa phương,2024-12-10,16000.0
Quả bí đỏ,Hà Nội,Bán lẻ,CTV địa phương,2024-12-10,15000.0
Rau cải ngọt,Hà Nội,Bán lẻ,CTV địa phương,2024-12-10,15000.0
Bắp cải,Sơn La,Bán lẻ,CTV địa phương,2024-12-09,15000.0
Cà rốt,Sơn La,Bán lẻ,CTV địa phương,2024-12-09,20000.0
Chanh,Sơn La,Bán lẻ,CTV địa phương,2024-12-09,40000.0
Khoai tây,Sơn La,Bán lẻ,CTV địa phương,2024-12-09,25000.0
Mồng tơi,Sơn La,Bán lẻ,CTV địa phương,2024-12-09,12000.0
Mướp đắng,Sơn La,Bán lẻ,CTV địa phương,2024-12-09,35000.0
Mướp hương,Sơn La,Bán lẻ,CTV địa phương,2024-12-09,20000.0
Na thái,Sơn La,Bán lẻ,CTV địa phương,2024-12-09,50000.0
Quả bí đỏ,Sơn La,Bán lẻ,CTV địa phương,2024-12-09,15000.0
Quả bí xanh,Sơn La,Bán lẻ,CTV địa phương,2024-12-09,15000.0
Rau cải,Sơn La,Bán lẻ,CTV địa phương,2024-12-09,10000.0
Su su quả,Sơn La,Bán lẻ,CTV địa phương,2024-12-09,25000.0
Bắp cải,Hà Nội,Bán lẻ,CTV địa phương,2024-12-06,13000.0
Bưởi da xanh,Hà Nội,Bán lẻ,CTV địa phương,2024-12-06,60000.0
Khoai tây,Hà Nội,Bán lẻ,CTV địa phương,2024-12-06,16000.0
Quả bí đỏ,Hà Nội,Bán lẻ,CTV địa phương,2024-12-06,15000.0
Rau cải ngọt,Hà Nội,Bán lẻ,CTV địa phương,2024-12-06,15000.0
Bắp cải,Sơn La,Bán lẻ,CTV địa phương,2024-12-05,15000.0
Cà rốt,Sơn La,Bán lẻ,CTV địa phương,2024-12-05,20000.0
Chanh,Sơn La,Bán lẻ,CTV địa phương,2024-12-05,40000.0
Khoai tây,Sơn La,Bán lẻ,CTV địa phương,2024-12-05,25000.0
Mồng tơi,Sơn La,Bán lẻ,CTV địa phương,2024-12-05,12000.0
Mướp đắng,Sơn La,Bán lẻ,CTV địa phương,2024-12-05,35000.0
Mướp hương,Sơn La,Bán lẻ,CTV địa phương,2024-12-05,20000.0
Na thái,Sơn La,Bán lẻ,CTV địa phương,2024-12-05,50000.0
Quả bí đỏ,Sơn La,Bán lẻ,CTV địa phương,2024-12-05,15000.0
Quả bí xanh,Sơn La,Bán lẻ,CTV địa phương,2024-12-05,15000.0
Rau cải,Sơn La,Bán lẻ,CTV địa phương,2024-12-05,10000.0
Su su quả,Sơn La,Bán lẻ,CTV địa phương,2024-12-05,25000.0
Bưởi da xanh,Tiền Giang,Thương lái thu mua,CTV địa phương,2024-12-04,32000.0
Bưởi năm roi,Tiền Giang,Thương lái thu mua,CTV địa phương,2024-12-04,17000.0
Chôm chôm Java,Tiền Giang,Thương lái thu mua,CTV địa phương,2024-12-04,20000.0
Chuối sim,Tiền Giang,Thương lái thu mua,CTV địa phương,2024-12-04,12000.0
Đu đủ,Tiền Giang,Thương lái thu mua,CTV địa phương,2024-12-04,10000.0
Sầu Riêng Ri 6 (loại xô),Tiền Giang,Thương lái thu mua,CTV địa phương,2024-12-04,115000.0
Bắp cải,Sơn La,Bán lẻ,CTV địa phương,2024-11-28,15000.0
Cà rốt,Sơn La,Bán lẻ,CTV địa phương,2024-11-28,20000.0
Chanh,Sơn La,Bán lẻ,CTV địa phương,2024-11-28,40000.0
Khoai tây,Sơn La,Bán lẻ,CTV địa phương,2024-11-28,25000.0
Mồng tơi,Sơn La,Bán lẻ,CTV địa phương,2024-11-28,12000.0
Mướp đắng,Sơn La,Bán lẻ,CTV địa phương,2024-11-28,35000.0
Mướp hương,Sơn La,Bán lẻ,CTV địa phương,2024-11-28,20000.0
Na thái,Sơn La,Bán lẻ,CTV địa phương,2024-11-28,50000.0
Quả bí đỏ,Sơn La,Bán lẻ,CTV địa phương,2024-11-28,15000.0
Quả bí xanh,Sơn La,Bán lẻ,CTV địa phương,2024-11-28,15000.0
Rau cải,Sơn La,Bán lẻ,CTV địa phương,2024-11-28,12000.0
Su su quả,Sơn La,Bán lẻ,CTV địa phương,2024-11-28,20000.0
Bưởi da xanh,Tiền Giang,Thương lái thu mua,CTV địa phương,2024-11-27,33500.0
Bưởi năm roi,Tiền Giang,Thương lái thu mua,CTV địa phương,2024-11-27,19000.0
Chôm chôm Java,Tiền Giang,Thương lái thu mua,CTV địa phương,2024-11-27,22000.0
Chuối sim,Tiền Giang,Thương lái thu mua,CTV địa phương,2024-11-27,12000.0
Đu đủ,Tiền Giang,Thương lái thu mua,CTV địa phương,2024-11-27,10000.0
Sầu Riêng Ri 6 (loại xô),Tiền Giang,Thương lái thu mua,CTV địa phương,2024-11-27,116000.0
Bắp cải,Hà Nội,Bán lẻ,CTV địa phương,2024-11-26,13000.0
Bưởi da xanh,Hà Nội,Bán lẻ,CTV địa phương,2024-11-26,60000.0
Khoai tây,Hà Nội,Bán lẻ,CTV địa phương,2024-11-26,16000.0
Quả bí đỏ,Hà Nội,Bán lẻ,CTV địa phương,2024-11-26,15000.0
Rau cải ngọt,Hà Nội,Bán lẻ,CTV địa phương,2024-11-26,15000.0
Bắp cải,Sơn La,Bán lẻ,CTV địa phương,2024-11-25,15000.0
Cà rốt,Sơn La,Bán lẻ,CTV địa phương,2024-11-25,20000.0
Chanh,Sơn La,Bán lẻ,CTV địa phương,2024-11-25,40000.0
Khoai tây,Sơn La,Bán lẻ,CTV địa phương,2024-11-25,25000.0
Mồng tơi,Sơn La,Bán lẻ,CTV địa phương,2024-11-25,12000.0
Mướp đắng,Sơn La,Bán lẻ,CTV địa phương,2024-11-25,35000.0
Mướp hương,Sơn La,Bán lẻ,CTV địa phương,2024-11-25,20000.0
Na thái,Sơn La,Bán lẻ,CTV địa phương,2024-11-25,50000.0
Quả bí đỏ,Sơn La,Bán lẻ,CTV địa phương,2024-11-25,15000.0
Quả bí xanh,Sơn La,Bán lẻ,CTV địa phương,2024-11-25,15000.0
Rau cải,Sơn La,Bán lẻ,CTV địa phương,2024-11-25,12000.0
Su su quả,Sơn La,Bán lẻ,CTV địa phương,2024-11-25,20000.0
Bắp cải,Hà Nội,Bán lẻ,CTV địa phương,2024-11-22,13000.0
Bưởi da xanh,Hà Nội,Bán lẻ,CTV địa phương,2024-11-22,60000.0
Khoai tây,Hà Nội,Bán lẻ,CTV địa phương,2024-11-22,16000.0
Quả bí đỏ,Hà Nội,Bán lẻ,CTV địa phương,2024-11-22,15000.0
Rau cải ngọt,Hà Nội,Bán lẻ,CTV địa phương,2024-11-22,15000.0
Bắp cải,Sơn La,Bán lẻ,CTV địa phương,2024-11-21,15000.0
Cà rốt,Sơn La,Bán lẻ,CTV địa phương,2024-11-21,20000.0
Chanh,Sơn La,Bán lẻ,CTV địa phương,2024-11-21,40000.0
Khoai tây,Sơn La,Bán lẻ,CTV địa phương,2024-11-21,25000.0
Mồng tơi,Sơn La,Bán lẻ,CTV địa phương,2024-11-21,12000.0
Mướp đắng,Sơn La,Bán lẻ,CTV địa phương,2024-11-21,35000.0
Mướp hương,Sơn La,Bán lẻ,CTV địa phương,2024-11-21,20000.0
Na thái,Sơn La,Bán lẻ,CTV địa phương,2024-11-21,50000.0
Quả bí đỏ,Sơn La,Bán lẻ,CTV địa phương,2024-11-21,15000.0
Quả bí xanh,Sơn La,Bán lẻ,CTV địa phương,2024-11-21,15000.0
Rau cải,Sơn La,Bán lẻ,CTV địa phương,2024-11-21,12000.0
Su su quả,Sơn La,Bán lẻ,CTV địa phương,2024-11-21,15000.0
Bưởi da xanh,Tiền Giang,Thương lái thu mua,CTV địa phương,2024-11-20,33000.0
Bưởi năm roi,Tiền Giang,Thương lái thu mua,CTV địa phương,2024-11-20,19500.0
Chôm chôm Java,Tiền Giang,Thương lái thu mua,CTV địa phương,2024-11-20,20000.0
Chuối sim,Tiền Giang,Thương lái thu mua,CTV địa phương,2024-11-20,12000.0
Đu đủ,Tiền Giang,Thương lái thu mua,CTV địa phương,2024-11-20,10000.0
Sầu Riêng Ri 6 (loại xô),Tiền Giang,Thương lái thu mua,CTV địa phương,2024-11-20,118000.0
Bắp cải,Hà Nội,Bán lẻ,CTV địa phương,2024-11-19,15000.0
Bưởi da xanh,Hà Nội,Bán lẻ,CTV địa phương,2024-11-19,60000.0
Khoai tây,Hà Nội,Bán lẻ,CTV địa phương,2024-11-19,16000.0
Quả bí đỏ,Hà Nội,Bán lẻ,CTV địa phương,2024-11-19,15000.0
Rau cải ngọt,Hà Nội,Bán lẻ,CTV địa phương,2024-11-19,15000.0
Bắp cải,Sơn La,Bán lẻ,CTV địa phương,2024-11-18,15000.0
Cà rốt,Sơn La,Bán lẻ,CTV địa phương,2024-11-18,20000.0
Chanh,Sơn La,Bán lẻ,CTV địa phương,2024-11-18,38000.0
Khoai tây,Sơn La,Bán lẻ,CTV địa phương,2024-11-18,24000.0
Mồng tơi,Sơn La,Bán lẻ,CTV địa phương,2024-11-18,15000.0
Mướp đắng,Sơn La,Bán lẻ,CTV địa phương,2024-11-18,35000.0
Mướp hương,Sơn La,Bán lẻ,CTV địa phương,2024-11-18,20000.0
Na thái,Sơn La,Bán lẻ,CTV địa phương,2024-11-18,52000.0
Quả bí đỏ,Sơn La,Bán lẻ,CTV địa phương,2024-11-18,15000.0
Quả bí xanh,Sơn La,Bán lẻ,CTV địa phương,2024-11-18,15000.0
Rau cải,Sơn La,Bán lẻ,CTV địa phương,2024-11-18,12000.0
Su su quả,Sơn La,Bán lẻ,CTV địa phương,2024-11-18,15000.0
Bắp cải,Hà Nội,Bán lẻ,CTV địa phương,2024-11-15,15000.0
Bưởi da xanh,Hà Nội,Bán lẻ,CTV địa phương,2024-11-15,60000.0
Khoai tây,Hà Nội,Bán lẻ,CTV địa phương,2024-11-15,16000.0
Quả bí đỏ,Hà Nội,Bán lẻ,CTV địa phương,2024-11-15,16000.0
Rau cải mơ,Hà Nội,Bán lẻ,CTV địa phương,2024-11-15,18000.0
Rau cải ngọt,Hà Nội,Bán lẻ,CTV địa phương,2024-11-15,15000.0
Cà rốt,Sơn La,Bán lẻ,CTV địa phương,2024-11-14,20000.0
Chanh,Sơn La,Bán lẻ,CTV địa phương,2024-11-14,38000.0
Khoai tây,Sơn La,Bán lẻ,CTV địa phương,2024-11-14,24000.0
Mồng tơi,Sơn La,Bán lẻ,CTV địa phương,2024-11-14,15000.0
Mướp đắng,Sơn La,Bán lẻ,CTV địa phương,2024-11-14,35000.0
Mướp hương,Sơn La,Bán lẻ,CTV địa phương,2024-11-14,20000.0
Na thái,Sơn La,Bán lẻ,CTV địa phương,2024-11-14,52000.0
Quả bí đỏ,Sơn La,Bán lẻ,CTV địa phương,2024-11-14,15000.0
Quả bí xanh,Sơn La,Bán lẻ,CTV địa phương,2024-11-14,15000.0
Rau cải,Sơn La,Bán lẻ,CTV địa phương,2024-11-14,15000.0
Su su quả,Sơn La,Bán lẻ,CTV địa phương,2024-11-14,15000.0
Bưởi da xanh,Tiền Giang,Thương lái thu mua,CTV địa phương,2024-11-13,33000.0
Bưởi năm roi,Tiền Giang,Thương lái thu mua,CTV địa phương,2024-11-13,19500.0
Chôm chôm Java,Tiền Giang,Thương lái thu mua,CTV địa phương,2024-11-13,19000.0
Chuối sim,Tiền Giang,Thương lái thu mua,CTV địa phương,2024-11-13,12000.0
Đu đủ,Tiền Giang,Thương lái thu mua,CTV địa phương,2024-11-13,10000.0
Sầu Riêng Ri 6 (loại xô),Tiền Giang,Thương lái thu mua,CTV địa phương,2024-11-13,107000.0
Bắp cải,Hà Nội,Bán lẻ,CTV địa phương,2024-11-12,15000.0
Bưởi da xanh,Hà Nội,Bán lẻ,CTV địa phương,2024-11-12,60000.0
Khoai tây,Hà Nội,Bán lẻ,CTV địa phương,2024-11-12,18000.0
Quả bí đỏ,Hà Nội,Bán lẻ,CTV địa phương,2024-11-12,18000.0
Rau cải ngọt,Hà Nội,Bán lẻ,CTV địa phương,2024-11-12,15000.0
Cà rốt,Sơn La,Bán lẻ,CTV địa phương,2024-11-11,20000.0
Chanh,Sơn La,Bán lẻ,CTV địa phương,2024-11-11,40000.0
Khoai tây,Sơn La,Bán lẻ,CTV địa phương,2024-11-11,25000.0
Mồng tơi,Sơn La,Bán lẻ,CTV địa phương,2024-11-11,15000.0
Mướp đắng,Sơn La,Bán lẻ,CTV địa phương,2024-11-11,35000.0
Mướp hương,Sơn La,Bán lẻ,CTV địa phương,2024-11-11,20000.0
Na thái,Sơn La,Bán lẻ,CTV địa phương,2024-11-11,50000.0
Quả bí đỏ,Sơn La,Bán lẻ,CTV địa phương,2024-11-11,15000.0
Quả bí xanh,Sơn La,Bán lẻ,CTV địa phương,2024-11-11,15000.0
Rau cải,Sơn La,Bán lẻ,CTV địa phương,2024-11-11,15000.0
Su su quả,Sơn La,Bán lẻ,CTV địa phương,2024-11-11,15000.0
Bắp cải,Hà Nội,Bán lẻ,CTV địa phương,2024-11-08,15000.0
Bưởi da xanh,Hà Nội,Bán lẻ,CTV địa phương,2024-11-08,60000.0
Khoai tây,Hà Nội,Bán lẻ,CTV địa phương,2024-11-08,16000.0
Quả bí đỏ,Hà Nội,Bán lẻ,CTV địa phương,2024-11-08,16000.0
Rau cải ngọt,Hà Nội,Bán lẻ,CTV địa phương,2024-11-08,15000.0
Cà rốt,Sơn La,Bán lẻ,CTV địa phương,2024-11-07,17000.0
Chanh,Sơn La,Bán lẻ,CTV địa phương,2024-11-07,35000.0
Khoai tây,Sơn La,Bán lẻ,CTV địa phương,2024-11-07,23000.0
Mồng tơi,Sơn La,Bán lẻ,CTV địa phương,2024-11-07,18000.0
Mướp đắng,Sơn La,Bán lẻ,CTV địa phương,2024-11-07,35000.0
Mướp hương,Sơn La,Bán lẻ,CTV địa phương,2024-11-07,25000.0
Na,Sơn La,Bán lẻ,CTV địa phương,2024-11-07,47000.0
Quả bí đỏ,Sơn La,Bán lẻ,CTV địa phương,2024-11-07,18000.0
Quả bí xanh,Sơn La,Bán lẻ,CTV địa phương,2024-11-07,17000.0
Rau cải,Sơn La,Bán lẻ,CTV địa phương,2024-11-07,20000.0
Su su quả,Sơn La,Bán lẻ,CTV địa phương,2024-11-07,20000.0
Bưởi da xanh,Tiền Giang,Thương lái thu mua,CTV địa phương,2024-11-06,33000.0
Bưởi năm roi,Tiền Giang,Thương lái thu mua,CTV địa phương,2024-11-06,19000.0
Chôm chôm Java,Tiền Giang,Thương lái thu mua,CTV địa phương,2024-11-06,18000.0
Chuối sim,Tiền Giang,Thương lái thu mua,CTV địa phương,2024-11-06,12000.0
Đu đủ,Tiền Giang,Thương lái thu mua,CTV địa phương,2024-11-06,10000.0
Sầu Riêng Ri 6 (loại xô),Tiền Giang,Thương lái thu mua,CTV địa phương,2024-11-06,95000.0
Bắp cải,Hà Nội,Bán lẻ,CTV địa phương,2024-11-05,17000.0
Bưởi da xanh,Hà Nội,Bán lẻ,CTV địa phương,2024-11-05,60000.0
Khoai tây,Hà Nội,Bán lẻ,CTV địa phương,2024-11-05,17000.0
Na,Hà Nội,Bán lẻ,CTV địa phương,2024-11-05,60000.0
Quả bí đỏ,Hà Nội,Bán lẻ,CTV địa phương,2024-11-05,16000.0
Rau cải mơ,Hà Nội,Bán lẻ,CTV địa phương,2024-11-05,18000.0
Rau cải ngọt,Hà Nội,Bán lẻ,CTV địa phương,2024-11-05,15000.0
Cà rốt,Sơn La,Bán lẻ,CTV địa phương,2024-11-04,17000.0
Chanh,Sơn La,Bán lẻ,CTV địa phương,2024-11-04,36000.0
Khoai tây,Sơn La,Bán lẻ,CTV địa phương,2024-11-04,19000.0
Mồng tơi,Sơn La,Bán lẻ,CTV địa phương,2024-11-04,20000.0
Mướp đắng,Sơn La,Bán lẻ,CTV địa phương,2024-11-04,35000.0
Mướp hương,Sơn La,Bán lẻ,CTV địa phương,2024-11-04,25000.0
Na,Sơn La,Bán lẻ,CTV địa phương,2024-11-04,45000.0
Quả bí đỏ,Sơn La,Bán lẻ,CTV địa phương,2024-11-04,20000.0
Quả bí xanh,Sơn La,Bán lẻ,CTV địa phương,2024-11-04,20000.0
Rau cải,Sơn La,Bán lẻ,CTV địa phương,2024-11-04,20000.0
Su su quả,Sơn La,Bán lẻ,CTV địa phương,2024-11-04,20000.0
Cà rốt,Sơn La,Bán lẻ,CTV địa phương,2024-10-31,17000.0
Chanh,Sơn La,Bán lẻ,CTV địa phương,2024-10-31,39000.0
Khoai tây,Sơn La,Bán lẻ,CTV địa phương,2024-10-31,20000.0
Mồng tơi,Sơn La,Bán lẻ,CTV địa phương,2024-10-31,20000.0
Mướp đắng,Sơn La,Bán lẻ,CTV địa phương,2024-10-31,35000.0
Mướp hương,Sơn La,Bán lẻ,CTV địa phương,2024-10-31,25000.0
Na,Sơn La,Bán lẻ,CTV địa phương,2024-10-31,50000.0
Quả bí đỏ,Sơn La,Bán lẻ,CTV địa phương,2024-10-31,20000.0
Quả bí xanh,Sơn La,Bán lẻ,CTV địa phương,2024-10-31,20000.0
Rau cải,Sơn La,Bán lẻ,CTV địa phương,2024-10-31,20000.0
Su su quả,Sơn La,Bán lẻ,CTV địa phương,2024-10-31,20000.0
Bưởi da xanh,Tiền Giang,Thương lái thu mua,CTV địa phương,2024-10-30,30000.0
Bưởi năm roi,Tiền Giang,Thương lái thu mua,CTV địa phương,2024-10-30,19000.0
Chôm chôm Java,Tiền Giang,Thương lái thu mua,CTV địa phương,2024-10-30,17000.0
Chuối sim,Tiền Giang,Thương lái thu mua,CTV địa phương,2024-10-30,12000.0
Đu đủ,Tiền Giang,Thương lái thu mua,CTV địa phương,2024-10-30,10000.0
Sầu Riêng Ri 6 (loại xô),Tiền Giang,Thương lái thu mua,CTV địa phương,2024-10-30,92000.0
Bắp cải,Hà Nội,Bán lẻ,CTV địa phương,2024-10-29,17000.0
Bưởi da xanh,Hà Nội,Bán lẻ,CTV địa phương,2024-10-29,60000.0
Khoai tây,Hà Nội,Bán lẻ,CTV địa phương,2024-10-29,16000.0
Na,Hà Nội,Bán lẻ,CTV địa phương,2024-10-29,60000.0
Quả bí đỏ,Hà Nội,Bán lẻ,CTV địa phương,2024-10-29,17000.0
Rau cải mơ,Hà Nội,Bán lẻ,CTV địa phương,2024-10-29,18000.0
Rau cải ngọt,Hà Nội,Bán lẻ,CTV địa phương,2024-10-29,15000.0
Cà rốt,Sơn La,Bán lẻ,CTV địa phương,2024-10-28,17000.0
Chanh,Sơn La,Bán lẻ,CTV địa phương,2024-10-28,40000.0
Khoai tây,Sơn La,Bán lẻ,CTV địa phương,2024-10-28,19000.0
Mồng tơi,Sơn La,Bán lẻ,CTV địa phương,2024-10-28,20000.0
Mướp đắng,Sơn La,Bán lẻ,CTV địa phương,2024-10-28,35000.0
Mướp hương,Sơn La,Bán lẻ,CTV địa phương,2024-10-28,25000.0
Na,Sơn La,Bán lẻ,CTV địa phương,2024-10-28,45000.0
Quả bí đỏ,Sơn La,Bán lẻ,CTV địa phương,2024-10-28,20000.0
Quả bí xanh,Sơn La,Bán lẻ,CTV địa phương,2024-10-28,20000.0
Rau cải,Sơn La,Bán lẻ,CTV địa phương,2024-10-28,20000.0
Su su quả,Sơn La,Bán lẻ,CTV địa phương,2024-10-28,20000.0
Bưởi da xanh,Tiền Giang,Thương lái thu mua,CTV địa phương,2024-10-23,30000.0
Bưởi năm roi,Tiền Giang,Thương lái thu mua,CTV địa phương,2024-10-23,18500.0
Chôm chôm Java,Tiền Giang,Thương lái thu mua,CTV địa phương,2024-10-23,17000.0
Chuối sim,Tiền Giang,Thương lái thu mua,CTV địa phương,2024-10-23,12000.0
Đu đủ,Tiền Giang,Thương lái thu mua,CTV địa phương,2024-10-23,10000.0
Sầu Riêng Ri 6 (loại xô),Tiền Giang,Thương lái thu mua,CTV địa phương,2024-10-23,87000.0
Bắp cải,Hà Nội,Bán lẻ,CTV địa phương,2024-10-22,18000.0
Bưởi da xanh,Hà Nội,Bán lẻ,CTV địa phương,2024-10-22,60000.0
Khoai tây,Hà Nội,Bán lẻ,CTV địa phương,2024-10-22,16000.0
Na,Hà Nội,Bán lẻ,CTV địa phương,2024-10-22,60000.0
Quả bí đỏ,Hà Nội,Bán lẻ,CTV địa phương,2024-10-22,16000.0
Rau cải mơ,Hà Nội,Bán lẻ,CTV địa phương,2024-10-22,25000.0
Rau cải ngọt,Hà Nội,Bán lẻ,CTV địa phương,2024-10-22,25000.0
Cà rốt,Sơn La,Bán lẻ,CTV địa phương,2024-10-21,25000.0
Chanh,Sơn La,Bán lẻ,CTV địa phương,2024-10-21,38000.0
Khoai tây,Sơn La,Bán lẻ,CTV địa phương,2024-10-21,25000.0
Mồng tơi,Sơn La,Bán lẻ,CTV địa phương,2024-10-21,20000.0
Mướp đắng,Sơn La,Bán lẻ,CTV địa phương,2024-10-21,35000.0
Mướp hương,Sơn La,Bán lẻ,CTV địa phương,2024-10-21,25000.0
Na,Sơn La,Bán lẻ,CTV địa phương,2024-10-21,40000.0
Quả bí đỏ,Sơn La,Bán lẻ,CTV địa phương,2024-10-21,20000.0
Quả bí xanh,Sơn La,Bán lẻ,CTV địa phương,2024-10-21,20000.0
Rau cải,Sơn La,Bán lẻ,CTV địa phương,2024-10-21,20000.0
Su su quả,Sơn La,Bán lẻ,CTV địa phương,2024-10-21,20000.0
Bắp cải,Hà Nội,Bán lẻ,CTV địa phương,2024-10-18,18000.0
Bưởi da xanh,Hà Nội,Bán lẻ,CTV địa phương,2024-10-18,65000.0
Khoai tây,Hà Nội,Bán lẻ,CTV địa phương,2024-10-18,17000.0
Mồng tơi,Hà Nội,Bán lẻ,CTV địa phương,2024-10-18,8000.0
Quả bí đỏ,Hà Nội,Bán lẻ,CTV địa phương,2024-10-18,17000.0
Rau cải mơ,Hà Nội,Bán lẻ,CTV địa phương,2024-10-18,30000.0
Rau cải ngọt,Hà Nội,Bán lẻ,CTV địa phương,2024-10-18,25000.0
Cà rốt,Sơn La,Bán lẻ,CTV địa phương,2024-10-17,25000.0
Chanh,Sơn La,Bán lẻ,CTV địa phương,2024-10-17,38000.0
Khoai tây,Sơn La,Bán lẻ,CTV địa phương,2024-10-17,25000.0
Mồng tơi,Sơn La,Bán lẻ,CTV địa phương,2024-10-17,20000.0
Mướp đắng,Sơn La,Bán lẻ,CTV địa phương,2024-10-17,35000.0
Mướp hương,Sơn La,Bán lẻ,CTV địa phương,2024-10-17,25000.0
Na,Sơn La,Bán lẻ,CTV địa phương,2024-10-17,40000.0
Quả bí đỏ,Sơn La,Bán lẻ,CTV địa phương,2024-10-17,20000.0
Quả bí xanh,Sơn La,Bán lẻ,CTV địa phương,2024-10-17,20000.0
Rau cải,Sơn La,Bán lẻ,CTV địa phương,2024-10-17,20000.0
Su su quả,Sơn La,Bán lẻ,CTV địa phương,2024-10-17,20000.0
Bưởi da xanh,Tiền Giang,Thương lái thu mua,CTV địa phương,2024-10-16,32000.0
Bưởi năm roi,Tiền Giang,Thương lái thu mua,CTV địa phương,2024-10-16,19000.0
Chôm chôm Java,Tiền Giang,Thương lái thu mua,CTV địa phương,2024-10-16,17000.0
Chuối sim,Tiền Giang,Thương lái thu mua,CTV địa phương,2024-10-16,12000.0
Đu đủ,Tiền Giang,Thương lái thu mua,CTV địa phương,2024-10-16,10000.0
Măng cụt,Tiền Giang,Thương lái thu mua,CTV địa phương,2024-10-16,42000.0
Sầu Riêng Ri 6 (loại xô),Tiền Giang,Thương lái thu mua,CTV địa phương,2024-10-16,62000.0
Bắp cải,Hà Nội,Bán lẻ,CTV địa phương,2024-10-15,18000.0
Bưởi da xanh,Hà Nội,Bán lẻ,CTV địa phương,2024-10-15,65000.0
Khoai tây,Hà Nội,Bán lẻ,CTV địa phương,2024-10-15,18000.0
Mồng tơi,Hà Nội,Bán lẻ,CTV địa phương,2024-10-15,10000.0
Quả bí đỏ,Hà Nội,Bán lẻ,CTV địa phương,2024-10-15,18000.0
Rau cải ngọt,Hà Nội,Bán lẻ,CTV địa phương,2024-10-15,40000.0
Cà rốt,Sơn La,Bán lẻ,CTV địa phương,2024-10-14,25000.0
Chanh,Sơn La,Bán lẻ,CTV địa phương,2024-10-14,40000.0
Khoai tây,Sơn La,Bán lẻ,CTV địa phương,2024-10-14,25000.0
Mồng tơi,Sơn La,Bán lẻ,CTV địa phương,2024-10-14,20000.0
Mướp đắng,Sơn La,Bán lẻ,CTV địa phương,2024-10-14,35000.0
Mướp hương,Sơn La,Bán lẻ,CTV địa phương,2024-10-14,25000.0
Na,Sơn La,Bán lẻ,CTV địa phương,2024-10-14,40000.0
Quả bí đỏ,Sơn La,Bán lẻ,CTV địa phương,2024-10-14,20000.0
Quả bí xanh,Sơn La,Bán lẻ,CTV địa phương,2024-10-14,20000.0
Rau cải,Sơn La,Bán lẻ,CTV địa phương,2024-10-14,20000.0
Su su quả,Sơn La,Bán lẻ,CTV địa phương,2024-10-14,20000.0
Bắp cải,Hà Nội,Bán lẻ,CTV địa phương,2024-10-11,18000.0
Bưởi da xanh,Hà Nội,Bán lẻ,CTV địa phương,2024-10-11,65000.0
Khoai tây,Hà Nội,Bán lẻ,CTV địa phương,2024-10-11,18000.0
Mồng tơi,Hà Nội,Bán lẻ,CTV địa phương,2024-10-11,8000.0
Quả bí đỏ,Hà Nội,Bán lẻ,CTV địa phương,2024-10-11,18000.0
Rau cải ngọt,Hà Nội,Bán lẻ,CTV địa phương,2024-10-11,40000.0
Cà rốt,Sơn La,Bán lẻ,CTV địa phương,2024-10-10,25000.0
Chanh,Sơn La,Bán lẻ,CTV địa phương,2024-10-10,40000.0
Khoai tây,Sơn La,Bán lẻ,CTV địa phương,2024-10-10,25000.0
Mồng tơi,Sơn La,Bán lẻ,CTV địa phương,2024-10-10,20000.0
Mướp đắng,Sơn La,Bán lẻ,CTV địa phương,2024-10-10,35000.0
Mướp hương,Sơn La,Bán lẻ,CTV địa phương,2024-10-10,25000.0
Na,Sơn La,Bán lẻ,CTV địa phương,2024-10-10,40000.0
Quả bí đỏ,Sơn La,Bán lẻ,CTV địa phương,2024-10-10,20000.0
Quả bí xanh,Sơn La,Bán lẻ,CTV địa phương,2024-10-10,20000.0
Rau cải,Sơn La,Bán lẻ,CTV địa phương,2024-10-10,20000.0
Su su quả,Sơn La,Bán lẻ,CTV địa phương,2024-10-10,20000.0
Bưởi da xanh,Tiền Giang,Thương lái thu mua,CTV địa phương,2024-10-09,32000.0
Bưởi năm roi,Tiền Giang,Thương lái thu mua,CTV địa phương,2024-10-09,19000.0
Chôm chôm Java,Tiền Giang,Thương lái thu mua,CTV địa phương,2024-10-09,18000.0
Chuối sim,Tiền Giang,Thương lái thu mua,CTV địa phương,2024-10-09,13000.0
Đu đủ,Tiền Giang,Thương lái thu mua,CTV địa phương,2024-10-09,10000.0
Măng cụt,Tiền Giang,Thương lái thu mua,CTV địa phương,2024-10-09,42000.0
Sầu Riêng Ri 6 (loại xô),Tiền Giang,Thương lái thu mua,CTV địa phương,2024-10-09,62000.0
Bắp cải,Hà Nội,Bán lẻ,CTV địa phương,2024-10-08,18000.0
Bưởi da xanh,Hà Nội,Bán lẻ,CTV địa phương,2024-10-08,65000.0
Khoai tây,Hà Nội,Bán lẻ,CTV địa phương,2024-10-08,18000.0
Mồng tơi,Hà Nội,Bán lẻ,CTV địa phương,2024-10-08,10000.0
Quả bí đỏ,Hà Nội,Bán lẻ,CTV địa phương,2024-10-08,18000.0
Rau cải ngọt,Hà Nội,Bán lẻ,CTV địa phương,2024-10-08,40000.0
Cà rốt,Sơn La,Bán lẻ,CTV địa phương,2024-10-07,25000.0
Chanh,Sơn La,Bán lẻ,CTV địa phương,2024-10-07,40000.0
Khoai tây,Sơn La,Bán lẻ,CTV địa phương,2024-10-07,25000.0
Mồng tơi,Sơn La,Bán lẻ,CTV địa phương,2024-10-07,20000.0
Mướp đắng,Sơn La,Bán lẻ,CTV địa phương,2024-10-07,35000.0
Mướp hương,Sơn La,Bán lẻ,CTV địa phương,2024-10-07,25000.0
Na,Sơn La,Bán lẻ,CTV địa phương,2024-10-07,40000.0
Quả bí đỏ,Sơn La,Bán lẻ,CTV địa phương,2024-10-07,20000.0
Quả bí xanh,Sơn La,Bán lẻ,CTV địa phương,2024-10-07,20000.0
Rau cải,Sơn La,Bán lẻ,CTV địa phương,2024-10-07,20000.0
Su su quả,Sơn La,Bán lẻ,CTV địa phương,2024-10-07,20000.0
Bắp cải,Hà Nội,Bán lẻ,CTV địa phương,2024-10-04,18000.0
Bưởi da xanh,Hà Nội,Bán lẻ,CTV địa phương,2024-10-04,65000.0
Cà rốt,Hà Nội,Bán lẻ,CTV địa phương,2024-10-04,18000.0
Khoai tây,Hà Nội,Bán lẻ,CTV địa phương,2024-10-04,18000.0
Mồng tơi,Hà Nội,Bán lẻ,CTV địa phương,2024-10-04,10000.0
Mướp hương,Hà Nội,Bán lẻ,CTV địa phương,2024-10-04,22000.0
Rau cải ngọt,Hà Nội,Bán lẻ,CTV địa phương,2024-10-04,40000.0
Cà rốt,Sơn La,Bán lẻ,CTV địa phương,2024-10-03,25000.0
Chanh,Sơn La,Bán lẻ,CTV địa phương,2024-10-03,40000.0
Khoai tây,Sơn La,Bán lẻ,CTV địa phương,2024-10-03,25000.0
Mồng tơi,Sơn La,Bán lẻ,CTV địa phương,2024-10-03,20000.0
Mướp đắng,Sơn La,Bán lẻ,CTV địa phương,2024-10-03,35000.0
Mướp hương,Sơn La,Bán lẻ,CTV địa phương,2024-10-03,25000.0
Na,Sơn La,Bán lẻ,CTV địa phương,2024-10-03,40000.0
Quả bí đỏ,Sơn La,Bán lẻ,CTV địa phương,2024-10-03,20000.0
Quả bí xanh,Sơn La,Bán lẻ,CTV địa phương,2024-10-03,20000.0
Rau cải,Sơn La,Bán lẻ,CTV địa phương,2024-10-03,20000.0
Su su quả,Sơn La,Bán lẻ,CTV địa phương,2024-10-03,20000.0
Bưởi da xanh,Tiền Giang,Thương lái thu mua,CTV địa phương,2024-10-02,30000.0
Bưởi năm roi,Tiền Giang,Thương lái thu mua,CTV địa phương,2024-10-02,19000.0
Chôm chôm Java,Tiền Giang,Thương lái thu mua,CTV địa phương,2024-10-02,19000.0
Chuối sim,Tiền Giang,Thương lái thu mua,CTV địa phương,2024-10-02,13000.0
Đu đủ,Tiền Giang,Thương lái thu mua,CTV địa phương,2024-10-02,10000.0
Măng cụt,Tiền Giang,Thương lái thu mua,CTV địa phương,2024-10-02,40000.0
Sầu Riêng Ri 6 (loại xô),Tiền Giang,Thương lái thu mua,CTV địa phương,2024-10-02,60000.0
Bưởi da xanh,Hà Nội,Bán lẻ,CTV địa phương,2024-10-01,65000.0
Cà rốt,Hà Nội,Bán lẻ,CTV địa phương,2024-10-01,17000.0
Khoai tây,Hà Nội,Bán lẻ,CTV địa phương,2024-10-01,20000.0
Măng cụt,Hà Nội,Bán lẻ,CTV địa phương,2024-10-01,65000.0
Mồng tơi,Hà Nội,Bán lẻ,CTV địa phương,2024-10-01,10000.0
Mướp hương,Hà Nội,Bán lẻ,CTV địa phương,2024-10-01,25000.0
Rau cải ngọt,Hà Nội,Bán lẻ,CTV địa phương,2024-10-01,30000.0
Cà rốt,Sơn La,Bán lẻ,CTV địa phương,2024-09-30,25000.0
Chanh,Sơn La,Bán lẻ,CTV địa phương,2024-09-30,35000.0
Khoai tây,Sơn La,Bán lẻ,CTV địa phương,2024-09-30,25000.0
Mồng tơi,Sơn La,Bán lẻ,CTV địa phương,2024-09-30,20000.0
Mướp đắng,Sơn La,Bán lẻ,CTV địa phương,2024-09-30,25000.0
Mướp hương,Sơn La,Bán lẻ,CTV địa phương,2024-09-30,20000.0
Na,Sơn La,Bán lẻ,CTV địa phương,2024-09-30,40000.0
Quả bí đỏ,Sơn La,Bán lẻ,CTV địa phương,2024-09-30,15000.0
Quả bí xanh,Sơn La,Bán lẻ,CTV địa phương,2024-09-30,20000.0
Rau cải,Sơn La,Bán lẻ,CTV địa phương,2024-09-30,20000.0
Su su quả,Sơn La,Bán lẻ,CTV địa phương,2024-09-30,20000.0
Bưởi da xanh,Hà Nội,Bán lẻ,CTV địa phương,2024-09-27,65000.0
Cà rốt,Hà Nội,Bán lẻ,CTV địa phương,2024-09-27,18000.0
Khoai tây,Hà Nội,Bán lẻ,CTV địa phương,2024-09-27,20000.0
Măng cụt,Hà Nội,Bán lẻ,CTV địa phương,2024-09-27,65000.0
Mồng tơi,Hà Nội,Bán lẻ,CTV địa phương,2024-09-27,10000.0
Mướp hương,Hà Nội,Bán lẻ,CTV địa phương,2024-09-27,25000.0
Rau cải ngọt,Hà Nội,Bán lẻ,CTV địa phương,2024-09-27,30000.0
Chanh,Sơn La,Bán lẻ,CTV địa phương,2024-09-26,40000.0
Khoai tây,Sơn La,Bán lẻ,CTV địa phương,2024-09-26,25000.0
Mồng tơi,Sơn La,Bán lẻ,CTV địa phương,2024-09-26,20000.0
Mướp đắng,Sơn La,Bán lẻ,CTV địa phương,2024-09-26,25000.0
Mướp hương,Sơn La,Bán lẻ,CTV địa phương,2024-09-26,20000.0
Na,Sơn La,Bán lẻ,CTV địa phương,2024-09-26,60000.0
Quả bí đỏ,Sơn La,Bán lẻ,CTV địa phương,2024-09-26,20000.0
Quả bí xanh,Sơn La,Bán lẻ,CTV địa phương,2024-09-26,20000.0
Rau cải,Sơn La,Bán lẻ,CTV địa phương,2024-09-26,20000.0
Bưởi da xanh,Tiền Giang,Thương lái thu mua,CTV địa phương,2024-09-25,30000.0
Bưởi năm roi,Tiền Giang,Thương lái thu mua,CTV địa phương,2024-09-25,18000.0
Chôm chôm Java,Tiền Giang,Thương lái thu mua,CTV địa phương,2024-09-25,18000.0
Chuối sim,Tiền Giang,Thương lái thu mua,CTV địa phương,2024-09-25,13000.0
Đu đủ,Tiền Giang,Thương lái thu mua,CTV địa phương,2024-09-25,10000.0
Măng cụt,Tiền Giang,Thương lái thu mua,CTV địa phương,2024-09-25,43000.0
Sầu Riêng Ri 6 (loại xô),Tiền Giang,Thương lái thu mua,CTV địa phương,2024-09-25,64000.0
Bưởi da xanh,Hà Nội,Bán lẻ,CTV địa phương,2024-09-24,65000.0
Cà rốt,Hà Nội,Bán lẻ,CTV địa phương,2024-09-24,18000.0
Khoai tây,Hà Nội,Bán lẻ,CTV địa phương,2024-09-24,20000.0
Măng cụt,Hà Nội,Bán lẻ,CTV địa phương,2024-09-24,65000.0
Mồng tơi,Hà Nội,Bán lẻ,CTV địa phương,2024-09-24,10000.0
Mướp hương,Hà Nội,Bán lẻ,CTV địa phương,2024-09-24,25000.0
Rau cải ngọt,Hà Nội,Bán lẻ,CTV địa phương,2024-09-24,30000.0
Chanh,Sơn La,Bán lẻ,CTV địa phương,2024-09-23,40000.0
Khoai tây,Sơn La,Bán lẻ,CTV địa phương,2024-09-23,25000.0
Mồng tơi,Sơn La,Bán lẻ,CTV địa phương,2024-09-23,20000.0
Mướp đắng,Sơn La,Bán lẻ,CTV địa phương,2024-09-23,25000.0
Mướp hương,Sơn La,Bán lẻ,CTV địa phương,2024-09-23,20000.0
Na,Sơn La,Bán lẻ,CTV địa phương,2024-09-23,60000.0
Quả bí đỏ,Sơn La,Bán lẻ,CTV địa phương,2024-09-23,20000.0
Quả bí xanh,Sơn La,Bán lẻ,CTV địa phương,2024-09-23,20000.0
Rau cải,Sơn La,Bán lẻ,CTV địa phương,2024-09-23,20000.0
Bưởi da xanh,Hà Nội,Bán lẻ,CTV địa phương,2024-09-20,65000.0
Cà rốt,Hà Nội,Bán lẻ,CTV địa phương,2024-09-20,18000.0
Khoai tây,Hà Nội,Bán lẻ,CTV địa phương,2024-09-20,20000.0
Măng cụt,Hà Nội,Bán lẻ,CTV địa phương,2024-09-20,60000.0
Mồng tơi,Hà Nội,Bán lẻ,CTV địa phương,2024-09-20,10000.0
Mướp hương,Hà Nội,Bán lẻ,CTV địa phương,2024-09-20,25000.0
Rau cải ngọt,Hà Nội,Bán lẻ,CTV địa phương,2024-09-20,30000.0
Chanh,Sơn La,Bán lẻ,CTV địa phương,2024-09-19,40000.0
Khoai tây,Sơn La,Bán lẻ,CTV địa phương,2024-09-19,25000.0
Mồng tơi,Sơn La,Bán lẻ,CTV địa phương,2024-09-19,20000.0
Mướp đắng,Sơn La,Bán lẻ,CTV địa phương,2024-09-19,25000.0
Mướp hương,Sơn La,Bán lẻ,CTV địa phương,2024-09-19,20000.0
Na,Sơn La,Bán lẻ,CTV địa phương,2024-09-19,60000.0
Quả bí đỏ,Sơn La,Bán lẻ,CTV địa phương,2024-09-19,20000.0
Quả bí xanh,Sơn La,Bán lẻ,CTV địa phương,2024-09-19,20000.0
Rau cải,Sơn La,Bán lẻ,CTV địa phương,2024-09-19,20000.0
Bưởi da xanh,Tiền Giang,Thương lái thu mua,CTV địa phương,2024-09-18,32000.0
Bưởi năm roi,Tiền Giang,Thương lái thu mua,CTV địa phương,2024-09-18,18000.0
Chôm chôm Java,Tiền Giang,Thương lái thu mua,CTV địa phương,2024-09-18,19000.0
Chuối sim,Tiền Giang,Thương lái thu mua,CTV địa phương,2024-09-18,13500.0
Đu đủ,Tiền Giang,Thương lái thu mua,CTV địa phương,2024-09-18,10000.0
Măng cụt,Tiền Giang,Thương lái thu mua,CTV địa phương,2024-09-18,40000.0
Sầu Riêng Ri 6 (loại xô),Tiền Giang,Thương lái thu mua,CTV địa phương,2024-09-18,62000.0
Bưởi da xanh,Hà Nội,Bán lẻ,CTV địa phương,2024-09-17,65000.0
Cà rốt,Hà Nội,Bán lẻ,CTV địa phương,2024-09-17,20000.0
Khoai tây,Hà Nội,Bán lẻ,CTV địa phương,2024-09-17,20000.0
Măng cụt,Hà Nội,Bán lẻ,CTV địa phương,2024-09-17,60000.0
Mồng tơi,Hà Nội,Bán lẻ,CTV địa phương,2024-09-17,12000.0
Rau cải ngọt,Hà Nội,Bán lẻ,CTV địa phương,2024-09-17,40000.0
Bắp cải,Sơn La,Bán lẻ,CTV địa phương,2024-09-16,15000.0
Chanh,Sơn La,Bán lẻ,CTV địa phương,2024-09-16,35000.0
Khoai tây,Sơn La,Bán lẻ,CTV địa phương,2024-09-16,25000.0
Mồng tơi,Sơn La,Bán lẻ,CTV địa phương,2024-09-16,20000.0
Mướp đắng,Sơn La,Bán lẻ,CTV địa phương,2024-09-16,25000.0
Mướp hương,Sơn La,Bán lẻ,CTV địa phương,2024-09-16,20000.0
Quả bí đỏ,Sơn La,Bán lẻ,CTV địa phương,2024-09-16,20000.0
Quả bí xanh,Sơn La,Bán lẻ,CTV địa phương,2024-09-16,20000.0
Rau cải,Sơn La,Bán lẻ,CTV địa phương,2024-09-16,20000.0
Su su quả,Sơn La,Bán lẻ,CTV địa phương,2024-09-16,25000.0
Bưởi da xanh,Hà Nội,Bán lẻ,CTV địa phương,2024-09-13,65000.0
Cà rốt,Hà Nội,Bán lẻ,CTV địa phương,2024-09-13,25000.0
Khoai tây,Hà Nội,Bán lẻ,CTV địa phương,2024-09-13,22000.0
Măng cụt,Hà Nội,Bán lẻ,CTV địa phương,2024-09-13,55000.0
Mồng tơi,Hà Nội,Bán lẻ,CTV địa phương,2024-09-13,15000.0
Rau cải ngọt,Hà Nội,Bán lẻ,CTV địa phương,2024-09-13,45000.0
Bắp cải,Sơn La,Bán lẻ,CTV địa phương,2024-09-12,15000.0
Chanh,Sơn La,Bán lẻ,CTV địa phương,2024-09-12,35000.0
Khoai tây,Sơn La,Bán lẻ,CTV địa phương,2024-09-12,25000.0
Mồng tơi,Sơn La,Bán lẻ,CTV địa phương,2024-09-12,20000.0
Mướp đắng,Sơn La,Bán lẻ,CTV địa phương,2024-09-12,25000.0
Mướp hương,Sơn La,Bán lẻ,CTV địa phương,2024-09-12,20000.0
Quả bí đỏ,Sơn La,Bán lẻ,CTV địa phương,2024-09-12,20000.0
Quả bí xanh,Sơn La,Bán lẻ,CTV địa phương,2024-09-12,20000.0
Rau cải,Sơn La,Bán lẻ,CTV địa phương,2024-09-12,20000.0
Su su quả,Sơn La,Bán lẻ,CTV địa phương,2024-09-12,25000.0
Bưởi da xanh,Tiền Giang,Thương lái thu mua,CTV địa phương,2024-09-11,32000.0
Bưởi năm roi,Tiền Giang,Thương lái thu mua,CTV địa phương,2024-09-11,19000.0
Chôm chôm Java,Tiền Giang,Thương lái thu mua,CTV địa phương,2024-09-11,20000.0
Chuối sim,Tiền Giang,Thương lái thu mua,CTV địa phương,2024-09-11,13000.0
Đu đủ,Tiền Giang,Thương lái thu mua,CTV địa phương,2024-09-11,10000.0
Măng cụt,Tiền Giang,Thương lái thu mua,CTV địa phương,2024-09-11,40000.0
Sầu Riêng Ri 6 (loại xô),Tiền Giang,Thương lái thu mua,CTV địa phương,2024-09-11,60000.0
Bắp cải,Sơn La,Bán lẻ,CTV địa phương,2024-09-09,15000.0
Chanh,Sơn La,Bán lẻ,CTV địa phương,2024-09-09,35000.0
Khoai tây,Sơn La,Bán lẻ,CTV địa phương,2024-09-09,25000.0
Mồng tơi,Sơn La,Bán lẻ,CTV địa phương,2024-09-09,20000.0
Mướp đắng,Sơn La,Bán lẻ,CTV địa phương,2024-09-09,25000.0
Mướp hương,Sơn La,Bán lẻ,CTV địa phương,2024-09-09,20000.0
Quả bí đỏ,Sơn La,Bán lẻ,CTV địa phương,2024-09-09,20000.0
Quả bí xanh,Sơn La,Bán lẻ,CTV địa phương,2024-09-09,20000.0
Rau cải,Sơn La,Bán lẻ,CTV địa phương,2024-09-09,20000.0
Su su quả,Sơn La,Bán lẻ,CTV địa phương,2024-09-09,25000.0
Bắp cải,Sơn La,Bán lẻ,CTV địa phương,2024-09-05,15000.0
Chanh,Sơn La,Bán lẻ,CTV địa phương,2024-09-05,35000.0
Khoai tây,Sơn La,Bán lẻ,CTV địa phương,2024-09-05,25000.0
Mồng tơi,Sơn La,Bán lẻ,CTV địa phương,2024-09-05,20000.0
Mướp đắng,Sơn La,Bán lẻ,CTV địa phương,2024-09-05,25000.0
Mướp hương,Sơn La,Bán lẻ,CTV địa phương,2024-09-05,20000.0
Quả bí đỏ,Sơn La,Bán lẻ,CTV địa phương,2024-09-05,20000.0
Quả bí xanh,Sơn La,Bán lẻ,CTV địa phương,2024-09-05,20000.0
Rau cải,Sơn La,Bán lẻ,CTV địa phương,2024-09-05,20000.0
Su su quả,Sơn La,Bán lẻ,CTV địa phương,2024-09-05,25000.0
Bưởi da xanh,Tiền Giang,Thương lái thu mua,CTV địa phương,2024-09-04,32000.0
Bưởi năm roi,Tiền Giang,Thương lái thu mua,CTV địa phương,2024-09-04,19000.0
Chôm chôm Java,Tiền Giang,Thương lái thu mua,CTV địa phương,2024-09-04,20000.0
Chuối sim,Tiền Giang,Thương lái thu mua,CTV địa phương,2024-09-04,13000.0
Đu đủ,Tiền Giang,Thương lái thu mua,CTV địa phương,2024-09-04,10000.0
Măng cụt,Tiền Giang,Thương lái thu mua,CTV địa phương,2024-09-04,40000.0
Sầu Riêng Ri 6 (loại xô),Tiền Giang,Thương lái thu mua,CTV địa phương,2024-09-04,60000.0
Bắp cải,Sơn La,Bán lẻ,CTV địa phương,2024-08-29,15000.0
Chanh,Sơn La,Bán lẻ,CTV địa phương,2024-08-29,35000.0
Khoai tây,Sơn La,Bán lẻ,CTV địa phương,2024-08-29,25000.0
Mồng tơi,Sơn La,Bán lẻ,CTV địa phương,2024-08-29,20000.0
Mướp đắng,Sơn La,Bán lẻ,CTV địa phương,2024-08-29,25000.0
Mướp hương,Sơn La,Bán lẻ,CTV địa phương,2024-08-29,20000.0
Quả bí đỏ,Sơn La,Bán lẻ,CTV địa phương,2024-08-29,20000.0
Quả bí xanh,Sơn La,Bán lẻ,CTV địa phương,2024-08-29,20000.0
Rau cải,Sơn La,Bán lẻ,CTV địa phương,2024-08-29,20000.0
Su su quả,Sơn La,Bán lẻ,CTV địa phương,2024-08-29,20000.0
Bưởi da xanh,Tiền Giang,Thương lái thu mua,CTV địa phương,2024-08-28,35000.0
Bưởi năm roi,Tiền Giang,Thương lái thu mua,CTV địa phương,2024-08-28,19500.0
Chôm chôm Java,Tiền Giang,Thương lái thu mua,CTV địa phương,2024-08-28,19000.0
Chuối sim,Tiền Giang,Thương lái thu mua,CTV địa phương,2024-08-28,11000.0
Đu đủ,Tiền Giang,Thương lái thu mua,CTV địa phương,2024-08-28,10000.0
Măng cụt,Tiền Giang,Thương lái thu mua,CTV địa phương,2024-08-28,43000.0
Sầu Riêng Ri 6 (loại xô),Tiền Giang,Thương lái thu mua,CTV địa phương,2024-08-28,60000.0
Chanh,Sơn La,Bán lẻ,CTV địa phương,2024-08-26,35000.0
Khoai tây,Sơn La,Bán lẻ,CTV địa phương,2024-08-26,25000.0
Mồng tơi,Sơn La,Bán lẻ,CTV địa phương,2024-08-26,20000.0
Mướp đắng,Sơn La,Bán lẻ,CTV địa phương,2024-08-26,25000.0
Mướp hương,Sơn La,Bán lẻ,CTV địa phương,2024-08-26,20000.0
Quả bí đỏ,Sơn La,Bán lẻ,CTV địa phương,2024-08-26,20000.0
Quả bí xanh,Sơn La,Bán lẻ,CTV địa phương,2024-08-26,20000.0
Rau cải,Sơn La,Bán lẻ,CTV địa phương,2024-08-26,25000.0
Su su quả,Sơn La,Bán lẻ,CTV địa phương,2024-08-26,20000.0
Bắp cải,Sơn La,Bán lẻ,CTV địa phương,2024-08-22,15000.0
Chanh,Sơn La,Bán lẻ,CTV địa phương,2024-08-22,35000.0
Khoai tây,Sơn La,Bán lẻ,CTV địa phương,2024-08-22,25000.0
Mồng tơi,Sơn La,Bán lẻ,CTV địa phương,2024-08-22,20000.0
Mướp đắng,Sơn La,Bán lẻ,CTV địa phương,2024-08-22,25000.0
Mướp hương,Sơn La,Bán lẻ,CTV địa phương,2024-08-22,20000.0
Quả bí đỏ,Sơn La,Bán lẻ,CTV địa phương,2024-08-22,20000.0
Quả bí xanh,Sơn La,Bán lẻ,CTV địa phương,2024-08-22,20000.0
Rau cải,Sơn La,Bán lẻ,CTV địa phương,2024-08-22,20000.0
Su su quả,Sơn La,Bán lẻ,CTV địa phương,2024-08-22,20000.0
Bưởi da xanh,Tiền Giang,Thương lái thu mua,CTV địa phương,2024-08-21,35000.0
Bưởi năm roi,Tiền Giang,Thương lái thu mua,CTV địa phương,2024-08-21,19500.0
Chôm chôm Java,Tiền Giang,Thương lái thu mua,CTV địa phương,2024-08-21,19000.0
Chuối sim,Tiền Giang,Thương lái thu mua,CTV địa phương,2024-08-21,11000.0
Đu đủ,Tiền Giang,Thương lái thu mua,CTV địa phương,2024-08-21,10000.0
Măng cụt,Tiền Giang,Thương lái thu mua,CTV địa phương,2024-08-21,43000.0
Sầu Riêng Ri 6 (loại xô),Tiền Giang,Thương lái thu mua,CTV địa phương,2024-08-21,60000.0
Chanh,Sơn La,Bán lẻ,CTV địa phương,2024-08-19,35000.0
Khoai tây,Sơn La,Bán lẻ,CTV địa phương,2024-08-19,25000.0
Mồng tơi,Sơn La,Bán lẻ,CTV địa phương,2024-08-19,20000.0
Mướp đắng,Sơn La,Bán lẻ,CTV địa phương,2024-08-19,25000.0
Mướp hương,Sơn La,Bán lẻ,CTV địa phương,2024-08-19,20000.0
Quả bí đỏ,Sơn La,Bán lẻ,CTV địa phương,2024-08-19,20000.0
Quả bí xanh,Sơn La,Bán lẻ,CTV địa phương,2024-08-19,20000.0
Rau cải,Sơn La,Bán lẻ,CTV địa phương,2024-08-19,25000.0
Su su quả,Sơn La,Bán lẻ,CTV địa phương,2024-08-19,20000.0
Bắp cải,Sơn La,Bán lẻ,CTV địa phương,2024-08-15,15000.0
Chanh,Sơn La,Bán lẻ,CTV địa phương,2024-08-15,35000.0
Khoai tây,Sơn La,Bán lẻ,CTV địa phương,2024-08-15,25000.0
Mồng tơi,Sơn La,Bán lẻ,CTV địa phương,2024-08-15,20000.0
Mướp đắng,Sơn La,Bán lẻ,CTV địa phương,2024-08-15,25000.0
Mướp hương,Sơn La,Bán lẻ,CTV địa phương,2024-08-15,20000.0
Quả bí đỏ,Sơn La,Bán lẻ,CTV địa phương,2024-08-15,20000.0
Quả bí xanh,Sơn La,Bán lẻ,CTV địa phương,2024-08-15,20000.0
Rau cải,Sơn La,Bán lẻ,CTV địa phương,2024-08-15,20000.0
Su su quả,Sơn La,Bán lẻ,CTV địa phương,2024-08-15,20000.0
Bưởi da xanh,Tiền Giang,Thương lái thu mua,CTV địa phương,2024-08-14,35000.0
Bưởi năm roi,Tiền Giang,Thương lái thu mua,CTV địa phương,2024-08-14,19500.0
Chôm chôm Java,Tiền Giang,Thương lái thu mua,CTV địa phương,2024-08-14,19000.0
Chuối sim,Tiền Giang,Thương lái thu mua,CTV địa phương,2024-08-14,11000.0
Đu đủ,Tiền Giang,Thương lái thu mua,CTV địa phương,2024-08-14,10000.0
Măng cụt,Tiền Giang,Thương lái thu mua,CTV địa phương,2024-08-14,43000.0
Sầu Riêng Ri 6 (loại xô),Tiền Giang,Thương lái thu mua,CTV địa phương,2024-08-14,60000.0
Chanh,Sơn La,Bán lẻ,CTV địa phương,2024-08-12,35000.0
Khoai tây,Sơn La,Bán lẻ,CTV địa phương,2024-08-12,25000.0
Mồng tơi,Sơn La,Bán lẻ,CTV địa phương,2024-08-12,20000.0
Mướp đắng,Sơn La,Bán lẻ,CTV địa phương,2024-08-12,25000.0
Mướp hương,Sơn La,Bán lẻ,CTV địa phương,2024-08-12,20000.0
Quả bí đỏ,Sơn La,Bán lẻ,CTV địa phương,2024-08-12,20000.0
Quả bí xanh,Sơn La,Bán lẻ,CTV địa phương,2024-08-12,20000.0
Rau cải,Sơn La,Bán lẻ,CTV địa phương,2024-08-12,25000.0
Su su quả,Sơn La,Bán lẻ,CTV địa phương,2024-08-12,20000.0
Bắp cải,Sơn La,Bán lẻ,CTV địa phương,2024-08-08,15000.0
Cà rốt,Sơn La,Bán lẻ,CTV địa phương,2024-08-08,25000.0
Chanh,Sơn La,Bán lẻ,CTV địa phương,2024-08-08,35000.0
Khoai tây,Sơn La,Bán lẻ,CTV địa phương,2024-08-08,20000.0
Mồng tơi,Sơn La,Bán lẻ,CTV địa phương,2024-08-08,15000.0
Mướp đắng,Sơn La,Bán lẻ,CTV địa phương,2024-08-08,20000.0
Mướp hương,Sơn La,Bán lẻ,CTV địa phương,2024-08-08,20000.0
Quả bí đỏ,Sơn La,Bán lẻ,CTV địa phương,2024-08-08,20000.0
Quả bí xanh,Sơn La,Bán lẻ,CTV địa phương,2024-08-08,15000.0
Rau cải,Sơn La,Bán lẻ,CTV địa phương,2024-08-08,15000.0
Su su quả,Sơn La,Bán lẻ,CTV địa phương,2024-08-08,25000.0
Bưởi da xanh,Tiền Giang,Thương lái thu mua,CTV địa phương,2024-08-07,35000.0
Bưởi năm roi,Tiền Giang,Thương lái thu mua,CTV địa phương,2024-08-07,19500.0
Chôm chôm Java,Tiền Giang,Thương lái thu mua,CTV địa phương,2024-08-07,19000.0
Chuối sim,Tiền Giang,Thương lái thu mua,CTV địa phương,2024-08-07,11000.0
Đu đủ,Tiền Giang,Thương lái thu mua,CTV địa phương,2024-08-07,10000.0
Măng cụt,Tiền Giang,Thương lái thu mua,CTV địa phương,2024-08-07,43000.0
Sầu Riêng Ri 6 (loại xô),Tiền Giang,Thương lái thu mua,CTV địa phương,2024-08-07,60000.0
Bắp cải,Sơn La,Bán lẻ,CTV địa phương,2024-08-05,15000.0
Cà rốt,Sơn La,Bán lẻ,CTV địa phương,2024-08-05,25000.0
Chanh,Sơn La,Bán lẻ,CTV địa phương,2024-08-05,35000.0
Khoai tây,Sơn La,Bán lẻ,CTV địa phương,2024-08-05,20000.0
Mồng tơi,Sơn La,Bán lẻ,CTV địa phương,2024-08-05,15000.0
Mướp đắng,Sơn La,Bán lẻ,CTV địa phương,2024-08-05,20000.0
Mướp hương,Sơn La,Bán lẻ,CTV địa phương,2024-08-05,20000.0
Quả bí đỏ,Sơn La,Bán lẻ,CTV địa phương,2024-08-05,20000.0
Quả bí xanh,Sơn La,Bán lẻ,CTV địa phương,2024-08-05,15000.0
Rau cải,Sơn La,Bán lẻ,CTV địa phương,2024-08-05,15000.0
Su su quả,Sơn La,Bán lẻ,CTV địa phương,2024-08-05,25000.0
Cà rốt,Sơn La,Bán lẻ,CTV địa phương,2024-08-01,25000.0
Chanh,Sơn La,Bán lẻ,CTV địa phương,2024-08-01,35000.0
Khoai tây,Sơn La,Bán lẻ,CTV địa phương,2024-08-01,25000.0
Mồng tơi,Sơn La,Bán lẻ,CTV địa phương,2024-08-01,20000.0
Mướp đắng,Sơn La,Bán lẻ,CTV địa phương,2024-08-01,25000.0
Mướp hương,Sơn La,Bán lẻ,CTV địa phương,2024-08-01,25000.0
Quả bí đỏ,Sơn La,Bán lẻ,CTV địa phương,2024-08-01,20000.0
Quả bí xanh,Sơn La,Bán lẻ,CTV địa phương,2024-08-01,20000.0
Rau cải,Sơn La,Bán lẻ,CTV địa phương,2024-08-01,20000.0
Su su quả,Sơn La,Bán lẻ,CTV địa phương,2024-08-01,20000.0
Bưởi da xanh,Tiền Giang,Thương lái thu mua,CTV địa phương,2024-07-31,34000.0
Bưởi năm roi,Tiền Giang,Thương lái thu mua,CTV địa phương,2024-07-31,19000.0
Chôm chôm Java,Tiền Giang,Thương lái thu mua,CTV địa phương,2024-07-31,19000.0
Chuối sim,Tiền Giang,Thương lái thu mua,CTV địa phương,2024-07-31,11000.0
Đu đủ,Tiền Giang,Thương lái thu mua,CTV địa phương,2024-07-31,10000.0
Măng cụt,Tiền Giang,Thương lái thu mua,CTV địa phương,2024-07-31,41000.0
Sầu Riêng Ri 6 (loại xô),Tiền Giang,Thương lái thu mua,CTV địa phương,2024-07-31,59000.0
Bắp cải,Sơn La,Bán lẻ,CTV địa phương,2024-07-29,15000.0
Cà rốt,Sơn La,Bán lẻ,CTV địa phương,2024-07-29,20000.0
Chanh,Sơn La,Bán lẻ,CTV địa phương,2024-07-29,35000.0
Khoai tây,Sơn La,Bán lẻ,CTV địa phương,2024-07-29,25000.0
Mồng tơi,Sơn La,Bán lẻ,CTV địa phương,2024-07-29,12000.0
Mướp đắng,Sơn La,Bán lẻ,CTV địa phương,2024-07-29,20000.0
Mướp hương,Sơn La,Bán lẻ,CTV địa phương,2024-07-29,20000.0
Quả bí đỏ,Sơn La,Bán lẻ,CTV địa phương,2024-07-29,15000.0
Quả bí xanh,Sơn La,Bán lẻ,CTV địa phương,2024-07-29,12000.0
Rau cải,Sơn La,Bán lẻ,CTV địa phương,2024-07-29,12000.0
Su su quả,Sơn La,Bán lẻ,CTV địa phương,2024-07-29,20000.0
Cà rốt,Sơn La,Bán lẻ,CTV địa phương,2024-07-25,25000.0
Chanh,Sơn La,Bán lẻ,CTV địa phương,2024-07-25,35000.0
Khoai tây,Sơn La,Bán lẻ,CTV địa phương,2024-07-25,25000.0
Mồng tơi,Sơn La,Bán lẻ,CTV địa phương,2024-07-25,20000.0
Mướp đắng,Sơn La,Bán lẻ,CTV địa phương,2024-07-25,25000.0
Mướp hương,Sơn La,Bán lẻ,CTV địa phương,2024-07-25,25000.0
Quả bí đỏ,Sơn La,Bán lẻ,CTV địa phương,2024-07-25,20000.0
Quả bí xanh,Sơn La,Bán lẻ,CTV địa phương,2024-07-25,20000.0
Rau cải,Sơn La,Bán lẻ,CTV địa phương,2024-07-25,20000.0
Su su quả,Sơn La,Bán lẻ,CTV địa phương,2024-07-25,20000.0
Bưởi da xanh,Tiền Giang,Thương lái thu mua,CTV địa phương,2024-07-24,34000.0
Bưởi năm roi,Tiền Giang,Thương lái thu mua,CTV địa phương,2024-07-24,18000.0
Chôm chôm Java,Tiền Giang,Thương lái thu mua,CTV địa phương,2024-07-24,20000.0
Chuối sim,Tiền Giang,Thương lái thu mua,CTV địa phương,2024-07-24,11000.0
Đu đủ,Tiền Giang,Thương lái thu mua,CTV địa phương,2024-07-24,10000.0
Măng cụt,Tiền Giang,Thương lái thu mua,CTV địa phương,2024-07-24,41000.0
Sầu Riêng Ri 6 (loại xô),Tiền Giang,Thương lái thu mua,CTV địa phương,2024-07-24,59000.0
Bưởi da xanh,Hà Nội,Bán lẻ,CTV địa phương,2024-07-23,65000.0
Cà rốt,Hà Nội,Bán lẻ,CTV địa phương,2024-07-23,16000.0
Khoai tây,Hà Nội,Bán lẻ,CTV địa phương,2024-07-23,16000.0
Măng cụt,Hà Nội,Bán lẻ,CTV địa phương,2024-07-23,70000.0
Mồng tơi,Hà Nội,Bán lẻ,CTV địa phương,2024-07-23,7000.0
Mướp hương,Hà Nội,Bán lẻ,CTV địa phương,2024-07-23,18000.0
Rau cải mơ,Hà Nội,Bán lẻ,CTV địa phương,2024-07-23,25000.0
Rau cải ngọt,Hà Nội,Bán lẻ,CTV địa phương,2024-07-23,30000.0
Bưởi da xanh,Hà Nội,Bán lẻ,CTV địa phương,2024-07-19,65000.0
Cà rốt,Hà Nội,Bán lẻ,CTV địa phương,2024-07-19,16000.0
Khoai tây,Hà Nội,Bán lẻ,CTV địa phương,2024-07-19,16000.0
Măng cụt,Hà Nội,Bán lẻ,CTV địa phương,2024-07-19,65000.0
Mồng tơi,Hà Nội,Bán lẻ,CTV địa phương,2024-07-19,7000.0
Mướp hương,Hà Nội,Bán lẻ,CTV địa phương,2024-07-19,18000.0
Rau cải mơ,Hà Nội,Bán lẻ,CTV địa phương,2024-07-19,30000.0
Rau cải ngọt,Hà Nội,Bán lẻ,CTV địa phương,2024-07-19,30000.0
Mồng tơi,Sơn La,Bán lẻ,CTV địa phương,2024-07-18,12000.0
Rau cải,Sơn La,Bán lẻ,CTV địa phương,2024-07-18,12000.0
Bưởi da xanh,Tiền Giang,Thương lái thu mua,CTV địa phương,2024-07-17,35000.0
Bưởi năm roi,Tiền Giang,Thương lái thu mua,CTV địa phương,2024-07-17,19000.0
Chôm chôm Java,Tiền Giang,Thương lái thu mua,CTV địa phương,2024-07-17,21000.0
Chuối sim,Tiền Giang,Thương lái thu mua,CTV địa phương,2024-07-17,11000.0
Đu đủ,Tiền Giang,Thương lái thu mua,CTV địa phương,2024-07-17,10000.0
Măng cụt,Tiền Giang,Thương lái thu mua,CTV địa phương,2024-07-17,40000.0
Sầu Riêng Ri 6 (loại xô),Tiền Giang,Thương lái thu mua,CTV địa phương,2024-07-17,57000.0
Bưởi da xanh,Hà Nội,Bán lẻ,CTV địa phương,2024-07-16,65000.0
Cà rốt,Hà Nội,Bán lẻ,CTV địa phương,2024-07-16,16000.0
Khoai tây,Hà Nội,Bán lẻ,CTV địa phương,2024-07-16,16000.0
Măng cụt,Hà Nội,Bán lẻ,CTV địa phương,2024-07-16,65000.0
Mồng tơi,Hà Nội,Bán lẻ,CTV địa phương,2024-07-16,7000.0
Mướp hương,Hà Nội,Bán lẻ,CTV địa phương,2024-07-16,18000.0
Rau cải mơ,Hà Nội,Bán lẻ,CTV địa phương,2024-07-16,30000.0
Rau cải ngọt,Hà Nội,Bán lẻ,CTV địa phương,2024-07-16,30000.0
Bắp cải,Sơn La,Bán lẻ,CTV địa phương,2024-07-15,15000.0
Cà rốt,Sơn La,Bán lẻ,CTV địa phương,2024-07-15,25000.0
Chanh,Sơn La,Bán lẻ,CTV địa phương,2024-07-15,35000.0
Khoai tây,Sơn La,Bán lẻ,CTV địa phương,2024-07-15,25000.0
Mồng tơi,Sơn La,Bán lẻ,CTV địa phương,2024-07-15,12000.0
Mướp đắng,Sơn La,Bán lẻ,CTV địa phương,2024-07-15,20000.0
Mướp hương,Sơn La,Bán lẻ,CTV địa phương,2024-07-15,20000.0
Quả bí đỏ,Sơn La,Bán lẻ,CTV địa phương,2024-07-15,15000.0
Quả bí xanh,Sơn La,Bán lẻ,CTV địa phương,2024-07-15,12000.0
Rau cải,Sơn La,Bán lẻ,CTV địa phương,2024-07-15,12000.0
Su su quả,Sơn La,Bán lẻ,CTV địa phương,2024-07-15,25000.0
Bưởi da xanh,Hà Nội,Bán lẻ,CTV địa phương,2024-07-12,65000.0
Cà rốt,Hà Nội,Bán lẻ,CTV địa phương,2024-07-12,16000.0
Khoai tây,Hà Nội,Bán lẻ,CTV địa phương,2024-07-12,16000.0
Măng cụt,Hà Nội,Bán lẻ,CTV địa phương,2024-07-12,65000.0
Mồng tơi,Hà Nội,Bán lẻ,CTV địa phương,2024-07-12,7000.0
Mướp hương,Hà Nội,Bán lẻ,CTV địa phương,2024-07-12,15000.0
Rau cải mơ,Hà Nội,Bán lẻ,CTV địa phương,2024-07-12,30000.0
Rau cải ngọt,Hà Nội,Bán lẻ,CTV địa phương,2024-07-12,30000.0
Bắp cải,Sơn La,Bán lẻ,CTV địa phương,2024-07-12,15000.0
Cà rốt,Sơn La,Bán lẻ,CTV địa phương,2024-07-12,25000.0
Chanh,Sơn La,Bán lẻ,CTV địa phương,2024-07-12,35000.0
Khoai tây,Sơn La,Bán lẻ,CTV địa phương,2024-07-12,20000.0
Mồng tơi,Sơn La,Bán lẻ,CTV địa phương,2024-07-12,12000.0
Mướp đắng,Sơn La,Bán lẻ,CTV địa phương,2024-07-12,20000.0
Mướp hương,Sơn La,Bán lẻ,CTV địa phương,2024-07-12,20000.0
Quả bí đỏ,Sơn La,Bán lẻ,CTV địa phương,2024-07-12,15000.0
Quả bí xanh,Sơn La,Bán lẻ,CTV địa phương,2024-07-12,12000.0
Rau cải,Sơn La,Bán lẻ,CTV địa phương,2024-07-12,12000.0
Su su quả,Sơn La,Bán lẻ,CTV địa phương,2024-07-12,25000.0
Bưởi da xanh,Hà Nội,Bán lẻ,CTV địa phương,2024-07-09,65000.0
Cà rốt,Hà Nội,Bán lẻ,CTV địa phương,2024-07-09,16000.0
Khoai tây,Hà Nội,Bán lẻ,CTV địa phương,2024-07-09,16000.0
Măng cụt,Hà Nội,Bán lẻ,CTV địa phương,2024-07-09,65000.0
Mồng tơi,Hà Nội,Bán lẻ,CTV địa phương,2024-07-09,7000.0
Mướp hương,Hà Nội,Bán lẻ,CTV địa phương,2024-07-09,15000.0
Rau cải mơ,Hà Nội,Bán lẻ,CTV địa phương,2024-07-09,30000.0
Rau cải ngọt,Hà Nội,Bán lẻ,CTV địa phương,2024-07-09,30000.0
Bưởi da xanh,Hà Nội,Bán lẻ,CTV địa phương,2024-07-05,70000.0
Cà rốt,Hà Nội,Bán lẻ,CTV địa phương,2024-07-05,16000.0
Khoai tây,Hà Nội,Bán lẻ,CTV địa phương,2024-07-05,16000.0
Măng cụt,Hà Nội,Bán lẻ,CTV địa phương,2024-07-05,65000.0
Mồng tơi,Hà Nội,Bán lẻ,CTV địa phương,2024-07-05,7000.0
Mướp hương,Hà Nội,Bán lẻ,CTV địa phương,2024-07-05,15000.0
Rau cải mơ,Hà Nội,Bán lẻ,CTV địa phương,2024-07-05,30000.0
Rau cải ngọt,Hà Nội,Bán lẻ,CTV địa phương,2024-07-05,30000.0
Bưởi da xanh,Tiền Giang,Thương lái thu mua,CTV địa phương,2024-07-03,35000.0
Bưởi năm roi,Tiền Giang,Thương lái thu mua,CTV địa phương,2024-07-03,20000.0
Chôm chôm Java,Tiền Giang,Thương lái thu mua,CTV địa phương,2024-07-03,22000.0
Chuối sim,Tiền Giang,Thương lái thu mua,CTV địa phương,2024-07-03,11500.0
Đu đủ,Tiền Giang,Thương lái thu mua,CTV địa phương,2024-07-03,9500.0
Măng cụt,Tiền Giang,Thương lái thu mua,CTV địa phương,2024-07-03,50000.0
Sầu Riêng Ri 6 (loại xô),Tiền Giang,Thương lái thu mua,CTV địa phương,2024-07-03,58000.0
Bưởi da xanh,Hà Nội,Bán lẻ,CTV địa phương,2024-07-02,70000.0
Cà rốt,Hà Nội,Bán lẻ,CTV địa phương,2024-07-02,17000.0
Khoai tây,Hà Nội,Bán lẻ,CTV địa phương,2024-07-02,16000.0
Măng cụt,Hà Nội,Bán lẻ,CTV địa phương,2024-07-02,60000.0
Mồng tơi,Hà Nội,Bán lẻ,CTV địa phương,2024-07-02,7000.0
Mướp hương,Hà Nội,Bán lẻ,CTV địa phương,2024-07-02,15000.0
Rau cải mơ,Hà Nội,Bán lẻ,CTV địa phương,2024-07-02,30000.0
Rau cải ngọt,Hà Nội,Bán lẻ,CTV địa phương,2024-07-02,30000.0
Bắp cải,Sơn La,Bán lẻ,CTV địa phương,2024-07-01,15000.0
Cà rốt,Sơn La,Bán lẻ,CTV địa phương,2024-07-01,20000.0
Chanh,Sơn La,Bán lẻ,CTV địa phương,2024-07-01,35000.0
Khoai tây,Sơn La,Bán lẻ,CTV địa phương,2024-07-01,20000.0
Mồng tơi,Sơn La,Bán lẻ,CTV địa phương,2024-07-01,12000.0
Mướp đắng,Sơn La,Bán lẻ,CTV địa phương,2024-07-01,20000.0
Mướp hương,Sơn La,Bán lẻ,CTV địa phương,2024-07-01,20000.0
Quả bí đỏ,Sơn La,Bán lẻ,CTV địa phương,2024-07-01,15000.0
Quả bí xanh,Sơn La,Bán lẻ,CTV địa phương,2024-07-01,12000.0
Rau cải,Sơn La,Bán lẻ,CTV địa phương,2024-07-01,12000.0
Su su quả,Sơn La,Bán lẻ,CTV địa phương,2024-07-01,20000.0
Bưởi da xanh,Hà Nội,Bán lẻ,CTV địa phương,2024-06-28,70000.0
Cà rốt,Hà Nội,Bán lẻ,CTV địa phương,2024-06-28,16000.0
Khoai tây,Hà Nội,Bán lẻ,CTV địa phương,2024-06-28,16000.0
Măng cụt,Hà Nội,Bán lẻ,CTV địa phương,2024-06-28,60000.0
Mồng tơi,Hà Nội,Bán lẻ,CTV địa phương,2024-06-28,7000.0
Mướp hương,Hà Nội,Bán lẻ,CTV địa phương,2024-06-28,18000.0
Rau cải mơ,Hà Nội,Bán lẻ,CTV địa phương,2024-06-28,30000.0
Rau cải ngọt,Hà Nội,Bán lẻ,CTV địa phương,2024-06-28,30000.0
Bắp cải,Sơn La,Bán lẻ,CTV địa phương,2024-06-27,15000.0
Cà rốt,Sơn La,Bán lẻ,CTV địa phương,2024-06-27,20000.0
Chanh,Sơn La,Bán lẻ,CTV địa phương,2024-06-27,35000.0
Khoai tây,Sơn La,Bán lẻ,CTV địa phương,2024-06-27,20000.0
Mồng tơi,Sơn La,Bán lẻ,CTV địa phương,2024-06-27,12000.0
Mướp đắng,Sơn La,Bán lẻ,CTV địa phương,2024-06-27,20000.0
Mướp hương,Sơn La,Bán lẻ,CTV địa phương,2024-06-27,20000.0
Quả bí đỏ,Sơn La,Bán lẻ,CTV địa phương,2024-06-27,20000.0
Quả bí xanh,Sơn La,Bán lẻ,CTV địa phương,2024-06-27,12000.0
Rau cải,Sơn La,Bán lẻ,CTV địa phương,2024-06-27,12000.0
Su su quả,Sơn La,Bán lẻ,CTV địa phương,2024-06-27,20000.0
Bưởi da xanh,Tiền Giang,Thương lái thu mua,CTV địa phương,2024-06-26,35000.0
Bưởi năm roi,Tiền Giang,Thương lái thu mua,CTV địa phương,2024-06-26,20000.0
Chôm chôm Java,Tiền Giang,Thương lái thu mua,CTV địa phương,2024-06-26,22000.0
Chuối sim,Tiền Giang,Thương lái thu mua,CTV địa phương,2024-06-26,11500.0
Đu đủ,Tiền Giang,Thương lái thu mua,CTV địa phương,2024-06-26,9500.0
Măng cụt,Tiền Giang,Thương lái thu mua,CTV địa phương,2024-06-26,50000.0
Sầu Riêng Ri 6 (loại xô),Tiền Giang,Thương lái thu mua,CTV địa phương,2024-06-26,58000.0
Bưởi da xanh,Hà Nội,Bán lẻ,CTV địa phương,2024-06-25,70000.0
Cà rốt,Hà Nội,Bán lẻ,CTV địa phương,2024-06-25,16000.0
Khoai tây,Hà Nội,Bán lẻ,CTV địa phương,2024-06-25,16000.0
Măng cụt,Hà Nội,Bán lẻ,CTV địa phương,2024-06-25,60000.0
Mồng tơi,Hà Nội,Bán lẻ,CTV địa phương,2024-06-25,7000.0
Mướp hương,Hà Nội,Bán lẻ,CTV địa phương,2024-06-25,18000.0
Rau cải mơ,Hà Nội,Bán lẻ,CTV địa phương,2024-06-25,30000.0
Rau cải ngọt,Hà Nội,Bán lẻ,CTV địa phương,2024-06-25,30000.0
Bắp cải,Sơn La,Bán lẻ,CTV địa phương,2024-06-24,15000.0
Cà rốt,Sơn La,Bán lẻ,CTV địa phương,2024-06-24,20000.0
Chanh,Sơn La,Bán lẻ,CTV địa phương,2024-06-24,35000.0
Khoai tây,Sơn La,Bán lẻ,CTV địa phương,2024-06-24,20000.0
Mồng tơi,Sơn La,Bán lẻ,CTV địa phương,2024-06-24,12000.0
Mướp đắng,Sơn La,Bán lẻ,CTV địa phương,2024-06-24,20000.0
Mướp hương,Sơn La,Bán lẻ,CTV địa phương,2024-06-24,20000.0
Quả bí đỏ,Sơn La,Bán lẻ,CTV địa phương,2024-06-24,20000.0
Quả bí xanh,Sơn La,Bán lẻ,CTV địa phương,2024-06-24,12000.0
Rau cải,Sơn La,Bán lẻ,CTV địa phương,2024-06-24,12000.0
Su su quả,Sơn La,Bán lẻ,CTV địa phương,2024-06-24,20000.0
Bưởi da xanh,Hà Nội,Bán lẻ,CTV địa phương,2024-06-21,70000.0
Cà rốt,Hà Nội,Bán lẻ,CTV địa phương,2024-06-21,16000.0
Khoai tây,Hà Nội,Bán lẻ,CTV địa phương,2024-06-21,16000.0
Măng cụt,Hà Nội,Bán lẻ,CTV địa phương,2024-06-21,60000.0
Mồng tơi,Hà Nội,Bán lẻ,CTV địa phương,2024-06-21,7000.0
Mướp hương,Hà Nội,Bán lẻ,CTV địa phương,2024-06-21,18000.0
Rau cải mơ,Hà Nội,Bán lẻ,CTV địa phương,2024-06-21,30000.0
Rau cải ngọt,Hà Nội,Bán lẻ,CTV địa phương,2024-06-21,30000.0
Bắp cải,Sơn La,Bán lẻ,CTV địa phương,2024-06-20,15000.0
Cà rốt,Sơn La,Bán lẻ,CTV địa phương,2024-06-20,20000.0
Chanh,Sơn La,Bán lẻ,CTV địa phương,2024-06-20,35000.0
Khoai tây,Sơn La,Bán lẻ,CTV địa phương,2024-06-20,20000.0
Mồng tơi,Sơn La,Bán lẻ,CTV địa phương,2024-06-20,12000.0
Mướp đắng,Sơn La,Bán lẻ,CTV địa phương,2024-06-20,20000.0
Mướp hương,Sơn La,Bán lẻ,CTV địa phương,2024-06-20,20000.0
Quả bí đỏ,Sơn La,Bán lẻ,CTV địa phương,2024-06-20,20000.0
Quả bí xanh,Sơn La,Bán lẻ,CTV địa phương,2024-06-20,12000.0
Rau cải,Sơn La,Bán lẻ,CTV địa phương,2024-06-20,12000.0
Su su quả,Sơn La,Bán lẻ,CTV địa phương,2024-06-20,20000.0
Bưởi da xanh,Tiền Giang,Thương lái thu mua,CTV địa phương,2024-06-19,34000.0
Bưởi năm roi,Tiền Giang,Thương lái thu mua,CTV địa phương,2024-06-19,20000.0
Chôm chôm Java,Tiền Giang,Thương lái thu mua,CTV địa phương,2024-06-19,23000.0
Chuối sim,Tiền Giang,Thương lái thu mua,CTV địa phương,2024-06-19,11500.0
Đu đủ,Tiền Giang,Thương lái thu mua,CTV địa phương,2024-06-19,9000.0
Măng cụt,Tiền Giang,Thương lái thu mua,CTV địa phương,2024-06-19,50000.0
Sầu Riêng Ri 6 (loại xô),Tiền Giang,Thương lái thu mua,CTV địa phương,2024-06-19,58000.0
Bắp cải,Sơn La,Bán lẻ,CTV địa phương,2024-06-17,15000.0
Cà rốt,Sơn La,Bán lẻ,CTV địa phương,2024-06-17,20000.0
Chanh,Sơn La,Bán lẻ,CTV địa phương,2024-06-17,35000.0
Khoai tây,Sơn La,Bán lẻ,CTV địa phương,2024-06-17,20000.0
Mồng tơi,Sơn La,Bán lẻ,CTV địa phương,2024-06-17,12000.0
Mướp đắng,Sơn La,Bán lẻ,CTV địa phương,2024-06-17,20000.0
Mướp hương,Sơn La,Bán lẻ,CTV địa phương,2024-06-17,20000.0
Quả bí đỏ,Sơn La,Bán lẻ,CTV địa phương,2024-06-17,20000.0
Quả bí xanh,Sơn La,Bán lẻ,CTV địa phương,2024-06-17,12000.0
Rau cải,Sơn La,Bán lẻ,CTV địa phương,2024-06-17,12000.0
Su su quả,Sơn La,Bán lẻ,CTV địa phương,2024-06-17,20000.0
Bưởi da xanh,Tiền Giang,Thương lái thu mua,CTV địa phương,2024-06-12,32000.0
Bưởi năm roi,Tiền Giang,Thương lái thu mua,CTV địa phương,2024-06-12,19000.0
Chôm chôm Java,Tiền Giang,Thương lái thu mua,CTV địa phương,2024-06-12,22000.0
Chuối sim,Tiền Giang,Thương lái thu mua,CTV địa phương,2024-06-12,11000.0
Đu đủ,Tiền Giang,Thương lái thu mua,CTV địa phương,2024-06-12,10000.0
Măng cụt,Tiền Giang,Thương lái thu mua,CTV địa phương,2024-06-12,50000.0
Sầu Riêng Ri 6 (loại xô),Tiền Giang,Thương lái thu mua,CTV địa phương,2024-06-12,58000.0
Bưởi da xanh,Hà Nội,Bán lẻ,CTV địa phương,2024-06-11,70000.0
Cà rốt,Hà Nội,Bán lẻ,CTV địa phương,2024-06-11,17000.0
Khoai tây,Hà Nội,Bán lẻ,CTV địa phương,2024-06-11,16000.0
Măng cụt,Hà Nội,Bán lẻ,CTV địa phương,2024-06-11,60000.0
Mồng tơi,Hà Nội,Bán lẻ,CTV địa phương,2024-06-11,7000.0
Mướp hương,Hà Nội,Bán lẻ,CTV địa phương,2024-06-11,18000.0
Rau cải mơ,Hà Nội,Bán lẻ,CTV địa phương,2024-06-11,30000.0
Rau cải ngọt,Hà Nội,Bán lẻ,CTV địa phương,2024-06-11,30000.0
Bắp cải,Sơn La,Bán lẻ,CTV địa phương,2024-06-10,12000.0
Cà rốt,Sơn La,Bán lẻ,CTV địa phương,2024-06-10,15000.0
Chanh,Sơn La,Bán lẻ,CTV địa phương,2024-06-10,40000.0
Khoai tây,Sơn La,Bán lẻ,CTV địa phương,2024-06-10,20000.0
Mồng tơi,Sơn La,Bán lẻ,CTV địa phương,2024-06-10,12000.0
Mướp đắng,Sơn La,Bán lẻ,CTV địa phương,2024-06-10,20000.0
Mướp hương,Sơn La,Bán lẻ,CTV địa phương,2024-06-10,15000.0
Quả bí đỏ,Sơn La,Bán lẻ,CTV địa phương,2024-06-10,12000.0
Quả bí xanh,Sơn La,Bán lẻ,CTV địa phương,2024-06-10,12000.0
Rau cải,Sơn La,Bán lẻ,CTV địa phương,2024-06-10,12000.0
Su su quả,Sơn La,Bán lẻ,CTV địa phương,2024-06-10,15000.0
Bắp cải,Sơn La,Bán lẻ,CTV địa phương,2024-06-06,12000.0
Cà rốt,Sơn La,Bán lẻ,CTV địa phương,2024-06-06,15000.0
Chanh,Sơn La,Bán lẻ,CTV địa phương,2024-06-06,40000.0
Khoai tây,Sơn La,Bán lẻ,CTV địa phương,2024-06-06,20000.0
Mồng tơi,Sơn La,Bán lẻ,CTV địa phương,2024-06-06,12000.0
Mướp đắng,Sơn La,Bán lẻ,CTV địa phương,2024-06-06,20000.0
Mướp hương,Sơn La,Bán lẻ,CTV địa phương,2024-06-06,15000.0
Quả bí đỏ,Sơn La,Bán lẻ,CTV địa phương,2024-06-06,12000.0
Quả bí xanh,Sơn La,Bán lẻ,CTV địa phương,2024-06-06,12000.0
Rau cải,Sơn La,Bán lẻ,CTV địa phương,2024-06-06,12000.0
Su su quả,Sơn La,Bán lẻ,CTV địa phương,2024-06-06,15000.0
Bắp cải,Sơn La,Bán lẻ,CTV địa phương,2024-06-03,12000.0
Cà rốt,Sơn La,Bán lẻ,CTV địa phương,2024-06-03,15000.0
Chanh,Sơn La,Bán lẻ,CTV địa phương,2024-06-03,40000.0
Khoai tây,Sơn La,Bán lẻ,CTV địa phương,2024-06-03,20000.0
Mồng tơi,Sơn La,Bán lẻ,CTV địa phương,2024-06-03,12000.0
Mướp đắng,Sơn La,Bán lẻ,CTV địa phương,2024-06-03,20000.0
Mướp hương,Sơn La,Bán lẻ,CTV địa phương,2024-06-03,15000.0
Quả bí đỏ,Sơn La,Bán lẻ,CTV địa phương,2024-06-03,12000.0
Quả bí xanh,Sơn La,Bán lẻ,CTV địa phương,2024-06-03,12000.0
Rau cải,Sơn La,Bán lẻ,CTV địa phương,2024-06-03,12000.0
Su su quả,Sơn La,Bán lẻ,CTV địa phương,2024-06-03,20000.0
Bưởi da xanh,Hà Nội,Bán lẻ,CTV địa phương,2024-05-31,70000.0
Cà rốt,Hà Nội,Bán lẻ,CTV địa phương,2024-05-31,16000.0
Khoai tây,Hà Nội,Bán lẻ,CTV địa phương,2024-05-31,16000.0
Măng cụt,Hà Nội,Bán lẻ,CTV địa phương,2024-05-31,50000.0
Mồng tơi,Hà Nội,Bán lẻ,CTV địa phương,2024-05-31,7000.0
Mướp hương,Hà Nội,Bán lẻ,CTV địa phương,2024-05-31,18000.0
Rau cải mơ,Hà Nội,Bán lẻ,CTV địa phương,2024-05-31,25000.0
Rau cải ngọt,Hà Nội,Bán lẻ,CTV địa phương,2024-05-31,25000.0
Bắp cải,Sơn La,Bán lẻ,CTV địa phương,2024-05-30,15000.0
Cà rốt,Sơn La,Bán lẻ,CTV địa phương,2024-05-30,15000.0
Khoai tây,Sơn La,Bán lẻ,CTV địa phương,2024-05-30,20000.0
Mồng tơi,Sơn La,Bán lẻ,CTV địa phương,2024-05-30,15000.0
Mướp đắng,Sơn La,Bán lẻ,CTV địa phương,2024-05-30,30000.0
Mướp hương,Sơn La,Bán lẻ,CTV địa phương,2024-05-30,25000.0
Quả bí đỏ,Sơn La,Bán lẻ,CTV địa phương,2024-05-30,15000.0
Quả bí xanh,Sơn La,Bán lẻ,CTV địa phương,2024-05-30,15000.0
Rau cải,Sơn La,Bán lẻ,CTV địa phương,2024-05-30,15000.0
Su su quả,Sơn La,Bán lẻ,CTV địa phương,2024-05-30,25000.0
Bưởi da xanh,Tiền Giang,Thương lái thu mua,CTV địa phương,2024-05-29,32000.0
Bưởi năm roi,Tiền Giang,Thương lái thu mua,CTV địa phương,2024-05-29,19000.0
Chôm chôm Java,Tiền Giang,Thương lái thu mua,CTV địa phương,2024-05-29,22000.0
Chuối sim,Tiền Giang,Thương lái thu mua,CTV địa phương,2024-05-29,11500.0
Đu đủ,Tiền Giang,Thương lái thu mua,CTV địa phương,2024-05-29,10000.0
Sầu Riêng Ri 6 (loại xô),Tiền Giang,Thương lái thu mua,CTV địa phương,2024-05-29,58000.0
Bưởi da xanh,Hà Nội,Bán lẻ,CTV địa phương,2024-05-28,65000.0
Cà rốt,Hà Nội,Bán lẻ,CTV địa phương,2024-05-28,16000.0
Khoai tây,Hà Nội,Bán lẻ,CTV địa phương,2024-05-28,16000.0
Măng cụt,Hà Nội,Bán lẻ,CTV địa phương,2024-05-28,45000.0
Mồng tơi,Hà Nội,Bán lẻ,CTV địa phương,2024-05-28,7000.0
Mướp hương,Hà Nội,Bán lẻ,CTV địa phương,2024-05-28,18000.0
Rau cải mơ,Hà Nội,Bán lẻ,CTV địa phương,2024-05-28,25000.0
Rau cải ngọt,Hà Nội,Bán lẻ,CTV địa phương,2024-05-28,25000.0
Bắp cải,Sơn La,Bán lẻ,CTV địa phương,2024-05-27,15000.0
Cà rốt,Sơn La,Bán lẻ,CTV địa phương,2024-05-27,15000.0
Khoai tây,Sơn La,Bán lẻ,CTV địa phương,2024-05-27,20000.0
Mồng tơi,Sơn La,Bán lẻ,CTV địa phương,2024-05-27,15000.0
Mướp đắng,Sơn La,Bán lẻ,CTV địa phương,2024-05-27,30000.0
Mướp hương,Sơn La,Bán lẻ,CTV địa phương,2024-05-27,25000.0
Quả bí đỏ,Sơn La,Bán lẻ,CTV địa phương,2024-05-27,15000.0
Quả bí xanh,Sơn La,Bán lẻ,CTV địa phương,2024-05-27,15000.0
Rau cải,Sơn La,Bán lẻ,CTV địa phương,2024-05-27,15000.0
Su su quả,Sơn La,Bán lẻ,CTV địa phương,2024-05-27,25000.0
Bắp cải,Sơn La,Bán lẻ,CTV địa phương,2024-05-23,15000.0
Cà rốt,Sơn La,Bán lẻ,CTV địa phương,2024-05-23,17000.0
Chanh,Sơn La,Bán lẻ,CTV địa phương,2024-05-23,45000.0
Khoai tây,Sơn La,Bán lẻ,CTV địa phương,2024-05-23,20000.0
Mồng tơi,Sơn La,Bán lẻ,CTV địa phương,2024-05-23,15000.0
Mướp đắng,Sơn La,Bán lẻ,CTV địa phương,2024-05-23,30000.0
Mướp hương,Sơn La,Bán lẻ,CTV địa phương,2024-05-23,25000.0
Quả bí đỏ,Sơn La,Bán lẻ,CTV địa phương,2024-05-23,20000.0
Quả bí xanh,Sơn La,Bán lẻ,CTV địa phương,2024-05-23,19000.0
Rau cải,Sơn La,Bán lẻ,CTV địa phương,2024-05-23,20000.0
Su su quả,Sơn La,Bán lẻ,CTV địa phương,2024-05-23,22000.0
Bưởi da xanh,Tiền Giang,Thương lái thu mua,CTV địa phương,2024-05-22,28000.0
Bưởi năm roi,Tiền Giang,Thương lái thu mua,CTV địa phương,2024-05-22,18000.0
Chôm chôm Java,Tiền Giang,Thương lái thu mua,CTV địa phương,2024-05-22,23000.0
Chuối sim,Tiền Giang,Thương lái thu mua,CTV địa phương,2024-05-22,12000.0
Đu đủ,Tiền Giang,Thương lái thu mua,CTV địa phương,2024-05-22,10000.0
Sầu Riêng Ri 6 (loại xô),Tiền Giang,Thương lái thu mua,CTV địa phương,2024-05-22,56000.0
Bưởi da xanh,Hà Nội,Bán lẻ,CTV địa phương,2024-05-21,60000.0
Cà rốt,Hà Nội,Bán lẻ,CTV địa phương,2024-05-21,17000.0
Khoai tây,Hà Nội,Bán lẻ,CTV địa phương,2024-05-21,17000.0
Măng cụt,Hà Nội,Bán lẻ,CTV địa phương,2024-05-21,50000.0
Mồng tơi,Hà Nội,Bán lẻ,CTV địa phương,2024-05-21,8000.0
Mướp hương,Hà Nội,Bán lẻ,CTV địa phương,2024-05-21,20000.0
Rau cải mơ,Hà Nội,Bán lẻ,CTV địa phương,2024-05-21,25000.0
Rau cải ngọt,Hà Nội,Bán lẻ,CTV địa phương,2024-05-21,23000.0
Bắp cải,Sơn La,Bán lẻ,CTV địa phương,2024-05-20,15000.0
Cà rốt,Sơn La,Bán lẻ,CTV địa phương,2024-05-20,20000.0
Khoai tây,Sơn La,Bán lẻ,CTV địa phương,2024-05-20,20000.0
Mồng tơi,Sơn La,Bán lẻ,CTV địa phương,2024-05-20,20000.0
Mướp đắng,Sơn La,Bán lẻ,CTV địa phương,2024-05-20,30000.0
Mướp hương,Sơn La,Bán lẻ,CTV địa phương,2024-05-20,25000.0
Quả bí đỏ,Sơn La,Bán lẻ,CTV địa phương,2024-05-20,20000.0
Quả bí xanh,Sơn La,Bán lẻ,CTV địa phương,2024-05-20,20000.0
Rau cải,Sơn La,Bán lẻ,CTV địa phương,2024-05-20,20000.0
Bưởi da xanh,Hà Nội,Bán lẻ,CTV địa phương,2024-05-17,60000.0
Cà rốt,Hà Nội,Bán lẻ,CTV địa phương,2024-05-17,17000.0
Khoai tây,Hà Nội,Bán lẻ,CTV địa phương,2024-05-17,16000.0
Măng cụt,Hà Nội,Bán lẻ,CTV địa phương,2024-05-17,50000.0
Mồng tơi,Hà Nội,Bán lẻ,CTV địa phương,2024-05-17,8000.0
Mướp hương,Hà Nội,Bán lẻ,CTV địa phương,2024-05-17,20000.0
Rau cải mơ,Hà Nội,Bán lẻ,CTV địa phương,2024-05-17,25000.0
Rau cải ngọt,Hà Nội,Bán lẻ,CTV địa phương,2024-05-17,25000.0
Bắp cải,Sơn La,Bán lẻ,CTV địa phương,2024-05-16,15000.0
Cà rốt,Sơn La,Bán lẻ,CTV địa phương,2024-05-16,20000.0
Khoai tây,Sơn La,Bán lẻ,CTV địa phương,2024-05-16,20000.0
Mồng tơi,Sơn La,Bán lẻ,CTV địa phương,2024-05-16,20000.0
Mướp đắng,Sơn La,Bán lẻ,CTV địa phương,2024-05-16,30000.0
Mướp hương,Sơn La,Bán lẻ,CTV địa phương,2024-05-16,25000.0
Quả bí đỏ,Sơn La,Bán lẻ,CTV địa phương,2024-05-16,20000.0
Quả bí xanh,Sơn La,Bán lẻ,CTV địa phương,2024-05-16,20000.0
Rau cải,Sơn La,Bán lẻ,CTV địa phương,2024-05-16,20000.0
Bưởi da xanh,Tiền Giang,Thương lái thu mua,CTV địa phương,2024-05-15,28000.0
Bưởi năm roi,Tiền Giang,Thương lái thu mua,CTV địa phương,2024-05-15,18000.0
Chôm chôm Java,Tiền Giang,Thương lái thu mua,CTV địa phương,2024-05-15,25000.0
Chuối sim,Tiền Giang,Thương lái thu mua,CTV địa phương,2024-05-15,12000.0
Đu đủ,Tiền Giang,Thương lái thu mua,CTV địa phương,2024-05-15,10000.0
Sầu Riêng Ri 6 (loại xô),Tiền Giang,Thương lái thu mua,CTV địa phương,2024-05-15,58000.0
Bưởi da xanh,Hà Nội,Bán lẻ,CTV địa phương,2024-05-14,60000.0
Cà rốt,Hà Nội,Bán lẻ,CTV địa phương,2024-05-14,17000.0
Khoai tây,Hà Nội,Bán lẻ,CTV địa phương,2024-05-14,16000.0
Măng cụt,Hà Nội,Bán lẻ,CTV địa phương,2024-05-14,50000.0
Mồng tơi,Hà Nội,Bán lẻ,CTV địa phương,2024-05-14,8000.0
Mướp hương,Hà Nội,Bán lẻ,CTV địa phương,2024-05-14,20000.0
Rau cải mơ,Hà Nội,Bán lẻ,CTV địa phương,2024-05-14,25000.0
Rau cải ngọt,Hà Nội,Bán lẻ,CTV địa phương,2024-05-14,25000.0
Bắp cải,Sơn La,Bán lẻ,CTV địa phương,2024-05-13,15000.0
Cà rốt,Sơn La,Bán lẻ,CTV địa phương,2024-05-13,20000.0
Khoai tây,Sơn La,Bán lẻ,CTV địa phương,2024-05-13,20000.0
Mồng tơi,Sơn La,Bán lẻ,CTV địa phương,2024-05-13,20000.0
Mướp đắng,Sơn La,Bán lẻ,CTV địa phương,2024-05-13,30000.0
Mướp hương,Sơn La,Bán lẻ,CTV địa phương,2024-05-13,25000.0
Quả bí đỏ,Sơn La,Bán lẻ,CTV địa phương,2024-05-13,20000.0
Quả bí xanh,Sơn La,Bán lẻ,CTV địa phương,2024-05-13,20000.0
Rau cải,Sơn La,Bán lẻ,CTV địa phương,2024-05-13,20000.0
Bắp cải,Sơn La,Bán lẻ,CTV địa phương,2024-05-09,15000.0
Cà rốt,Sơn La,Bán lẻ,CTV địa phương,2024-05-09,15000.0
Khoai tây,Sơn La,Bán lẻ,CTV địa phương,2024-05-09,20000.0
Mồng tơi,Sơn La,Bán lẻ,CTV địa phương,2024-05-09,20000.0
Mướp đắng,Sơn La,Bán lẻ,CTV địa phương,2024-05-09,30000.0
Mướp hương,Sơn La,Bán lẻ,CTV địa phương,2024-05-09,25000.0
Quả bí đỏ,Sơn La,Bán lẻ,CTV địa phương,2024-05-09,20000.0
Quả bí xanh,Sơn La,Bán lẻ,CTV địa phương,2024-05-09,20000.0
Rau cải,Sơn La,Bán lẻ,CTV địa phương,2024-05-09,20000.0
Bưởi da xanh,Tiền Giang,Thương lái thu mua,CTV địa phương,2024-05-08,27000.0
Bưởi năm roi,Tiền Giang,Thương lái thu mua,CTV địa phương,2024-05-08,18000.0
Chôm chôm Java,Tiền Giang,Thương lái thu mua,CTV địa phương,2024-05-08,25000.0
Chuối sim,Tiền Giang,Thương lái thu mua,CTV địa phương,2024-05-08,12000.0
Đu đủ,Tiền Giang,Thương lái thu mua,CTV địa phương,2024-05-08,10000.0
Sầu Riêng Ri 6 (loại xô),Tiền Giang,Thương lái thu mua,CTV địa phương,2024-05-08,65000.0
Bắp cải,Sơn La,Bán lẻ,CTV địa phương,2024-05-06,12000.0
Cà rốt,Sơn La,Bán lẻ,CTV địa phương,2024-05-06,20000.0
Chanh,Sơn La,Bán lẻ,CTV địa phương,2024-05-06,40000.0
Khoai tây,Sơn La,Bán lẻ,CTV địa phương,2024-05-06,20000.0
Mồng tơi,Sơn La,Bán lẻ,CTV địa phương,2024-05-06,20000.0
Mướp đắng,Sơn La,Bán lẻ,CTV địa phương,2024-05-06,35000.0
Mướp hương,Sơn La,Bán lẻ,CTV địa phương,2024-05-06,25000.0
Quả bí đỏ,Sơn La,Bán lẻ,CTV địa phương,2024-05-06,15000.0
Quả bí xanh,Sơn La,Bán lẻ,CTV địa phương,2024-05-06,20000.0
Rau cải,Sơn La,Bán lẻ,CTV địa phương,2024-05-06,20000.0
Su su quả,Sơn La,Bán lẻ,CTV địa phương,2024-05-06,20000.0
Bưởi da xanh,Hà Nội,Bán lẻ,CTV địa phương,2024-05-03,60000.0
Cà rốt,Hà Nội,Bán lẻ,CTV địa phương,2024-05-03,16000.0
Khoai tây,Hà Nội,Bán lẻ,CTV địa phương,2024-05-03,16000.0
Mồng tơi,Hà Nội,Bán lẻ,CTV địa phương,2024-05-03,8000.0
Mướp hương,Hà Nội,Bán lẻ,CTV địa phương,2024-05-03,20000.0
Rau cải mơ,Hà Nội,Bán lẻ,CTV địa phương,2024-05-03,30000.0
Rau cải ngọt,Hà Nội,Bán lẻ,CTV địa phương,2024-05-03,25000.0
Bắp cải,Sơn La,Bán lẻ,CTV địa phương,2024-05-02,15000.0
Bưởi da xanh,Sơn La,Bán lẻ,CTV địa phương,2024-05-02,40000.0
Cà rốt,Sơn La,Bán lẻ,CTV địa phương,2024-05-02,25000.0
Khoai tây,Sơn La,Bán lẻ,CTV địa phương,2024-05-02,20000.0
Mồng tơi,Sơn La,Bán lẻ,CTV địa phương,2024-05-02,20000.0
Mướp đắng,Sơn La,Bán lẻ,CTV địa phương,2024-05-02,40000.0
Quả bí đỏ,Sơn La,Bán lẻ,CTV địa phương,2024-05-02,15000.0
Quả bí xanh,Sơn La,Bán lẻ,CTV địa phương,2024-05-02,20000.0
Rau cải,Sơn La,Bán lẻ,CTV địa phương,2024-05-02,20000.0
Su su quả,Sơn La,Bán lẻ,CTV địa phương,2024-05-02,25000.0
Bưởi da xanh,Hà Nội,Bán lẻ,CTV địa phương,2024-04-26,60000.0
Cà rốt,Hà Nội,Bán lẻ,CTV địa phương,2024-04-26,17000.0
Khoai tây,Hà Nội,Bán lẻ,CTV địa phương,2024-04-26,16000.0
Măng cụt,Hà Nội,Bán lẻ,CTV địa phương,2024-04-26,60000.0
Mồng tơi,Hà Nội,Bán lẻ,CTV địa phương,2024-04-26,8000.0
Mướp hương,Hà Nội,Bán lẻ,CTV địa phương,2024-04-26,20000.0
Rau cải mơ,Hà Nội,Bán lẻ,CTV địa phương,2024-04-26,25000.0
Rau cải ngọt,Hà Nội,Bán lẻ,CTV địa phương,2024-04-26,25000.0
Bắp cải,Sơn La,Bán lẻ,CTV địa phương,2024-04-25,15000.0
Bưởi da xanh,Sơn La,Bán lẻ,CTV địa phương,2024-04-25,40000.0
Cà rốt,Sơn La,Bán lẻ,CTV địa phương,2024-04-25,25000.0
Khoai tây,Sơn La,Bán lẻ,CTV địa phương,2024-04-25,20000.0
Mồng tơi,Sơn La,Bán lẻ,CTV địa phương,2024-04-25,20000.0
Mướp đắng,Sơn La,Bán lẻ,CTV địa phương,2024-04-25,40000.0
Quả bí đỏ,Sơn La,Bán lẻ,CTV địa phương,2024-04-25,15000.0
Quả bí xanh,Sơn La,Bán lẻ,CTV địa phương,2024-04-25,20000.0
Rau cải,Sơn La,Bán lẻ,CTV địa phương,2024-04-25,20000.0
Su su quả,Sơn La,Bán lẻ,CTV địa phương,2024-04-25,25000.0
Bắp cải,Sơn La,Bán lẻ,CTV địa phương,2024-04-22,15000.0
Bưởi da xanh,Sơn La,Bán lẻ,CTV địa phương,2024-04-22,40000.0
Cà rốt,Sơn La,Bán lẻ,CTV địa phương,2024-04-22,25000.0
Khoai tây,Sơn La,Bán lẻ,CTV địa phương,2024-04-22,20000.0
Mồng tơi,Sơn La,Bán lẻ,CTV địa phương,2024-04-22,20000.0
Mướp đắng,Sơn La,Bán lẻ,CTV địa phương,2024-04-22,40000.0
Quả bí đỏ,Sơn La,Bán lẻ,CTV địa phương,2024-04-22,15000.0
Quả bí xanh,Sơn La,Bán lẻ,CTV địa phương,2024-04-22,20000.0
Rau cải,Sơn La,Bán lẻ,CTV địa phương,2024-04-22,20000.0
Su su quả,Sơn La,Bán lẻ,CTV địa phương,2024-04-22,25000.0
Bưởi da xanh,Hà Nội,Bán lẻ,CTV địa phương,2024-04-19,55000.0
Cà rốt,Hà Nội,Bán lẻ,CTV địa phương,2024-04-19,17000.0
Khoai tây,Hà Nội,Bán lẻ,CTV địa phương,2024-04-19,16000.0
Mồng tơi,Hà Nội,Bán lẻ,CTV địa phương,2024-04-19,8000.0
Rau cải mơ,Hà Nội,Bán lẻ,CTV địa phương,2024-04-19,25000.0
Rau cải ngọt,Hà Nội,Bán lẻ,CTV địa phương,2024-04-19,25000.0
Bắp cải,Sơn La,Bán lẻ,CTV địa phương,2024-04-18,15000.0
Bưởi da xanh,Sơn La,Bán lẻ,CTV địa phương,2024-04-18,40000.0
Cà rốt,Sơn La,Bán lẻ,CTV địa phương,2024-04-18,25000.0
Khoai tây,Sơn La,Bán lẻ,CTV địa phương,2024-04-18,20000.0
Mồng tơi,Sơn La,Bán lẻ,CTV địa phương,2024-04-18,20000.0
Mướp đắng,Sơn La,Bán lẻ,CTV địa phương,2024-04-18,40000.0
Quả bí đỏ,Sơn La,Bán lẻ,CTV địa phương,2024-04-18,15000.0
Quả bí xanh,Sơn La,Bán lẻ,CTV địa phương,2024-04-18,20000.0
Rau cải,Sơn La,Bán lẻ,CTV địa phương,2024-04-18,20000.0
Su su quả,Sơn La,Bán lẻ,CTV địa phương,2024-04-18,25000.0
Bưởi da xanh,Tiền Giang,Thương lái thu mua,CTV địa phương,2024-04-17,29000.0
Bưởi năm roi,Tiền Giang,Thương lái thu mua,CTV địa phương,2024-04-17,19500.0
Chôm chôm Java,Tiền Giang,Thương lái thu mua,CTV địa phương,2024-04-17,25000.0
Chuối sim,Tiền Giang,Thương lái thu mua,CTV địa phương,2024-04-17,12000.0
Đu đủ,Tiền Giang,Thương lái thu mua,CTV địa phương,2024-04-17,11000.0
Sầu Riêng Ri 6 (loại xô),Tiền Giang,Thương lái thu mua,CTV địa phương,2024-04-17,70000.0
Bưởi da xanh,Hà Nội,Bán lẻ,CTV địa phương,2024-04-16,55000.0
Cà rốt,Hà Nội,Bán lẻ,CTV địa phương,2024-04-16,17000.0
Khoai tây,Hà Nội,Bán lẻ,CTV địa phương,2024-04-16,16000.0
Mồng tơi,Hà Nội,Bán lẻ,CTV địa phương,2024-04-16,8000.0
Rau cải mơ,Hà Nội,Bán lẻ,CTV địa phương,2024-04-16,25000.0
Rau cải ngọt,Hà Nội,Bán lẻ,CTV địa phương,2024-04-16,25000.0
Bắp cải,Sơn La,Bán lẻ,CTV địa phương,2024-04-15,15000.0
Bưởi da xanh,Sơn La,Bán lẻ,CTV địa phương,2024-04-15,40000.0
Cà rốt,Sơn La,Bán lẻ,CTV địa phương,2024-04-15,25000.0
Khoai tây,Sơn La,Bán lẻ,CTV địa phương,2024-04-15,20000.0
Mồng tơi,Sơn La,Bán lẻ,CTV địa phương,2024-04-15,20000.0
Mướp đắng,Sơn La,Bán lẻ,CTV địa phương,2024-04-15,40000.0
Quả bí đỏ,Sơn La,Bán lẻ,CTV địa phương,2024-04-15,15000.0
Quả bí xanh,Sơn La,Bán lẻ,CTV địa phương,2024-04-15,20000.0
Rau cải,Sơn La,Bán lẻ,CTV địa phương,2024-04-15,20000.0
Su su quả,Sơn La,Bán lẻ,CTV địa phương,2024-04-15,25000.0
Bưởi da xanh,Hà Nội,Bán lẻ,CTV địa phương,2024-04-12,55000.0
Cà rốt,Hà Nội,Bán lẻ,CTV địa phương,2024-04-12,16000.0
Khoai tây,Hà Nội,Bán lẻ,CTV địa phương,2024-04-12,16000.0
Mồng tơi,Hà Nội,Bán lẻ,CTV địa phương,2024-04-12,8000.0
Rau cải mơ,Hà Nội,Bán lẻ,CTV địa phương,2024-04-12,25000.0
Rau cải ngọt,Hà Nội,Bán lẻ,CTV địa phương,2024-04-12,25000.0
Bắp cải,Sơn La,Bán lẻ,CTV địa phương,2024-04-11,15000.0
Bưởi da xanh,Sơn La,Bán lẻ,CTV địa phương,2024-04-11,40000.0
Cà rốt,Sơn La,Bán lẻ,CTV địa phương,2024-04-11,25000.0
Khoai tây,Sơn La,Bán lẻ,CTV địa phương,2024-04-11,20000.0
Mồng tơi,Sơn La,Bán lẻ,CTV địa phương,2024-04-11,20000.0
Mướp đắng,Sơn La,Bán lẻ,CTV địa phương,2024-04-11,40000.0
Quả bí đỏ,Sơn La,Bán lẻ,CTV địa phương,2024-04-11,15000.0
Quả bí xanh,Sơn La,Bán lẻ,CTV địa phương,2024-04-11,20000.0
Rau cải,Sơn La,Bán lẻ,CTV địa phương,2024-04-11,20000.0
Su su quả,Sơn La,Bán lẻ,CTV địa phương,2024-04-11,25000.0
Bưởi da xanh,Tiền Giang,Thương lái thu mua,CTV địa phương,2024-04-10,28000.0
Chôm chôm Java,Tiền Giang,Thương lái thu mua,CTV địa phương,2024-04-10,24000.0
Chuối sim,Tiền Giang,Thương lái thu mua,CTV địa phương,2024-04-10,12000.0
Sầu Riêng Ri 6 (loại xô),Tiền Giang,Thương lái thu mua,CTV địa phương,2024-04-10,92000.0
Bưởi da xanh,Hà Nội,Bán lẻ,CTV địa phương,2024-04-09,55000.0
Cà rốt,Hà Nội,Bán lẻ,CTV địa phương,2024-04-09,16000.0
Khoai tây,Hà Nội,Bán lẻ,CTV địa phương,2024-04-09,16000.0
Mồng tơi,Hà Nội,Bán lẻ,CTV địa phương,2024-04-09,8000.0
Rau cải mơ,Hà Nội,Bán lẻ,CTV địa phương,2024-04-09,25000.0
Rau cải ngọt,Hà Nội,Bán lẻ,CTV địa phương,2024-04-09,25000.0
Bắp cải,Sơn La,Bán lẻ,CTV địa phương,2024-04-08,15000.0
Bưởi da xanh,Sơn La,Bán lẻ,CTV địa phương,2024-04-08,40000.0
Cà rốt,Sơn La,Bán lẻ,CTV địa phương,2024-04-08,25000.0
Khoai tây,Sơn La,Bán lẻ,CTV địa phương,2024-04-08,20000.0
Mồng tơi,Sơn La,Bán lẻ,CTV địa phương,2024-04-08,20000.0
Mướp đắng,Sơn La,Bán lẻ,CTV địa phương,2024-04-08,40000.0
Quả bí đỏ,Sơn La,Bán lẻ,CTV địa phương,2024-04-08,15000.0
Quả bí xanh,Sơn La,Bán lẻ,CTV địa phương,2024-04-08,20000.0
Rau cải,Sơn La,Bán lẻ,CTV địa phương,2024-04-08,20000.0
Su su quả,Sơn La,Bán lẻ,CTV địa phương,2024-04-08,25000.0
Bưởi da xanh,Hà Nội,Bán lẻ,CTV địa phương,2024-04-05,55000.0
Cà rốt,Hà Nội,Bán lẻ,CTV địa phương,2024-04-05,16000.0
Khoai tây,Hà Nội,Bán lẻ,CTV địa phương,2024-04-05,16000.0
Rau cải mơ,Hà Nội,Bán lẻ,CTV địa phương,2024-04-05,25000.0
Rau cải ngọt,Hà Nội,Bán lẻ,CTV địa phương,2024-04-05,20000.0
Bắp cải,Sơn La,Bán lẻ,CTV địa phương,2024-04-04,15000.0
Bưởi da xanh,Sơn La,Bán lẻ,CTV địa phương,2024-04-04,40000.0
Cà rốt,Sơn La,Bán lẻ,CTV địa phương,2024-04-04,25000.0
Chanh,Sơn La,Bán lẻ,CTV địa phương,2024-04-04,35000.0
Khoai tây,Sơn La,Bán lẻ,CTV địa phương,2024-04-04,25000.0
Mồng tơi,Sơn La,Bán lẻ,CTV địa phương,2024-04-04,20000.0
Mướp đắng,Sơn La,Bán lẻ,CTV địa phương,2024-04-04,30000.0
Quả bí đỏ,Sơn La,Bán lẻ,CTV địa phương,2024-04-04,15000.0
Quả bí xanh,Sơn La,Bán lẻ,CTV địa phương,2024-04-04,20000.0
Rau cải,Sơn La,Bán lẻ,CTV địa phương,2024-04-04,20000.0
Su su quả,Sơn La,Bán lẻ,CTV địa phương,2024-04-04,25000.0
Bưởi da xanh,Tiền Giang,Thương lái thu mua,CTV địa phương,2024-04-03,28000.0
Bưởi năm roi,Tiền Giang,Thương lái thu mua,CTV địa phương,2024-04-03,18000.0
Chôm chôm Java,Tiền Giang,Thương lái thu mua,CTV địa phương,2024-04-03,22000.0
Chuối sim,Tiền Giang,Thương lái thu mua,CTV địa phương,2024-04-03,12000.0
Đu đủ,Tiền Giang,Thương lái thu mua,CTV địa phương,2024-04-03,11000.0
Sầu Riêng Ri 6 (loại xô),Tiền Giang,Thương lái thu mua,CTV địa phương,2024-04-03,92000.0
Bưởi da xanh,Hà Nội,Bán lẻ,CTV địa phương,2024-04-02,55000.0
Cà rốt,Hà Nội,Bán lẻ,CTV địa phương,2024-04-02,16000.0
Khoai tây,Hà Nội,Bán lẻ,CTV địa phương,2024-04-02,16000.0
Rau cải mơ,Hà Nội,Bán lẻ,CTV địa phương,2024-04-02,25000.0
Rau cải ngọt,Hà Nội,Bán lẻ,CTV địa phương,2024-04-02,20000.0
Bắp cải,Sơn La,Bán lẻ,CTV địa phương,2024-04-01,15000.0
Bưởi da xanh,Sơn La,Bán lẻ,CTV địa phương,2024-04-01,40000.0
Cà rốt,Sơn La,Bán lẻ,CTV địa phương,2024-04-01,25000.0
Chanh,Sơn La,Bán lẻ,CTV địa phương,2024-04-01,35000.0
Khoai tây,Sơn La,Bán lẻ,CTV địa phương,2024-04-01,25000.0
Mồng tơi,Sơn La,Bán lẻ,CTV địa phương,2024-04-01,20000.0
Mướp đắng,Sơn La,Bán lẻ,CTV địa phương,2024-04-01,30000.0
Quả bí đỏ,Sơn La,Bán lẻ,CTV địa phương,2024-04-01,15000.0
Quả bí xanh,Sơn La,Bán lẻ,CTV địa phương,2024-04-01,20000.0
Rau cải,Sơn La,Bán lẻ,CTV địa phương,2024-04-01,20000.0
Su su quả,Sơn La,Bán lẻ,CTV địa phương,2024-04-01,25000.0
Bưởi da xanh,Hà Nội,Bán lẻ,CTV địa phương,2024-03-29,55000.0
Cà rốt,Hà Nội,Bán lẻ,CTV địa phương,2024-03-29,16000.0
Khoai tây,Hà Nội,Bán lẻ,CTV địa phương,2024-03-29,16000.0
Mồng tơi,Hà Nội,Bán lẻ,CTV địa phương,2024-03-29,8000.0
Rau cải mơ,Hà Nội,Bán lẻ,CTV địa phương,2024-03-29,25000.0
Rau cải ngọt,Hà Nội,Bán lẻ,CTV địa phương,2024-03-29,25000.0
Su su quả,Hà Nội,Bán lẻ,CTV địa phương,2024-03-29,15000.0
Bắp cải,Sơn La,Bán lẻ,CTV địa phương,2024-03-28,15000.0
Bưởi da xanh,Sơn La,Bán lẻ,CTV địa phương,2024-03-28,40000.0
Cà rốt,Sơn La,Bán lẻ,CTV địa phương,2024-03-28,25000.0
Chanh,Sơn La,Bán lẻ,CTV địa phương,2024-03-28,35000.0
Khoai tây,Sơn La,Bán lẻ,CTV địa phương,2024-03-28,20000.0
Mồng tơi,Sơn La,Bán lẻ,CTV địa phương,2024-03-28,20000.0
Mướp đắng,Sơn La,Bán lẻ,CTV địa phương,2024-03-28,30000.0
Quả bí đỏ,Sơn La,Bán lẻ,CTV địa phương,2024-03-28,15000.0
Quả bí xanh,Sơn La,Bán lẻ,CTV địa phương,2024-03-28,15000.0
Rau cải,Sơn La,Bán lẻ,CTV địa phương,2024-03-28,20000.0
Su su quả,Sơn La,Bán lẻ,CTV địa phương,2024-03-28,20000.0
Bưởi da xanh,Tiền Giang,Thương lái thu mua,CTV địa phương,2024-03-27,28000.0
Bưởi năm roi,Tiền Giang,Thương lái thu mua,CTV địa phương,2024-03-27,18000.0
Chôm chôm Java,Tiền Giang,Thương lái thu mua,CTV địa phương,2024-03-27,24000.0
Chuối sim,Tiền Giang,Thương lái thu mua,CTV địa phương,2024-03-27,11000.0
Đu đủ,Tiền Giang,Thương lái thu mua,CTV địa phương,2024-03-27,11000.0
Sầu Riêng Ri 6 (loại xô),Tiền Giang,Thương lái thu mua,CTV địa phương,2024-03-27,92000.0
Bưởi da xanh,Hà Nội,Bán lẻ,CTV địa phương,2024-03-26,55000.0
Cà rốt,Hà Nội,Bán lẻ,CTV địa phương,2024-03-26,16000.0
Khoai tây,Hà Nội,Bán lẻ,CTV địa phương,2024-03-26,16000.0
Rau cải mơ,Hà Nội,Bán lẻ,CTV địa phương,2024-03-26,25000.0
Rau cải ngọt,Hà Nội,Bán lẻ,CTV địa phương,2024-03-26,20000.0
Bắp cải,Sơn La,Bán lẻ,CTV địa phương,2024-03-25,10000.0
Bưởi da xanh,Sơn La,Bán lẻ,CTV địa phương,2024-03-25,40000.0
Cà rốt,Sơn La,Bán lẻ,CTV địa phương,2024-03-25,20000.0
Chanh,Sơn La,Bán lẻ,CTV địa phương,2024-03-25,35000.0
Khoai tây,Sơn La,Bán lẻ,CTV địa phương,2024-03-25,20000.0
Mồng tơi,Sơn La,Bán lẻ,CTV địa phương,2024-03-25,20000.0
Mướp đắng,Sơn La,Bán lẻ,CTV địa phương,2024-03-25,30000.0
Mướp hương,Sơn La,Bán lẻ,CTV địa phương,2024-03-25,25000.0
Quả bí đỏ,Sơn La,Bán lẻ,CTV địa phương,2024-03-25,15000.0
Quả bí xanh,Sơn La,Bán lẻ,CTV địa phương,2024-03-25,15000.0
Rau cải,Sơn La,Bán lẻ,CTV địa phương,2024-03-25,20000.0
Su su quả,Sơn La,Bán lẻ,CTV địa phương,2024-03-25,25000.0
Bưởi da xanh,Hà Nội,Bán lẻ,CTV địa phương,2024-03-22,55000.0
Cà rốt,Hà Nội,Bán lẻ,CTV địa phương,2024-03-22,16000.0
Khoai tây,Hà Nội,Bán lẻ,CTV địa phương,2024-03-22,16000.0
Rau cải mơ,Hà Nội,Bán lẻ,CTV địa phương,2024-03-22,25000.0
Rau cải ngọt,Hà Nội,Bán lẻ,CTV địa phương,2024-03-22,25000.0
Bắp cải,Sơn La,Bán lẻ,CTV địa phương,2024-03-21,10000.0
Bưởi da xanh,Sơn La,Bán lẻ,CTV địa phương,2024-03-21,40000.0
Cà rốt,Sơn La,Bán lẻ,CTV địa phương,2024-03-21,20000.0
Chanh,Sơn La,Bán lẻ,CTV địa phương,2024-03-21,35000.0
Khoai tây,Sơn La,Bán lẻ,CTV địa phương,2024-03-21,20000.0
Mồng tơi,Sơn La,Bán lẻ,CTV địa phương,2024-03-21,20000.0
Mướp đắng,Sơn La,Bán lẻ,CTV địa phương,2024-03-21,30000.0
Mướp hương,Sơn La,Bán lẻ,CTV địa phương,2024-03-21,25000.0
Quả bí đỏ,Sơn La,Bán lẻ,CTV địa phương,2024-03-21,15000.0
Quả bí xanh,Sơn La,Bán lẻ,CTV địa phương,2024-03-21,15000.0
Rau cải,Sơn La,Bán lẻ,CTV địa phương,2024-03-21,20000.0
Su su quả,Sơn La,Bán lẻ,CTV địa phương,2024-03-21,25000.0
Bưởi da xanh,Tiền Giang,Thương lái thu mua,CTV địa phương,2024-03-20,28000.0
Bưởi năm roi,Tiền Giang,Thương lái thu mua,CTV địa phương,2024-03-20,18000.0
Chôm chôm Java,Tiền Giang,Thương lái thu mua,CTV địa phương,2024-03-20,23000.0
Chuối sim,Tiền Giang,Thương lái thu mua,CTV địa phương,2024-03-20,11000.0
Đu đủ,Tiền Giang,Thương lái thu mua,CTV địa phương,2024-03-20,11000.0
Sầu Riêng Ri 6 (loại xô),Tiền Giang,Thương lái thu mua,CTV địa phương,2024-03-20,92000.0
Bưởi da xanh,Hà Nội,Bán lẻ,CTV địa phương,2024-03-19,60000.0
Cà rốt,Hà Nội,Bán lẻ,CTV địa phương,2024-03-19,16000.0
Khoai tây,Hà Nội,Bán lẻ,CTV địa phương,2024-03-19,16000.0
Rau cải mơ,Hà Nội,Bán lẻ,CTV địa phương,2024-03-19,30000.0
Rau cải ngọt,Hà Nội,Bán lẻ,CTV địa phương,2024-03-19,30000.0
Bắp cải,Sơn La,Bán lẻ,CTV địa phương,2024-03-18,10000.0
Bưởi da xanh,Sơn La,Bán lẻ,CTV địa phương,2024-03-18,40000.0
Cà rốt,Sơn La,Bán lẻ,CTV địa phương,2024-03-18,20000.0
Chanh,Sơn La,Bán lẻ,CTV địa phương,2024-03-18,35000.0
Khoai tây,Sơn La,Bán lẻ,CTV địa phương,2024-03-18,20000.0
Mồng tơi,Sơn La,Bán lẻ,CTV địa phương,2024-03-18,20000.0
Mướp đắng,Sơn La,Bán lẻ,CTV địa phương,2024-03-18,30000.0
Mướp hương,Sơn La,Bán lẻ,CTV địa phương,2024-03-18,25000.0
Quả bí đỏ,Sơn La,Bán lẻ,CTV địa phương,2024-03-18,15000.0
Quả bí xanh,Sơn La,Bán lẻ,CTV địa phương,2024-03-18,15000.0
Rau cải,Sơn La,Bán lẻ,CTV địa phương,2024-03-18,20000.0
Su su quả,Sơn La,Bán lẻ,CTV địa phương,2024-03-18,25000.0
Bưởi da xanh,Hà Nội,Bán lẻ,CTV địa phương,2024-03-15,65000.0
Cà rốt,Hà Nội,Bán lẻ,CTV địa phương,2024-03-15,16000.0
Khoai tây,Hà Nội,Bán lẻ,CTV địa phương,2024-03-15,16000.0
Rau cải mơ,Hà Nội,Bán lẻ,CTV địa phương,2024-03-15,30000.0
Rau cải ngọt,Hà Nội,Bán lẻ,CTV địa phương,2024-03-15,25000.0
Bắp cải,Sơn La,Bán lẻ,CTV địa phương,2024-03-14,10000.0
Bưởi da xanh,Sơn La,Bán lẻ,CTV địa phương,2024-03-14,40000.0
Cà rốt,Sơn La,Bán lẻ,CTV địa phương,2024-03-14,20000.0
Chanh,Sơn La,Bán lẻ,CTV địa phương,2024-03-14,35000.0
Khoai tây,Sơn La,Bán lẻ,CTV địa phương,2024-03-14,20000.0
Mồng tơi,Sơn La,Bán lẻ,CTV địa phương,2024-03-14,20000.0
Mướp đắng,Sơn La,Bán lẻ,CTV địa phương,2024-03-14,30000.0
Mướp hương,Sơn La,Bán lẻ,CTV địa phương,2024-03-14,25000.0
Quả bí đỏ,Sơn La,Bán lẻ,CTV địa phương,2024-03-14,15000.0
Quả bí xanh,Sơn La,Bán lẻ,CTV địa phương,2024-03-14,15000.0
Rau cải,Sơn La,Bán lẻ,CTV địa phương,2024-03-14,20000.0
Su su quả,Sơn La,Bán lẻ,CTV địa phương,2024-03-14,25000.0
Bưởi da xanh,Tiền Giang,Thương lái thu mua,CTV địa phương,2024-03-13,28000.0
Bưởi năm roi,Tiền Giang,Thương lái thu mua,CTV địa phương,2024-03-13,19000.0
Chôm chôm Java,Tiền Giang,Thương lái thu mua,CTV địa phương,2024-03-13,22000.0
Chuối sim,Tiền Giang,Thương lái thu mua,CTV địa phương,2024-03-13,11000.0
Đu đủ,Tiền Giang,Thương lái thu mua,CTV địa phương,2024-03-13,11000.0
Sầu Riêng Ri 6 (loại xô),Tiền Giang,Thương lái thu mua,CTV địa phương,2024-03-13,96000.0
Bưởi da xanh,Hà Nội,Bán lẻ,CTV địa phương,2024-03-12,70000.0
Cà rốt,Hà Nội,Bán lẻ,CTV địa phương,2024-03-12,16000.0
Khoai tây,Hà Nội,Bán lẻ,CTV địa phương,2024-03-12,16000.0
Rau cải mơ,Hà Nội,Bán lẻ,CTV địa phương,2024-03-12,30000.0
Rau cải ngọt,Hà Nội,Bán lẻ,CTV địa phương,2024-03-12,30000.0
Bắp cải,Sơn La,Bán lẻ,CTV địa phương,2024-03-11,12000.0
Bưởi da xanh,Sơn La,Bán lẻ,CTV địa phương,2024-03-11,40000.0
Cà rốt,Sơn La,Bán lẻ,CTV địa phương,2024-03-11,15000.0
Chanh,Sơn La,Bán lẻ,CTV địa phương,2024-03-11,35000.0
Khoai tây,Sơn La,Bán lẻ,CTV địa phương,2024-03-11,20000.0
Mồng tơi,Sơn La,Bán lẻ,CTV địa phương,2024-03-11,25000.0
Mướp đắng,Sơn La,Bán lẻ,CTV địa phương,2024-03-11,30000.0
Mướp hương,Sơn La,Bán lẻ,CTV địa phương,2024-03-11,25000.0
Quả bí đỏ,Sơn La,Bán lẻ,CTV địa phương,2024-03-11,15000.0
Quả bí xanh,Sơn La,Bán lẻ,CTV địa phương,2024-03-11,15000.0
Rau cải,Sơn La,Bán lẻ,CTV địa phương,2024-03-11,20000.0
Su su quả,Sơn La,Bán lẻ,CTV địa phương,2024-03-11,25000.0
Bưởi da xanh,Hà Nội,Bán lẻ,CTV địa phương,2024-03-08,65000.0
Cà rốt,Hà Nội,Bán lẻ,CTV địa phương,2024-03-08,16000.0
Khoai tây,Hà Nội,Bán lẻ,CTV địa phương,2024-03-08,16000.0
Rau cải mơ,Hà Nội,Bán lẻ,CTV địa phương,2024-03-08,25000.0
Rau cải ngọt,Hà Nội,Bán lẻ,CTV địa phương,2024-03-08,30000.0
Bắp cải,Sơn La,Bán lẻ,CTV địa phương,2024-03-07,15000.0
Bưởi da xanh,Sơn La,Bán lẻ,CTV địa phương,2024-03-07,40000.0
Cà rốt,Sơn La,Bán lẻ,CTV địa phương,2024-03-07,20000.0
Chanh,Sơn La,Bán lẻ,CTV địa phương,2024-03-07,35000.0
Khoai tây,Sơn La,Bán lẻ,CTV địa phương,2024-03-07,20000.0
Mồng tơi,Sơn La,Bán lẻ,CTV địa phương,2024-03-07,25000.0
Mướp đắng,Sơn La,Bán lẻ,CTV địa phương,2024-03-07,30000.0
Mướp hương,Sơn La,Bán lẻ,CTV địa phương,2024-03-07,25000.0
Quả bí đỏ,Sơn La,Bán lẻ,CTV địa phương,2024-03-07,15000.0
Quả bí xanh,Sơn La,Bán lẻ,CTV địa phương,2024-03-07,15000.0
Rau cải,Sơn La,Bán lẻ,CTV địa phương,2024-03-07,20000.0
Su su quả,Sơn La,Bán lẻ,CTV địa phương,2024-03-07,25000.0
Bưởi da xanh,Tiền Giang,Thương lái thu mua,CTV địa phương,2024-03-06,27000.0
Bưởi năm roi,Tiền Giang,Thương lái thu mua,CTV địa phương,2024-03-06,19000.0
Chôm chôm Java,Tiền Giang,Thương lái thu mua,CTV địa phương,2024-03-06,20000.0
Chuối sim,Tiền Giang,Thương lái thu mua,CTV địa phương,2024-03-06,11000.0
Đu đủ,Tiền Giang,Thương lái thu mua,CTV địa phương,2024-03-06,11000.0
Sầu Riêng Ri 6 (loại xô),Tiền Giang,Thương lái thu mua,CTV địa phương,2024-03-06,96000.0
Bưởi da xanh,Hà Nội,Bán lẻ,CTV địa phương,2024-03-05,70000.0
Cà rốt,Hà Nội,Bán lẻ,CTV địa phương,2024-03-05,16000.0
Khoai tây,Hà Nội,Bán lẻ,CTV địa phương,2024-03-05,16000.0
Rau cải mơ,Hà Nội,Bán lẻ,CTV địa phương,2024-03-05,30000.0
Rau cải ngọt,Hà Nội,Bán lẻ,CTV địa phương,2024-03-05,30000.0
Bắp cải,Sơn La,Bán lẻ,CTV địa phương,2024-03-04,15000.0
Bưởi da xanh,Sơn La,Bán lẻ,CTV địa phương,2024-03-04,40000.0
Cà rốt,Sơn La,Bán lẻ,CTV địa phương,2024-03-04,20000.0
Chanh,Sơn La,Bán lẻ,CTV địa phương,2024-03-04,35000.0
Khoai tây,Sơn La,Bán lẻ,CTV địa phương,2024-03-04,20000.0
Mướp đắng,Sơn La,Bán lẻ,CTV địa phương,2024-03-04,30000.0
Mướp hương,Sơn La,Bán lẻ,CTV địa phương,2024-03-04,25000.0
Quả bí đỏ,Sơn La,Bán lẻ,CTV địa phương,2024-03-04,15000.0
Su su quả,Sơn La,Bán lẻ,CTV địa phương,2024-03-04,25000.0
Bưởi da xanh,Hà Nội,Bán lẻ,CTV địa phương,2024-03-01,65000.0
Cà rốt,Hà Nội,Bán lẻ,CTV địa phương,2024-03-01,16000.0
Khoai tây,Hà Nội,Bán lẻ,CTV địa phương,2024-03-01,16000.0
Rau cải mơ,Hà Nội,Bán lẻ,CTV địa phương,2024-03-01,25000.0
Rau cải ngọt,Hà Nội,Bán lẻ,CTV địa phương,2024-03-01,30000.0
Bắp cải,Sơn La,Bán lẻ,CTV địa phương,2024-02-29,10000.0
Bưởi da xanh,Sơn La,Bán lẻ,CTV địa phương,2024-02-29,40000.0
Cà rốt,Sơn La,Bán lẻ,CTV địa phương,2024-02-29,20000.0
Chanh,Sơn La,Bán lẻ,CTV địa phương,2024-02-29,35000.0
Khoai tây,Sơn La,Bán lẻ,CTV địa phương,2024-02-29,20000.0
Mồng tơi,Sơn La,Bán lẻ,CTV địa phương,2024-02-29,25000.0
Mướp đắng,Sơn La,Bán lẻ,CTV địa phương,2024-02-29,30000.0
Mướp hương,Sơn La,Bán lẻ,CTV địa phương,2024-02-29,25000.0
Quả bí đỏ,Sơn La,Bán lẻ,CTV địa phương,2024-02-29,15000.0
Quả bí xanh,Sơn La,Bán lẻ,CTV địa phương,2024-02-29,15000.0
Rau cải,Sơn La,Bán lẻ,CTV địa phương,2024-02-29,20000.0
Su su quả,Sơn La,Bán lẻ,CTV địa phương,2024-02-29,25000.0
Bưởi da xanh,Tiền Giang,Thương lái thu mua,CTV địa phương,2024-02-28,28000.0
Bưởi năm roi,Tiền Giang,Thương lái thu mua,CTV địa phương,2024-02-28,19000.0
Chôm chôm Java,Tiền Giang,Thương lái thu mua,CTV địa phương,2024-02-28,21000.0
Chuối sim,Tiền Giang,Thương lái thu mua,CTV địa phương,2024-02-28,11000.0
Đu đủ,Tiền Giang,Thương lái thu mua,CTV địa phương,2024-02-28,10000.0
Sầu Riêng Ri 6 (loại xô),Tiền Giang,Thương lái thu mua,CTV địa phương,2024-02-28,96000.0
Bưởi da xanh,Hà Nội,Bán lẻ,CTV địa phương,2024-02-27,65000.0
Cà rốt,Hà Nội,Bán lẻ,CTV địa phương,2024-02-27,16000.0
Khoai tây,Hà Nội,Bán lẻ,CTV địa phương,2024-02-27,16000.0
Rau cải mơ,Hà Nội,Bán lẻ,CTV địa phương,2024-02-27,25000.0
Rau cải ngọt,Hà Nội,Bán lẻ,CTV địa phương,2024-02-27,30000.0
Bắp cải,Sơn La,Bán lẻ,CTV địa phương,2024-02-26,10000.0
Bưởi da xanh,Sơn La,Bán lẻ,CTV địa phương,2024-02-26,40000.0
Cà rốt,Sơn La,Bán lẻ,CTV địa phương,2024-02-26,20000.0
Chanh,Sơn La,Bán lẻ,CTV địa phương,2024-02-26,35000.0
Khoai tây,Sơn La,Bán lẻ,CTV địa phương,2024-02-26,20000.0
Mồng tơi,Sơn La,Bán lẻ,CTV địa phương,2024-02-26,25000.0
Mướp đắng,Sơn La,Bán lẻ,CTV địa phương,2024-02-26,30000.0
Mướp hương,Sơn La,Bán lẻ,CTV địa phương,2024-02-26,25000.0
Quả bí đỏ,Sơn La,Bán lẻ,CTV địa phương,2024-02-26,15000.0
Quả bí xanh,Sơn La,Bán lẻ,CTV địa phương,2024-02-26,15000.0
Rau cải,Sơn La,Bán lẻ,CTV địa phương,2024-02-26,20000.0
Su su quả,Sơn La,Bán lẻ,CTV địa phương,2024-02-26,25000.0
Bưởi da xanh,Hà Nội,Bán lẻ,CTV địa phương,2024-02-23,60000.0
Cà rốt,Hà Nội,Bán lẻ,CTV địa phương,2024-02-23,17000.0
Khoai tây,Hà Nội,Bán lẻ,CTV địa phương,2024-02-23,16000.0
Rau cải mơ,Hà Nội,Bán lẻ,CTV địa phương,2024-02-23,28000.0
Rau cải ngọt,Hà Nội,Bán lẻ,CTV địa phương,2024-02-23,30000.0
Bắp cải,Sơn La,Bán lẻ,CTV địa phương,2024-02-22,15000.0
Bưởi da xanh,Sơn La,Bán lẻ,CTV địa phương,2024-02-22,40000.0
Cà rốt,Sơn La,Bán lẻ,CTV địa phương,2024-02-22,20000.0
Chanh,Sơn La,Bán lẻ,CTV địa phương,2024-02-22,35000.0
Khoai tây,Sơn La,Bán lẻ,CTV địa phương,2024-02-22,20000.0
Mồng tơi,Sơn La,Bán lẻ,CTV địa phương,2024-02-22,25000.0
Mướp đắng,Sơn La,Bán lẻ,CTV địa phương,2024-02-22,30000.0
Quả bí đỏ,Sơn La,Bán lẻ,CTV địa phương,2024-02-22,15000.0
Quả bí xanh,Sơn La,Bán lẻ,CTV địa phương,2024-02-22,15000.0
Rau cải,Sơn La,Bán lẻ,CTV địa phương,2024-02-22,15000.0
Su su quả,Sơn La,Bán lẻ,CTV địa phương,2024-02-22,25000.0
Bưởi da xanh,Tiền Giang,Thương lái thu mua,CTV địa phương,2024-02-21,25000.0
Bưởi năm roi,Tiền Giang,Thương lái thu mua,CTV địa phương,2024-02-21,18000.0
Chôm chôm Java,Tiền Giang,Thương lái thu mua,CTV địa phương,2024-02-21,23000.0
Chuối sim,Tiền Giang,Thương lái thu mua,CTV địa phương,2024-02-21,10000.0
Đu đủ,Tiền Giang,Thương lái thu mua,CTV địa phương,2024-02-21,10000.0
Sầu Riêng Ri 6 (loại xô),Tiền Giang,Thương lái thu mua,CTV địa phương,2024-02-21,94000.0
Bưởi da xanh,Hà Nội,Bán lẻ,CTV địa phương,2024-02-20,60000.0
Cà rốt,Hà Nội,Bán lẻ,CTV địa phương,2024-02-20,17000.0
Khoai tây,Hà Nội,Bán lẻ,CTV địa phương,2024-02-20,16000.0
Rau cải mơ,Hà Nội,Bán lẻ,CTV địa phương,2024-02-20,30000.0
Rau cải ngọt,Hà Nội,Bán lẻ,CTV địa phương,2024-02-20,30000.0
Bắp cải,Sơn La,Bán lẻ,CTV địa phương,2024-02-19,15000.0
Bưởi da xanh,Sơn La,Bán lẻ,CTV địa phương,2024-02-19,40000.0
Cà rốt,Sơn La,Bán lẻ,CTV địa phương,2024-02-19,20000.0
Chanh,Sơn La,Bán lẻ,CTV địa phương,2024-02-19,35000.0
Khoai tây,Sơn La,Bán lẻ,CTV địa phương,2024-02-19,20000.0
Mồng tơi,Sơn La,Bán lẻ,CTV địa phương,2024-02-19,25000.0
Mướp đắng,Sơn La,Bán lẻ,CTV địa phương,2024-02-19,30000.0
Quả bí đỏ,Sơn La,Bán lẻ,CTV địa phương,2024-02-19,15000.0
Quả bí xanh,Sơn La,Bán lẻ,CTV địa phương,2024-02-19,15000.0
Rau cải,Sơn La,Bán lẻ,CTV địa phương,2024-02-19,15000.0
Su su quả,Sơn La,Bán lẻ,CTV địa phương,2024-02-19,25000.0
Bưởi da xanh,Hà Nội,Bán lẻ,CTV địa phương,2024-02-02,65000.0
Cà rốt,Hà Nội,Bán lẻ,CTV địa phương,2024-02-02,17000.0
Khoai tây,Hà Nội,Bán lẻ,CTV địa phương,2024-02-02,18000.0
Rau cải mơ,Hà Nội,Bán lẻ,CTV địa phương,2024-02-02,35000.0
Rau cải ngọt,Hà Nội,Bán lẻ,CTV địa phương,2024-02-02,35000.0
Bắp cải,Sơn La,Bán lẻ,CTV địa phương,2024-02-01,12000.0
Bưởi da xanh,Sơn La,Bán lẻ,CTV địa phương,2024-02-01,40000.0
Cà rốt,Sơn La,Bán lẻ,CTV địa phương,2024-02-01,20000.0
Khoai tây,Sơn La,Bán lẻ,CTV địa phương,2024-02-01,20000.0
Mồng tơi,Sơn La,Bán lẻ,CTV địa phương,2024-02-01,30000.0
Mướp đắng,Sơn La,Bán lẻ,CTV địa phương,2024-02-01,30000.0
Quả bí đỏ,Sơn La,Bán lẻ,CTV địa phương,2024-02-01,15000.0
Quả bí xanh,Sơn La,Bán lẻ,CTV địa phương,2024-02-01,15000.0
Rau cải,Sơn La,Bán lẻ,CTV địa phương,2024-02-01,25000.0
Su su quả,Sơn La,Bán lẻ,CTV địa phương,2024-02-01,25000.0
Bưởi da xanh,Hà Nội,Bán lẻ,CTV địa phương,2024-01-30,60000.0
Cà rốt,Hà Nội,Bán lẻ,CTV địa phương,2024-01-30,17000.0
Khoai tây,Hà Nội,Bán lẻ,CTV địa phương,2024-01-30,18000.0
Rau cải mơ,Hà Nội,Bán lẻ,CTV địa phương,2024-01-30,35000.0
Rau cải ngọt,Hà Nội,Bán lẻ,CTV địa phương,2024-01-30,35000.0
Bắp cải,Sơn La,Bán lẻ,CTV địa phương,2024-01-29,12000.0
Bưởi da xanh,Sơn La,Bán lẻ,CTV địa phương,2024-01-29,40000.0
Cà rốt,Sơn La,Bán lẻ,CTV địa phương,2024-01-29,20000.0
Khoai tây,Sơn La,Bán lẻ,CTV địa phương,2024-01-29,20000.0
Mồng tơi,Sơn La,Bán lẻ,CTV địa phương,2024-01-29,25000.0
Mướp đắng,Sơn La,Bán lẻ,CTV địa phương,2024-01-29,30000.0
Quả bí đỏ,Sơn La,Bán lẻ,CTV địa phương,2024-01-29,15000.0
Quả bí xanh,Sơn La,Bán lẻ,CTV địa phương,2024-01-29,15000.0
Rau cải,Sơn La,Bán lẻ,CTV địa phương,2024-01-29,25000.0
Su su quả,Sơn La,Bán lẻ,CTV địa phương,2024-01-29,25000.0
Bắp cải,Hà Nội,Bán lẻ,CTV địa phương,2024-01-26,14000.0
Bưởi da xanh,Hà Nội,Bán lẻ,CTV địa phương,2024-01-26,60000.0
Cà rốt,Hà Nội,Bán lẻ,CTV địa phương,2024-01-26,17000.0
Khoai tây,Hà Nội,Bán lẻ,CTV địa phương,2024-01-26,15000.0
Rau cải mơ,Hà Nội,Bán lẻ,CTV địa phương,2024-01-26,25000.0
Rau cải ngọt,Hà Nội,Bán lẻ,CTV địa phương,2024-01-26,25000.0
Bắp cải,Sơn La,Bán lẻ,CTV địa phương,2024-01-25,12000.0
Bưởi da xanh,Sơn La,Bán lẻ,CTV địa phương,2024-01-25,40000.0
Cà rốt,Sơn La,Bán lẻ,CTV địa phương,2024-01-25,20000.0
Khoai tây,Sơn La,Bán lẻ,CTV địa phương,2024-01-25,20000.0
Mồng tơi,Sơn La,Bán lẻ,CTV địa phương,2024-01-25,25000.0
Mướp đắng,Sơn La,Bán lẻ,CTV địa phương,2024-01-25,30000.0
Mướp hương,Sơn La,Bán lẻ,CTV địa phương,2024-01-25,20000.0
Quả bí đỏ,Sơn La,Bán lẻ,CTV địa phương,2024-01-25,15000.0
Quả bí xanh,Sơn La,Bán lẻ,CTV địa phương,2024-01-25,15000.0
Rau cải,Sơn La,Bán lẻ,CTV địa phương,2024-01-25,25000.0
Su su quả,Sơn La,Bán lẻ,CTV địa phương,2024-01-25,25000.0
Bưởi da xanh,Tiền Giang,Thương lái thu mua,CTV địa phương,2024-01-24,27000.0
Bưởi năm roi,Tiền Giang,Thương lái thu mua,CTV địa phương,2024-01-24,18500.0
Chôm chôm Java,Tiền Giang,Thương lái thu mua,CTV địa phương,2024-01-24,24000.0
Chuối sim,Tiền Giang,Thương lái thu mua,CTV địa phương,2024-01-24,9000.0
Đu đủ,Tiền Giang,Thương lái thu mua,CTV địa phương,2024-01-24,9000.0
Sầu Riêng Ri 6 (loại xô),Tiền Giang,Thương lái thu mua,CTV địa phương,2024-01-24,82000.0
Bắp cải,Hà Nội,Bán lẻ,CTV địa phương,2023-12-26,10000.0
Bưởi da xanh,Hà Nội,Bán lẻ,CTV địa phương,2023-12-26,60000.0
Cà rốt,Hà Nội,Bán lẻ,CTV địa phương,2023-12-26,17000.0
Khoai tây,Hà Nội,Bán lẻ,CTV địa phương,2023-12-26,17000.0
Rau cải mơ,Hà Nội,Bán lẻ,CTV địa phương,2023-12-26,25000.0
Rau cải ngọt,Hà Nội,Bán lẻ,CTV địa phương,2023-12-26,30000.0
Bắp cải,Sơn La,Bán lẻ,CTV địa phương,2023-12-25,15000.0
Bưởi da xanh,Sơn La,Bán lẻ,CTV địa phương,2023-12-25,40000.0
Cà rốt,Sơn La,Bán lẻ,CTV địa phương,2023-12-25,20000.0
Khoai tây,Sơn La,Bán lẻ,CTV địa phương,2023-12-25,20000.0
Mướp đắng,Sơn La,Bán lẻ,CTV địa phương,2023-12-25,30000.0
Mướp hương,Sơn La,Bán lẻ,CTV địa phương,2023-12-25,18000.0
Quả bí đỏ,Sơn La,Bán lẻ,CTV địa phương,2023-12-25,16000.0
Quả bí xanh,Sơn La,Bán lẻ,CTV địa phương,2023-12-25,15000.0
Rau cải,Sơn La,Bán lẻ,CTV địa phương,2023-12-25,15000.0
Su su quả,Sơn La,Bán lẻ,CTV địa phương,2023-12-25,20000.0
Bưởi da xanh,Tiền Giang,Thương lái thu mua,CTV địa phương,2023-12-20,28000.0
Bưởi năm roi,Tiền Giang,Thương lái thu mua,CTV địa phương,2023-12-20,15000.0
Chôm chôm Java,Tiền Giang,Thương lái thu mua,CTV địa phương,2023-12-20,20000.0
Chuối sim,Tiền Giang,Thương lái thu mua,CTV địa phương,2023-12-20,10000.0
Đu đủ,Tiền Giang,Thương lái thu mua,CTV địa phương,2023-12-20,11000.0
Sầu Riêng Ri 6 (loại xô),Tiền Giang,Thương lái thu mua,CTV địa phương,2023-12-20,90000.0
Bưởi da xanh,Hà Nội,Bán lẻ,CTV địa phương,2023-12-19,60000.0
Cà rốt,Hà Nội,Bán lẻ,CTV địa phương,2023-12-19,16000.0
Khoai tây,Hà Nội,Bán lẻ,CTV địa phương,2023-12-19,16000.0
Rau cải mơ,Hà Nội,Bán lẻ,CTV địa phương,2023-12-19,30000.0
Rau cải ngọt,Hà Nội,Bán lẻ,CTV địa phương,2023-12-19,30000.0
Bắp cải,Sơn La,Bán lẻ,CTV địa phương,2023-12-18,15000.0
Bưởi da xanh,Sơn La,Bán lẻ,CTV địa phương,2023-12-18,40000.0
Cà rốt,Sơn La,Bán lẻ,CTV địa phương,2023-12-18,20000.0
Dưa chuột/dưa chuội,Sơn La,Bán lẻ,CTV địa phương,2023-12-18,15000.0
Khoai tây,Sơn La,Bán lẻ,CTV địa phương,2023-12-18,20000.0
Mướp đắng,Sơn La,Bán lẻ,CTV địa phương,2023-12-18,30000.0
Mướp hương,Sơn La,Bán lẻ,CTV địa phương,2023-12-18,18000.0
Quả bí đỏ,Sơn La,Bán lẻ,CTV địa phương,2023-12-18,15000.0
Quả bí xanh,Sơn La,Bán lẻ,CTV địa phương,2023-12-18,15000.0
Rau cải,Sơn La,Bán lẻ,CTV địa phương,2023-12-18,15000.0
Su su quả,Sơn La,Bán lẻ,CTV địa phương,2023-12-18,20000.0
Bưởi da xanh,Hà Nội,Bán lẻ,CTV địa phương,2023-12-15,60000.0
Cà rốt,Hà Nội,Bán lẻ,CTV địa phương,2023-12-15,16000.0
Khoai tây,Hà Nội,Bán lẻ,CTV địa phương,2023-12-15,17000.0
Rau cải mơ,Hà Nội,Bán lẻ,CTV địa phương,2023-12-15,30000.0
Rau cải ngọt,Hà Nội,Bán lẻ,CTV địa phương,2023-12-15,25000.0
Bắp cải,Sơn La,Bán lẻ,CTV địa phương,2023-12-14,15000.0
Bưởi da xanh,Sơn La,Bán lẻ,CTV địa phương,2023-12-14,40000.0
Cà rốt,Sơn La,Bán lẻ,CTV địa phương,2023-12-14,20000.0
Dưa chuột/dưa chuội,Sơn La,Bán lẻ,CTV địa phương,2023-12-14,15000.0
Khoai tây,Sơn La,Bán lẻ,CTV địa phương,2023-12-14,20000.0
Mướp đắng,Sơn La,Bán lẻ,CTV địa phương,2023-12-14,30000.0
Mướp hương,Sơn La,Bán lẻ,CTV địa phương,2023-12-14,18000.0
Quả bí đỏ,Sơn La,Bán lẻ,CTV địa phương,2023-12-14,15000.0
Quả bí xanh,Sơn La,Bán lẻ,CTV địa phương,2023-12-14,15000.0
Rau cải,Sơn La,Bán lẻ,CTV địa phương,2023-12-14,15000.0
Su su quả,Sơn La,Bán lẻ,CTV địa phương,2023-12-14,20000.0
Bưởi da xanh,Tiền Giang,Thương lái thu mua,CTV địa phương,2023-12-13,25000.0
Bưởi năm roi,Tiền Giang,Thương lái thu mua,CTV địa phương,2023-12-13,16000.0
Chôm chôm Java,Tiền Giang,Thương lái thu mua,CTV địa phương,2023-12-13,20000.0
Chuối sim,Tiền Giang,Thương lái thu mua,CTV địa phương,2023-12-13,10000.0
Đu đủ,Tiền Giang,Thương lái thu mua,CTV địa phương,2023-12-13,10000.0
Dưa chuột/dưa chuội,Tiền Giang,Thương lái thu mua,CTV địa phương,2023-12-13,9000.0
Sầu Riêng Ri 6 (loại xô),Tiền Giang,Thương lái thu mua,CTV địa phương,2023-12-13,86000.0
Bắp cải,Hà Nội,Bán lẻ,CTV địa phương,2023-12-12,10000.0
Bưởi da xanh,Hà Nội,Bán lẻ,CTV địa phương,2023-12-12,60000.0
Cà rốt,Hà Nội,Bán lẻ,CTV địa phương,2023-12-12,17000.0
Dưa chuột/dưa chuội,Hà Nội,Bán lẻ,CTV địa phương,2023-12-12,25000.0
Khoai tây,Hà Nội,Bán lẻ,CTV địa phương,2023-12-12,18000.0
Rau cải mơ,Hà Nội,Bán lẻ,CTV địa phương,2023-12-12,25000.0
Rau cải ngọt,Hà Nội,Bán lẻ,CTV địa phương,2023-12-12,30000.0
Bắp cải,Sơn La,Bán lẻ,CTV địa phương,2023-12-11,15000.0
Bưởi da xanh,Sơn La,Bán lẻ,CTV địa phương,2023-12-11,40000.0
Cà rốt,Sơn La,Bán lẻ,CTV địa phương,2023-12-11,20000.0
Dưa chuột/dưa chuội,Sơn La,Bán lẻ,CTV địa phương,2023-12-11,15000.0
Khoai tây,Sơn La,Bán lẻ,CTV địa phương,2023-12-11,20000.0
Mướp đắng,Sơn La,Bán lẻ,CTV địa phương,2023-12-11,30000.0
Mướp hương,Sơn La,Bán lẻ,CTV địa phương,2023-12-11,18000.0
Quả bí đỏ,Sơn La,Bán lẻ,CTV địa phương,2023-12-11,15000.0
Quả bí xanh,Sơn La,Bán lẻ,CTV địa phương,2023-12-11,15000.0
Rau cải,Sơn La,Bán lẻ,CTV địa phương,2023-12-11,15000.0
Su su quả,Sơn La,Bán lẻ,CTV địa phương,2023-12-11,20000.0
Bắp cải,Hà Nội,Bán lẻ,CTV địa phương,2023-12-08,10000.0
Bưởi da xanh,Hà Nội,Bán lẻ,CTV địa phương,2023-12-08,60000.0
Cà rốt,Hà Nội,Bán lẻ,CTV địa phương,2023-12-08,17000.0
Dưa chuột/dưa chuội,Hà Nội,Bán lẻ,CTV địa phương,2023-12-08,25000.0
Khoai tây,Hà Nội,Bán lẻ,CTV địa phương,2023-12-08,17000.0
Rau cải mơ,Hà Nội,Bán lẻ,CTV địa phương,2023-12-08,25000.0
Rau cải ngọt,Hà Nội,Bán lẻ,CTV địa phương,2023-12-08,30000.0
Bắp cải,Sơn La,Bán lẻ,CTV địa phương,2023-12-07,15000.0
Bưởi da xanh,Sơn La,Bán lẻ,CTV địa phương,2023-12-07,40000.0
Cà rốt,Sơn La,Bán lẻ,CTV địa phương,2023-12-07,20000.0
Dưa chuột/dưa chuội,Sơn La,Bán lẻ,CTV địa phương,2023-12-07,15000.0
Khoai tây,Sơn La,Bán lẻ,CTV địa phương,2023-12-07,20000.0
Mướp đắng,Sơn La,Bán lẻ,CTV địa phương,2023-12-07,30000.0
Mướp hương,Sơn La,Bán lẻ,CTV địa phương,2023-12-07,18000.0
Quả bí đỏ,Sơn La,Bán lẻ,CTV địa phương,2023-12-07,15000.0
Quả bí xanh,Sơn La,Bán lẻ,CTV địa phương,2023-12-07,14000.0
Rau cải,Sơn La,Bán lẻ,CTV địa phương,2023-12-07,16000.0
Su su quả,Sơn La,Bán lẻ,CTV địa phương,2023-12-07,20000.0
Bưởi da xanh,Tiền Giang,Thương lái thu mua,CTV địa phương,2023-12-06,24000.0
Bưởi năm roi,Tiền Giang,Thương lái thu mua,CTV địa phương,2023-12-06,15000.0
Chôm chôm Java,Tiền Giang,Thương lái thu mua,CTV địa phương,2023-12-06,22000.0
Chuối sim,Tiền Giang,Thương lái thu mua,CTV địa phương,2023-12-06,10000.0
Đu đủ,Tiền Giang,Thương lái thu mua,CTV địa phương,2023-12-06,10000.0
Dưa chuột/dưa chuội,Tiền Giang,Thương lái thu mua,CTV địa phương,2023-12-06,9000.0
Sầu Riêng Ri 6 (loại xô),Tiền Giang,Thương lái thu mua,CTV địa phương,2023-12-06,84000.0
Bưởi da xanh,Hà Nội,Bán lẻ,CTV địa phương,2023-12-04,55000.0
Cà rốt,Hà Nội,Bán lẻ,CTV địa phương,2023-12-04,17000.0
Dưa chuột/dưa chuội,Hà Nội,Bán lẻ,CTV địa phương,2023-12-04,25000.0
Khoai tây,Hà Nội,Bán lẻ,CTV địa phương,2023-12-04,17000.0
Rau cải mơ,Hà Nội,Bán lẻ,CTV địa phương,2023-12-04,25000.0
Rau cải ngọt,Hà Nội,Bán lẻ,CTV địa phương,2023-12-04,30000.0
Bắp cải,Sơn La,Bán lẻ,CTV địa phương,2023-12-04,15000.0
Bưởi da xanh,Sơn La,Bán lẻ,CTV địa phương,2023-12-04,40000.0
Cà rốt,Sơn La,Bán lẻ,CTV địa phương,2023-12-04,20000.0
Dưa chuột/dưa chuội,Sơn La,Bán lẻ,CTV địa phương,2023-12-04,15000.0
Khoai tây,Sơn La,Bán lẻ,CTV địa phương,2023-12-04,20000.0
Mướp đắng,Sơn La,Bán lẻ,CTV địa phương,2023-12-04,30000.0
Mướp hương,Sơn La,Bán lẻ,CTV địa phương,2023-12-04,18000.0
Quả bí đỏ,Sơn La,Bán lẻ,CTV địa phương,2023-12-04,15000.0
Quả bí xanh,Sơn La,Bán lẻ,CTV địa phương,2023-12-04,15000.0
Rau cải,Sơn La,Bán lẻ,CTV địa phương,2023-12-04,15000.0
Su su quả,Sơn La,Bán lẻ,CTV địa phương,2023-12-04,20000.0
Bưởi da xanh,Hà Nội,Bán lẻ,CTV địa phương,2023-12-01,60000.0
Cà rốt,Hà Nội,Bán lẻ,CTV địa phương,2023-12-01,16000.0
Dưa chuột/dưa chuội,Hà Nội,Bán lẻ,CTV địa phương,2023-12-01,25000.0
Khoai tây,Hà Nội,Bán lẻ,CTV địa phương,2023-12-01,17000.0
Rau cải mơ,Hà Nội,Bán lẻ,CTV địa phương,2023-12-01,25000.0
Rau cải ngọt,Hà Nội,Bán lẻ,CTV địa phương,2023-12-01,25000.0
Bắp cải,Sơn La,Bán lẻ,CTV địa phương,2023-11-30,12000.0
Bưởi da xanh,Sơn La,Bán lẻ,CTV địa phương,2023-11-30,40000.0
Cà rốt,Sơn La,Bán lẻ,CTV địa phương,2023-11-30,19000.0
Chanh,Sơn La,Bán lẻ,CTV địa phương,2023-11-30,45000.0
Dưa chuột/dưa chuội,Sơn La,Bán lẻ,CTV địa phương,2023-11-30,15000.0
Khoai tây,Sơn La,Bán lẻ,CTV địa phương,2023-11-30,20000.0
Mướp đắng,Sơn La,Bán lẻ,CTV địa phương,2023-11-30,30000.0
Mướp hương,Sơn La,Bán lẻ,CTV địa phương,2023-11-30,17000.0
Quả bí đỏ,Sơn La,Bán lẻ,CTV địa phương,2023-11-30,15000.0
Quả bí xanh,Sơn La,Bán lẻ,CTV địa phương,2023-11-30,16000.0
Rau cải,Sơn La,Bán lẻ,CTV địa phương,2023-11-30,15000.0
Su su quả,Sơn La,Bán lẻ,CTV địa phương,2023-11-30,15000.0
Bắp cải,Sơn La,Bán lẻ,CTV địa phương,2023-11-27,12000.0
Bưởi da xanh,Sơn La,Bán lẻ,CTV địa phương,2023-11-27,40000.0
Cà rốt,Sơn La,Bán lẻ,CTV địa phương,2023-11-27,20000.0
Dưa chuột/dưa chuội,Sơn La,Bán lẻ,CTV địa phương,2023-11-27,15000.0
Khoai tây,Sơn La,Bán lẻ,CTV địa phương,2023-11-27,20000.0
Mướp đắng,Sơn La,Bán lẻ,CTV địa phương,2023-11-27,30000.0
Mướp hương,Sơn La,Bán lẻ,CTV địa phương,2023-11-27,18000.0
Quả bí đỏ,Sơn La,Bán lẻ,CTV địa phương,2023-11-27,15000.0
Quả bí xanh,Sơn La,Bán lẻ,CTV địa phương,2023-11-27,15000.0
Rau cải,Sơn La,Bán lẻ,CTV địa phương,2023-11-27,15000.0
Su su quả,Sơn La,Bán lẻ,CTV địa phương,2023-11-27,15000.0
Bưởi da xanh,Tiền Giang,Thương lái thu mua,CTV địa phương,2023-11-27,25000.0
Bưởi năm roi,Tiền Giang,Thương lái thu mua,CTV địa phương,2023-11-27,15000.0
Chôm chôm Java,Tiền Giang,Thương lái thu mua,CTV địa phương,2023-11-27,20000.0
Chuối sim,Tiền Giang,Thương lái thu mua,CTV địa phương,2023-11-27,10000.0
Đu đủ,Tiền Giang,Thương lái thu mua,CTV địa phương,2023-11-27,10000.0
Dưa chuột/dưa chuội,Tiền Giang,Thương lái thu mua,CTV địa phương,2023-11-27,9000.0
Sầu Riêng Ri 6 (loại xô),Tiền Giang,Thương lái thu mua,CTV địa phương,2023-11-27,80000.0
Bắp cải,Sơn La,Bán lẻ,CTV địa phương,2023-11-23,10000.0
Bưởi da xanh,Sơn La,Bán lẻ,CTV địa phương,2023-11-23,40000.0
Cà rốt,Sơn La,Bán lẻ,CTV địa phương,2023-11-23,20000.0
Chanh,Sơn La,Bán lẻ,CTV địa phương,2023-11-23,47000.0
Dưa chuột/dưa chuội,Sơn La,Bán lẻ,CTV địa phương,2023-11-23,15000.0
Khoai tây,Sơn La,Bán lẻ,CTV địa phương,2023-11-23,18000.0
Mướp đắng,Sơn La,Bán lẻ,CTV địa phương,2023-11-23,30000.0
Mướp hương,Sơn La,Bán lẻ,CTV địa phương,2023-11-23,15000.0
Quả bí đỏ,Sơn La,Bán lẻ,CTV địa phương,2023-11-23,17000.0
Quả bí xanh,Sơn La,Bán lẻ,CTV địa phương,2023-11-23,16000.0
Rau cải,Sơn La,Bán lẻ,CTV địa phương,2023-11-23,13000.0
Su su quả,Sơn La,Bán lẻ,CTV địa phương,2023-11-23,15000.0
Bưởi da xanh,Tiền Giang,Thương lái thu mua,CTV địa phương,2023-11-22,29000.0
Bưởi năm roi,Tiền Giang,Thương lái thu mua,CTV địa phương,2023-11-22,18000.0
Chôm chôm Java,Tiền Giang,Thương lái thu mua,CTV địa phương,2023-11-22,21000.0
Chuối sim,Tiền Giang,Thương lái thu mua,CTV địa phương,2023-11-22,9500.0
Đu đủ,Tiền Giang,Thương lái thu mua,CTV địa phương,2023-11-22,10000.0
Dưa chuột/dưa chuội,Tiền Giang,Thương lái thu mua,CTV địa phương,2023-11-22,9000.0
Sầu Riêng Ri 6 (loại xô),Tiền Giang,Thương lái thu mua,CTV địa phương,2023-11-22,82000.0
Bưởi da xanh,Hà Nội,Bán lẻ,CTV địa phương,2023-11-17,60000.0
Cà rốt,Hà Nội,Bán lẻ,CTV địa phương,2023-11-17,17000.0
Dưa chuột/dưa chuội,Hà Nội,Bán lẻ,CTV địa phương,2023-11-17,25000.0
Khoai tây,Hà Nội,Bán lẻ,CTV địa phương,2023-11-17,18000.0
Rau cải mơ,Hà Nội,Bán lẻ,CTV địa phương,2023-11-17,25000.0
Rau cải ngọt,Hà Nội,Bán lẻ,CTV địa phương,2023-11-17,25000.0
Bắp cải,Sơn La,Bán lẻ,CTV địa phương,2023-11-16,10000.0
Bưởi da xanh,Sơn La,Bán lẻ,CTV địa phương,2023-11-16,40000.0
Cà rốt,Sơn La,Bán lẻ,CTV địa phương,2023-11-16,20000.0
Chanh,Sơn La,Bán lẻ,CTV địa phương,2023-11-16,47000.0
Dưa chuột/dưa chuội,Sơn La,Bán lẻ,CTV địa phương,2023-11-16,15000.0
Khoai tây,Sơn La,Bán lẻ,CTV địa phương,2023-11-16,20000.0
Mồng tơi,Sơn La,Bán lẻ,CTV địa phương,2023-11-16,12000.0
Mướp đắng,Sơn La,Bán lẻ,CTV địa phương,2023-11-16,30000.0
Mướp hương,Sơn La,Bán lẻ,CTV địa phương,2023-11-16,15000.0
Quả bí đỏ,Sơn La,Bán lẻ,CTV địa phương,2023-11-16,16000.0
Quả bí xanh,Sơn La,Bán lẻ,CTV địa phương,2023-11-16,15000.0
Rau cải,Sơn La,Bán lẻ,CTV địa phương,2023-11-16,12000.0
Su su quả,Sơn La,Bán lẻ,CTV địa phương,2023-11-16,15000.0
Bưởi da xanh,Tiền Giang,Thương lái thu mua,CTV địa phương,2023-11-15,28000.0
Bưởi năm roi,Tiền Giang,Thương lái thu mua,CTV địa phương,2023-11-15,18000.0
Chôm chôm Java,Tiền Giang,Thương lái thu mua,CTV địa phương,2023-11-15,19000.0
Chuối sim,Tiền Giang,Thương lái thu mua,CTV địa phương,2023-11-15,10000.0
Đu đủ,Tiền Giang,Thương lái thu mua,CTV địa phương,2023-11-15,10000.0
Dưa chuột/dưa chuội,Tiền Giang,Thương lái thu mua,CTV địa phương,2023-11-15,9000.0
Sầu Riêng Ri 6 (loại xô),Tiền Giang,Thương lái thu mua,CTV địa phương,2023-11-15,75000.0
Bưởi da xanh,Hà Nội,Bán lẻ,CTV địa phương,2023-11-14,60000.0
Cà rốt,Hà Nội,Bán lẻ,CTV địa phương,2023-11-14,20000.0
Dưa chuột/dưa chuội,Hà Nội,Bán lẻ,CTV địa phương,2023-11-14,25000.0
Khoai tây,Hà Nội,Bán lẻ,CTV địa phương,2023-11-14,18000.0
Rau cải mơ,Hà Nội,Bán lẻ,CTV địa phương,2023-11-14,22000.0
Rau cải ngọt,Hà Nội,Bán lẻ,CTV địa phương,2023-11-14,25000.0
Bắp cải,Sơn La,Bán lẻ,CTV địa phương,2023-11-13,15000.0
Bưởi da xanh,Sơn La,Bán lẻ,CTV địa phương,2023-11-13,40000.0
Cà rốt,Sơn La,Bán lẻ,CTV địa phương,2023-11-13,20000.0
Dưa chuột/dưa chuội,Sơn La,Bán lẻ,CTV địa phương,2023-11-13,15000.0
Khoai tây,Sơn La,Bán lẻ,CTV địa phương,2023-11-13,20000.0
Mồng tơi,Sơn La,Bán lẻ,CTV địa phương,2023-11-13,12000.0
Mướp đắng,Sơn La,Bán lẻ,CTV địa phương,2023-11-13,30000.0
Mướp hương,Sơn La,Bán lẻ,CTV địa phương,2023-11-13,15000.0
Quả bí đỏ,Sơn La,Bán lẻ,CTV địa phương,2023-11-13,15000.0
Quả bí xanh,Sơn La,Bán lẻ,CTV địa phương,2023-11-13,15000.0
Rau cải,Sơn La,Bán lẻ,CTV địa phương,2023-11-13,12000.0
Su su quả,Sơn La,Bán lẻ,CTV địa phương,2023-11-13,15000.0
Bắp cải,Sơn La,Bán lẻ,CTV địa phương,2023-11-09,15000.0
Bưởi da xanh,Sơn La,Bán lẻ,CTV địa phương,2023-11-09,40000.0
Cà rốt,Sơn La,Bán lẻ,CTV địa phương,2023-11-09,20000.0
Dưa chuột/dưa chuội,Sơn La,Bán lẻ,CTV địa phương,2023-11-09,15000.0
Khoai tây,Sơn La,Bán lẻ,CTV địa phương,2023-11-09,20000.0
Mồng tơi,Sơn La,Bán lẻ,CTV địa phương,2023-11-09,12000.0
Mướp đắng,Sơn La,Bán lẻ,CTV địa phương,2023-11-09,30000.0
Mướp hương,Sơn La,Bán lẻ,CTV địa phương,2023-11-09,15000.0
Quả bí đỏ,Sơn La,Bán lẻ,CTV địa phương,2023-11-09,15000.0
Quả bí xanh,Sơn La,Bán lẻ,CTV địa phương,2023-11-09,15000.0
Rau cải,Sơn La,Bán lẻ,CTV địa phương,2023-11-09,12000.0
Su su quả,Sơn La,Bán lẻ,CTV địa phương,2023-11-09,15000.0
Bưởi da xanh,Tiền Giang,Thương lái thu mua,CTV địa phương,2023-11-08,27000.0
Bưởi năm roi,Tiền Giang,Thương lái thu mua,CTV địa phương,2023-11-08,18000.0
Chôm chôm Java,Tiền Giang,Thương lái thu mua,CTV địa phương,2023-11-08,19000.0
Chuối sim,Tiền Giang,Thương lái thu mua,CTV địa phương,2023-11-08,10000.0
Đu đủ,Tiền Giang,Thương lái thu mua,CTV địa phương,2023-11-08,10000.0
Dưa chuột/dưa chuội,Tiền Giang,Thương lái thu mua,CTV địa phương,2023-11-08,9000.0
Sầu Riêng Ri 6 (loại xô),Tiền Giang,Thương lái thu mua,CTV địa phương,2023-11-08,75000.0
Bưởi da xanh,Hà Nội,Bán lẻ,CTV địa phương,2023-11-07,60000.0
Cà rốt,Hà Nội,Bán lẻ,CTV địa phương,2023-11-07,17000.0
Dưa chuột/dưa chuội,Hà Nội,Bán lẻ,CTV địa phương,2023-11-07,25000.0
Khoai tây,Hà Nội,Bán lẻ,CTV địa phương,2023-11-07,18000.0
Rau cải mơ,Hà Nội,Bán lẻ,CTV địa phương,2023-11-07,25000.0
Rau cải ngọt,Hà Nội,Bán lẻ,CTV địa phương,2023-11-07,25000.0
Bắp cải,Sơn La,Bán lẻ,CTV địa phương,2023-11-06,15000.0
Bưởi da xanh,Sơn La,Bán lẻ,CTV địa phương,2023-11-06,40000.0
Cà rốt,Sơn La,Bán lẻ,CTV địa phương,2023-11-06,20000.0
Chanh,Sơn La,Bán lẻ,CTV địa phương,2023-11-06,45000.0
Dưa chuột/dưa chuội,Sơn La,Bán lẻ,CTV địa phương,2023-11-06,15000.0
Khoai tây,Sơn La,Bán lẻ,CTV địa phương,2023-11-06,20000.0
Mồng tơi,Sơn La,Bán lẻ,CTV địa phương,2023-11-06,12000.0
Mướp đắng,Sơn La,Bán lẻ,CTV địa phương,2023-11-06,30000.0
Mướp hương,Sơn La,Bán lẻ,CTV địa phương,2023-11-06,15000.0
Quả bí đỏ,Sơn La,Bán lẻ,CTV địa phương,2023-11-06,15000.0
Quả bí xanh,Sơn La,Bán lẻ,CTV địa phương,2023-11-06,15000.0
Rau cải,Sơn La,Bán lẻ,CTV địa phương,2023-11-06,12000.0
Su su quả,Sơn La,Bán lẻ,CTV địa phương,2023-11-06,15000.0
Bưởi da xanh,Hà Nội,Bán lẻ,CTV địa phương,2023-11-03,60000.0
Cà rốt,Hà Nội,Bán lẻ,CTV địa phương,2023-11-03,16000.0
Dưa chuột/dưa chuội,Hà Nội,Bán lẻ,CTV địa phương,2023-11-03,25000.0
Khoai tây,Hà Nội,Bán lẻ,CTV địa phương,2023-11-03,18000.0
Rau cải mơ,Hà Nội,Bán lẻ,CTV địa phương,2023-11-03,25000.0
Rau cải ngọt,Hà Nội,Bán lẻ,CTV địa phương,2023-11-03,25000.0
Bưởi da xanh,Tiền Giang,Thương lái thu mua,CTV địa phương,2023-11-01,26000.0
Bưởi năm roi,Tiền Giang,Thương lái thu mua,CTV địa phương,2023-11-01,18000.0
Chôm chôm Java,Tiền Giang,Thương lái thu mua,CTV địa phương,2023-11-01,19500.0
Chuối sim,Tiền Giang,Thương lái thu mua,CTV địa phương,2023-11-01,10000.0
Đu đủ,Tiền Giang,Thương lái thu mua,CTV địa phương,2023-11-01,10000.0
Dưa chuột/dưa chuội,Tiền Giang,Thương lái thu mua,CTV địa phương,2023-11-01,9000.0
Sầu Riêng Ri 6 (loại xô),Tiền Giang,Thương lái thu mua,CTV địa phương,2023-11-01,72000.0
Bưởi da xanh,Hà Nội,Bán lẻ,CTV địa phương,2023-10-31,60000.0
Cà rốt,Hà Nội,Bán lẻ,CTV địa phương,2023-10-31,16000.0
Dưa chuột/dưa chuội,Hà Nội,Bán lẻ,CTV địa phương,2023-10-31,25000.0
Khoai tây,Hà Nội,Bán lẻ,CTV địa phương,2023-10-31,17000.0
Rau cải mơ,Hà Nội,Bán lẻ,CTV địa phương,2023-10-31,25000.0
Rau cải ngọt,Hà Nội,Bán lẻ,CTV địa phương,2023-10-31,25000.0
Bắp cải,Sơn La,Bán lẻ,CTV địa phương,2023-10-30,15000.0
Bưởi da xanh,Sơn La,Bán lẻ,CTV địa phương,2023-10-30,40000.0
Cà rốt,Sơn La,Bán lẻ,CTV địa phương,2023-10-30,20000.0
Dưa chuột/dưa chuội,Sơn La,Bán lẻ,CTV địa phương,2023-10-30,15000.0
Khoai tây,Sơn La,Bán lẻ,CTV địa phương,2023-10-30,20000.0
Mồng tơi,Sơn La,Bán lẻ,CTV địa phương,2023-10-30,12000.0
Mướp đắng,Sơn La,Bán lẻ,CTV địa phương,2023-10-30,30000.0
Mướp hương,Sơn La,Bán lẻ,CTV địa phương,2023-10-30,15000.0
Quả bí đỏ,Sơn La,Bán lẻ,CTV địa phương,2023-10-30,15000.0
Quả bí xanh,Sơn La,Bán lẻ,CTV địa phương,2023-10-30,15000.0
Rau cải,Sơn La,Bán lẻ,CTV địa phương,2023-10-30,12000.0
Su su quả,Sơn La,Bán lẻ,CTV địa phương,2023-10-30,15000.0
Bưởi da xanh,Hà Nội,Bán lẻ,CTV địa phương,2023-10-27,60000.0
Cà rốt,Hà Nội,Bán lẻ,CTV địa phương,2023-10-27,16000.0
Dưa chuột/dưa chuội,Hà Nội,Bán lẻ,CTV địa phương,2023-10-27,24000.0
Khoai tây,Hà Nội,Bán lẻ,CTV địa phương,2023-10-27,20000.0
Rau cải mơ,Hà Nội,Bán lẻ,CTV địa phương,2023-10-27,32000.0
Rau cải ngọt,Hà Nội,Bán lẻ,CTV địa phương,2023-10-27,25000.0
Bắp cải,Sơn La,Bán lẻ,CTV địa phương,2023-10-26,15000.0
Bưởi da xanh,Sơn La,Bán lẻ,CTV địa phương,2023-10-26,15000.0
Cà rốt,Sơn La,Bán lẻ,CTV địa phương,2023-10-26,15000.0
Dưa chuột/dưa chuội,Sơn La,Bán lẻ,CTV địa phương,2023-10-26,15000.0
Khoai tây,Sơn La,Bán lẻ,CTV địa phương,2023-10-26,15000.0
Mồng tơi,Sơn La,Bán lẻ,CTV địa phương,2023-10-26,12000.0
Mướp đắng,Sơn La,Bán lẻ,CTV địa phương,2023-10-26,15000.0
Mướp hương,Sơn La,Bán lẻ,CTV địa phương,2023-10-26,15000.0
Quả bí đỏ,Sơn La,Bán lẻ,CTV địa phương,2023-10-26,15000.0
Quả bí xanh,Sơn La,Bán lẻ,CTV địa phương,2023-10-26,15000.0
Rau cải,Sơn La,Bán lẻ,CTV địa phương,2023-10-26,12000.0
Su su quả,Sơn La,Bán lẻ,CTV địa phương,2023-10-26,15000.0
Bưởi da xanh,Tiền Giang,Thương lái thu mua,CTV địa phương,2023-10-25,27000.0
Bưởi năm roi,Tiền Giang,Thương lái thu mua,CTV địa phương,2023-10-25,18000.0
Chôm chôm Java,Tiền Giang,Thương lái thu mua,CTV địa phương,2023-10-25,19000.0
Chuối sim,Tiền Giang,Thương lái thu mua,CTV địa phương,2023-10-25,10000.0
Đu đủ,Tiền Giang,Thương lái thu mua,CTV địa phương,2023-10-25,10000.0
Dưa chuột/dưa chuội,Tiền Giang,Thương lái thu mua,CTV địa phương,2023-10-25,9000.0
Sầu Riêng Ri 6 (loại xô),Tiền Giang,Thương lái thu mua,CTV địa phương,2023-10-25,70000.0
Bưởi da xanh,Hà Nội,Bán lẻ,CTV địa phương,2023-10-24,60000.0
Cà rốt,Hà Nội,Bán lẻ,CTV địa phương,2023-10-24,16000.0
Dưa chuột/dưa chuội,Hà Nội,Bán lẻ,CTV địa phương,2023-10-24,24000.0
Khoai tây,Hà Nội,Bán lẻ,CTV địa phương,2023-10-24,20000.0
Rau cải mơ,Hà Nội,Bán lẻ,CTV địa phương,2023-10-24,32000.0
Rau cải ngọt,Hà Nội,Bán lẻ,CTV địa phương,2023-10-24,25000.0
Bắp cải,Sơn La,Bán lẻ,CTV địa phương,2023-10-23,15000.0
Bưởi da xanh,Sơn La,Bán lẻ,CTV địa phương,2023-10-23,40000.0
Cà rốt,Sơn La,Bán lẻ,CTV địa phương,2023-10-23,22000.0
Chanh,Sơn La,Bán lẻ,CTV địa phương,2023-10-23,40000.0
Dưa chuột/dưa chuội,Sơn La,Bán lẻ,CTV địa phương,2023-10-23,15000.0
Khoai tây,Sơn La,Bán lẻ,CTV địa phương,2023-10-23,20000.0
Mồng tơi,Sơn La,Bán lẻ,CTV địa phương,2023-10-23,18000.0
Mướp đắng,Sơn La,Bán lẻ,CTV địa phương,2023-10-23,23000.0
Mướp hương,Sơn La,Bán lẻ,CTV địa phương,2023-10-23,15000.0
Quả bí đỏ,Sơn La,Bán lẻ,CTV địa phương,2023-10-23,15000.0
Quả bí xanh,Sơn La,Bán lẻ,CTV địa phương,2023-10-23,16000.0
Rau cải,Sơn La,Bán lẻ,CTV địa phương,2023-10-23,20000.0
Su su quả,Sơn La,Bán lẻ,CTV địa phương,2023-10-23,17000.0
Bưởi da xanh,Hà Nội,Bán lẻ,CTV địa phương,2023-10-20,60000.0
Cà rốt,Hà Nội,Bán lẻ,CTV địa phương,2023-10-20,18000.0
Dưa chuột/dưa chuội,Hà Nội,Bán lẻ,CTV địa phương,2023-10-20,24000.0
Khoai tây,Hà Nội,Bán lẻ,CTV địa phương,2023-10-20,17000.0
Rau cải mơ,Hà Nội,Bán lẻ,CTV địa phương,2023-10-20,30000.0
Rau cải ngọt,Hà Nội,Bán lẻ,CTV địa phương,2023-10-20,28000.0
Bắp cải,Sơn La,Bán lẻ,CTV địa phương,2023-10-19,15000.0
Bưởi da xanh,Sơn La,Bán lẻ,CTV địa phương,2023-10-19,40000.0
Cà rốt,Sơn La,Bán lẻ,CTV địa phương,2023-10-19,22000.0
Chanh,Sơn La,Bán lẻ,CTV địa phương,2023-10-19,40000.0
Dưa chuột/dưa chuội,Sơn La,Bán lẻ,CTV địa phương,2023-10-19,15000.0
Khoai tây,Sơn La,Bán lẻ,CTV địa phương,2023-10-19,20000.0
Mồng tơi,Sơn La,Bán lẻ,CTV địa phương,2023-10-19,18000.0
Mướp đắng,Sơn La,Bán lẻ,CTV địa phương,2023-10-19,25000.0
Mướp hương,Sơn La,Bán lẻ,CTV địa phương,2023-10-19,15000.0
Quả bí đỏ,Sơn La,Bán lẻ,CTV địa phương,2023-10-19,15000.0
Quả bí xanh,Sơn La,Bán lẻ,CTV địa phương,2023-10-19,15000.0
Rau cải,Sơn La,Bán lẻ,CTV địa phương,2023-10-19,18000.0
Su su quả,Sơn La,Bán lẻ,CTV địa phương,2023-10-19,17000.0
Cà rốt,Hà Nội,Bán lẻ,CTV địa phương,2023-10-17,17000.0
Dưa chuột/dưa chuội,Hà Nội,Bán lẻ,CTV địa phương,2023-10-17,25000.0
Khoai tây,Hà Nội,Bán lẻ,CTV địa phương,2023-10-17,18000.0
Rau cải mơ,Hà Nội,Bán lẻ,CTV địa phương,2023-10-17,30000.0
Rau cải ngọt,Hà Nội,Bán lẻ,CTV địa phương,2023-10-17,30000.0
Bắp cải,Sơn La,Bán lẻ,CTV địa phương,2023-10-16,15000.0
Bưởi da xanh,Sơn La,Bán lẻ,CTV địa phương,2023-10-16,40000.0
Cà rốt,Sơn La,Bán lẻ,CTV địa phương,2023-10-16,20000.0
Chanh,Sơn La,Bán lẻ,CTV địa phương,2023-10-16,40000.0
Dưa chuột/dưa chuội,Sơn La,Bán lẻ,CTV địa phương,2023-10-16,15000.0
Khoai tây,Sơn La,Bán lẻ,CTV địa phương,2023-10-16,18000.0
Mồng tơi,Sơn La,Bán lẻ,CTV địa phương,2023-10-16,18000.0
Mướp đắng,Sơn La,Bán lẻ,CTV địa phương,2023-10-16,25000.0
Mướp hương,Sơn La,Bán lẻ,CTV địa phương,2023-10-16,15000.0
Quả bí đỏ,Sơn La,Bán lẻ,CTV địa phương,2023-10-16,16000.0
Quả bí xanh,Sơn La,Bán lẻ,CTV địa phương,2023-10-16,15000.0
Rau cải,Sơn La,Bán lẻ,CTV địa phương,2023-10-16,18000.0
Su su quả,Sơn La,Bán lẻ,CTV địa phương,2023-10-16,15000.0
Bưởi da xanh,Hà Nội,Bán lẻ,CTV địa phương,2023-10-13,55000.0
Cà rốt,Hà Nội,Bán lẻ,CTV địa phương,2023-10-13,17000.0
Dưa chuột/dưa chuội,Hà Nội,Bán lẻ,CTV địa phương,2023-10-13,25000.0
Khoai tây,Hà Nội,Bán lẻ,CTV địa phương,2023-10-13,18000.0
Măng cụt,Hà Nội,Bán lẻ,CTV địa phương,2023-10-13,50000.0
Mướp hương,Hà Nội,Bán lẻ,CTV địa phương,2023-10-13,15000.0
Rau cải mơ,Hà Nội,Bán lẻ,CTV địa phương,2023-10-13,30000.0
Rau cải ngọt,Hà Nội,Bán lẻ,CTV địa phương,2023-10-13,30000.0
Bắp cải,Sơn La,Bán lẻ,CTV địa phương,2023-10-12,15000.0
Bưởi da xanh,Sơn La,Bán lẻ,CTV địa phương,2023-10-12,40000.0
Cà rốt,Sơn La,Bán lẻ,CTV địa phương,2023-10-12,20000.0
Chanh,Sơn La,Bán lẻ,CTV địa phương,2023-10-12,40000.0
Dưa chuột/dưa chuội,Sơn La,Bán lẻ,CTV địa phương,2023-10-12,15000.0
Khoai tây,Sơn La,Bán lẻ,CTV địa phương,2023-10-12,20000.0
Mồng tơi,Sơn La,Bán lẻ,CTV địa phương,2023-10-12,18000.0
Mướp đắng,Sơn La,Bán lẻ,CTV địa phương,2023-10-12,25000.0
Mướp hương,Sơn La,Bán lẻ,CTV địa phương,2023-10-12,15000.0
Quả bí đỏ,Sơn La,Bán lẻ,CTV địa phương,2023-10-12,15000.0
Quả bí xanh,Sơn La,Bán lẻ,CTV địa phương,2023-10-12,15000.0
Rau cải,Sơn La,Bán lẻ,CTV địa phương,2023-10-12,18000.0
Su su quả,Sơn La,Bán lẻ,CTV địa phương,2023-10-12,15000.0
Bưởi da xanh,Hà Nội,Bán lẻ,CTV địa phương,2023-10-10,55000.0
Cà rốt,Hà Nội,Bán lẻ,CTV địa phương,2023-10-10,17000.0
Dưa chuột/dưa chuội,Hà Nội,Bán lẻ,CTV địa phương,2023-10-10,25000.0
Khoai tây,Hà Nội,Bán lẻ,CTV địa phương,2023-10-10,18000.0
Măng cụt,Hà Nội,Bán lẻ,CTV địa phương,2023-10-10,50000.0
Mướp hương,Hà Nội,Bán lẻ,CTV địa phương,2023-10-10,15000.0
Rau cải mơ,Hà Nội,Bán lẻ,CTV địa phương,2023-10-10,30000.0
Rau cải ngọt,Hà Nội,Bán lẻ,CTV địa phương,2023-10-10,30000.0
Bắp cải,Sơn La,Bán lẻ,CTV địa phương,2023-10-09,15000.0
Bưởi da xanh,Sơn La,Bán lẻ,CTV địa phương,2023-10-09,40000.0
Cà rốt,Sơn La,Bán lẻ,CTV địa phương,2023-10-09,20000.0
Chanh,Sơn La,Bán lẻ,CTV địa phương,2023-10-09,40000.0
Dưa chuột/dưa chuội,Sơn La,Bán lẻ,CTV địa phương,2023-10-09,17000.0
Khoai tây,Sơn La,Bán lẻ,CTV địa phương,2023-10-09,20000.0
Mồng tơi,Sơn La,Bán lẻ,CTV địa phương,2023-10-09,18000.0
Mướp đắng,Sơn La,Bán lẻ,CTV địa phương,2023-10-09,25000.0
Mướp hương,Sơn La,Bán lẻ,CTV địa phương,2023-10-09,15000.0
Quả bí đỏ,Sơn La,Bán lẻ,CTV địa phương,2023-10-09,15000.0
Quả bí xanh,Sơn La,Bán lẻ,CTV địa phương,2023-10-09,15000.0
Rau cải,Sơn La,Bán lẻ,CTV địa phương,2023-10-09,18000.0
Su su quả,Sơn La,Bán lẻ,CTV địa phương,2023-10-09,15000.0
Quýt đường,Đồng Tháp,Thu mua tại vườn,CTV địa phương,2023-10-06,40000.0
Xoài cát Hòa Lộc,Đồng Tháp,Thu mua tại vườn,CTV địa phương,2023-10-06,50000.0
Bưởi da xanh,Hà Nội,Bán lẻ,CTV địa phương,2023-10-06,55000.0
Cà rốt,Hà Nội,Bán lẻ,CTV địa phương,2023-10-06,17000.0
Dưa chuột/dưa chuội,Hà Nội,Bán lẻ,CTV địa phương,2023-10-06,25000.0
Khoai tây,Hà Nội,Bán lẻ,CTV địa phương,2023-10-06,18000.0
Măng cụt,Hà Nội,Bán lẻ,CTV địa phương,2023-10-06,50000.0
Mướp hương,Hà Nội,Bán lẻ,CTV địa phương,2023-10-06,15000.0
Rau cải mơ,Hà Nội,Bán lẻ,CTV địa phương,2023-10-06,30000.0
Rau cải ngọt,Hà Nội,Bán lẻ,CTV địa phương,2023-10-06,32000.0
Cam sành (loại 1),Vĩnh Long,Bán buôn,CTV địa phương,2023-10-06,20500.0
Cam sành (loại 2),Vĩnh Long,Bán buôn,CTV địa phương,2023-10-06,17500.0
Chôm chôm đường,Vĩnh Long,Bán buôn,CTV địa phương,2023-10-06,29500.0
Chôm chôm Java,Vĩnh Long,Bán buôn,CTV địa phương,2023-10-06,18500.0
Xoài cát Hòa Lộc,Vĩnh Long,Bán buôn,CTV địa phương,2023-10-06,57500.0
Xoài cát Hòa Lộc,An Giang,Thương lái thu mua,CTV địa phương,2023-10-05,45000.0
Bắp cải,Cần Thơ,Thương lái thu mua,CTV địa phương,2023-10-05,17000.0
Dưa chuột/dưa chuội,Cần Thơ,Thương lái thu mua,CTV địa phương,2023-10-05,8000.0
Mướp,Cần Thơ,Thương lái thu mua,CTV địa phương,2023-10-05,7000.0
Mướp đắng,Cần Thơ,Thương lái thu mua,CTV địa phương,2023-10-05,12000.0
Quả bí đỏ,Cần Thơ,Thương lái thu mua,CTV địa phương,2023-10-05,13000.0
Quả bí xanh,Cần Thơ,Thương lái thu mua,CTV địa phương,2023-10-05,12000.0
Trái dứa/thơm (to),Cần Thơ,Thương lái thu mua,CTV địa phương,2023-10-05,10000.0
Bắp cải,Sơn La,Bán lẻ,CTV địa phương,2023-10-05,15000.0
Bưởi da xanh,Sơn La,Bán lẻ,CTV địa phương,2023-10-05,40000.0
Cà rốt,Sơn La,Bán lẻ,CTV địa phương,2023-10-05,20000.0
Chanh,Sơn La,Bán lẻ,CTV địa phương,2023-10-05,40000.0
Dưa chuột/dưa chuội,Sơn La,Bán lẻ,CTV địa phương,2023-10-05,15000.0
Khoai tây,Sơn La,Bán lẻ,CTV địa phương,2023-10-05,20000.0
Mồng tơi,Sơn La,Bán lẻ,CTV địa phương,2023-10-05,18000.0
Mướp đắng,Sơn La,Bán lẻ,CTV địa phương,2023-10-05,25000.0
Mướp hương,Sơn La,Bán lẻ,CTV địa phương,2023-10-05,15000.0
Quả bí đỏ,Sơn La,Bán lẻ,CTV địa phương,2023-10-05,15000.0
Quả bí xanh,Sơn La,Bán lẻ,CTV địa phương,2023-10-05,15000.0
Rau cải,Sơn La,Bán lẻ,CTV địa phương,2023-10-05,18000.0
Su su quả,Sơn La,Bán lẻ,CTV địa phương,2023-10-05,15000.0
Bồn bồn,Cà Mau,Bán buôn,CTV địa phương,2023-10-04,35000.0
Cà rốt,Cà Mau,Bán buôn,CTV địa phương,2023-10-04,20000.0
Dừa,Cà Mau,Bán buôn,CTV địa phương,2023-10-04,100000.0
Dưa chuột/dưa chuội,Cà Mau,Bán buôn,CTV địa phương,2023-10-04,20000.0
Quả bí đỏ,Cà Mau,Bán buôn,CTV địa phương,2023-10-04,10000.0
Bưởi da xanh,Tiền Giang,Thu mua tại vườn,CTV địa phương,2023-10-04,35000.0
Bưởi năm roi,Tiền Giang,Thu mua tại vườn,CTV địa phương,2023-10-04,22000.0
Chuối sim,Tiền Giang,Thu mua tại vườn,CTV địa phương,2023-10-04,11000.0
Đu đủ,Tiền Giang,Thu mua tại vườn,CTV địa phương,2023-10-04,11000.0
Dưa chuột/dưa chuội,Tiền Giang,Thu mua tại vườn,CTV địa phương,2023-10-04,10500.0
Cam sành (loại 1),Bến Tre,Thương lái thu mua,CTV địa phương,2023-10-03,20000.0
Cam sành (loại 2),Bến Tre,Thương lái thu mua,CTV địa phương,2023-10-03,18000.0
Dưa hấu (loại 2),Bến Tre,Thương lái thu mua,CTV địa phương,2023-10-03,8500.0
Bưởi da xanh,Hà Nội,Bán lẻ,CTV địa phương,2023-10-03,55000.0
Cà rốt,Hà Nội,Bán lẻ,CTV địa phương,2023-10-03,17000.0
Dưa chuột/dưa chuội,Hà Nội,Bán lẻ,CTV địa phương,2023-10-03,25000.0
Khoai tây,Hà Nội,Bán lẻ,CTV địa phương,2023-10-03,18000.0
Măng cụt,Hà Nội,Bán lẻ,CTV địa phương,2023-10-03,50000.0
Mướp hương,Hà Nội,Bán lẻ,CTV địa phương,2023-10-03,15000.0
Rau cải mơ,Hà Nội,Bán lẻ,CTV địa phương,2023-10-03,30000.0
Rau cải ngọt,Hà Nội,Bán lẻ,CTV địa phương,2023-10-03,30000.0
Dưa hấu (loại 2),Hậu Giang,Bán lẻ,CTV địa phương,2023-10-03,8000.0
Măng cụt,Hậu Giang,Bán lẻ,CTV địa phương,2023-10-03,45000.0
Mít Thái,Hậu Giang,Bán lẻ,CTV địa phương,2023-10-03,20000.0
Quýt đường,Hậu Giang,Bán lẻ,CTV địa phương,2023-10-03,45000.0
Xoài cát Hòa Lộc,Hậu Giang,Bán lẻ,CTV địa phương,2023-10-03,30000.0
Bắp cải,Sơn La,Bán lẻ,CTV địa phương,2023-10-02,15000.0
Bưởi da xanh,Sơn La,Bán lẻ,CTV địa phương,2023-10-02,40000.0
Cà rốt,Sơn La,Bán lẻ,CTV địa phương,2023-10-02,20000.0
Chanh,Sơn La,Bán lẻ,CTV địa phương,2023-10-02,40000.0
Dưa chuột/dưa chuội,Sơn La,Bán lẻ,CTV địa phương,2023-10-02,15000.0
Khoai tây,Sơn La,Bán lẻ,CTV địa phương,2023-10-02,20000.0
Mồng tơi,Sơn La,Bán lẻ,CTV địa phương,2023-10-02,18000.0
Mướp đắng,Sơn La,Bán lẻ,CTV địa phương,2023-10-02,25000.0
Mướp hương,Sơn La,Bán lẻ,CTV địa phương,2023-10-02,15000.0
Quả bí đỏ,Sơn La,Bán lẻ,CTV địa phương,2023-10-02,15000.0
Quả bí xanh,Sơn La,Bán lẻ,CTV địa phương,2023-10-02,15000.0
Rau cải,Sơn La,Bán lẻ,CTV địa phương,2023-10-02,18000.0
Su su quả,Sơn La,Bán lẻ,CTV địa phương,2023-10-02,15000.0
Quýt đường,Đồng Tháp,Thu mua tại vườn,CTV địa phương,2023-09-29,40000.0
Xoài cát Hòa Lộc,Đồng Tháp,Thu mua tại vườn,CTV địa phương,2023-09-29,76000.0
Bưởi da xanh,Hà Nội,Bán lẻ,CTV địa phương,2023-09-29,55000.0
Cà rốt,Hà Nội,Bán lẻ,CTV địa phương,2023-09-29,17000.0
Dưa chuột/dưa chuội,Hà Nội,Bán lẻ,CTV địa phương,2023-09-29,25000.0
Khoai tây,Hà Nội,Bán lẻ,CTV địa phương,2023-09-29,18000.0
Măng cụt,Hà Nội,Bán lẻ,CTV địa phương,2023-09-29,50000.0
Mướp hương,Hà Nội,Bán lẻ,CTV địa phương,2023-09-29,15000.0
Rau cải mơ,Hà Nội,Bán lẻ,CTV địa phương,2023-09-29,30000.0
Rau cải ngọt,Hà Nội,Bán lẻ,CTV địa phương,2023-09-29,30000.0
Cam sành (loại 1),Vĩnh Long,Bán buôn,CTV địa phương,2023-09-29,14500.0
Cam sành (loại 2),Vĩnh Long,Bán buôn,CTV địa phương,2023-09-29,11500.0
Chôm chôm đường,Vĩnh Long,Bán buôn,CTV địa phương,2023-09-29,24500.0
Chôm chôm Java,Vĩnh Long,Bán buôn,CTV địa phương,2023-09-29,16500.0
Xoài cát Hòa Lộc,Vĩnh Long,Bán buôn,CTV địa phương,2023-09-29,58000.0
Xoài cát Hòa Lộc,An Giang,Thương lái thu mua,CTV địa phương,2023-09-28,45000.0
Bắp cải,Cần Thơ,Thương lái thu mua,CTV địa phương,2023-09-28,17000.0
Dưa chuột/dưa chuội,Cần Thơ,Thương lái thu mua,CTV địa phương,2023-09-28,8000.0
Mướp,Cần Thơ,Thương lái thu mua,CTV địa phương,2023-09-28,7000.0
Mướp đắng,Cần Thơ,Thương lái thu mua,CTV địa phương,2023-09-28,14000.0
Quả bí đỏ,Cần Thơ,Thương lái thu mua,CTV địa phương,2023-09-28,13000.0
Quả bí xanh,Cần Thơ,Thương lái thu mua,CTV địa phương,2023-09-28,12000.0
Trái dứa/thơm (to),Cần Thơ,Thương lái thu mua,CTV địa phương,2023-09-28,10000.0
Bắp cải,Sơn La,Bán lẻ,CTV địa phương,2023-09-28,15000.0
Cà rốt,Sơn La,Bán lẻ,CTV địa phương,2023-09-28,25000.0
Chanh,Sơn La,Bán lẻ,CTV địa phương,2023-09-28,30000.0
Dưa chuột/dưa chuội,Sơn La,Bán lẻ,CTV địa phương,2023-09-28,25000.0
Khoai tây,Sơn La,Bán lẻ,CTV địa phương,2023-09-28,20000.0
Mồng tơi,Sơn La,Bán lẻ,CTV địa phương,2023-09-28,18000.0
Mướp đắng,Sơn La,Bán lẻ,CTV địa phương,2023-09-28,25000.0
Mướp hương,Sơn La,Bán lẻ,CTV địa phương,2023-09-28,18000.0
Quả bí đỏ,Sơn La,Bán lẻ,CTV địa phương,2023-09-28,15000.0
Quả bí xanh,Sơn La,Bán lẻ,CTV địa phương,2023-09-28,15000.0
Rau cải,Sơn La,Bán lẻ,CTV địa phương,2023-09-28,18000.0
Su su quả,Sơn La,Bán lẻ,CTV địa phương,2023-09-28,25000.0
Bồn bồn,Cà Mau,Bán buôn,CTV địa phương,2023-09-27,35000.0
Cà rốt,Cà Mau,Bán buôn,CTV địa phương,2023-09-27,20000.0
Dừa,Cà Mau,Bán buôn,CTV địa phương,2023-09-27,100000.0
Dưa chuột/dưa chuội,Cà Mau,Bán buôn,CTV địa phương,2023-09-27,15000.0
Quả bí đỏ,Cà Mau,Bán buôn,CTV địa phương,2023-09-27,10000.0
Bưởi da xanh,Tiền Giang,Thu mua tại vườn,CTV địa phương,2023-09-27,34000.0
Bưởi năm roi,Tiền Giang,Thu mua tại vườn,CTV địa phương,2023-09-27,20000.0
Chôm chôm Java,Tiền Giang,Thu mua tại vườn,CTV địa phương,2023-09-27,18000.0
Chuối sim,Tiền Giang,Thu mua tại vườn,CTV địa phương,2023-09-27,11000.0
Đu đủ,Tiền Giang,Thu mua tại vườn,CTV địa phương,2023-09-27,11000.0
Dưa chuột/dưa chuội,Tiền Giang,Thu mua tại vườn,CTV địa phương,2023-09-27,10500.0
Cam sành (loại 1),Bến Tre,Thương lái thu mua,CTV địa phương,2023-09-26,20000.0
Cam sành (loại 2),Bến Tre,Thương lái thu mua,CTV địa phương,2023-09-26,18000.0
Dưa hấu (loại 2),Bến Tre,Thương lái thu mua,CTV địa phương,2023-09-26,8000.0
Bưởi da xanh,Hà Nội,Bán lẻ,CTV địa phương,2023-09-26,55000.0
Cà rốt,Hà Nội,Bán lẻ,CTV địa phương,2023-09-26,17000.0
Dưa chuột/dưa chuội,Hà Nội,Bán lẻ,CTV địa phương,2023-09-26,20000.0
Khoai tây,Hà Nội,Bán lẻ,CTV địa phương,2023-09-26,17000.0
Măng cụt,Hà Nội,Bán lẻ,CTV địa phương,2023-09-26,50000.0
Mướp hương,Hà Nội,Bán lẻ,CTV địa phương,2023-09-26,15000.0
Rau cải mơ,Hà Nội,Bán lẻ,CTV địa phương,2023-09-26,30000.0
Rau cải ngọt,Hà Nội,Bán lẻ,CTV địa phương,2023-09-26,30000.0
Dưa hấu (loại 2),Hậu Giang,Bán lẻ,CTV địa phương,2023-09-26,5000.0
Măng cụt,Hậu Giang,Bán lẻ,CTV địa phương,2023-09-26,40000.0
Quýt đường,Hậu Giang,Bán lẻ,CTV địa phương,2023-09-26,45000.0
Xoài cát Hòa Lộc,Hậu Giang,Bán lẻ,CTV địa phương,2023-09-26,30000.0
Bắp cải,Sơn La,Bán lẻ,CTV địa phương,2023-09-25,15000.0
Cà rốt,Sơn La,Bán lẻ,CTV địa phương,2023-09-25,25000.0
Chanh,Sơn La,Bán lẻ,CTV địa phương,2023-09-25,30000.0
Dưa chuột/dưa chuội,Sơn La,Bán lẻ,CTV địa phương,2023-09-25,25000.0
Khoai tây,Sơn La,Bán lẻ,CTV địa phương,2023-09-25,20000.0
Mồng tơi,Sơn La,Bán lẻ,CTV địa phương,2023-09-25,18000.0
Mướp đắng,Sơn La,Bán lẻ,CTV địa phương,2023-09-25,25000.0
Mướp hương,Sơn La,Bán lẻ,CTV địa phương,2023-09-25,18000.0
Quả bí đỏ,Sơn La,Bán lẻ,CTV địa phương,2023-09-25,15000.0
Quả bí xanh,Sơn La,Bán lẻ,CTV địa phương,2023-09-25,15000.0
Rau cải,Sơn La,Bán lẻ,CTV địa phương,2023-09-25,18000.0
Su su quả,Sơn La,Bán lẻ,CTV địa phương,2023-09-25,25000.0
Quýt đường,Đồng Tháp,Thu mua tại vườn,CTV địa phương,2023-09-22,40000.0
Xoài cát Hòa Lộc,Đồng Tháp,Thu mua tại vườn,CTV địa phương,2023-09-22,76000.0
Bưởi da xanh,Hà Nội,Bán lẻ,CTV địa phương,2023-09-22,60000.0
Cà rốt,Hà Nội,Bán lẻ,CTV địa phương,2023-09-22,17000.0
Dưa chuột/dưa chuội,Hà Nội,Bán lẻ,CTV địa phương,2023-09-22,25000.0
Khoai tây,Hà Nội,Bán lẻ,CTV địa phương,2023-09-22,16000.0
Măng cụt,Hà Nội,Bán lẻ,CTV địa phương,2023-09-22,50000.0
Mướp hương,Hà Nội,Bán lẻ,CTV địa phương,2023-09-22,18000.0
Rau cải mơ,Hà Nội,Bán lẻ,CTV địa phương,2023-09-22,30000.0
Rau cải ngọt,Hà Nội,Bán lẻ,CTV địa phương,2023-09-22,30000.0
Cam sành (loại 1),Vĩnh Long,Bán buôn,CTV địa phương,2023-09-22,14000.0
Cam sành (loại 2),Vĩnh Long,Bán buôn,CTV địa phương,2023-09-22,11000.0
Chôm chôm đường,Vĩnh Long,Bán buôn,CTV địa phương,2023-09-22,24000.0
Chôm chôm Java,Vĩnh Long,Bán buôn,CTV địa phương,2023-09-22,19000.0
Xoài cát Hòa Lộc,Vĩnh Long,Bán buôn,CTV địa phương,2023-09-22,57000.0
Xoài cát Hòa Lộc,An Giang,Thương lái thu mua,CTV địa phương,2023-09-21,45000.0
Bắp cải,Cần Thơ,Thương lái thu mua,CTV địa phương,2023-09-21,17000.0
Dưa chuột/dưa chuội,Cần Thơ,Thương lái thu mua,CTV địa phương,2023-09-21,10000.0
Mướp,Cần Thơ,Thương lái thu mua,CTV địa phương,2023-09-21,7000.0
Mướp đắng,Cần Thơ,Thương lái thu mua,CTV địa phương,2023-09-21,14000.0
Quả bí đỏ,Cần Thơ,Thương lái thu mua,CTV địa phương,2023-09-21,14000.0
Quả bí xanh,Cần Thơ,Thương lái thu mua,CTV địa phương,2023-09-21,12000.0
Trái dứa/thơm (to),Cần Thơ,Thương lái thu mua,CTV địa phương,2023-09-21,10000.0
Bắp cải,Sơn La,Bán lẻ,CTV địa phương,2023-09-21,15000.0
Cà rốt,Sơn La,Bán lẻ,CTV địa phương,2023-09-21,25000.0
Chanh,Sơn La,Bán lẻ,CTV địa phương,2023-09-21,30000.0
Dưa chuột/dưa chuội,Sơn La,Bán lẻ,CTV địa phương,2023-09-21,25000.0
Khoai tây,Sơn La,Bán lẻ,CTV địa phương,2023-09-21,20000.0
Mồng tơi,Sơn La,Bán lẻ,CTV địa phương,2023-09-21,18000.0
Mướp đắng,Sơn La,Bán lẻ,CTV địa phương,2023-09-21,25000.0
Mướp hương,Sơn La,Bán lẻ,CTV địa phương,2023-09-21,18000.0
Quả bí đỏ,Sơn La,Bán lẻ,CTV địa phương,2023-09-21,15000.0
Quả bí xanh,Sơn La,Bán lẻ,CTV địa phương,2023-09-21,15000.0
Rau cải,Sơn La,Bán lẻ,CTV địa phương,2023-09-21,18000.0
Su su quả,Sơn La,Bán lẻ,CTV địa phương,2023-09-21,25000.0
Bồn bồn,Cà Mau,Bán buôn,CTV địa phương,2023-09-20,35000.0
Cà rốt,Cà Mau,Bán buôn,CTV địa phương,2023-09-20,20000.0
Dừa,Cà Mau,Bán buôn,CTV địa phương,2023-09-20,100000.0
Dưa chuột/dưa chuội,Cà Mau,Bán buôn,CTV địa phương,2023-09-20,20000.0
Quả bí đỏ,Cà Mau,Bán buôn,CTV địa phương,2023-09-20,10000.0
Bưởi da xanh,Tiền Giang,Thu mua tại vườn,CTV địa phương,2023-09-20,35000.0
Bưởi năm roi,Tiền Giang,Thu mua tại vườn,CTV địa phương,2023-09-20,22000.0
Chuối sim,Tiền Giang,Thu mua tại vườn,CTV địa phương,2023-09-20,11000.0
Đu đủ,Tiền Giang,Thu mua tại vườn,CTV địa phương,2023-09-20,11000.0
Dưa chuột/dưa chuội,Tiền Giang,Thu mua tại vườn,CTV địa phương,2023-09-20,10500.0
Cam sành (loại 1),Bến Tre,Thương lái thu mua,CTV địa phương,2023-09-19,20000.0
Cam sành (loại 2),Bến Tre,Thương lái thu mua,CTV địa phương,2023-09-19,18000.0
Dưa hấu (loại 2),Bến Tre,Thương lái thu mua,CTV địa phương,2023-09-19,8000.0
Bưởi da xanh,Hà Nội,Bán lẻ,CTV địa phương,2023-09-19,65000.0
Cà rốt,Hà Nội,Bán lẻ,CTV địa phương,2023-09-19,17000.0
Dưa chuột/dưa chuội,Hà Nội,Bán lẻ,CTV địa phương,2023-09-19,20000.0
Khoai tây,Hà Nội,Bán lẻ,CTV địa phương,2023-09-19,16000.0
Măng cụt,Hà Nội,Bán lẻ,CTV địa phương,2023-09-19,50000.0
Mướp hương,Hà Nội,Bán lẻ,CTV địa phương,2023-09-19,15000.0
Na,Hà Nội,Bán lẻ,CTV địa phương,2023-09-19,35000.0
Rau cải mơ,Hà Nội,Bán lẻ,CTV địa phương,2023-09-19,30000.0
Rau cải ngọt,Hà Nội,Bán lẻ,CTV địa phương,2023-09-19,30000.0
Măng cụt,Hậu Giang,Bán lẻ,CTV địa phương,2023-09-19,40000.0
Quýt đường,Hậu Giang,Bán lẻ,CTV địa phương,2023-09-19,45000.0
Xoài cát Hòa Lộc,Hậu Giang,Bán lẻ,CTV địa phương,2023-09-19,30000.0
Bắp cải,Sơn La,Bán lẻ,CTV địa phương,2023-09-18,15000.0
Cà rốt,Sơn La,Bán lẻ,CTV địa phương,2023-09-18,25000.0
Chanh,Sơn La,Bán lẻ,CTV địa phương,2023-09-18,30000.0
Dưa chuột/dưa chuội,Sơn La,Bán lẻ,CTV địa phương,2023-09-18,25000.0
Khoai tây,Sơn La,Bán lẻ,CTV địa phương,2023-09-18,20000.0
Mồng tơi,Sơn La,Bán lẻ,CTV địa phương,2023-09-18,18000.0
Mướp đắng,Sơn La,Bán lẻ,CTV địa phương,2023-09-18,25000.0
Mướp hương,Sơn La,Bán lẻ,CTV địa phương,2023-09-18,18000.0
Quả bí đỏ,Sơn La,Bán lẻ,CTV địa phương,2023-09-18,15000.0
Quả bí xanh,Sơn La,Bán lẻ,CTV địa phương,2023-09-18,15000.0
Rau cải,Sơn La,Bán lẻ,CTV địa phương,2023-09-18,18000.0
Su su quả,Sơn La,Bán lẻ,CTV địa phương,2023-09-18,25000.0
Quýt đường,Đồng Tháp,Thu mua tại vườn,CTV địa phương,2023-09-15,40000.0
Xoài cát Hòa Lộc,Đồng Tháp,Bán buôn,CTV địa phương,2023-09-15,75000.0
Bưởi da xanh,Hà Nội,Bán lẻ,CTV địa phương,2023-09-15,65000.0
Cà rốt,Hà Nội,Bán lẻ,CTV địa phương,2023-09-15,17000.0
Dưa chuột/dưa chuội,Hà Nội,Bán lẻ,CTV địa phương,2023-09-15,20000.0
Khoai tây,Hà Nội,Bán lẻ,CTV địa phương,2023-09-15,16000.0
Măng cụt,Hà Nội,Bán lẻ,CTV địa phương,2023-09-15,50000.0
Mướp hương,Hà Nội,Bán lẻ,CTV địa phương,2023-09-15,15000.0
Na,Hà Nội,Bán lẻ,CTV địa phương,2023-09-15,35000.0
Rau cải mơ,Hà Nội,Bán lẻ,CTV địa phương,2023-09-15,30000.0
Rau cải ngọt,Hà Nội,Bán lẻ,CTV địa phương,2023-09-15,30000.0
Cam sành (loại 1),Vĩnh Long,Bán buôn,CTV địa phương,2023-09-15,14500.0
Cam sành (loại 2),Vĩnh Long,Bán buôn,CTV địa phương,2023-09-15,11500.0
Chôm chôm đường,Vĩnh Long,Bán buôn,CTV địa phương,2023-09-15,24500.0
Chôm chôm Java,Vĩnh Long,Bán buôn,CTV địa phương,2023-09-15,14500.0
Xoài cát Hòa Lộc,Vĩnh Long,Bán buôn,CTV địa phương,2023-09-15,57500.0
Xoài cát Hòa Lộc,An Giang,Thương lái thu mua,CTV địa phương,2023-09-14,45000.0
Bắp cải,Cần Thơ,Thương lái thu mua,CTV địa phương,2023-09-14,17000.0
Dưa chuột/dưa chuội,Cần Thơ,Thương lái thu mua,CTV địa phương,2023-09-14,10000.0
Mướp,Cần Thơ,Thương lái thu mua,CTV địa phương,2023-09-14,7000.0
Mướp đắng,Cần Thơ,Thương lái thu mua,CTV địa phương,2023-09-14,14000.0
Quả bí đỏ,Cần Thơ,Thương lái thu mua,CTV địa phương,2023-09-14,14000.0
Quả bí xanh,Cần Thơ,Thương lái thu mua,CTV địa phương,2023-09-14,12000.0
Trái dứa/thơm (to),Cần Thơ,Thương lái thu mua,CTV địa phương,2023-09-14,10000.0
Bắp cải,Sơn La,Bán lẻ,CTV địa phương,2023-09-14,15000.0
Cà rốt,Sơn La,Bán lẻ,CTV địa phương,2023-09-14,25000.0
Chanh,Sơn La,Bán lẻ,CTV địa phương,2023-09-14,30000.0
Dưa chuột/dưa chuội,Sơn La,Bán lẻ,CTV địa phương,2023-09-14,25000.0
Khoai tây,Sơn La,Bán lẻ,CTV địa phương,2023-09-14,20000.0
Mồng tơi,Sơn La,Bán lẻ,CTV địa phương,2023-09-14,18000.0
Mướp đắng,Sơn La,Bán lẻ,CTV địa phương,2023-09-14,25000.0
Mướp hương,Sơn La,Bán lẻ,CTV địa phương,2023-09-14,18000.0
Quả bí đỏ,Sơn La,Bán lẻ,CTV địa phương,2023-09-14,15000.0
Quả bí xanh,Sơn La,Bán lẻ,CTV địa phương,2023-09-14,15000.0
Rau cải,Sơn La,Bán lẻ,CTV địa phương,2023-09-14,18000.0
Su su quả,Sơn La,Bán lẻ,CTV địa phương,2023-09-14,25000.0
Bồn bồn,Cà Mau,Bán buôn,CTV địa phương,2023-09-13,35000.0
Cà rốt,Cà Mau,Bán buôn,CTV địa phương,2023-09-13,20000.0
Dừa,Cà Mau,Bán buôn,CTV địa phương,2023-09-13,90000.0
Dưa chuột/dưa chuội,Cà Mau,Bán buôn,CTV địa phương,2023-09-13,20000.0
Quả bí đỏ,Cà Mau,Bán buôn,CTV địa phương,2023-09-13,10000.0
Bưởi da xanh,Tiền Giang,Thu mua tại vườn,CTV địa phương,2023-09-13,35000.0
Bưởi năm roi,Tiền Giang,Thu mua tại vườn,CTV địa phương,2023-09-13,22000.0
Chuối sim,Tiền Giang,Thu mua tại vườn,CTV địa phương,2023-09-13,11000.0
Đu đủ,Tiền Giang,Thu mua tại vườn,CTV địa phương,2023-09-13,11000.0
Dưa chuột/dưa chuội,Tiền Giang,Thu mua tại vườn,CTV địa phương,2023-09-13,10500.0
Cam sành (loại 1),Bến Tre,Thương lái thu mua,CTV địa phương,2023-09-12,20000.0
Cam sành (loại 2),Bến Tre,Thương lái thu mua,CTV địa phương,2023-09-12,18000.0
Dưa hấu (loại 2),Bến Tre,Thương lái thu mua,CTV địa phương,2023-09-12,8000.0
Bưởi da xanh,Hà Nội,Bán lẻ,CTV địa phương,2023-09-12,65000.0
Cà rốt,Hà Nội,Bán lẻ,CTV địa phương,2023-09-12,17000.0
Dưa chuột/dưa chuội,Hà Nội,Bán lẻ,CTV địa phương,2023-09-12,20000.0
Khoai tây,Hà Nội,Bán lẻ,CTV địa phương,2023-09-12,16000.0
Măng cụt,Hà Nội,Bán lẻ,CTV địa phương,2023-09-12,50000.0
Mướp hương,Hà Nội,Bán lẻ,CTV địa phương,2023-09-12,15000.0
Na,Hà Nội,Bán lẻ,CTV địa phương,2023-09-12,35000.0
Rau cải mơ,Hà Nội,Bán lẻ,CTV địa phương,2023-09-12,30000.0
Rau cải ngọt,Hà Nội,Bán lẻ,CTV địa phương,2023-09-12,30000.0
Dưa hấu (loại 2),Hậu Giang,Bán lẻ,CTV địa phương,2023-09-12,6000.0
Măng cụt,Hậu Giang,Bán lẻ,CTV địa phương,2023-09-12,40000.0
Quýt đường,Hậu Giang,Bán lẻ,CTV địa phương,2023-09-12,45000.0
Xoài cát Hòa Lộc,Hậu Giang,Bán lẻ,CTV địa phương,2023-09-12,30000.0
Bắp cải,Sơn La,Bán lẻ,CTV địa phương,2023-09-11,15000.0
Cà rốt,Sơn La,Bán lẻ,CTV địa phương,2023-09-11,25000.0
Chanh,Sơn La,Bán lẻ,CTV địa phương,2023-09-11,30000.0
Dưa chuột/dưa chuội,Sơn La,Bán lẻ,CTV địa phương,2023-09-11,25000.0
Khoai tây,Sơn La,Bán lẻ,CTV địa phương,2023-09-11,20000.0
Mồng tơi,Sơn La,Bán lẻ,CTV địa phương,2023-09-11,18000.0
Mướp đắng,Sơn La,Bán lẻ,CTV địa phương,2023-09-11,25000.0
Mướp hương,Sơn La,Bán lẻ,CTV địa phương,2023-09-11,18000.0
Quả bí đỏ,Sơn La,Bán lẻ,CTV địa phương,2023-09-11,15000.0
Quả bí xanh,Sơn La,Bán lẻ,CTV địa phương,2023-09-11,15000.0
Rau cải,Sơn La,Bán lẻ,CTV địa phương,2023-09-11,18000.0
Su su quả,Sơn La,Bán lẻ,CTV địa phương,2023-09-11,25000.0
Quýt đường,Đồng Tháp,Thu mua tại vườn,CTV địa phương,2023-09-08,40000.0
Xoài cát Hòa Lộc,Đồng Tháp,Thu mua tại vườn,CTV địa phương,2023-09-08,80000.0
Bưởi da xanh,Hà Nội,Bán lẻ,CTV địa phương,2023-09-08,65000.0
Cà rốt,Hà Nội,Bán lẻ,CTV địa phương,2023-09-08,17000.0
Dưa chuột/dưa chuội,Hà Nội,Bán lẻ,CTV địa phương,2023-09-08,20000.0
Khoai tây,Hà Nội,Bán lẻ,CTV địa phương,2023-09-08,16000.0
Măng cụt,Hà Nội,Bán lẻ,CTV địa phương,2023-09-08,50000.0
Mướp hương,Hà Nội,Bán lẻ,CTV địa phương,2023-09-08,15000.0
Na,Hà Nội,Bán lẻ,CTV địa phương,2023-09-08,35000.0
Rau cải mơ,Hà Nội,Bán lẻ,CTV địa phương,2023-09-08,30000.0
Rau cải ngọt,Hà Nội,Bán lẻ,CTV địa phương,2023-09-08,30000.0
Cam sành (loại 1),Vĩnh Long,Bán buôn,CTV địa phương,2023-09-08,14500.0
Cam sành (loại 2),Vĩnh Long,Bán buôn,CTV địa phương,2023-09-08,10500.0
Chôm chôm đường,Vĩnh Long,Bán buôn,CTV địa phương,2023-09-08,24500.0
Chôm chôm Java,Vĩnh Long,Bán buôn,CTV địa phương,2023-09-08,19000.0
Xoài cát Hòa Lộc,Vĩnh Long,Bán buôn,CTV địa phương,2023-09-08,53000.0
Xoài cát Hòa Lộc,An Giang,Thương lái thu mua,CTV địa phương,2023-09-07,43000.0
Bắp cải,Cần Thơ,Thương lái thu mua,CTV địa phương,2023-09-07,15000.0
Dưa chuột/dưa chuội,Cần Thơ,Thương lái thu mua,CTV địa phương,2023-09-07,9000.0
Mướp,Cần Thơ,Thương lái thu mua,CTV địa phương,2023-09-07,5000.0
Mướp đắng,Cần Thơ,Thương lái thu mua,CTV địa phương,2023-09-07,14000.0
Quả bí đỏ,Cần Thơ,Thương lái thu mua,CTV địa phương,2023-09-07,14000.0
Quả bí xanh,Cần Thơ,Thương lái thu mua,CTV địa phương,2023-09-07,12000.0
Trái dứa/thơm (to),Cần Thơ,Thương lái thu mua,CTV địa phương,2023-09-07,8000.0
Bắp cải,Sơn La,Bán lẻ,CTV địa phương,2023-09-07,15000.0
Cà rốt,Sơn La,Bán lẻ,CTV địa phương,2023-09-07,25000.0
Chanh,Sơn La,Bán lẻ,CTV địa phương,2023-09-07,30000.0
Dưa chuột/dưa chuội,Sơn La,Bán lẻ,CTV địa phương,2023-09-07,20000.0
Khoai tây,Sơn La,Bán lẻ,CTV địa phương,2023-09-07,20000.0
Mồng tơi,Sơn La,Bán lẻ,CTV địa phương,2023-09-07,18000.0
Mướp đắng,Sơn La,Bán lẻ,CTV địa phương,2023-09-07,25000.0
Mướp hương,Sơn La,Bán lẻ,CTV địa phương,2023-09-07,18000.0
Quả bí đỏ,Sơn La,Bán lẻ,CTV địa phương,2023-09-07,15000.0
Quả bí xanh,Sơn La,Bán lẻ,CTV địa phương,2023-09-07,15000.0
Rau cải,Sơn La,Bán lẻ,CTV địa phương,2023-09-07,18000.0
Su su quả,Sơn La,Bán lẻ,CTV địa phương,2023-09-07,25000.0
Bồn bồn,Cà Mau,Bán buôn,CTV địa phương,2023-09-06,35000.0
Cà rốt,Cà Mau,Bán buôn,CTV địa phương,2023-09-06,20000.0
Dừa,Cà Mau,Bán buôn,CTV địa phương,2023-09-06,90000.0
Dưa chuột/dưa chuội,Cà Mau,Bán buôn,CTV địa phương,2023-09-06,15000.0
Quả bí đỏ,Cà Mau,Bán buôn,CTV địa phương,2023-09-06,10000.0
Bưởi da xanh,Tiền Giang,Thu mua tại vườn,CTV địa phương,2023-09-06,36000.0
Bưởi năm roi,Tiền Giang,Thu mua tại vườn,CTV địa phương,2023-09-06,22000.0
Chuối sim,Tiền Giang,Thu mua tại vườn,CTV địa phương,2023-09-06,11000.0
Đu đủ,Tiền Giang,Thu mua tại vườn,CTV địa phương,2023-09-06,11000.0
Dưa chuột/dưa chuội,Tiền Giang,Thu mua tại vườn,CTV địa phương,2023-09-06,10000.0
Măng cụt,Tiền Giang,Thu mua tại vườn,CTV địa phương,2023-09-06,47000.0
Cam sành (loại 1),Bến Tre,Thương lái thu mua,CTV địa phương,2023-09-05,20000.0
Cam sành (loại 2),Bến Tre,Thương lái thu mua,CTV địa phương,2023-09-05,18000.0
Dưa hấu (loại 2),Bến Tre,Thương lái thu mua,CTV địa phương,2023-09-05,8000.0
Măng cụt,Hậu Giang,Bán lẻ,CTV địa phương,2023-09-05,40000.0
Quýt đường,Hậu Giang,Bán lẻ,CTV địa phương,2023-09-05,45000.0
Xoài cát Hòa Lộc,Hậu Giang,Bán lẻ,CTV địa phương,2023-09-05,30000.0
Bắp cải,Sơn La,Bán lẻ,CTV địa phương,2023-09-04,15000.0
Cà rốt,Sơn La,Bán lẻ,CTV địa phương,2023-09-04,25000.0
Chanh,Sơn La,Bán lẻ,CTV địa phương,2023-09-04,30000.0
Dưa chuột/dưa chuội,Sơn La,Bán lẻ,CTV địa phương,2023-09-04,20000.0
Khoai tây,Sơn La,Bán lẻ,CTV địa phương,2023-09-04,20000.0
Mồng tơi,Sơn La,Bán lẻ,CTV địa phương,2023-09-04,18000.0
Mướp đắng,Sơn La,Bán lẻ,CTV địa phương,2023-09-04,25000.0
Mướp hương,Sơn La,Bán lẻ,CTV địa phương,2023-09-04,18000.0
Quả bí đỏ,Sơn La,Bán lẻ,CTV địa phương,2023-09-04,15000.0
Quả bí xanh,Sơn La,Bán lẻ,CTV địa phương,2023-09-04,15000.0
Rau cải,Sơn La,Bán lẻ,CTV địa phương,2023-09-04,18000.0
Su su quả,Sơn La,Bán lẻ,CTV địa phương,2023-09-04,25000.0
Quýt đường,Đồng Tháp,Thu mua tại vườn,CTV địa phương,2023-09-01,40000.0
Xoài cát Hòa Lộc,Đồng Tháp,Thu mua tại vườn,CTV địa phương,2023-09-01,80000.0
Cam sành (loại 1),Vĩnh Long,Bán buôn,CTV địa phương,2023-09-01,14500.0
Cam sành (loại 2),Vĩnh Long,Bán buôn,CTV địa phương,2023-09-01,11500.0
Chôm chôm đường,Vĩnh Long,Bán buôn,CTV địa phương,2023-09-01,25000.0
Chôm chôm Java,Vĩnh Long,Bán buôn,CTV địa phương,2023-09-01,19000.0
Xoài cát Hòa Lộc,Vĩnh Long,Bán buôn,CTV địa phương,2023-09-01,58000.0
Bắp cải,Sơn La,Bán lẻ,CTV địa phương,2023-08-31,15000.0
Cà rốt,Sơn La,Bán lẻ,CTV địa phương,2023-08-31,20000.0
Chanh,Sơn La,Bán lẻ,CTV địa phương,2023-08-31,30000.0
Dưa chuột/dưa chuội,Sơn La,Bán lẻ,CTV địa phương,2023-08-31,20000.0
Khoai tây,Sơn La,Bán lẻ,CTV địa phương,2023-08-31,20000.0
Mồng tơi,Sơn La,Bán lẻ,CTV địa phương,2023-08-31,15000.0
Mướp đắng,Sơn La,Bán lẻ,CTV địa phương,2023-08-31,25000.0
Mướp hương,Sơn La,Bán lẻ,CTV địa phương,2023-08-31,18000.0
Quả bí đỏ,Sơn La,Bán lẻ,CTV địa phương,2023-08-31,15000.0
Quả bí xanh,Sơn La,Bán lẻ,CTV địa phương,2023-08-31,15000.0
Su su quả,Sơn La,Bán lẻ,CTV địa phương,2023-08-31,20000.0
Bưởi da xanh,Hà Nội,Bán lẻ,CTV địa phương,2023-08-29,65000.0
Cà rốt,Hà Nội,Bán lẻ,CTV địa phương,2023-08-29,17000.0
Dưa chuột/dưa chuội,Hà Nội,Bán lẻ,CTV địa phương,2023-08-29,25000.0
Dưa vàng,Hà Nội,Bán lẻ,CTV địa phương,2023-08-29,40000.0
Khoai tây,Hà Nội,Bán lẻ,CTV địa phương,2023-08-29,16000.0
Măng cụt,Hà Nội,Bán lẻ,CTV địa phương,2023-08-29,55000.0
Mướp hương,Hà Nội,Bán lẻ,CTV địa phương,2023-08-29,15000.0
Na,Hà Nội,Bán lẻ,CTV địa phương,2023-08-29,40000.0
Rau cải mơ,Hà Nội,Bán lẻ,CTV địa phương,2023-08-29,30000.0
Rau cải ngọt,Hà Nội,Bán lẻ,CTV địa phương,2023-08-29,30000.0
Bắp cải,Sơn La,Bán lẻ,CTV địa phương,2023-08-28,15000.0
Cà rốt,Sơn La,Bán lẻ,CTV địa phương,2023-08-28,20000.0
Chanh,Sơn La,Bán lẻ,CTV địa phương,2023-08-28,30000.0
Dưa chuột/dưa chuội,Sơn La,Bán lẻ,CTV địa phương,2023-08-28,20000.0
Khoai tây,Sơn La,Bán lẻ,CTV địa phương,2023-08-28,20000.0
Mồng tơi,Sơn La,Bán lẻ,CTV địa phương,2023-08-28,15000.0
Mướp đắng,Sơn La,Bán lẻ,CTV địa phương,2023-08-28,25000.0
Mướp hương,Sơn La,Bán lẻ,CTV địa phương,2023-08-28,18000.0
Quả bí đỏ,Sơn La,Bán lẻ,CTV địa phương,2023-08-28,15000.0
Quả bí xanh,Sơn La,Bán lẻ,CTV địa phương,2023-08-28,15000.0
Su su quả,Sơn La,Bán lẻ,CTV địa phương,2023-08-28,20000.0
Bưởi da xanh,Hà Nội,Bán lẻ,CTV địa phương,2023-08-25,60000.0
Cà rốt,Hà Nội,Bán lẻ,CTV địa phương,2023-08-25,17000.0
Dưa chuột/dưa chuội,Hà Nội,Bán lẻ,CTV địa phương,2023-08-25,20000.0
Dưa vàng,Hà Nội,Bán lẻ,CTV địa phương,2023-08-25,35000.0
Khoai tây,Hà Nội,Bán lẻ,CTV địa phương,2023-08-25,16000.0
Măng cụt,Hà Nội,Bán lẻ,CTV địa phương,2023-08-25,50000.0
Mướp hương,Hà Nội,Bán lẻ,CTV địa phương,2023-08-25,12000.0
Na,Hà Nội,Bán lẻ,CTV địa phương,2023-08-25,45000.0
Rau cải mơ,Hà Nội,Bán lẻ,CTV địa phương,2023-08-25,25000.0
Rau cải ngọt,Hà Nội,Bán lẻ,CTV địa phương,2023-08-25,25000.0
Bắp cải,Sơn La,Bán lẻ,CTV địa phương,2023-08-24,12500.0
Cà rốt,Sơn La,Bán lẻ,CTV địa phương,2023-08-24,20000.0
Chanh,Sơn La,Bán lẻ,CTV địa phương,2023-08-24,30000.0
Dưa chuột/dưa chuội,Sơn La,Bán lẻ,CTV địa phương,2023-08-24,20000.0
Khoai tây,Sơn La,Bán lẻ,CTV địa phương,2023-08-24,20000.0
Mồng tơi,Sơn La,Bán lẻ,CTV địa phương,2023-08-24,15000.0
Mướp đắng,Sơn La,Bán lẻ,CTV địa phương,2023-08-24,25000.0
Mướp hương,Sơn La,Bán lẻ,CTV địa phương,2023-08-24,18000.0
Quả bí đỏ,Sơn La,Bán lẻ,CTV địa phương,2023-08-24,15000.0
Quả bí xanh,Sơn La,Bán lẻ,CTV địa phương,2023-08-24,15000.0
Rau cải,Sơn La,Bán lẻ,CTV địa phương,2023-08-24,18000.0
Su su quả,Sơn La,Bán lẻ,CTV địa phương,2023-08-24,20000.0
Bưởi da xanh,Hà Nội,Bán lẻ,CTV địa phương,2023-08-22,60000.0
Cà rốt,Hà Nội,Bán lẻ,CTV địa phương,2023-08-22,17000.0
Dưa chuột/dưa chuội,Hà Nội,Bán lẻ,CTV địa phương,2023-08-22,20000.0
Dưa vàng,Hà Nội,Bán lẻ,CTV địa phương,2023-08-22,35000.0
Khoai tây,Hà Nội,Bán lẻ,CTV địa phương,2023-08-22,16000.0
Măng cụt,Hà Nội,Bán lẻ,CTV địa phương,2023-08-22,50000.0
Mướp hương,Hà Nội,Bán lẻ,CTV địa phương,2023-08-22,12000.0
Na,Hà Nội,Bán lẻ,CTV địa phương,2023-08-22,45000.0
Rau cải mơ,Hà Nội,Bán lẻ,CTV địa phương,2023-08-22,25000.0
Rau cải ngọt,Hà Nội,Bán lẻ,CTV địa phương,2023-08-22,25000.0
Bắp cải,Sơn La,Bán lẻ,CTV địa phương,2023-08-21,12500.0
Cà rốt,Sơn La,Bán lẻ,CTV địa phương,2023-08-21,20000.0
Chanh,Sơn La,Bán lẻ,CTV địa phương,2023-08-21,30000.0
Dưa chuột/dưa chuội,Sơn La,Bán lẻ,CTV địa phương,2023-08-21,20000.0
Khoai tây,Sơn La,Bán lẻ,CTV địa phương,2023-08-21,20000.0
Mồng tơi,Sơn La,Bán lẻ,CTV địa phương,2023-08-21,15000.0
Mướp đắng,Sơn La,Bán lẻ,CTV địa phương,2023-08-21,25000.0
Mướp hương,Sơn La,Bán lẻ,CTV địa phương,2023-08-21,18000.0
Quả bí đỏ,Sơn La,Bán lẻ,CTV địa phương,2023-08-21,15000.0
Quả bí xanh,Sơn La,Bán lẻ,CTV địa phương,2023-08-21,15000.0
Rau cải,Sơn La,Bán lẻ,CTV địa phương,2023-08-21,18000.0
Su su quả,Sơn La,Bán lẻ,CTV địa phương,2023-08-21,20000.0
Bưởi da xanh,Hà Nội,Bán lẻ,CTV địa phương,2023-08-18,60000.0
Cà rốt,Hà Nội,Bán lẻ,CTV địa phương,2023-08-18,17000.0
Dưa chuột/dưa chuội,Hà Nội,Bán lẻ,CTV địa phương,2023-08-18,20000.0
Dưa vàng,Hà Nội,Bán lẻ,CTV địa phương,2023-08-18,35000.0
Khoai tây,Hà Nội,Bán lẻ,CTV địa phương,2023-08-18,16000.0
Măng cụt,Hà Nội,Bán lẻ,CTV địa phương,2023-08-18,50000.0
Mướp hương,Hà Nội,Bán lẻ,CTV địa phương,2023-08-18,12000.0
Na,Hà Nội,Bán lẻ,CTV địa phương,2023-08-18,45000.0
Rau cải mơ,Hà Nội,Bán lẻ,CTV địa phương,2023-08-18,25000.0
Rau cải ngọt,Hà Nội,Bán lẻ,CTV địa phương,2023-08-18,25000.0
Bắp cải,Sơn La,Bán lẻ,CTV địa phương,2023-08-17,10000.0
Cà rốt,Sơn La,Bán lẻ,CTV địa phương,2023-08-17,15000.0
Chanh,Sơn La,Bán lẻ,CTV địa phương,2023-08-17,35000.0
Dưa chuột/dưa chuội,Sơn La,Bán lẻ,CTV địa phương,2023-08-17,15000.0
Khoai tây,Sơn La,Bán lẻ,CTV địa phương,2023-08-17,15000.0
Mồng tơi,Sơn La,Bán lẻ,CTV địa phương,2023-08-17,15000.0
Mướp đắng,Sơn La,Bán lẻ,CTV địa phương,2023-08-17,15000.0
Mướp hương,Sơn La,Bán lẻ,CTV địa phương,2023-08-17,15000.0
Quả bí đỏ,Sơn La,Bán lẻ,CTV địa phương,2023-08-17,15000.0
Quả bí xanh,Sơn La,Bán lẻ,CTV địa phương,2023-08-17,15000.0
Rau cải,Sơn La,Bán lẻ,CTV địa phương,2023-08-17,15000.0
Su su quả,Sơn La,Bán lẻ,CTV địa phương,2023-08-17,20000.0
Bưởi da xanh,Hà Nội,Bán lẻ,CTV địa phương,2023-08-15,60000.0
Cà rốt,Hà Nội,Bán lẻ,CTV địa phương,2023-08-15,17000.0
Dưa chuột/dưa chuội,Hà Nội,Bán lẻ,CTV địa phương,2023-08-15,20000.0
Dưa vàng,Hà Nội,Bán lẻ,CTV địa phương,2023-08-15,35000.0
Khoai tây,Hà Nội,Bán lẻ,CTV địa phương,2023-08-15,16000.0
Măng cụt,Hà Nội,Bán lẻ,CTV địa phương,2023-08-15,50000.0
Mướp hương,Hà Nội,Bán lẻ,CTV địa phương,2023-08-15,12000.0
Na,Hà Nội,Bán lẻ,CTV địa phương,2023-08-15,45000.0
Rau cải mơ,Hà Nội,Bán lẻ,CTV địa phương,2023-08-15,25000.0
Rau cải ngọt,Hà Nội,Bán lẻ,CTV địa phương,2023-08-15,25000.0
Bưởi da xanh,Hà Nội,Bán lẻ,CTV địa phương,2023-08-11,60000.0
Cà rốt,Hà Nội,Bán lẻ,CTV địa phương,2023-08-11,17000.0
Dưa chuột/dưa chuội,Hà Nội,Bán lẻ,CTV địa phương,2023-08-11,20000.0
Dưa vàng,Hà Nội,Bán lẻ,CTV địa phương,2023-08-11,35000.0
Khoai tây,Hà Nội,Bán lẻ,CTV địa phương,2023-08-11,16000.0
Măng cụt,Hà Nội,Bán lẻ,CTV địa phương,2023-08-11,50000.0
Mướp hương,Hà Nội,Bán lẻ,CTV địa phương,2023-08-11,12000.0
Na,Hà Nội,Bán lẻ,CTV địa phương,2023-08-11,45000.0
Rau cải mơ,Hà Nội,Bán lẻ,CTV địa phương,2023-08-11,25000.0
Rau cải ngọt,Hà Nội,Bán lẻ,CTV địa phương,2023-08-11,25000.0
Bắp cải,Sơn La,Bán lẻ,CTV địa phương,2023-08-10,10000.0
Cà rốt,Sơn La,Bán lẻ,CTV địa phương,2023-08-10,15000.0
Chanh,Sơn La,Bán lẻ,CTV địa phương,2023-08-10,35000.0
Dưa chuột/dưa chuội,Sơn La,Bán lẻ,CTV địa phương,2023-08-10,15000.0
Khoai tây,Sơn La,Bán lẻ,CTV địa phương,2023-08-10,15000.0
Mồng tơi,Sơn La,Bán lẻ,CTV địa phương,2023-08-10,15000.0
Mướp đắng,Sơn La,Bán lẻ,CTV địa phương,2023-08-10,15000.0
Mướp hương,Sơn La,Bán lẻ,CTV địa phương,2023-08-10,15000.0
Quả bí đỏ,Sơn La,Bán lẻ,CTV địa phương,2023-08-10,15000.0
Quả bí xanh,Sơn La,Bán lẻ,CTV địa phương,2023-08-10,15000.0
Rau cải,Sơn La,Bán lẻ,CTV địa phương,2023-08-10,15000.0
Su su quả,Sơn La,Bán lẻ,CTV địa phương,2023-08-10,20000.0
Bưởi da xanh,Hà Nội,Bán lẻ,CTV địa phương,2023-08-08,60000.0
Cà rốt,Hà Nội,Bán lẻ,CTV địa phương,2023-08-08,17000.0
Dưa chuột/dưa chuội,Hà Nội,Bán lẻ,CTV địa phương,2023-08-08,20000.0
Dưa vàng,Hà Nội,Bán lẻ,CTV địa phương,2023-08-08,35000.0
Khoai tây,Hà Nội,Bán lẻ,CTV địa phương,2023-08-08,16000.0
Măng cụt,Hà Nội,Bán lẻ,CTV địa phương,2023-08-08,50000.0
Mướp hương,Hà Nội,Bán lẻ,CTV địa phương,2023-08-08,12000.0
Na,Hà Nội,Bán lẻ,CTV địa phương,2023-08-08,45000.0
Rau cải mơ,Hà Nội,Bán lẻ,CTV địa phương,2023-08-08,25000.0
Rau cải ngọt,Hà Nội,Bán lẻ,CTV địa phương,2023-08-08,25000.0
Bắp cải,Sơn La,Bán lẻ,CTV địa phương,2023-08-07,15000.0
Cà rốt,Sơn La,Bán lẻ,CTV địa phương,2023-08-07,15000.0
Chanh,Sơn La,Bán lẻ,CTV địa phương,2023-08-07,35000.0
Dưa chuột/dưa chuội,Sơn La,Bán lẻ,CTV địa phương,2023-08-07,20000.0
Khoai tây,Sơn La,Bán lẻ,CTV địa phương,2023-08-07,18000.0
Mồng tơi,Sơn La,Bán lẻ,CTV địa phương,2023-08-07,12000.0
Mướp đắng,Sơn La,Bán lẻ,CTV địa phương,2023-08-07,20000.0
Mướp hương,Sơn La,Bán lẻ,CTV địa phương,2023-08-07,20000.0
Quả bí đỏ,Sơn La,Bán lẻ,CTV địa phương,2023-08-07,17000.0
Quả bí xanh,Sơn La,Bán lẻ,CTV địa phương,2023-08-07,18000.0
Rau cải,Sơn La,Bán lẻ,CTV địa phương,2023-08-07,12000.0
Su su quả,Sơn La,Bán lẻ,CTV địa phương,2023-08-07,18000.0
Quýt đường,Đồng Tháp,Thu mua tại vườn,CTV địa phương,2023-08-04,40000.0
Bưởi da xanh,Hà Nội,Bán lẻ,CTV địa phương,2023-08-04,60000.0
Cà rốt,Hà Nội,Bán lẻ,CTV địa phương,2023-08-04,17000.0
Dưa chuột/dưa chuội,Hà Nội,Bán lẻ,CTV địa phương,2023-08-04,20000.0
Dưa vàng,Hà Nội,Bán lẻ,CTV địa phương,2023-08-04,35000.0
Khoai tây,Hà Nội,Bán lẻ,CTV địa phương,2023-08-04,16000.0
Măng cụt,Hà Nội,Bán lẻ,CTV địa phương,2023-08-04,50000.0
Mướp hương,Hà Nội,Bán lẻ,CTV địa phương,2023-08-04,15000.0
Na,Hà Nội,Bán lẻ,CTV địa phương,2023-08-04,55000.0
Rau cải mơ,Hà Nội,Bán lẻ,CTV địa phương,2023-08-04,25000.0
Rau cải ngọt,Hà Nội,Bán lẻ,CTV địa phương,2023-08-04,25000.0
Cam sành (loại 1),Vĩnh Long,Bán buôn,CTV địa phương,2023-08-04,13500.0
Cam sành (loại 2),Vĩnh Long,Bán buôn,CTV địa phương,2023-08-04,10500.0
Chôm chôm đường,Vĩnh Long,Bán buôn,CTV địa phương,2023-08-04,24500.0
Chôm chôm Java,Vĩnh Long,Bán buôn,CTV địa phương,2023-08-04,19000.0
Xoài cát Hòa Lộc,Vĩnh Long,Bán buôn,CTV địa phương,2023-08-04,58000.0
Xoài cát Hòa Lộc,An Giang,Thương lái thu mua,CTV địa phương,2023-08-03,22000.0
Bắp cải,Cần Thơ,Thương lái thu mua,CTV địa phương,2023-08-03,15000.0
Mướp đắng,Cần Thơ,Thương lái thu mua,CTV địa phương,2023-08-03,12000.0
Quả bí đỏ,Cần Thơ,Thương lái thu mua,CTV địa phương,2023-08-03,13000.0
Quả bí xanh,Cần Thơ,Thương lái thu mua,CTV địa phương,2023-08-03,12000.0
Trái dứa/thơm (to),Cần Thơ,Thương lái thu mua,CTV địa phương,2023-08-03,10000.0
Bắp cải,Sơn La,Bán lẻ,CTV địa phương,2023-08-03,12000.0
Cà rốt,Sơn La,Bán lẻ,CTV địa phương,2023-08-03,16000.0
Chanh,Sơn La,Bán lẻ,CTV địa phương,2023-08-03,40000.0
Dưa chuột/dưa chuội,Sơn La,Bán lẻ,CTV địa phương,2023-08-03,18000.0
Khoai tây,Sơn La,Bán lẻ,CTV địa phương,2023-08-03,15000.0
Mồng tơi,Sơn La,Bán lẻ,CTV địa phương,2023-08-03,12000.0
Mướp đắng,Sơn La,Bán lẻ,CTV địa phương,2023-08-03,15000.0
Mướp hương,Sơn La,Bán lẻ,CTV địa phương,2023-08-03,15000.0
Quả bí đỏ,Sơn La,Bán lẻ,CTV địa phương,2023-08-03,17000.0
Quả bí xanh,Sơn La,Bán lẻ,CTV địa phương,2023-08-03,18000.0
Rau cải,Sơn La,Bán lẻ,CTV địa phương,2023-08-03,12000.0
Su su quả,Sơn La,Bán lẻ,CTV địa phương,2023-08-03,20000.0
Cà rốt,Cà Mau,Bán buôn,CTV địa phương,2023-08-02,22000.0
Dừa,Cà Mau,Bán buôn,CTV địa phương,2023-08-02,90000.0
Dưa chuột/dưa chuội,Cà Mau,Bán buôn,CTV địa phương,2023-08-02,18000.0
Quả bí đỏ,Cà Mau,Bán buôn,CTV địa phương,2023-08-02,20000.0
Bưởi da xanh,Tiền Giang,Thu mua tại vườn,CTV địa phương,2023-08-02,42000.0
Măng cụt,Tiền Giang,Thu mua tại vườn,CTV địa phương,2023-08-02,48000.0
Dưa hấu (loại 2),Bến Tre,Thương lái thu mua,CTV địa phương,2023-08-01,8000.0
Bưởi da xanh,Hà Nội,Bán lẻ,CTV địa phương,2023-08-01,62500.0
Cà rốt,Hà Nội,Bán lẻ,CTV địa phương,2023-08-01,17000.0
Dưa chuột/dưa chuội,Hà Nội,Bán lẻ,CTV địa phương,2023-08-01,20000.0
Dưa vàng,Hà Nội,Bán lẻ,CTV địa phương,2023-08-01,35000.0
Khoai tây,Hà Nội,Bán lẻ,CTV địa phương,2023-08-01,16000.0
Măng cụt,Hà Nội,Bán lẻ,CTV địa phương,2023-08-01,50000.0
Mướp hương,Hà Nội,Bán lẻ,CTV địa phương,2023-08-01,15000.0
Na,Hà Nội,Bán lẻ,CTV địa phương,2023-08-01,45000.0
Rau cải mơ,Hà Nội,Bán lẻ,CTV địa phương,2023-08-01,27500.0
Rau cải ngọt,Hà Nội,Bán lẻ,CTV địa phương,2023-08-01,27500.0
Dưa hấu (loại 2),Hậu Giang,Bán lẻ,CTV địa phương,2023-08-01,6000.0
Bắp cải,Sơn La,Bán lẻ,CTV địa phương,2023-07-31,12000.0
Cà rốt,Sơn La,Bán lẻ,CTV địa phương,2023-07-31,16000.0
Chanh,Sơn La,Bán lẻ,CTV địa phương,2023-07-31,40000.0
Dưa chuột/dưa chuội,Sơn La,Bán lẻ,CTV địa phương,2023-07-31,18000.0
Khoai tây,Sơn La,Bán lẻ,CTV địa phương,2023-07-31,15000.0
Mồng tơi,Sơn La,Bán lẻ,CTV địa phương,2023-07-31,12000.0
Mướp đắng,Sơn La,Bán lẻ,CTV địa phương,2023-07-31,15000.0
Mướp hương,Sơn La,Bán lẻ,CTV địa phương,2023-07-31,15000.0
Quả bí đỏ,Sơn La,Bán lẻ,CTV địa phương,2023-07-31,17000.0
Quả bí xanh,Sơn La,Bán lẻ,CTV địa phương,2023-07-31,18000.0
Rau cải,Sơn La,Bán lẻ,CTV địa phương,2023-07-31,12000.0
Su su quả,Sơn La,Bán lẻ,CTV địa phương,2023-07-31,20000.0
Quýt đường,Đồng Tháp,Thu mua tại vườn,CTV địa phương,2023-07-28,40000.0
Xoài cát Hòa Lộc,Đồng Tháp,Thương lái thu mua,CTV địa phương,2023-07-28,40000.0
Bưởi da xanh,Hà Nội,Bán lẻ,CTV địa phương,2023-07-28,65000.0
Cà rốt,Hà Nội,Bán lẻ,CTV địa phương,2023-07-28,17000.0
Dưa chuột/dưa chuội,Hà Nội,Bán lẻ,CTV địa phương,2023-07-28,20000.0
Dưa vàng,Hà Nội,Bán lẻ,CTV địa phương,2023-07-28,30000.0
Khoai tây,Hà Nội,Bán lẻ,CTV địa phương,2023-07-28,17000.0
Măng cụt,Hà Nội,Bán lẻ,CTV địa phương,2023-07-28,50000.0
Mướp hương,Hà Nội,Bán lẻ,CTV địa phương,2023-07-28,15000.0
Rau cải mơ,Hà Nội,Bán lẻ,CTV địa phương,2023-07-28,25000.0
Rau cải ngọt,Hà Nội,Bán lẻ,CTV địa phương,2023-07-28,25000.0
Cam sành (loại 1),Vĩnh Long,Bán buôn,CTV địa phương,2023-07-28,14000.0
Cam sành (loại 2),Vĩnh Long,Bán buôn,CTV địa phương,2023-07-28,11000.0
Chôm chôm đường,Vĩnh Long,Bán buôn,CTV địa phương,2023-07-28,25000.0
Chôm chôm Java,Vĩnh Long,Bán buôn,CTV địa phương,2023-07-28,16000.0
Xoài cát Hòa Lộc,Vĩnh Long,Bán buôn,CTV địa phương,2023-07-28,59000.0
Xoài cát Hòa Lộc,An Giang,Thương lái thu mua,CTV địa phương,2023-07-27,22000.0
Bắp cải,Cần Thơ,Thương lái thu mua,CTV địa phương,2023-07-27,15000.0
Dưa chuột/dưa chuội,Cần Thơ,Thương lái thu mua,CTV địa phương,2023-07-27,7000.0
Mướp,Cần Thơ,Thương lái thu mua,CTV địa phương,2023-07-27,5000.0
Mướp đắng,Cần Thơ,Thương lái thu mua,CTV địa phương,2023-07-27,12000.0
Quả bí đỏ,Cần Thơ,Thương lái thu mua,CTV địa phương,2023-07-27,12000.0
Quả bí xanh,Cần Thơ,Thương lái thu mua,CTV địa phương,2023-07-27,10000.0
Trái dứa/thơm (to),Cần Thơ,Thương lái thu mua,CTV địa phương,2023-07-27,10000.0
Bắp cải,Sơn La,Bán lẻ,CTV địa phương,2023-07-27,12000.0
Cà rốt,Sơn La,Bán lẻ,CTV địa phương,2023-07-27,16000.0
Chanh,Sơn La,Bán lẻ,CTV địa phương,2023-07-27,40000.0
Dưa chuột/dưa chuội,Sơn La,Bán lẻ,CTV địa phương,2023-07-27,18000.0
Khoai tây,Sơn La,Bán lẻ,CTV địa phương,2023-07-27,15000.0
Mồng tơi,Sơn La,Bán lẻ,CTV địa phương,2023-07-27,12000.0
Mướp đắng,Sơn La,Bán lẻ,CTV địa phương,2023-07-27,15000.0
Mướp hương,Sơn La,Bán lẻ,CTV địa phương,2023-07-27,15000.0
Quả bí đỏ,Sơn La,Bán lẻ,CTV địa phương,2023-07-27,17000.0
Quả bí xanh,Sơn La,Bán lẻ,CTV địa phương,2023-07-27,18000.0
Rau cải,Sơn La,Bán lẻ,CTV địa phương,2023-07-27,12000.0
Su su quả,Sơn La,Bán lẻ,CTV địa phương,2023-07-27,20000.0
Bồn bồn,Cà Mau,Bán buôn,CTV địa phương,2023-07-26,30000.0
Cà rốt,Cà Mau,Bán buôn,CTV địa phương,2023-07-26,20000.0
Dừa,Cà Mau,Bán buôn,CTV địa phương,2023-07-26,90000.0
Dưa chuột/dưa chuội,Cà Mau,Bán buôn,CTV địa phương,2023-07-26,15000.0
Quả bí đỏ,Cà Mau,Bán buôn,CTV địa phương,2023-07-26,20000.0
Bưởi da xanh,Tiền Giang,Thu mua tại vườn,CTV địa phương,2023-07-26,40000.0
Bưởi năm roi,Tiền Giang,Thu mua tại vườn,CTV địa phương,2023-07-26,22000.0
Chuối sim,Tiền Giang,Thu mua tại vườn,CTV địa phương,2023-07-26,10000.0
Đu đủ,Tiền Giang,Thu mua tại vườn,CTV địa phương,2023-07-26,11000.0
Dưa chuột/dưa chuội,Tiền Giang,Thu mua tại vườn,CTV địa phương,2023-07-26,9000.0
Măng cụt,Tiền Giang,Thu mua tại vườn,CTV địa phương,2023-07-26,45000.0
Cam sành (loại 1),Bến Tre,Thương lái thu mua,CTV địa phương,2023-07-25,25000.0
Cam sành (loại 2),Bến Tre,Thương lái thu mua,CTV địa phương,2023-07-25,20000.0
Dưa hấu (loại 2),Bến Tre,Thương lái thu mua,CTV địa phương,2023-07-25,8000.0
Bưởi da xanh,Hà Nội,Bán lẻ,CTV địa phương,2023-07-25,60000.0
Cà rốt,Hà Nội,Bán lẻ,CTV địa phương,2023-07-25,17000.0
Dưa chuột/dưa chuội,Hà Nội,Bán lẻ,CTV địa phương,2023-07-25,20000.0
Khoai tây,Hà Nội,Bán lẻ,CTV địa phương,2023-07-25,17000.0
Măng cụt,Hà Nội,Bán lẻ,CTV địa phương,2023-07-25,50000.0
Mướp hương,Hà Nội,Bán lẻ,CTV địa phương,2023-07-25,15000.0
Rau cải mơ,Hà Nội,Bán lẻ,CTV địa phương,2023-07-25,25000.0
Rau cải ngọt,Hà Nội,Bán lẻ,CTV địa phương,2023-07-25,25000.0
Dưa hấu (loại 2),Hậu Giang,Bán lẻ,CTV địa phương,2023-07-25,8000.0
Măng cụt,Hậu Giang,Bán lẻ,CTV địa phương,2023-07-25,35000.0
Quýt đường,Hậu Giang,Bán lẻ,CTV địa phương,2023-07-25,45000.0
Xoài cát Hòa Lộc,Hậu Giang,Bán lẻ,CTV địa phương,2023-07-25,25000.0
Bắp cải,Sơn La,Bán lẻ,CTV địa phương,2023-07-24,10000.0
Cà rốt,Sơn La,Bán lẻ,CTV địa phương,2023-07-24,15000.0
Chanh,Sơn La,Bán lẻ,CTV địa phương,2023-07-24,40000.0
Dưa chuột/dưa chuội,Sơn La,Bán lẻ,CTV địa phương,2023-07-24,18000.0
Khoai tây,Sơn La,Bán lẻ,CTV địa phương,2023-07-24,15000.0
Mồng tơi,Sơn La,Bán lẻ,CTV địa phương,2023-07-24,12000.0
Mướp đắng,Sơn La,Bán lẻ,CTV địa phương,2023-07-24,15000.0
Mướp hương,Sơn La,Bán lẻ,CTV địa phương,2023-07-24,15000.0
Quả bí đỏ,Sơn La,Bán lẻ,CTV địa phương,2023-07-24,15000.0
Quả bí xanh,Sơn La,Bán lẻ,CTV địa phương,2023-07-24,10000.0
Rau cải,Sơn La,Bán lẻ,CTV địa phương,2023-07-24,12000.0
Su su quả,Sơn La,Bán lẻ,CTV địa phương,2023-07-24,20000.0
Quýt đường,Đồng Tháp,Thu mua tại vườn,CTV địa phương,2023-07-21,40000.0
Xoài cát Hòa Lộc,Đồng Tháp,Thương lái thu mua,CTV địa phương,2023-07-21,32000.0
Bưởi da xanh,Hà Nội,Bán lẻ,CTV địa phương,2023-07-21,60000.0
Cà rốt,Hà Nội,Bán lẻ,CTV địa phương,2023-07-21,17000.0
Dưa chuột/dưa chuội,Hà Nội,Bán lẻ,CTV địa phương,2023-07-21,20000.0
Khoai tây,Hà Nội,Bán lẻ,CTV địa phương,2023-07-21,17000.0
Măng cụt,Hà Nội,Bán lẻ,CTV địa phương,2023-07-21,50000.0
Mướp hương,Hà Nội,Bán lẻ,CTV địa phương,2023-07-21,15000.0
Rau cải mơ,Hà Nội,Bán lẻ,CTV địa phương,2023-07-21,25000.0
Rau cải ngọt,Hà Nội,Bán lẻ,CTV địa phương,2023-07-21,25000.0
Cam sành (loại 1),Vĩnh Long,Bán buôn,CTV địa phương,2023-07-21,14000.0
Cam sành (loại 2),Vĩnh Long,Bán buôn,CTV địa phương,2023-07-21,11000.0
Chôm chôm đường,Vĩnh Long,Bán buôn,CTV địa phương,2023-07-21,19000.0
Chôm chôm Java,Vĩnh Long,Bán buôn,CTV địa phương,2023-07-21,14500.0
Xoài cát Hòa Lộc,Vĩnh Long,Bán buôn,CTV địa phương,2023-07-21,59000.0
Xoài cát Hòa Lộc,An Giang,Thương lái thu mua,CTV địa phương,2023-07-20,22000.0
Bắp cải,Cần Thơ,Thương lái thu mua,CTV địa phương,2023-07-20,13000.0
Dưa chuột/dưa chuội,Cần Thơ,Thương lái thu mua,CTV địa phương,2023-07-20,8000.0
Mướp,Cần Thơ,Thương lái thu mua,CTV địa phương,2023-07-20,6000.0
Mướp đắng,Cần Thơ,Thương lái thu mua,CTV địa phương,2023-07-20,13000.0
Quả bí đỏ,Cần Thơ,Thương lái thu mua,CTV địa phương,2023-07-20,10000.0
Quả bí xanh,Cần Thơ,Thương lái thu mua,CTV địa phương,2023-07-20,10000.0
Trái dứa/thơm (to),Cần Thơ,Thương lái thu mua,CTV địa phương,2023-07-20,10000.0
Bắp cải,Sơn La,Bán lẻ,CTV địa phương,2023-07-20,10000.0
Cà rốt,Sơn La,Bán lẻ,CTV địa phương,2023-07-20,15000.0
Chanh,Sơn La,Bán lẻ,CTV địa phương,2023-07-20,40000.0
Dưa chuột/dưa chuội,Sơn La,Bán lẻ,CTV địa phương,2023-07-20,18000.0
Khoai tây,Sơn La,Bán lẻ,CTV địa phương,2023-07-20,15000.0
Mồng tơi,Sơn La,Bán lẻ,CTV địa phương,2023-07-20,12000.0
Mướp đắng,Sơn La,Bán lẻ,CTV địa phương,2023-07-20,15000.0
Mướp hương,Sơn La,Bán lẻ,CTV địa phương,2023-07-20,15000.0
Quả bí đỏ,Sơn La,Bán lẻ,CTV địa phương,2023-07-20,15000.0
Quả bí xanh,Sơn La,Bán lẻ,CTV địa phương,2023-07-20,10000.0
Rau cải,Sơn La,Bán lẻ,CTV địa phương,2023-07-20,12000.0
Su su quả,Sơn La,Bán lẻ,CTV địa phương,2023-07-20,20000.0
Bồn bồn,Cà Mau,Bán buôn,CTV địa phương,2023-07-19,30000.0
Cà rốt,Cà Mau,Bán buôn,CTV địa phương,2023-07-19,20000.0
Dừa,Cà Mau,Bán buôn,CTV địa phương,2023-07-19,90000.0
Dưa chuột/dưa chuội,Cà Mau,Bán buôn,CTV địa phương,2023-07-19,15000.0
Quả bí đỏ,Cà Mau,Bán buôn,CTV địa phương,2023-07-19,20000.0
Bưởi da xanh,Tiền Giang,Thu mua tại vườn,CTV địa phương,2023-07-19,40000.0
Bưởi năm roi,Tiền Giang,Thu mua tại vườn,CTV địa phương,2023-07-19,22000.0
Chuối sim,Tiền Giang,Thu mua tại vườn,CTV địa phương,2023-07-19,10000.0
Đu đủ,Tiền Giang,Thu mua tại vườn,CTV địa phương,2023-07-19,11000.0
Dưa chuột/dưa chuội,Tiền Giang,Thu mua tại vườn,CTV địa phương,2023-07-19,9000.0
Măng cụt,Tiền Giang,Thu mua tại vườn,CTV địa phương,2023-07-19,45000.0
Cam sành (loại 1),Bến Tre,Thương lái thu mua,CTV địa phương,2023-07-18,20000.0
Dưa hấu (loại 2),Bến Tre,Thương lái thu mua,CTV địa phương,2023-07-18,8000.0
Bưởi da xanh,Hà Nội,Bán lẻ,CTV địa phương,2023-07-18,60000.0
Cà rốt,Hà Nội,Bán lẻ,CTV địa phương,2023-07-18,17000.0
Dưa chuột/dưa chuội,Hà Nội,Bán lẻ,CTV địa phương,2023-07-18,20000.0
Khoai tây,Hà Nội,Bán lẻ,CTV địa phương,2023-07-18,17000.0
Măng cụt,Hà Nội,Bán lẻ,CTV địa phương,2023-07-18,50000.0
Mướp hương,Hà Nội,Bán lẻ,CTV địa phương,2023-07-18,15000.0
Rau cải mơ,Hà Nội,Bán lẻ,CTV địa phương,2023-07-18,25000.0
Rau cải ngọt,Hà Nội,Bán lẻ,CTV địa phương,2023-07-18,25000.0
Dưa hấu (loại 2),Hậu Giang,Bán lẻ,CTV địa phương,2023-07-18,7000.0
Măng cụt,Hậu Giang,Bán lẻ,CTV địa phương,2023-07-18,45000.0
Quýt đường,Hậu Giang,Bán lẻ,CTV địa phương,2023-07-18,50000.0
Xoài cát Hòa Lộc,Hậu Giang,Bán lẻ,CTV địa phương,2023-07-18,25000.0
Bắp cải,Sơn La,Bán lẻ,CTV địa phương,2023-07-17,10000.0
Cà rốt,Sơn La,Bán lẻ,CTV địa phương,2023-07-17,15000.0
Chanh,Sơn La,Bán lẻ,CTV địa phương,2023-07-17,40000.0
Dưa chuột/dưa chuội,Sơn La,Bán lẻ,CTV địa phương,2023-07-17,18000.0
Khoai tây,Sơn La,Bán lẻ,CTV địa phương,2023-07-17,15000.0
Mồng tơi,Sơn La,Bán lẻ,CTV địa phương,2023-07-17,12000.0
Mướp đắng,Sơn La,Bán lẻ,CTV địa phương,2023-07-17,15000.0
Mướp hương,Sơn La,Bán lẻ,CTV địa phương,2023-07-17,15000.0
Quả bí đỏ,Sơn La,Bán lẻ,CTV địa phương,2023-07-17,15000.0
Quả bí xanh,Sơn La,Bán lẻ,CTV địa phương,2023-07-17,10000.0
Rau cải,Sơn La,Bán lẻ,CTV địa phương,2023-07-17,12000.0
Su su quả,Sơn La,Bán lẻ,CTV địa phương,2023-07-17,20000.0
Xoài cát Hòa Lộc,Đồng Tháp,Thương lái thu mua,CTV địa phương,2023-07-14,30000.0
Bưởi da xanh,Hà Nội,Bán lẻ,CTV địa phương,2023-07-14,60000.0
Cà rốt,Hà Nội,Bán lẻ,CTV địa phương,2023-07-14,17000.0
Dưa chuột/dưa chuội,Hà Nội,Bán lẻ,CTV địa phương,2023-07-14,25000.0
Khoai tây,Hà Nội,Bán lẻ,CTV địa phương,2023-07-14,17000.0
Măng cụt,Hà Nội,Bán lẻ,CTV địa phương,2023-07-14,50000.0
Mướp hương,Hà Nội,Bán lẻ,CTV địa phương,2023-07-14,15000.0
Rau cải mơ,Hà Nội,Bán lẻ,CTV địa phương,2023-07-14,25000.0
Rau cải ngọt,Hà Nội,Bán lẻ,CTV địa phương,2023-07-14,25000.0
Cam sành (loại 1),Vĩnh Long,Bán buôn,CTV địa phương,2023-07-14,13500.0
Cam sành (loại 2),Vĩnh Long,Bán buôn,CTV địa phương,2023-07-14,10500.0
Chôm chôm đường,Vĩnh Long,Bán buôn,CTV địa phương,2023-07-14,19500.0
Chôm chôm Java,Vĩnh Long,Bán buôn,CTV địa phương,2023-07-14,14500.0
Xoài cát Hòa Lộc,Vĩnh Long,Bán buôn,CTV địa phương,2023-07-14,58000.0
Xoài cát Hòa Lộc,An Giang,Thương lái thu mua,CTV địa phương,2023-07-13,22000.0
Bắp cải,Cần Thơ,Thương lái thu mua,CTV địa phương,2023-07-13,15000.0
Dưa chuột/dưa chuội,Cần Thơ,Thương lái thu mua,CTV địa phương,2023-07-13,8000.0
Mướp,Cần Thơ,Thương lái thu mua,CTV địa phương,2023-07-13,5000.0
Mướp đắng,Cần Thơ,Thương lái thu mua,CTV địa phương,2023-07-13,14000.0
Quả bí đỏ,Cần Thơ,Thương lái thu mua,CTV địa phương,2023-07-13,14000.0
Quả bí xanh,Cần Thơ,Thương lái thu mua,CTV địa phương,2023-07-13,11000.0
Trái dứa/thơm (to),Cần Thơ,Thương lái thu mua,CTV địa phương,2023-07-13,10000.0
Bắp cải,Sơn La,Bán lẻ,CTV địa phương,2023-07-13,10000.0
Cà rốt,Sơn La,Bán lẻ,CTV địa phương,2023-07-13,15000.0
Chanh,Sơn La,Bán lẻ,CTV địa phương,2023-07-13,40000.0
Dưa chuột/dưa chuội,Sơn La,Bán lẻ,CTV địa phương,2023-07-13,18000.0
Khoai tây,Sơn La,Bán lẻ,CTV địa phương,2023-07-13,15000.0
Mồng tơi,Sơn La,Bán lẻ,CTV địa phương,2023-07-13,15000.0
Mướp đắng,Sơn La,Bán lẻ,CTV địa phương,2023-07-13,15000.0
Mướp hương,Sơn La,Bán lẻ,CTV địa phương,2023-07-13,15000.0
Quả bí đỏ,Sơn La,Bán lẻ,CTV địa phương,2023-07-13,16000.0
Quả bí xanh,Sơn La,Bán lẻ,CTV địa phương,2023-07-13,10000.0
Rau cải,Sơn La,Bán lẻ,CTV địa phương,2023-07-13,12000.0
Su su quả,Sơn La,Bán lẻ,CTV địa phương,2023-07-13,20000.0
Bồn bồn,Cà Mau,Bán buôn,CTV địa phương,2023-07-12,35000.0
Cà rốt,Cà Mau,Bán buôn,CTV địa phương,2023-07-12,20000.0
Dừa,Cà Mau,Bán buôn,CTV địa phương,2023-07-12,90000.0
Dưa chuột/dưa chuội,Cà Mau,Bán buôn,CTV địa phương,2023-07-12,10000.0
Quả bí đỏ,Cà Mau,Bán buôn,CTV địa phương,2023-07-12,10000.0
Bưởi da xanh,Tiền Giang,Thu mua tại vườn,CTV địa phương,2023-07-12,38000.0
Bưởi năm roi,Tiền Giang,Thu mua tại vườn,CTV địa phương,2023-07-12,20000.0
Chuối sim,Tiền Giang,Thu mua tại vườn,CTV địa phương,2023-07-12,12500.0
Đu đủ,Tiền Giang,Thu mua tại vườn,CTV địa phương,2023-07-12,10000.0
Dưa chuột/dưa chuội,Tiền Giang,Thu mua tại vườn,CTV địa phương,2023-07-12,9000.0
Măng cụt,Tiền Giang,Thu mua tại vườn,CTV địa phương,2023-07-12,42000.0
Cam sành (loại 1),Bến Tre,Thương lái thu mua,CTV địa phương,2023-07-11,25000.0
Cam sành (loại 2),Bến Tre,Thương lái thu mua,CTV địa phương,2023-07-11,20000.0
Dưa hấu (loại 2),Bến Tre,Thương lái thu mua,CTV địa phương,2023-07-11,8000.0
Bưởi da xanh,Hà Nội,Bán lẻ,CTV địa phương,2023-07-11,60000.0
Cà rốt,Hà Nội,Bán lẻ,CTV địa phương,2023-07-11,17000.0
Dưa chuột/dưa chuội,Hà Nội,Bán lẻ,CTV địa phương,2023-07-11,25000.0
Khoai tây,Hà Nội,Bán lẻ,CTV địa phương,2023-07-11,17000.0
Măng cụt,Hà Nội,Bán lẻ,CTV địa phương,2023-07-11,50000.0
Mướp hương,Hà Nội,Bán lẻ,CTV địa phương,2023-07-11,15000.0
Rau cải mơ,Hà Nội,Bán lẻ,CTV địa phương,2023-07-11,25000.0
Rau cải ngọt,Hà Nội,Bán lẻ,CTV địa phương,2023-07-11,25000.0
Dưa hấu (loại 2),Hậu Giang,Bán lẻ,CTV địa phương,2023-07-11,8000.0
Măng cụt,Hậu Giang,Bán lẻ,CTV địa phương,2023-07-11,45000.0
Quýt đường,Hậu Giang,Bán lẻ,CTV địa phương,2023-07-11,50000.0
Xoài cát Hòa Lộc,Hậu Giang,Bán lẻ,CTV địa phương,2023-07-11,30000.0
Bắp cải,Sơn La,Bán lẻ,CTV địa phương,2023-07-10,10000.0
Cà rốt,Sơn La,Bán lẻ,CTV địa phương,2023-07-10,15000.0
Chanh,Sơn La,Bán lẻ,CTV địa phương,2023-07-10,40000.0
Dưa chuột/dưa chuội,Sơn La,Bán lẻ,CTV địa phương,2023-07-10,18000.0
Khoai tây,Sơn La,Bán lẻ,CTV địa phương,2023-07-10,15000.0
Mồng tơi,Sơn La,Bán lẻ,CTV địa phương,2023-07-10,15000.0
Mướp đắng,Sơn La,Bán lẻ,CTV địa phương,2023-07-10,15000.0
Mướp hương,Sơn La,Bán lẻ,CTV địa phương,2023-07-10,15000.0
Quả bí đỏ,Sơn La,Bán lẻ,CTV địa phương,2023-07-10,16000.0
Quả bí xanh,Sơn La,Bán lẻ,CTV địa phương,2023-07-10,10000.0
Rau cải,Sơn La,Bán lẻ,CTV địa phương,2023-07-10,12000.0
Su su quả,Sơn La,Bán lẻ,CTV địa phương,2023-07-10,20000.0
Xoài cát Hòa Lộc,Đồng Tháp,Thương lái thu mua,CTV địa phương,2023-07-07,30000.0
Bưởi da xanh,Hà Nội,Bán lẻ,CTV địa phương,2023-07-07,65000.0
Cà rốt,Hà Nội,Bán lẻ,CTV địa phương,2023-07-07,17000.0
Dưa chuột/dưa chuội,Hà Nội,Bán lẻ,CTV địa phương,2023-07-07,20000.0
Khoai tây,Hà Nội,Bán lẻ,CTV địa phương,2023-07-07,17000.0
Măng cụt,Hà Nội,Bán lẻ,CTV địa phương,2023-07-07,50000.0
Mướp hương,Hà Nội,Bán lẻ,CTV địa phương,2023-07-07,15000.0
Rau cải mơ,Hà Nội,Bán lẻ,CTV địa phương,2023-07-07,25000.0
Rau cải ngọt,Hà Nội,Bán lẻ,CTV địa phương,2023-07-07,25000.0
Cam sành (loại 1),Vĩnh Long,Bán buôn,CTV địa phương,2023-07-07,14000.0
Cam sành (loại 2),Vĩnh Long,Bán buôn,CTV địa phương,2023-07-07,9500.0
Chôm chôm đường,Vĩnh Long,Bán buôn,CTV địa phương,2023-07-07,14500.0
Xoài cát Hòa Lộc,Vĩnh Long,Bán buôn,CTV địa phương,2023-07-07,57500.0
Xoài cát Hòa Lộc,An Giang,Thương lái thu mua,CTV địa phương,2023-07-06,22000.0
Bắp cải,Cần Thơ,Thương lái thu mua,CTV địa phương,2023-07-06,15000.0
Dưa chuột/dưa chuội,Cần Thơ,Thương lái thu mua,CTV địa phương,2023-07-06,8000.0
Mướp,Cần Thơ,Thương lái thu mua,CTV địa phương,2023-07-06,6000.0
Mướp đắng,Cần Thơ,Thương lái thu mua,CTV địa phương,2023-07-06,13000.0
Quả bí đỏ,Cần Thơ,Thương lái thu mua,CTV địa phương,2023-07-06,14000.0
Quả bí xanh,Cần Thơ,Thương lái thu mua,CTV địa phương,2023-07-06,12000.0
Trái dứa/thơm (to),Cần Thơ,Thương lái thu mua,CTV địa phương,2023-07-06,10000.0
Bắp cải,Sơn La,Bán lẻ,CTV địa phương,2023-07-06,10000.0
Cà rốt,Sơn La,Bán lẻ,CTV địa phương,2023-07-06,15000.0
Chanh,Sơn La,Bán lẻ,CTV địa phương,2023-07-06,40000.0
Dưa chuột/dưa chuội,Sơn La,Bán lẻ,CTV địa phương,2023-07-06,18000.0
Khoai tây,Sơn La,Bán lẻ,CTV địa phương,2023-07-06,15000.0
Mồng tơi,Sơn La,Bán lẻ,CTV địa phương,2023-07-06,12000.0
Mướp đắng,Sơn La,Bán lẻ,CTV địa phương,2023-07-06,15000.0
Mướp hương,Sơn La,Bán lẻ,CTV địa phương,2023-07-06,15000.0
Quả bí đỏ,Sơn La,Bán lẻ,CTV địa phương,2023-07-06,15000.0
Quả bí xanh,Sơn La,Bán lẻ,CTV địa phương,2023-07-06,10000.0
Rau cải,Sơn La,Bán lẻ,CTV địa phương,2023-07-06,12000.0
Su su quả,Sơn La,Bán lẻ,CTV địa phương,2023-07-06,20000.0
Bồn bồn,Cà Mau,Bán buôn,CTV địa phương,2023-07-05,35000.0
Cà rốt,Cà Mau,Bán buôn,CTV địa phương,2023-07-05,20000.0
Dừa,Cà Mau,Bán buôn,CTV địa phương,2023-07-05,90000.0
Dưa chuột/dưa chuội,Cà Mau,Bán buôn,CTV địa phương,2023-07-05,10000.0
Quả bí đỏ,Cà Mau,Bán buôn,CTV địa phương,2023-07-05,10000.0
Bưởi da xanh,Tiền Giang,Thu mua tại vườn,CTV địa phương,2023-07-05,37000.0
Bưởi năm roi,Tiền Giang,Thu mua tại vườn,CTV địa phương,2023-07-05,20000.0
Chuối sim,Tiền Giang,Thu mua tại vườn,CTV địa phương,2023-07-05,12000.0
Đu đủ,Tiền Giang,Thu mua tại vườn,CTV địa phương,2023-07-05,10000.0
Dưa chuột/dưa chuội,Tiền Giang,Thu mua tại vườn,CTV địa phương,2023-07-05,9000.0
Măng cụt,Tiền Giang,Thu mua tại vườn,CTV địa phương,2023-07-05,40000.0
Cam sành (loại 1),Bến Tre,Thương lái thu mua,CTV địa phương,2023-07-04,25000.0
Cam sành (loại 2),Bến Tre,Thương lái thu mua,CTV địa phương,2023-07-04,20000.0
Dưa hấu (loại 2),Bến Tre,Thương lái thu mua,CTV địa phương,2023-07-04,8000.0
Bưởi da xanh,Hà Nội,Bán lẻ,CTV địa phương,2023-07-04,70000.0
Cà rốt,Hà Nội,Bán lẻ,CTV địa phương,2023-07-04,17000.0
Dưa chuột/dưa chuội,Hà Nội,Bán lẻ,CTV địa phương,2023-07-04,20000.0
Khoai tây,Hà Nội,Bán lẻ,CTV địa phương,2023-07-04,17000.0
Măng cụt,Hà Nội,Bán lẻ,CTV địa phương,2023-07-04,55000.0
Mướp hương,Hà Nội,Bán lẻ,CTV địa phương,2023-07-04,15000.0
Rau cải mơ,Hà Nội,Bán lẻ,CTV địa phương,2023-07-04,25000.0
Rau cải ngọt,Hà Nội,Bán lẻ,CTV địa phương,2023-07-04,30000.0
Dưa hấu (loại 2),Hậu Giang,Bán lẻ,CTV địa phương,2023-07-04,6000.0
Măng cụt,Hậu Giang,Bán lẻ,CTV địa phương,2023-07-04,40000.0
Quýt đường,Hậu Giang,Bán lẻ,CTV địa phương,2023-07-04,45000.0
Xoài cát Hòa Lộc,Hậu Giang,Bán lẻ,CTV địa phương,2023-07-04,30000.0
Bắp cải,Sơn La,Bán lẻ,CTV địa phương,2023-07-03,10000.0
Cà rốt,Sơn La,Bán lẻ,CTV địa phương,2023-07-03,15000.0
Chanh,Sơn La,Bán lẻ,CTV địa phương,2023-07-03,40000.0
Dưa chuột/dưa chuội,Sơn La,Bán lẻ,CTV địa phương,2023-07-03,18000.0
Khoai tây,Sơn La,Bán lẻ,CTV địa phương,2023-07-03,15000.0
Mồng tơi,Sơn La,Bán lẻ,CTV địa phương,2023-07-03,12000.0
Mướp đắng,Sơn La,Bán lẻ,CTV địa phương,2023-07-03,15000.0
Mướp hương,Sơn La,Bán lẻ,CTV địa phương,2023-07-03,15000.0
Quả bí đỏ,Sơn La,Bán lẻ,CTV địa phương,2023-07-03,15000.0
Quả bí xanh,Sơn La,Bán lẻ,CTV địa phương,2023-07-03,10000.0
Rau cải,Sơn La,Bán lẻ,CTV địa phương,2023-07-03,12000.0
Su su quả,Sơn La,Bán lẻ,CTV địa phương,2023-07-03,20000.0
Quýt đường,Đồng Tháp,Thu mua tại vườn,CTV địa phương,2023-06-30,35000.0
Xoài cát Hòa Lộc,Đồng Tháp,Thu mua tại vườn,CTV địa phương,2023-06-30,28000.0
Bưởi da xanh,Hà Nội,Bán lẻ,CTV địa phương,2023-06-30,70000.0
Cà rốt,Hà Nội,Bán lẻ,CTV địa phương,2023-06-30,17000.0
Dưa chuột/dưa chuội,Hà Nội,Bán lẻ,CTV địa phương,2023-06-30,20000.0
Khoai tây,Hà Nội,Bán lẻ,CTV địa phương,2023-06-30,17000.0
Măng cụt,Hà Nội,Bán lẻ,CTV địa phương,2023-06-30,50000.0
Mướp hương,Hà Nội,Bán lẻ,CTV địa phương,2023-06-30,15000.0
Rau cải mơ,Hà Nội,Bán lẻ,CTV địa phương,2023-06-30,30000.0
Rau cải ngọt,Hà Nội,Bán lẻ,CTV địa phương,2023-06-30,30000.0
Cam sành (loại 1),Vĩnh Long,Bán buôn,CTV địa phương,2023-06-30,12500.0
Cam sành (loại 2),Vĩnh Long,Bán buôn,CTV địa phương,2023-06-30,9500.0
Chôm chôm đường,Vĩnh Long,Bán buôn,CTV địa phương,2023-06-30,14500.0
Xoài cát Hòa Lộc,Vĩnh Long,Bán buôn,CTV địa phương,2023-06-30,58500.0
Xoài cát Hòa Lộc,An Giang,Thương lái thu mua,CTV địa phương,2023-06-29,22000.0
Bắp cải,Cần Thơ,Thương lái thu mua,CTV địa phương,2023-06-29,15000.0
Dưa chuột/dưa chuội,Cần Thơ,Thương lái thu mua,CTV địa phương,2023-06-29,8000.0
Mướp,Cần Thơ,Thương lái thu mua,CTV địa phương,2023-06-29,7000.0
Mướp đắng,Cần Thơ,Thương lái thu mua,CTV địa phương,2023-06-29,14000.0
Quả bí đỏ,Cần Thơ,Thương lái thu mua,CTV địa phương,2023-06-29,14000.0
Quả bí xanh,Cần Thơ,Thương lái thu mua,CTV địa phương,2023-06-29,12500.0
Trái dứa/thơm (to),Cần Thơ,Thương lái thu mua,CTV địa phương,2023-06-29,10000.0
Bắp cải,Sơn La,Bán lẻ,CTV địa phương,2023-06-29,10000.0
Cà rốt,Sơn La,Bán lẻ,CTV địa phương,2023-06-29,15000.0
Chanh,Sơn La,Bán lẻ,CTV địa phương,2023-06-29,40000.0
Dưa chuột/dưa chuội,Sơn La,Bán lẻ,CTV địa phương,2023-06-29,18000.0
Khoai tây,Sơn La,Bán lẻ,CTV địa phương,2023-06-29,15000.0
Mồng tơi,Sơn La,Bán lẻ,CTV địa phương,2023-06-29,12000.0
Mướp đắng,Sơn La,Bán lẻ,CTV địa phương,2023-06-29,15000.0
Mướp hương,Sơn La,Bán lẻ,CTV địa phương,2023-06-29,15000.0
Quả bí đỏ,Sơn La,Bán lẻ,CTV địa phương,2023-06-29,15000.0
Quả bí xanh,Sơn La,Bán lẻ,CTV địa phương,2023-06-29,10000.0
Rau cải,Sơn La,Bán lẻ,CTV địa phương,2023-06-29,12000.0
Su su quả,Sơn La,Bán lẻ,CTV địa phương,2023-06-29,20000.0
Bồn bồn,Cà Mau,Bán buôn,CTV địa phương,2023-06-28,35000.0
Cà rốt,Cà Mau,Bán buôn,CTV địa phương,2023-06-28,20000.0
Dừa,Cà Mau,Bán buôn,CTV địa phương,2023-06-28,90000.0
Dưa chuột/dưa chuội,Cà Mau,Bán buôn,CTV địa phương,2023-06-28,10000.0
Quả bí đỏ,Cà Mau,Bán buôn,CTV địa phương,2023-06-28,10000.0
Bưởi da xanh,Tiền Giang,Thu mua tại vườn,CTV địa phương,2023-06-28,38000.0
Bưởi năm roi,Tiền Giang,Thu mua tại vườn,CTV địa phương,2023-06-28,20000.0
Chuối sim,Tiền Giang,Thu mua tại vườn,CTV địa phương,2023-06-28,12000.0
Đu đủ,Tiền Giang,Thu mua tại vườn,CTV địa phương,2023-06-28,11000.0
Dưa chuột/dưa chuội,Tiền Giang,Thu mua tại vườn,CTV địa phương,2023-06-28,9000.0
Măng cụt,Tiền Giang,Thu mua tại vườn,CTV địa phương,2023-06-28,40000.0
Cam sành (loại 1),Bến Tre,Thương lái thu mua,CTV địa phương,2023-06-27,25000.0
Cam sành (loại 2),Bến Tre,Thương lái thu mua,CTV địa phương,2023-06-27,20000.0
Dưa hấu (loại 2),Bến Tre,Thương lái thu mua,CTV địa phương,2023-06-27,7800.0
Bưởi da xanh,Hà Nội,Bán lẻ,CTV địa phương,2023-06-27,70000.0
Cà rốt,Hà Nội,Bán lẻ,CTV địa phương,2023-06-27,17000.0
Dưa chuột/dưa chuội,Hà Nội,Bán lẻ,CTV địa phương,2023-06-27,20000.0
Khoai tây,Hà Nội,Bán lẻ,CTV địa phương,2023-06-27,17000.0
Măng cụt,Hà Nội,Bán lẻ,CTV địa phương,2023-06-27,50000.0
Mướp hương,Hà Nội,Bán lẻ,CTV địa phương,2023-06-27,15000.0
Rau cải mơ,Hà Nội,Bán lẻ,CTV địa phương,2023-06-27,30000.0
Rau cải ngọt,Hà Nội,Bán lẻ,CTV địa phương,2023-06-27,30000.0
Dưa hấu (loại 2),Hậu Giang,Bán lẻ,CTV địa phương,2023-06-27,5000.0
Măng cụt,Hậu Giang,Bán lẻ,CTV địa phương,2023-06-27,35000.0
Quýt đường,Hậu Giang,Bán lẻ,CTV địa phương,2023-06-27,45000.0
Xoài cát Hòa Lộc,Hậu Giang,Bán lẻ,CTV địa phương,2023-06-27,30000.0
Bắp cải,Sơn La,Bán lẻ,CTV địa phương,2023-06-26,10000.0
Cà rốt,Sơn La,Bán lẻ,CTV địa phương,2023-06-26,15000.0
Chanh,Sơn La,Bán lẻ,CTV địa phương,2023-06-26,40000.0
Dưa chuột/dưa chuội,Sơn La,Bán lẻ,CTV địa phương,2023-06-26,18000.0
Khoai tây,Sơn La,Bán lẻ,CTV địa phương,2023-06-26,15000.0
Mồng tơi,Sơn La,Bán lẻ,CTV địa phương,2023-06-26,12000.0
Mướp đắng,Sơn La,Bán lẻ,CTV địa phương,2023-06-26,15000.0
Mướp hương,Sơn La,Bán lẻ,CTV địa phương,2023-06-26,15000.0
Quả bí đỏ,Sơn La,Bán lẻ,CTV địa phương,2023-06-26,15000.0
Quả bí xanh,Sơn La,Bán lẻ,CTV địa phương,2023-06-26,10000.0
Rau cải,Sơn La,Bán lẻ,CTV địa phương,2023-06-26,12000.0
Su su quả,Sơn La,Bán lẻ,CTV địa phương,2023-06-26,20000.0
Quýt đường,Đồng Tháp,Thu mua tại vườn,CTV địa phương,2023-06-23,35000.0
Xoài cát Hòa Lộc,Đồng Tháp,Thu mua tại vườn,CTV địa phương,2023-06-23,30000.0
Bưởi da xanh,Hà Nội,Bán lẻ,CTV địa phương,2023-06-23,65000.0
Cà rốt,Hà Nội,Bán lẻ,CTV địa phương,2023-06-23,17000.0
Dưa chuột/dưa chuội,Hà Nội,Bán lẻ,CTV địa phương,2023-06-23,20000.0
Khoai tây,Hà Nội,Bán lẻ,CTV địa phương,2023-06-23,17000.0
Măng cụt,Hà Nội,Bán lẻ,CTV địa phương,2023-06-23,45000.0
Mướp hương,Hà Nội,Bán lẻ,CTV địa phương,2023-06-23,15000.0
Rau cải mơ,Hà Nội,Bán lẻ,CTV địa phương,2023-06-23,30000.0
Rau cải ngọt,Hà Nội,Bán lẻ,CTV địa phương,2023-06-23,30000.0
Cam sành (loại 1),Vĩnh Long,Bán buôn,CTV địa phương,2023-06-23,12500.0
Cam sành (loại 2),Vĩnh Long,Bán buôn,CTV địa phương,2023-06-23,9500.0
Xoài cát Hòa Lộc,Vĩnh Long,Bán buôn,CTV địa phương,2023-06-23,57500.0
Xoài cát Hòa Lộc,An Giang,Thương lái thu mua,CTV địa phương,2023-06-22,22000.0
Bắp cải,Cần Thơ,Thương lái thu mua,CTV địa phương,2023-06-22,15000.0
Dưa chuột/dưa chuội,Cần Thơ,Thương lái thu mua,CTV địa phương,2023-06-22,8000.0
Mướp,Cần Thơ,Thương lái thu mua,CTV địa phương,2023-06-22,5000.0
Mướp đắng,Cần Thơ,Thương lái thu mua,CTV địa phương,2023-06-22,14000.0
Quả bí đỏ,Cần Thơ,Thương lái thu mua,CTV địa phương,2023-06-22,14000.0
Quả bí xanh,Cần Thơ,Thương lái thu mua,CTV địa phương,2023-06-22,12000.0
Trái dứa/thơm (to),Cần Thơ,Thương lái thu mua,CTV địa phương,2023-06-22,10000.0
Bắp cải,Sơn La,Bán lẻ,CTV địa phương,2023-06-22,10000.0
Cà rốt,Sơn La,Bán lẻ,CTV địa phương,2023-06-22,15000.0
Chanh,Sơn La,Bán lẻ,CTV địa phương,2023-06-22,40000.0
Dưa chuột/dưa chuội,Sơn La,Bán lẻ,CTV địa phương,2023-06-22,18000.0
Khoai tây,Sơn La,Bán lẻ,CTV địa phương,2023-06-22,15000.0
Mồng tơi,Sơn La,Bán lẻ,CTV địa phương,2023-06-22,12000.0
Mướp đắng,Sơn La,Bán lẻ,CTV địa phương,2023-06-22,15000.0
Mướp hương,Sơn La,Bán lẻ,CTV địa phương,2023-06-22,15000.0
Quả bí đỏ,Sơn La,Bán lẻ,CTV địa phương,2023-06-22,15000.0
Quả bí xanh,Sơn La,Bán lẻ,CTV địa phương,2023-06-22,10000.0
Rau cải,Sơn La,Bán lẻ,CTV địa phương,2023-06-22,12000.0
Su su quả,Sơn La,Bán lẻ,CTV địa phương,2023-06-22,20000.0
Bồn bồn,Cà Mau,Bán buôn,CTV địa phương,2023-06-21,35000.0
Cà rốt,Cà Mau,Bán buôn,CTV địa phương,2023-06-21,20000.0
Dừa,Cà Mau,Bán buôn,CTV địa phương,2023-06-21,90000.0
Dưa chuột/dưa chuội,Cà Mau,Bán buôn,CTV địa phương,2023-06-21,15000.0
Quả bí đỏ,Cà Mau,Bán buôn,CTV địa phương,2023-06-21,10000.0
Bưởi da xanh,Tiền Giang,Thu mua tại vườn,CTV địa phương,2023-06-21,36000.0
Bưởi năm roi,Tiền Giang,Thu mua tại vườn,CTV địa phương,2023-06-21,20000.0
Chuối sim,Tiền Giang,Thu mua tại vườn,CTV địa phương,2023-06-21,12000.0
Đu đủ,Tiền Giang,Thu mua tại vườn,CTV địa phương,2023-06-21,11000.0
Dưa chuột/dưa chuội,Tiền Giang,Thu mua tại vườn,CTV địa phương,2023-06-21,9500.0
Măng cụt,Tiền Giang,Thu mua tại vườn,CTV địa phương,2023-06-21,39000.0
Cam sành (loại 1),Bến Tre,Thương lái thu mua,CTV địa phương,2023-06-20,25000.0
Cam sành (loại 2),Bến Tre,Thương lái thu mua,CTV địa phương,2023-06-20,20000.0
Dưa hấu (loại 2),Bến Tre,Thương lái thu mua,CTV địa phương,2023-06-20,8000.0
Bưởi da xanh,Hà Nội,Bán lẻ,CTV địa phương,2023-06-20,65000.0
Cà rốt,Hà Nội,Bán lẻ,CTV địa phương,2023-06-20,17000.0
Dưa chuột/dưa chuội,Hà Nội,Bán lẻ,CTV địa phương,2023-06-20,20000.0
Khoai tây,Hà Nội,Bán lẻ,CTV địa phương,2023-06-20,17000.0
Măng cụt,Hà Nội,Bán lẻ,CTV địa phương,2023-06-20,45000.0
Mướp hương,Hà Nội,Bán lẻ,CTV địa phương,2023-06-20,15000.0
Rau cải mơ,Hà Nội,Bán lẻ,CTV địa phương,2023-06-20,30000.0
Rau cải ngọt,Hà Nội,Bán lẻ,CTV địa phương,2023-06-20,30000.0
Dưa hấu (loại 2),Hậu Giang,Bán lẻ,CTV địa phương,2023-06-20,6000.0
Măng cụt,Hậu Giang,Bán lẻ,CTV địa phương,2023-06-20,30000.0
Quýt đường,Hậu Giang,Bán lẻ,CTV địa phương,2023-06-20,45000.0
Xoài cát Hòa Lộc,Hậu Giang,Bán lẻ,CTV địa phương,2023-06-20,25000.0
Bắp cải,Sơn La,Bán lẻ,CTV địa phương,2023-06-19,10000.0
Cà rốt,Sơn La,Bán lẻ,CTV địa phương,2023-06-19,15000.0
Chanh,Sơn La,Bán lẻ,CTV địa phương,2023-06-19,40000.0
Dưa chuột/dưa chuội,Sơn La,Bán lẻ,CTV địa phương,2023-06-19,18000.0
Khoai tây,Sơn La,Bán lẻ,CTV địa phương,2023-06-19,15000.0
Mồng tơi,Sơn La,Bán lẻ,CTV địa phương,2023-06-19,12000.0
Mướp đắng,Sơn La,Bán lẻ,CTV địa phương,2023-06-19,15000.0
Mướp hương,Sơn La,Bán lẻ,CTV địa phương,2023-06-19,15000.0
Quả bí đỏ,Sơn La,Bán lẻ,CTV địa phương,2023-06-19,15000.0
Quả bí xanh,Sơn La,Bán lẻ,CTV địa phương,2023-06-19,10000.0
Rau cải,Sơn La,Bán lẻ,CTV địa phương,2023-06-19,12000.0
Su su quả,Sơn La,Bán lẻ,CTV địa phương,2023-06-19,20000.0
Quýt đường,Đồng Tháp,Thu mua tại vườn,CTV địa phương,2023-06-16,35000.0
Xoài cát Hòa Lộc,Đồng Tháp,Thu mua tại vườn,CTV địa phương,2023-06-16,30000.0
Bưởi da xanh,Hà Nội,Bán lẻ,CTV địa phương,2023-06-16,65000.0
Cà rốt,Hà Nội,Bán lẻ,CTV địa phương,2023-06-16,17000.0
Dưa chuột/dưa chuội,Hà Nội,Bán lẻ,CTV địa phương,2023-06-16,20000.0
Khoai tây,Hà Nội,Bán lẻ,CTV địa phương,2023-06-16,17000.0
Măng cụt,Hà Nội,Bán lẻ,CTV địa phương,2023-06-16,45000.0
Mướp hương,Hà Nội,Bán lẻ,CTV địa phương,2023-06-16,15000.0
Rau cải mơ,Hà Nội,Bán lẻ,CTV địa phương,2023-06-16,30000.0
Rau cải ngọt,Hà Nội,Bán lẻ,CTV địa phương,2023-06-16,30000.0
Cam sành (loại 1),Vĩnh Long,Bán buôn,CTV địa phương,2023-06-16,11500.0
Xoài cát Hòa Lộc,Vĩnh Long,Bán buôn,CTV địa phương,2023-06-16,61500.0
Xoài cát Hòa Lộc,An Giang,Thương lái thu mua,CTV địa phương,2023-06-15,22000.0
Bắp cải,Cần Thơ,Thương lái thu mua,CTV địa phương,2023-06-15,14000.0
Dưa chuột/dưa chuội,Cần Thơ,Thương lái thu mua,CTV địa phương,2023-06-15,8000.0
Mướp,Cần Thơ,Thương lái thu mua,CTV địa phương,2023-06-15,5000.0
Mướp đắng,Cần Thơ,Thương lái thu mua,CTV địa phương,2023-06-15,12000.0
Quả bí đỏ,Cần Thơ,Thương lái thu mua,CTV địa phương,2023-06-15,13000.0
Quả bí xanh,Cần Thơ,Thương lái thu mua,CTV địa phương,2023-06-15,13000.0
Trái dứa/thơm (to),Cần Thơ,Thương lái thu mua,CTV địa phương,2023-06-15,10000.0
Bắp cải,Sơn La,Bán lẻ,CTV địa phương,2023-06-15,10000.0
Cà rốt,Sơn La,Bán lẻ,CTV địa phương,2023-06-15,15000.0
Chanh,Sơn La,Bán lẻ,CTV địa phương,2023-06-15,40000.0
Dưa chuột/dưa chuội,Sơn La,Bán lẻ,CTV địa phương,2023-06-15,18000.0
Khoai tây,Sơn La,Bán lẻ,CTV địa phương,2023-06-15,15000.0
Mồng tơi,Sơn La,Bán lẻ,CTV địa phương,2023-06-15,12000.0
Mướp đắng,Sơn La,Bán lẻ,CTV địa phương,2023-06-15,15000.0
Mướp hương,Sơn La,Bán lẻ,CTV địa phương,2023-06-15,15000.0
Quả bí đỏ,Sơn La,Bán lẻ,CTV địa phương,2023-06-15,15000.0
Quả bí xanh,Sơn La,Bán lẻ,CTV địa phương,2023-06-15,10000.0
Rau cải,Sơn La,Bán lẻ,CTV địa phương,2023-06-15,12000.0
Su su quả,Sơn La,Bán lẻ,CTV địa phương,2023-06-15,20000.0
Bồn bồn,Cà Mau,Bán buôn,CTV địa phương,2023-06-14,35000.0
Cà rốt,Cà Mau,Bán buôn,CTV địa phương,2023-06-14,20000.0
Dừa,Cà Mau,Bán buôn,CTV địa phương,2023-06-14,90000.0
Dưa chuột/dưa chuội,Cà Mau,Bán buôn,CTV địa phương,2023-06-14,15000.0
Quả bí đỏ,Cà Mau,Bán buôn,CTV địa phương,2023-06-14,10000.0
Bưởi da xanh,Tiền Giang,Thu mua tại vườn,CTV địa phương,2023-06-14,35000.0
Bưởi năm roi,Tiền Giang,Thu mua tại vườn,CTV địa phương,2023-06-14,20000.0
Chuối sim,Tiền Giang,Thu mua tại vườn,CTV địa phương,2023-06-14,12000.0
Đu đủ,Tiền Giang,Thu mua tại vườn,CTV địa phương,2023-06-14,11000.0
Dưa chuột/dưa chuội,Tiền Giang,Thu mua tại vườn,CTV địa phương,2023-06-14,9500.0
Măng cụt,Tiền Giang,Thu mua tại vườn,CTV địa phương,2023-06-14,38000.0
Cam sành (loại 1),Bến Tre,Thương lái thu mua,CTV địa phương,2023-06-13,25000.0
Cam sành (loại 2),Bến Tre,Thương lái thu mua,CTV địa phương,2023-06-13,20000.0
Dưa hấu (loại 2),Bến Tre,Thương lái thu mua,CTV địa phương,2023-06-13,8000.0
Bưởi da xanh,Hà Nội,Bán lẻ,CTV địa phương,2023-06-13,65000.0
Cà rốt,Hà Nội,Bán lẻ,CTV địa phương,2023-06-13,17000.0
Dưa chuột/dưa chuội,Hà Nội,Bán lẻ,CTV địa phương,2023-06-13,20000.0
Khoai tây,Hà Nội,Bán lẻ,CTV địa phương,2023-06-13,17000.0
Măng cụt,Hà Nội,Bán lẻ,CTV địa phương,2023-06-13,45000.0
Mướp hương,Hà Nội,Bán lẻ,CTV địa phương,2023-06-13,15000.0
Rau cải mơ,Hà Nội,Bán lẻ,CTV địa phương,2023-06-13,30000.0
Rau cải ngọt,Hà Nội,Bán lẻ,CTV địa phương,2023-06-13,30000.0
Dưa hấu (loại 2),Hậu Giang,Bán lẻ,CTV địa phương,2023-06-13,8000.0
Măng cụt,Hậu Giang,Bán lẻ,CTV địa phương,2023-06-13,30000.0
Quýt đường,Hậu Giang,Bán lẻ,CTV địa phương,2023-06-13,45000.0
Xoài cát Hòa Lộc,Hậu Giang,Bán lẻ,CTV địa phương,2023-06-13,25000.0
Bắp cải,Sơn La,Bán lẻ,CTV địa phương,2023-06-12,10000.0
Cà rốt,Sơn La,Bán lẻ,CTV địa phương,2023-06-12,20000.0
Chanh,Sơn La,Bán lẻ,CTV địa phương,2023-06-12,45000.0
Dưa chuột/dưa chuội,Sơn La,Bán lẻ,CTV địa phương,2023-06-12,18000.0
Khoai tây,Sơn La,Bán lẻ,CTV địa phương,2023-06-12,20000.0
Mồng tơi,Sơn La,Bán lẻ,CTV địa phương,2023-06-12,15000.0
Mướp đắng,Sơn La,Bán lẻ,CTV địa phương,2023-06-12,20000.0
Mướp hương,Sơn La,Bán lẻ,CTV địa phương,2023-06-12,15000.0
Quả bí đỏ,Sơn La,Bán lẻ,CTV địa phương,2023-06-12,15000.0
Quả bí xanh,Sơn La,Bán lẻ,CTV địa phương,2023-06-12,15000.0
Rau cải,Sơn La,Bán lẻ,CTV địa phương,2023-06-12,15000.0
Su su quả,Sơn La,Bán lẻ,CTV địa phương,2023-06-12,20000.0
Quýt đường,Đồng Tháp,Thu mua tại vườn,CTV địa phương,2023-06-09,35000.0
Xoài cát Hòa Lộc,Đồng Tháp,Thu mua tại vườn,CTV địa phương,2023-06-09,40000.0
Bưởi da xanh,Hà Nội,Bán lẻ,CTV địa phương,2023-06-09,75000.0
Cà rốt,Hà Nội,Bán lẻ,CTV địa phương,2023-06-09,17000.0
Dưa chuột/dưa chuội,Hà Nội,Bán lẻ,CTV địa phương,2023-06-09,20000.0
Khoai tây,Hà Nội,Bán lẻ,CTV địa phương,2023-06-09,17000.0
Măng cụt,Hà Nội,Bán lẻ,CTV địa phương,2023-06-09,50000.0
Mướp hương,Hà Nội,Bán lẻ,CTV địa phương,2023-06-09,15000.0
Rau cải mơ,Hà Nội,Bán lẻ,CTV địa phương,2023-06-09,30000.0
Rau cải ngọt,Hà Nội,Bán lẻ,CTV địa phương,2023-06-09,25000.0
Cam sành (loại 1),Vĩnh Long,Bán buôn,CTV địa phương,2023-06-09,11500.0
Xoài cát Hòa Lộc,Vĩnh Long,Bán buôn,CTV địa phương,2023-06-09,61500.0
Xoài cát Hòa Lộc,An Giang,Thương lái thu mua,CTV địa phương,2023-06-08,22000.0
Bắp cải,Cần Thơ,Thương lái thu mua,CTV địa phương,2023-06-08,15000.0
Dưa chuột/dưa chuội,Cần Thơ,Thương lái thu mua,CTV địa phương,2023-06-08,7000.0
Mướp,Cần Thơ,Thương lái thu mua,CTV địa phương,2023-06-08,5000.0
Mướp đắng,Cần Thơ,Thương lái thu mua,CTV địa phương,2023-06-08,14000.0
Quả bí đỏ,Cần Thơ,Thương lái thu mua,CTV địa phương,2023-06-08,14000.0
Quả bí xanh,Cần Thơ,Thương lái thu mua,CTV địa phương,2023-06-08,12000.0
Trái dứa/thơm (to),Cần Thơ,Thương lái thu mua,CTV địa phương,2023-06-08,10000.0
Bắp cải,Sơn La,Bán lẻ,CTV địa phương,2023-06-08,10000.0
Cà rốt,Sơn La,Bán lẻ,CTV địa phương,2023-06-08,20000.0
Chanh,Sơn La,Bán lẻ,CTV địa phương,2023-06-08,45000.0
Dưa chuột/dưa chuội,Sơn La,Bán lẻ,CTV địa phương,2023-06-08,18000.0
Khoai tây,Sơn La,Bán lẻ,CTV địa phương,2023-06-08,20000.0
Mồng tơi,Sơn La,Bán lẻ,CTV địa phương,2023-06-08,15000.0
Mướp đắng,Sơn La,Bán lẻ,CTV địa phương,2023-06-08,20000.0
Mướp hương,Sơn La,Bán lẻ,CTV địa phương,2023-06-08,15000.0
Quả bí đỏ,Sơn La,Bán lẻ,CTV địa phương,2023-06-08,15000.0
Quả bí xanh,Sơn La,Bán lẻ,CTV địa phương,2023-06-08,15000.0
Rau cải,Sơn La,Bán lẻ,CTV địa phương,2023-06-08,15000.0
Su su quả,Sơn La,Bán lẻ,CTV địa phương,2023-06-08,20000.0
Bồn bồn,Cà Mau,Bán buôn,CTV địa phương,2023-06-07,32000.0
Cà rốt,Cà Mau,Bán buôn,CTV địa phương,2023-06-07,20000.0
Dừa,Cà Mau,Bán buôn,CTV địa phương,2023-06-07,90000.0
Dưa chuột/dưa chuội,Cà Mau,Bán buôn,CTV địa phương,2023-06-07,15000.0
Quả bí đỏ,Cà Mau,Bán buôn,CTV địa phương,2023-06-07,15000.0
Bưởi da xanh,Tiền Giang,Thu mua tại vườn,CTV địa phương,2023-06-07,28000.0
Bưởi năm roi,Tiền Giang,Thu mua tại vườn,CTV địa phương,2023-06-07,19000.0
Chuối sim,Tiền Giang,Thu mua tại vườn,CTV địa phương,2023-06-07,12000.0
Đu đủ,Tiền Giang,Thu mua tại vườn,CTV địa phương,2023-06-07,12000.0
Dưa chuột/dưa chuội,Tiền Giang,Thu mua tại vườn,CTV địa phương,2023-06-07,9000.0
Cam sành (loại 1),Bến Tre,Thương lái thu mua,CTV địa phương,2023-06-06,25000.0
Cam sành (loại 2),Bến Tre,Thương lái thu mua,CTV địa phương,2023-06-06,20000.0
Dưa hấu (loại 2),Bến Tre,Thương lái thu mua,CTV địa phương,2023-06-06,8000.0
Bưởi da xanh,Hà Nội,Bán lẻ,CTV địa phương,2023-06-06,65000.0
Cà rốt,Hà Nội,Bán lẻ,CTV địa phương,2023-06-06,18000.0
Dưa chuột/dưa chuội,Hà Nội,Bán lẻ,CTV địa phương,2023-06-06,20000.0
Khoai tây,Hà Nội,Bán lẻ,CTV địa phương,2023-06-06,19000.0
Măng cụt,Hà Nội,Bán lẻ,CTV địa phương,2023-06-06,50000.0
Mướp hương,Hà Nội,Bán lẻ,CTV địa phương,2023-06-06,16000.0
Rau cải mơ,Hà Nội,Bán lẻ,CTV địa phương,2023-06-06,30000.0
Rau cải ngọt,Hà Nội,Bán lẻ,CTV địa phương,2023-06-06,20000.0
Dưa hấu (loại 2),Hậu Giang,Bán lẻ,CTV địa phương,2023-06-06,9000.0
Măng cụt,Hậu Giang,Bán lẻ,CTV địa phương,2023-06-06,35000.0
Mít Thái,Hậu Giang,Bán lẻ,CTV địa phương,2023-06-06,12000.0
Quýt đường,Hậu Giang,Bán lẻ,CTV địa phương,2023-06-06,45000.0
Xoài cát Hòa Lộc,Hậu Giang,Bán lẻ,CTV địa phương,2023-06-06,20000.0
Bắp cải,Sơn La,Bán lẻ,CTV địa phương,2023-06-05,10000.0
Cà rốt,Sơn La,Bán lẻ,CTV địa phương,2023-06-05,20000.0
Dưa chuột/dưa chuội,Sơn La,Bán lẻ,CTV địa phương,2023-06-05,18000.0
Khoai tây,Sơn La,Bán lẻ,CTV địa phương,2023-06-05,20000.0
Mồng tơi,Sơn La,Bán lẻ,CTV địa phương,2023-06-05,15000.0
Mướp đắng,Sơn La,Bán lẻ,CTV địa phương,2023-06-05,20000.0
Mướp hương,Sơn La,Bán lẻ,CTV địa phương,2023-06-05,15000.0
Quả bí đỏ,Sơn La,Bán lẻ,CTV địa phương,2023-06-05,15000.0
Quả bí xanh,Sơn La,Bán lẻ,CTV địa phương,2023-06-05,15000.0
Rau cải,Sơn La,Bán lẻ,CTV địa phương,2023-06-05,15000.0
Su su quả,Sơn La,Bán lẻ,CTV địa phương,2023-06-05,20000.0
Bưởi da xanh,Hà Nội,Bán lẻ,CTV địa phương,2023-06-03,65000.0
Cà rốt,Hà Nội,Bán lẻ,CTV địa phương,2023-06-03,18000.0
Dưa chuột/dưa chuội,Hà Nội,Bán lẻ,CTV địa phương,2023-06-03,20000.0
Khoai tây,Hà Nội,Bán lẻ,CTV địa phương,2023-06-03,19000.0
Măng cụt,Hà Nội,Bán lẻ,CTV địa phương,2023-06-03,50000.0
Mướp hương,Hà Nội,Bán lẻ,CTV địa phương,2023-06-03,16000.0
Rau cải mơ,Hà Nội,Bán lẻ,CTV địa phương,2023-06-03,30000.0
Rau cải ngọt,Hà Nội,Bán lẻ,CTV địa phương,2023-06-03,20000.0
Quýt đường,Đồng Tháp,Thu mua tại vườn,CTV địa phương,2023-06-02,40000.0
Xoài cát Hòa Lộc,Đồng Tháp,Thu mua tại vườn,CTV địa phương,2023-06-02,50000.0
Cam sành (loại 1),Vĩnh Long,Bán buôn,CTV địa phương,2023-06-02,9500.0
Chôm chôm đường,Vĩnh Long,Bán buôn,CTV địa phương,2023-06-02,35500.0
Chôm chôm Java,Vĩnh Long,Bán buôn,CTV địa phương,2023-06-02,15000.0
Xoài cát Hòa Lộc,Vĩnh Long,Bán buôn,CTV địa phương,2023-06-02,61500.0
Xoài cát Hòa Lộc,An Giang,Thương lái thu mua,CTV địa phương,2023-06-01,30000.0
Bắp cải,Cần Thơ,Thương lái thu mua,CTV địa phương,2023-06-01,15000.0
Dưa chuột/dưa chuội,Cần Thơ,Thương lái thu mua,CTV địa phương,2023-06-01,8000.0
Mướp,Cần Thơ,Thương lái thu mua,CTV địa phương,2023-06-01,5000.0
Mướp đắng,Cần Thơ,Thương lái thu mua,CTV địa phương,2023-06-01,12000.0
Quả bí đỏ,Cần Thơ,Thương lái thu mua,CTV địa phương,2023-06-01,14000.0
Quả bí xanh,Cần Thơ,Thương lái thu mua,CTV địa phương,2023-06-01,13000.0
Trái dứa/thơm (to),Cần Thơ,Thương lái thu mua,CTV địa phương,2023-06-01,7000.0
Bắp cải,Sơn La,Bán lẻ,CTV địa phương,2023-06-01,10000.0
Cà rốt,Sơn La,Bán lẻ,CTV địa phương,2023-06-01,20000.0
Dưa chuột/dưa chuội,Sơn La,Bán lẻ,CTV địa phương,2023-06-01,18000.0
Khoai tây,Sơn La,Bán lẻ,CTV địa phương,2023-06-01,20000.0
Mồng tơi,Sơn La,Bán lẻ,CTV địa phương,2023-06-01,18000.0
Mướp đắng,Sơn La,Bán lẻ,CTV địa phương,2023-06-01,25000.0
Mướp hương,Sơn La,Bán lẻ,CTV địa phương,2023-06-01,18000.0
Quả bí đỏ,Sơn La,Bán lẻ,CTV địa phương,2023-06-01,20000.0
Quả bí xanh,Sơn La,Bán lẻ,CTV địa phương,2023-06-01,15000.0
Rau cải,Sơn La,Bán lẻ,CTV địa phương,2023-06-01,15000.0
Su su quả,Sơn La,Bán lẻ,CTV địa phương,2023-06-01,20000.0
Bồn bồn,Cà Mau,Bán buôn,CTV địa phương,2023-05-31,35000.0
Cà rốt,Cà Mau,Bán buôn,CTV địa phương,2023-05-31,20000.0
Dừa,Cà Mau,Bán buôn,CTV địa phương,2023-05-31,90000.0
Dưa chuột/dưa chuội,Cà Mau,Bán buôn,CTV địa phương,2023-05-31,18000.0
Quả bí đỏ,Cà Mau,Bán buôn,CTV địa phương,2023-05-31,15000.0
Bưởi da xanh,Tiền Giang,Thu mua tại vườn,CTV địa phương,2023-05-31,34000.0
Bưởi năm roi,Tiền Giang,Thu mua tại vườn,CTV địa phương,2023-05-31,20000.0
Chuối sim,Tiền Giang,Thu mua tại vườn,CTV địa phương,2023-05-31,12000.0
Đu đủ,Tiền Giang,Thu mua tại vườn,CTV địa phương,2023-05-31,10000.0
Dưa chuột/dưa chuội,Tiền Giang,Thu mua tại vườn,CTV địa phương,2023-05-31,9000.0
Măng cụt,Tiền Giang,Thu mua tại vườn,CTV địa phương,2023-05-31,40000.0
Cam sành (loại 1),Bến Tre,Thương lái thu mua,CTV địa phương,2023-05-30,25000.0
Cam sành (loại 2),Bến Tre,Thương lái thu mua,CTV địa phương,2023-05-30,20000.0
Dưa hấu (loại 2),Bến Tre,Thương lái thu mua,CTV địa phương,2023-05-30,8000.0
Bưởi da xanh,Hà Nội,Bán lẻ,CTV địa phương,2023-05-30,65000.0
Cà rốt,Hà Nội,Bán lẻ,CTV địa phương,2023-05-30,17000.0
Dưa chuột/dưa chuội,Hà Nội,Bán lẻ,CTV địa phương,2023-05-30,20000.0
Khoai tây,Hà Nội,Bán lẻ,CTV địa phương,2023-05-30,17000.0
Măng cụt,Hà Nội,Bán lẻ,CTV địa phương,2023-05-30,50000.0
Mướp hương,Hà Nội,Bán lẻ,CTV địa phương,2023-05-30,16000.0
Rau cải mơ,Hà Nội,Bán lẻ,CTV địa phương,2023-05-30,30000.0
Rau cải ngọt,Hà Nội,Bán lẻ,CTV địa phương,2023-05-30,25000.0
Dưa hấu (loại 2),Hậu Giang,Bán lẻ,CTV địa phương,2023-05-30,9000.0
Măng cụt,Hậu Giang,Bán lẻ,CTV địa phương,2023-05-30,50000.0
Mít Thái,Hậu Giang,Bán lẻ,CTV địa phương,2023-05-30,17000.0
Quýt đường,Hậu Giang,Bán lẻ,CTV địa phương,2023-05-30,45000.0
Xoài cát Hòa Lộc,Hậu Giang,Bán lẻ,CTV địa phương,2023-05-30,25000.0
Bắp cải,Sơn La,Bán lẻ,CTV địa phương,2023-05-29,10000.0
Cà rốt,Sơn La,Bán lẻ,CTV địa phương,2023-05-29,20000.0
Dưa chuột/dưa chuội,Sơn La,Bán lẻ,CTV địa phương,2023-05-29,18000.0
Khoai tây,Sơn La,Bán lẻ,CTV địa phương,2023-05-29,20000.0
Mồng tơi,Sơn La,Bán lẻ,CTV địa phương,2023-05-29,18000.0
Mướp đắng,Sơn La,Bán lẻ,CTV địa phương,2023-05-29,25000.0
Mướp hương,Sơn La,Bán lẻ,CTV địa phương,2023-05-29,18000.0
Quả bí đỏ,Sơn La,Bán lẻ,CTV địa phương,2023-05-29,20000.0
Quả bí xanh,Sơn La,Bán lẻ,CTV địa phương,2023-05-29,15000.0
Rau cải,Sơn La,Bán lẻ,CTV địa phương,2023-05-29,15000.0
Su su quả,Sơn La,Bán lẻ,CTV địa phương,2023-05-29,20000.0
Bưởi da xanh,Hà Nội,Bán lẻ,CTV địa phương,2023-05-26,65000.0
Cà rốt,Hà Nội,Bán lẻ,CTV địa phương,2023-05-26,17000.0
Dưa chuột/dưa chuội,Hà Nội,Bán lẻ,CTV địa phương,2023-05-26,20000.0
Khoai tây,Hà Nội,Bán lẻ,CTV địa phương,2023-05-26,17000.0
Măng cụt,Hà Nội,Bán lẻ,CTV địa phương,2023-05-26,65000.0
Mướp hương,Hà Nội,Bán lẻ,CTV địa phương,2023-05-26,16000.0
Rau cải mơ,Hà Nội,Bán lẻ,CTV địa phương,2023-05-26,25000.0
Rau cải ngọt,Hà Nội,Bán lẻ,CTV địa phương,2023-05-26,25000.0
Xoài cát Hòa Lộc,An Giang,Thương lái thu mua,CTV địa phương,2023-05-25,18000.0
Bắp cải,Cần Thơ,Thương lái thu mua,CTV địa phương,2023-05-25,14000.0
Dưa chuột/dưa chuội,Cần Thơ,Thương lái thu mua,CTV địa phương,2023-05-25,10000.0
Mướp,Cần Thơ,Thương lái thu mua,CTV địa phương,2023-05-25,6000.0
Mướp đắng,Cần Thơ,Thương lái thu mua,CTV địa phương,2023-05-25,13000.0
Quả bí đỏ,Cần Thơ,Thương lái thu mua,CTV địa phương,2023-05-25,12000.0
Quả bí xanh,Cần Thơ,Thương lái thu mua,CTV địa phương,2023-05-25,10000.0
Trái dứa/thơm (to),Cần Thơ,Thương lái thu mua,CTV địa phương,2023-05-25,10000.0
Bắp cải,Sơn La,Bán lẻ,CTV địa phương,2023-05-25,12000.0
Cà rốt,Sơn La,Bán lẻ,CTV địa phương,2023-05-25,22000.0
Chanh,Sơn La,Bán lẻ,CTV địa phương,2023-05-25,35000.0
Dưa chuột/dưa chuội,Sơn La,Bán lẻ,CTV địa phương,2023-05-25,16000.0
Khoai tây,Sơn La,Bán lẻ,CTV địa phương,2023-05-25,20000.0
Mồng tơi,Sơn La,Bán lẻ,CTV địa phương,2023-05-25,18000.0
Mướp đắng,Sơn La,Bán lẻ,CTV địa phương,2023-05-25,35000.0
Mướp hương,Sơn La,Bán lẻ,CTV địa phương,2023-05-25,18000.0
Quả bí đỏ,Sơn La,Bán lẻ,CTV địa phương,2023-05-25,20000.0
Quả bí xanh,Sơn La,Bán lẻ,CTV địa phương,2023-05-25,15000.0
Rau cải,Sơn La,Bán lẻ,CTV địa phương,2023-05-25,15000.0
Su su quả,Sơn La,Bán lẻ,CTV địa phương,2023-05-25,25000.0
Bồn bồn,Cà Mau,Bán buôn,CTV địa phương,2023-05-24,32000.0
Cà rốt,Cà Mau,Bán buôn,CTV địa phương,2023-05-24,20000.0
Dừa,Cà Mau,Bán buôn,CTV địa phương,2023-05-24,90000.0
Dưa chuột/dưa chuội,Cà Mau,Bán buôn,CTV địa phương,2023-05-24,15000.0
Quả bí đỏ,Cà Mau,Bán buôn,CTV địa phương,2023-05-24,15000.0
Bưởi da xanh,Tiền Giang,Thu mua tại vườn,CTV địa phương,2023-05-24,32000.0
Bưởi năm roi,Tiền Giang,Thu mua tại vườn,CTV địa phương,2023-05-24,20000.0
Chuối sim,Tiền Giang,Thu mua tại vườn,CTV địa phương,2023-05-24,12000.0
Đu đủ,Tiền Giang,Thu mua tại vườn,CTV địa phương,2023-05-24,10000.0
Dưa chuột/dưa chuội,Tiền Giang,Thu mua tại vườn,CTV địa phương,2023-05-24,9000.0
Măng cụt,Tiền Giang,Thu mua tại vườn,CTV địa phương,2023-05-24,40000.0
Cam sành (loại 1),Bến Tre,Thương lái thu mua,CTV địa phương,2023-05-23,25000.0
Cam sành (loại 2),Bến Tre,Thương lái thu mua,CTV địa phương,2023-05-23,20000.0
Dưa hấu (loại 2),Bến Tre,Thương lái thu mua,CTV địa phương,2023-05-23,8000.0
Bưởi da xanh,Hà Nội,Bán lẻ,CTV địa phương,2023-05-23,70000.0
Cà rốt,Hà Nội,Bán lẻ,CTV địa phương,2023-05-23,17000.0
Dưa chuột/dưa chuội,Hà Nội,Bán lẻ,CTV địa phương,2023-05-23,20000.0
Khoai tây,Hà Nội,Bán lẻ,CTV địa phương,2023-05-23,18000.0
Măng cụt,Hà Nội,Bán lẻ,CTV địa phương,2023-05-23,65000.0
Mướp hương,Hà Nội,Bán lẻ,CTV địa phương,2023-05-23,20000.0
Rau cải mơ,Hà Nội,Bán lẻ,CTV địa phương,2023-05-23,30000.0
Rau cải ngọt,Hà Nội,Bán lẻ,CTV địa phương,2023-05-23,30000.0
Dưa hấu (loại 2),Hậu Giang,Bán lẻ,CTV địa phương,2023-05-23,9000.0
Măng cụt,Hậu Giang,Bán lẻ,CTV địa phương,2023-05-23,50000.0
Mít Thái,Hậu Giang,Bán lẻ,CTV địa phương,2023-05-23,17000.0
Quýt đường,Hậu Giang,Bán lẻ,CTV địa phương,2023-05-23,45000.0
Xoài cát Hòa Lộc,Hậu Giang,Bán lẻ,CTV địa phương,2023-05-23,25000.0
Bắp cải,Sơn La,Bán lẻ,CTV địa phương,2023-05-22,12000.0
Cà rốt,Sơn La,Bán lẻ,CTV địa phương,2023-05-22,25000.0
Chanh,Sơn La,Bán lẻ,CTV địa phương,2023-05-22,35000.0
Dưa chuột/dưa chuội,Sơn La,Bán lẻ,CTV địa phương,2023-05-22,15000.0
Khoai tây,Sơn La,Bán lẻ,CTV địa phương,2023-05-22,23000.0
Mồng tơi,Sơn La,Bán lẻ,CTV địa phương,2023-05-22,20000.0
Mướp đắng,Sơn La,Bán lẻ,CTV địa phương,2023-05-22,34000.0
Mướp hương,Sơn La,Bán lẻ,CTV địa phương,2023-05-22,25000.0
Quả bí đỏ,Sơn La,Bán lẻ,CTV địa phương,2023-05-22,18000.0
Quả bí xanh,Sơn La,Bán lẻ,CTV địa phương,2023-05-22,18000.0
Rau cải,Sơn La,Bán lẻ,CTV địa phương,2023-05-22,18000.0
Su su quả,Sơn La,Bán lẻ,CTV địa phương,2023-05-22,20000.0
Xoài cát Hòa Lộc,Đồng Tháp,Thu mua tại vườn,CTV địa phương,2023-05-19,30000.0
Bưởi da xanh,Hà Nội,Bán lẻ,CTV địa phương,2023-05-19,65000.0
Cà rốt,Hà Nội,Bán lẻ,CTV địa phương,2023-05-19,17000.0
Dưa chuột/dưa chuội,Hà Nội,Bán lẻ,CTV địa phương,2023-05-19,20000.0
Khoai tây,Hà Nội,Bán lẻ,CTV địa phương,2023-05-19,17000.0
Măng cụt,Hà Nội,Bán lẻ,CTV địa phương,2023-05-19,65000.0
Mướp hương,Hà Nội,Bán lẻ,CTV địa phương,2023-05-19,18000.0
Rau cải mơ,Hà Nội,Bán lẻ,CTV địa phương,2023-05-19,25000.0
Rau cải ngọt,Hà Nội,Bán lẻ,CTV địa phương,2023-05-19,25000.0
Cam sành (loại 1),Vĩnh Long,Bán buôn,CTV địa phương,2023-05-19,9500.0
Chôm chôm đường,Vĩnh Long,Bán buôn,CTV địa phương,2023-05-19,37500.0
Chôm chôm Java,Vĩnh Long,Bán buôn,CTV địa phương,2023-05-19,24500.0
Xoài cát Hòa Lộc,Vĩnh Long,Bán buôn,CTV địa phương,2023-05-19,61500.0
Xoài cát Hòa Lộc,An Giang,Thương lái thu mua,CTV địa phương,2023-05-18,19000.0
Bắp cải,Cần Thơ,Thương lái thu mua,CTV địa phương,2023-05-18,15000.0
Dưa chuột/dưa chuội,Cần Thơ,Thương lái thu mua,CTV địa phương,2023-05-18,8000.0
Mướp,Cần Thơ,Thương lái thu mua,CTV địa phương,2023-05-18,5000.0
Mướp đắng,Cần Thơ,Thương lái thu mua,CTV địa phương,2023-05-18,12000.0
Quả bí đỏ,Cần Thơ,Thương lái thu mua,CTV địa phương,2023-05-18,14000.0
Quả bí xanh,Cần Thơ,Thương lái thu mua,CTV địa phương,2023-05-18,12000.0
Trái dứa/thơm (to),Cần Thơ,Thương lái thu mua,CTV địa phương,2023-05-18,10000.0
Bắp cải,Sơn La,Bán lẻ,CTV địa phương,2023-05-18,12000.0
Cà rốt,Sơn La,Bán lẻ,CTV địa phương,2023-05-18,25000.0
Chanh,Sơn La,Bán lẻ,CTV địa phương,2023-05-18,35000.0
Dưa chuột/dưa chuội,Sơn La,Bán lẻ,CTV địa phương,2023-05-18,15000.0
Khoai tây,Sơn La,Bán lẻ,CTV địa phương,2023-05-18,23000.0
Mồng tơi,Sơn La,Bán lẻ,CTV địa phương,2023-05-18,20000.0
Mướp đắng,Sơn La,Bán lẻ,CTV địa phương,2023-05-18,34000.0
Mướp hương,Sơn La,Bán lẻ,CTV địa phương,2023-05-18,25000.0
Quả bí đỏ,Sơn La,Bán lẻ,CTV địa phương,2023-05-18,18000.0
Quả bí xanh,Sơn La,Bán lẻ,CTV địa phương,2023-05-18,18000.0
Rau cải,Sơn La,Bán lẻ,CTV địa phương,2023-05-18,18000.0
Su su quả,Sơn La,Bán lẻ,CTV địa phương,2023-05-18,20000.0
Bồn bồn,Cà Mau,Bán buôn,CTV địa phương,2023-05-17,35000.0
Cà rốt,Cà Mau,Bán buôn,CTV địa phương,2023-05-17,20000.0
Dừa,Cà Mau,Bán buôn,CTV địa phương,2023-05-17,90000.0
Dưa chuột/dưa chuội,Cà Mau,Bán buôn,CTV địa phương,2023-05-17,15000.0
Quả bí đỏ,Cà Mau,Bán buôn,CTV địa phương,2023-05-17,15000.0
Bưởi da xanh,Tiền Giang,Thu mua tại vườn,CTV địa phương,2023-05-17,29000.0
Bưởi năm roi,Tiền Giang,Thu mua tại vườn,CTV địa phương,2023-05-17,20000.0
Chuối sim,Tiền Giang,Thu mua tại vườn,CTV địa phương,2023-05-17,12000.0
Đu đủ,Tiền Giang,Thu mua tại vườn,CTV địa phương,2023-05-17,10000.0
Dưa chuột/dưa chuội,Tiền Giang,Thu mua tại vườn,CTV địa phương,2023-05-17,9000.0
Cam sành (loại 1),Bến Tre,Thương lái thu mua,CTV địa phương,2023-05-16,25000.0
Cam sành (loại 2),Bến Tre,Thương lái thu mua,CTV địa phương,2023-05-16,20000.0
Dưa hấu (loại 2),Bến Tre,Thương lái thu mua,CTV địa phương,2023-05-16,8000.0
Bưởi da xanh,Hà Nội,Bán lẻ,CTV địa phương,2023-05-16,65000.0
Cà rốt,Hà Nội,Bán lẻ,CTV địa phương,2023-05-16,17000.0
Dưa chuột/dưa chuội,Hà Nội,Bán lẻ,CTV địa phương,2023-05-16,20000.0
Khoai tây,Hà Nội,Bán lẻ,CTV địa phương,2023-05-16,17000.0
Măng cụt,Hà Nội,Bán lẻ,CTV địa phương,2023-05-16,65000.0
Mướp hương,Hà Nội,Bán lẻ,CTV địa phương,2023-05-16,18000.0
Rau cải mơ,Hà Nội,Bán lẻ,CTV địa phương,2023-05-16,25000.0
Rau cải ngọt,Hà Nội,Bán lẻ,CTV địa phương,2023-05-16,25000.0
Dưa hấu (loại 2),Hậu Giang,Bán lẻ,CTV địa phương,2023-05-16,9000.0
Mít Thái,Hậu Giang,Bán lẻ,CTV địa phương,2023-05-16,17000.0
Quýt đường,Hậu Giang,Bán lẻ,CTV địa phương,2023-05-16,45000.0
Xoài cát Hòa Lộc,Hậu Giang,Bán lẻ,CTV địa phương,2023-05-16,22000.0
Bắp cải,Sơn La,Bán lẻ,CTV địa phương,2023-05-15,12000.0
Cà rốt,Sơn La,Bán lẻ,CTV địa phương,2023-05-15,23000.0
Chanh,Sơn La,Bán lẻ,CTV địa phương,2023-05-15,35000.0
Dưa chuột/dưa chuội,Sơn La,Bán lẻ,CTV địa phương,2023-05-15,15000.0
Khoai tây,Sơn La,Bán lẻ,CTV địa phương,2023-05-15,23000.0
Mồng tơi,Sơn La,Bán lẻ,CTV địa phương,2023-05-15,20000.0
Mướp đắng,Sơn La,Bán lẻ,CTV địa phương,2023-05-15,34000.0
Mướp hương,Sơn La,Bán lẻ,CTV địa phương,2023-05-15,25000.0
Quả bí đỏ,Sơn La,Bán lẻ,CTV địa phương,2023-05-15,20000.0
Quả bí xanh,Sơn La,Bán lẻ,CTV địa phương,2023-05-15,20000.0
Rau cải,Sơn La,Bán lẻ,CTV địa phương,2023-05-15,20000.0
Su su quả,Sơn La,Bán lẻ,CTV địa phương,2023-05-15,20000.0
Xoài cát Hòa Lộc,Đồng Tháp,Thu mua tại vườn,CTV địa phương,2023-05-12,30000.0
Bưởi da xanh,Hà Nội,Bán lẻ,CTV địa phương,2023-05-12,65000.0
Cà rốt,Hà Nội,Bán lẻ,CTV địa phương,2023-05-12,17000.0
Dưa chuột/dưa chuội,Hà Nội,Bán lẻ,CTV địa phương,2023-05-12,20000.0
Khoai tây,Hà Nội,Bán lẻ,CTV địa phương,2023-05-12,17000.0
Măng cụt,Hà Nội,Bán lẻ,CTV địa phương,2023-05-12,60000.0
Quả bí xanh,Hà Nội,Bán lẻ,CTV địa phương,2023-05-12,20000.0
Rau cải mơ,Hà Nội,Bán lẻ,CTV địa phương,2023-05-12,25000.0
Rau cải ngọt,Hà Nội,Bán lẻ,CTV địa phương,2023-05-12,30000.0
Chôm chôm đường,Vĩnh Long,Bán buôn,CTV địa phương,2023-05-12,34500.0
Xoài cát Hòa Lộc,Vĩnh Long,Bán buôn,CTV địa phương,2023-05-12,61500.0
Xoài cát Hòa Lộc,An Giang,Thương lái thu mua,CTV địa phương,2023-05-11,22000.0
Bắp cải,Cần Thơ,Thương lái thu mua,CTV địa phương,2023-05-11,15000.0
Dưa chuột/dưa chuội,Cần Thơ,Thương lái thu mua,CTV địa phương,2023-05-11,10000.0
Mướp,Cần Thơ,Thương lái thu mua,CTV địa phương,2023-05-11,5000.0
Mướp đắng,Cần Thơ,Thương lái thu mua,CTV địa phương,2023-05-11,14000.0
Quả bí đỏ,Cần Thơ,Thương lái thu mua,CTV địa phương,2023-05-11,14000.0
Quả bí xanh,Cần Thơ,Thương lái thu mua,CTV địa phương,2023-05-11,13000.0
Trái dứa/thơm (to),Cần Thơ,Thương lái thu mua,CTV địa phương,2023-05-11,12000.0
Bắp cải,Sơn La,Bán lẻ,CTV địa phương,2023-05-11,12000.0
Cà rốt,Sơn La,Bán lẻ,CTV địa phương,2023-05-11,23000.0
Chanh,Sơn La,Bán lẻ,CTV địa phương,2023-05-11,35000.0
Dưa chuột/dưa chuội,Sơn La,Bán lẻ,CTV địa phương,2023-05-11,15000.0
Khoai tây,Sơn La,Bán lẻ,CTV địa phương,2023-05-11,23000.0
Mồng tơi,Sơn La,Bán lẻ,CTV địa phương,2023-05-11,20000.0
Mướp đắng,Sơn La,Bán lẻ,CTV địa phương,2023-05-11,34000.0
Mướp hương,Sơn La,Bán lẻ,CTV địa phương,2023-05-11,25000.0
Quả bí đỏ,Sơn La,Bán lẻ,CTV địa phương,2023-05-11,20000.0
Quả bí xanh,Sơn La,Bán lẻ,CTV địa phương,2023-05-11,20000.0
Rau cải,Sơn La,Bán lẻ,CTV địa phương,2023-05-11,20000.0
Su su quả,Sơn La,Bán lẻ,CTV địa phương,2023-05-11,20000.0
Bồn bồn,Cà Mau,Bán buôn,CTV địa phương,2023-05-10,35000.0
Cà rốt,Cà Mau,Bán buôn,CTV địa phương,2023-05-10,25000.0
Dừa,Cà Mau,Bán buôn,CTV địa phương,2023-05-10,100000.0
Dưa chuột/dưa chuội,Cà Mau,Bán buôn,CTV địa phương,2023-05-10,15000.0
Quả bí đỏ,Cà Mau,Bán buôn,CTV địa phương,2023-05-10,12000.0
Bưởi da xanh,Tiền Giang,Thu mua tại vườn,CTV địa phương,2023-05-10,30000.0
Bưởi năm roi,Tiền Giang,Thu mua tại vườn,CTV địa phương,2023-05-10,18000.0
Chuối sim,Tiền Giang,Thu mua tại vườn,CTV địa phương,2023-05-10,11500.0
Đu đủ,Tiền Giang,Thu mua tại vườn,CTV địa phương,2023-05-10,11000.0
Dưa chuột/dưa chuội,Tiền Giang,Thu mua tại vườn,CTV địa phương,2023-05-10,8500.0
Cam sành (loại 1),Bến Tre,Thương lái thu mua,CTV địa phương,2023-05-09,25000.0
Cam sành (loại 2),Bến Tre,Thương lái thu mua,CTV địa phương,2023-05-09,20000.0
Dưa hấu (loại 2),Bến Tre,Thương lái thu mua,CTV địa phương,2023-05-09,8000.0
Bưởi da xanh,Hà Nội,Bán lẻ,CTV địa phương,2023-05-09,65000.0
Cà rốt,Hà Nội,Bán lẻ,CTV địa phương,2023-05-09,17000.0
Dưa chuột/dưa chuội,Hà Nội,Bán lẻ,CTV địa phương,2023-05-09,20000.0
Khoai tây,Hà Nội,Bán lẻ,CTV địa phương,2023-05-09,17000.0
Măng cụt,Hà Nội,Bán lẻ,CTV địa phương,2023-05-09,60000.0
Quả bí xanh,Hà Nội,Bán lẻ,CTV địa phương,2023-05-09,20000.0
Rau cải mơ,Hà Nội,Bán lẻ,CTV địa phương,2023-05-09,25000.0
Rau cải ngọt,Hà Nội,Bán lẻ,CTV địa phương,2023-05-09,30000.0
Dưa hấu (loại 2),Hậu Giang,Bán lẻ,CTV địa phương,2023-05-09,9000.0
Mít Thái,Hậu Giang,Bán lẻ,CTV địa phương,2023-05-09,17000.0
Quýt đường,Hậu Giang,Bán lẻ,CTV địa phương,2023-05-09,45000.0
Xoài cát Hòa Lộc,Hậu Giang,Bán lẻ,CTV địa phương,2023-05-09,22000.0
Bắp cải,Sơn La,Bán lẻ,CTV địa phương,2023-05-08,10000.0
Cà rốt,Sơn La,Bán lẻ,CTV địa phương,2023-05-08,25000.0
Chanh,Sơn La,Bán lẻ,CTV địa phương,2023-05-08,32000.0
Dưa chuột/dưa chuội,Sơn La,Bán lẻ,CTV địa phương,2023-05-08,15000.0
Khoai tây,Sơn La,Bán lẻ,CTV địa phương,2023-05-08,22000.0
Mồng tơi,Sơn La,Bán lẻ,CTV địa phương,2023-05-08,20000.0
Mướp đắng,Sơn La,Bán lẻ,CTV địa phương,2023-05-08,35000.0
Quả bí đỏ,Sơn La,Bán lẻ,CTV địa phương,2023-05-08,20000.0
Quả bí xanh,Sơn La,Bán lẻ,CTV địa phương,2023-05-08,20000.0
Rau cải,Sơn La,Bán lẻ,CTV địa phương,2023-05-08,20000.0
Su su quả,Sơn La,Bán lẻ,CTV địa phương,2023-05-08,20000.0
Xoài cát Hòa Lộc,Đồng Tháp,Thu mua tại vườn,CTV địa phương,2023-05-05,30000.0
Bưởi da xanh,Hà Nội,Bán lẻ,CTV địa phương,2023-05-05,65000.0
Cà rốt,Hà Nội,Bán lẻ,CTV địa phương,2023-05-05,16000.0
Dưa chuột/dưa chuội,Hà Nội,Bán lẻ,CTV địa phương,2023-05-05,15000.0
Khoai tây,Hà Nội,Bán lẻ,CTV địa phương,2023-05-05,17000.0
Quả bí xanh,Hà Nội,Bán lẻ,CTV địa phương,2023-05-05,18000.0
Rau cải mơ,Hà Nội,Bán lẻ,CTV địa phương,2023-05-05,25000.0
Rau cải ngọt,Hà Nội,Bán lẻ,CTV địa phương,2023-05-05,25000.0
Chôm chôm đường,Vĩnh Long,Bán buôn,CTV địa phương,2023-05-05,34500.0
Xoài cát Hòa Lộc,Vĩnh Long,Bán buôn,CTV địa phương,2023-05-05,61500.0
Xoài cát Hòa Lộc,An Giang,Thương lái thu mua,CTV địa phương,2023-05-04,28000.0
Bắp cải,Cần Thơ,Thương lái thu mua,CTV địa phương,2023-05-04,16000.0
Dưa chuột/dưa chuội,Cần Thơ,Thương lái thu mua,CTV địa phương,2023-05-04,8000.0
Mướp,Cần Thơ,Thương lái thu mua,CTV địa phương,2023-05-04,6000.0
Mướp đắng,Cần Thơ,Thương lái thu mua,CTV địa phương,2023-05-04,13000.0
Quả bí đỏ,Cần Thơ,Thương lái thu mua,CTV địa phương,2023-05-04,15000.0
Quả bí xanh,Cần Thơ,Thương lái thu mua,CTV địa phương,2023-05-04,12500.0
Trái dứa/thơm (to),Cần Thơ,Thương lái thu mua,CTV địa phương,2023-05-04,12000.0
Bắp cải,Sơn La,Bán lẻ,CTV địa phương,2023-05-04,10000.0
Cà rốt,Sơn La,Bán lẻ,CTV địa phương,2023-05-04,25000.0
Chanh,Sơn La,Bán lẻ,CTV địa phương,2023-05-04,32000.0
Dưa chuột/dưa chuội,Sơn La,Bán lẻ,CTV địa phương,2023-05-04,15000.0
Khoai tây,Sơn La,Bán lẻ,CTV địa phương,2023-05-04,22000.0
Mồng tơi,Sơn La,Bán lẻ,CTV địa phương,2023-05-04,20000.0
Mướp đắng,Sơn La,Bán lẻ,CTV địa phương,2023-05-04,35000.0
Quả bí đỏ,Sơn La,Bán lẻ,CTV địa phương,2023-05-04,20000.0
Quả bí xanh,Sơn La,Bán lẻ,CTV địa phương,2023-05-04,20000.0
Rau cải,Sơn La,Bán lẻ,CTV địa phương,2023-05-04,20000.0
Su su quả,Sơn La,Bán lẻ,CTV địa phương,2023-05-04,20000.0
Bồn bồn,Cà Mau,Bán buôn,CTV địa phương,2023-05-03,30000.0
Cà rốt,Cà Mau,Bán buôn,CTV địa phương,2023-05-03,25000.0
Dừa,Cà Mau,Bán buôn,CTV địa phương,2023-05-03,110000.0
Dưa chuột/dưa chuội,Cà Mau,Bán buôn,CTV địa phương,2023-05-03,15000.0
Quả bí đỏ,Cà Mau,Bán buôn,CTV địa phương,2023-05-03,10000.0
Bưởi da xanh,Tiền Giang,Thu mua tại vườn,CTV địa phương,2023-05-03,30000.0
Bưởi năm roi,Tiền Giang,Thu mua tại vườn,CTV địa phương,2023-05-03,19000.0
Chuối sim,Tiền Giang,Thu mua tại vườn,CTV địa phương,2023-05-03,11500.0
Đu đủ,Tiền Giang,Thu mua tại vườn,CTV địa phương,2023-05-03,11000.0
Dưa chuột/dưa chuội,Tiền Giang,Thu mua tại vườn,CTV địa phương,2023-05-03,8000.0
Cam sành (loại 1),Bến Tre,Thương lái thu mua,CTV địa phương,2023-05-02,25000.0
Cam sành (loại 2),Bến Tre,Thương lái thu mua,CTV địa phương,2023-05-02,20000.0
Dưa hấu (loại 2),Bến Tre,Thương lái thu mua,CTV địa phương,2023-05-02,8000.0
Bưởi da xanh,Hà Nội,Bán lẻ,CTV địa phương,2023-05-02,65000.0
Cà rốt,Hà Nội,Bán lẻ,CTV địa phương,2023-05-02,16000.0
Dưa chuột/dưa chuội,Hà Nội,Bán lẻ,CTV địa phương,2023-05-02,15000.0
Khoai tây,Hà Nội,Bán lẻ,CTV địa phương,2023-05-02,17000.0
Quả bí xanh,Hà Nội,Bán lẻ,CTV địa phương,2023-05-02,18000.0
Rau cải mơ,Hà Nội,Bán lẻ,CTV địa phương,2023-05-02,25000.0
Rau cải ngọt,Hà Nội,Bán lẻ,CTV địa phương,2023-05-02,25000.0
Dưa hấu (loại 2),Hậu Giang,Bán lẻ,CTV địa phương,2023-05-02,9000.0
Mít Thái,Hậu Giang,Bán lẻ,CTV địa phương,2023-05-02,16000.0
Quýt đường,Hậu Giang,Bán lẻ,CTV địa phương,2023-05-02,40000.0
Xoài cát Hòa Lộc,Hậu Giang,Bán lẻ,CTV địa phương,2023-05-02,20000.0
Xoài cát Hòa Lộc,Đồng Tháp,Thu mua tại vườn,CTV địa phương,2023-04-28,30000.0
Bưởi da xanh,Hà Nội,Bán lẻ,CTV địa phương,2023-04-28,60000.0
Cà rốt,Hà Nội,Bán lẻ,CTV địa phương,2023-04-28,16000.0
Dưa chuột/dưa chuội,Hà Nội,Bán lẻ,CTV địa phương,2023-04-28,20000.0
Khoai tây,Hà Nội,Bán lẻ,CTV địa phương,2023-04-28,16000.0
Măng cụt,Hà Nội,Bán lẻ,CTV địa phương,2023-04-28,60000.0
Quả bí xanh,Hà Nội,Bán lẻ,CTV địa phương,2023-04-28,20000.0
Rau cải mơ,Hà Nội,Bán lẻ,CTV địa phương,2023-04-28,25000.0
Rau cải ngọt,Hà Nội,Bán lẻ,CTV địa phương,2023-04-28,30000.0
Chôm chôm đường,Vĩnh Long,Bán buôn,CTV địa phương,2023-04-28,34500.0
Xoài cát Hòa Lộc,Vĩnh Long,Bán buôn,CTV địa phương,2023-04-28,61500.0
Xoài cát Hòa Lộc,An Giang,Thương lái thu mua,CTV địa phương,2023-04-27,30000.0
Bắp cải,Cần Thơ,Thương lái thu mua,CTV địa phương,2023-04-27,15000.0
Dưa chuột/dưa chuội,Cần Thơ,Thương lái thu mua,CTV địa phương,2023-04-27,8000.0
Mướp,Cần Thơ,Thương lái thu mua,CTV địa phương,2023-04-27,6000.0
Mướp đắng,Cần Thơ,Thương lái thu mua,CTV địa phương,2023-04-27,13000.0
Quả bí đỏ,Cần Thơ,Thương lái thu mua,CTV địa phương,2023-04-27,14000.0
Quả bí xanh,Cần Thơ,Thương lái thu mua,CTV địa phương,2023-04-27,12000.0
Trái dứa/thơm (to),Cần Thơ,Thương lái thu mua,CTV địa phương,2023-04-27,12000.0
Bắp cải,Sơn La,Bán lẻ,CTV địa phương,2023-04-27,10000.0
Cà rốt,Sơn La,Bán lẻ,CTV địa phương,2023-04-27,25000.0
Chanh,Sơn La,Bán lẻ,CTV địa phương,2023-04-27,35000.0
Dưa chuột/dưa chuội,Sơn La,Bán lẻ,CTV địa phương,2023-04-27,15000.0
Khoai tây,Sơn La,Bán lẻ,CTV địa phương,2023-04-27,25000.0
Mồng tơi,Sơn La,Bán lẻ,CTV địa phương,2023-04-27,20000.0
Mướp đắng,Sơn La,Bán lẻ,CTV địa phương,2023-04-27,35000.0
Quả bí đỏ,Sơn La,Bán lẻ,CTV địa phương,2023-04-27,20000.0
Quả bí xanh,Sơn La,Bán lẻ,CTV địa phương,2023-04-27,20000.0
Rau cải,Sơn La,Bán lẻ,CTV địa phương,2023-04-27,20000.0
Su su quả,Sơn La,Bán lẻ,CTV địa phương,2023-04-27,20000.0
Bồn bồn,Cà Mau,Bán buôn,CTV địa phương,2023-04-26,30000.0
Cà rốt,Cà Mau,Bán buôn,CTV địa phương,2023-04-26,25000.0
Dừa,Cà Mau,Bán buôn,CTV địa phương,2023-04-26,100000.0
Dưa chuột/dưa chuội,Cà Mau,Bán buôn,CTV địa phương,2023-04-26,15000.0
Quả bí đỏ,Cà Mau,Bán buôn,CTV địa phương,2023-04-26,10000.0
Bưởi da xanh,Tiền Giang,Thu mua tại vườn,CTV địa phương,2023-04-26,29000.0
Bưởi năm roi,Tiền Giang,Thu mua tại vườn,CTV địa phương,2023-04-26,18000.0
Chuối sim,Tiền Giang,Thu mua tại vườn,CTV địa phương,2023-04-26,11000.0
Đu đủ,Tiền Giang,Thu mua tại vườn,CTV địa phương,2023-04-26,11000.0
Dưa chuột/dưa chuội,Tiền Giang,Thu mua tại vườn,CTV địa phương,2023-04-26,7500.0
Cam sành (loại 1),Bến Tre,Thương lái thu mua,CTV địa phương,2023-04-25,25000.0
Cam sành (loại 2),Bến Tre,Thương lái thu mua,CTV địa phương,2023-04-25,20000.0
Dưa hấu (loại 2),Bến Tre,Thương lái thu mua,CTV địa phương,2023-04-25,8000.0
Bưởi da xanh,Hà Nội,Bán lẻ,CTV địa phương,2023-04-25,60000.0
Cà rốt,Hà Nội,Bán lẻ,CTV địa phương,2023-04-25,16000.0
Dưa chuột/dưa chuội,Hà Nội,Bán lẻ,CTV địa phương,2023-04-25,20000.0
Khoai tây,Hà Nội,Bán lẻ,CTV địa phương,2023-04-25,16000.0
Măng cụt,Hà Nội,Bán lẻ,CTV địa phương,2023-04-25,60000.0
Quả bí xanh,Hà Nội,Bán lẻ,CTV địa phương,2023-04-25,20000.0
Rau cải mơ,Hà Nội,Bán lẻ,CTV địa phương,2023-04-25,25000.0
Rau cải ngọt,Hà Nội,Bán lẻ,CTV địa phương,2023-04-25,30000.0
Dưa hấu (loại 2),Hậu Giang,Bán lẻ,CTV địa phương,2023-04-25,9000.0
Mít Thái,Hậu Giang,Bán lẻ,CTV địa phương,2023-04-25,16000.0
Quýt đường,Hậu Giang,Bán lẻ,CTV địa phương,2023-04-25,40000.0
Xoài cát Hòa Lộc,Hậu Giang,Bán lẻ,CTV địa phương,2023-04-25,20000.0
Bắp cải,Sơn La,Bán lẻ,CTV địa phương,2023-04-24,10000.0
Cà rốt,Sơn La,Bán lẻ,CTV địa phương,2023-04-24,25000.0
Chanh,Sơn La,Bán lẻ,CTV địa phương,2023-04-24,35000.0
Dưa chuột/dưa chuội,Sơn La,Bán lẻ,CTV địa phương,2023-04-24,15000.0
Khoai tây,Sơn La,Bán lẻ,CTV địa phương,2023-04-24,25000.0
Mồng tơi,Sơn La,Bán lẻ,CTV địa phương,2023-04-24,20000.0
Mướp đắng,Sơn La,Bán lẻ,CTV địa phương,2023-04-24,35000.0
Quả bí đỏ,Sơn La,Bán lẻ,CTV địa phương,2023-04-24,20000.0
Quả bí xanh,Sơn La,Bán lẻ,CTV địa phương,2023-04-24,20000.0
Rau cải,Sơn La,Bán lẻ,CTV địa phương,2023-04-24,20000.0
Su su quả,Sơn La,Bán lẻ,CTV địa phương,2023-04-24,20000.0
Quýt đường,Đồng Tháp,Thu mua tại vườn,CTV địa phương,2023-04-21,45000.0
Xoài cát Hòa Lộc,Đồng Tháp,Thu mua tại vườn,CTV địa phương,2023-04-21,50000.0
Bưởi da xanh,Hà Nội,Bán lẻ,CTV địa phương,2023-04-21,65000.0
Cà rốt,Hà Nội,Bán lẻ,CTV địa phương,2023-04-21,16000.0
Dưa chuột/dưa chuội,Hà Nội,Bán lẻ,CTV địa phương,2023-04-21,15000.0
Khoai tây,Hà Nội,Bán lẻ,CTV địa phương,2023-04-21,17000.0
Quả bí xanh,Hà Nội,Bán lẻ,CTV địa phương,2023-04-21,18000.0
Rau cải mơ,Hà Nội,Bán lẻ,CTV địa phương,2023-04-21,25000.0
Rau cải ngọt,Hà Nội,Bán lẻ,CTV địa phương,2023-04-21,25000.0
Cam sành (loại 1),Vĩnh Long,Bán buôn,CTV địa phương,2023-04-21,9500.0
Chôm chôm đường,Vĩnh Long,Bán buôn,CTV địa phương,2023-04-21,39500.0
Xoài cát Hòa Lộc,Vĩnh Long,Bán buôn,CTV địa phương,2023-04-21,61500.0
Bắp cải,Sơn La,Bán lẻ,CTV địa phương,2023-04-20,10000.0
Cà rốt,Sơn La,Bán lẻ,CTV địa phương,2023-04-20,20000.0
Chanh,Sơn La,Bán lẻ,CTV địa phương,2023-04-20,35000.0
Dưa chuột/dưa chuội,Sơn La,Bán lẻ,CTV địa phương,2023-04-20,15000.0
Khoai tây,Sơn La,Bán lẻ,CTV địa phương,2023-04-20,25000.0
Mồng tơi,Sơn La,Bán lẻ,CTV địa phương,2023-04-20,15000.0
Mướp đắng,Sơn La,Bán lẻ,CTV địa phương,2023-04-20,35000.0
Quả bí đỏ,Sơn La,Bán lẻ,CTV địa phương,2023-04-20,20000.0
Quả bí xanh,Sơn La,Bán lẻ,CTV địa phương,2023-04-20,20000.0
Rau cải,Sơn La,Bán lẻ,CTV địa phương,2023-04-20,15000.0
Su su quả,Sơn La,Bán lẻ,CTV địa phương,2023-04-20,20000.0
Bưởi da xanh,Hà Nội,Bán lẻ,CTV địa phương,2023-04-18,65000.0
Cà rốt,Hà Nội,Bán lẻ,CTV địa phương,2023-04-18,16000.0
Dưa chuột/dưa chuội,Hà Nội,Bán lẻ,CTV địa phương,2023-04-18,15000.0
Khoai tây,Hà Nội,Bán lẻ,CTV địa phương,2023-04-18,17000.0
Quả bí xanh,Hà Nội,Bán lẻ,CTV địa phương,2023-04-18,18000.0
Rau cải mơ,Hà Nội,Bán lẻ,CTV địa phương,2023-04-18,25000.0
Rau cải ngọt,Hà Nội,Bán lẻ,CTV địa phương,2023-04-18,25000.0
Bắp cải,Sơn La,Bán lẻ,CTV địa phương,2023-04-17,10000.0
Cà rốt,Sơn La,Bán lẻ,CTV địa phương,2023-04-17,20000.0
Chanh,Sơn La,Bán lẻ,CTV địa phương,2023-04-17,35000.0
Dưa chuột/dưa chuội,Sơn La,Bán lẻ,CTV địa phương,2023-04-17,15000.0
Khoai tây,Sơn La,Bán lẻ,CTV địa phương,2023-04-17,25000.0
Mồng tơi,Sơn La,Bán lẻ,CTV địa phương,2023-04-17,15000.0
Mướp đắng,Sơn La,Bán lẻ,CTV địa phương,2023-04-17,35000.0
Quả bí đỏ,Sơn La,Bán lẻ,CTV địa phương,2023-04-17,20000.0
Quả bí xanh,Sơn La,Bán lẻ,CTV địa phương,2023-04-17,20000.0
Rau cải,Sơn La,Bán lẻ,CTV địa phương,2023-04-17,15000.0
Su su quả,Sơn La,Bán lẻ,CTV địa phương,2023-04-17,20000.0
Bưởi da xanh,Hà Nội,Bán lẻ,CTV địa phương,2023-04-14,65000.0
Cà rốt,Hà Nội,Bán lẻ,CTV địa phương,2023-04-14,16000.0
Dưa chuột/dưa chuội,Hà Nội,Bán lẻ,CTV địa phương,2023-04-14,15000.0
Khoai tây,Hà Nội,Bán lẻ,CTV địa phương,2023-04-14,17000.0
Quả bí xanh,Hà Nội,Bán lẻ,CTV địa phương,2023-04-14,18000.0
Rau cải mơ,Hà Nội,Bán lẻ,CTV địa phương,2023-04-14,25000.0
Rau cải ngọt,Hà Nội,Bán lẻ,CTV địa phương,2023-04-14,25000.0
Bắp cải,Sơn La,Bán lẻ,CTV địa phương,2023-04-13,10000.0
Cà rốt,Sơn La,Bán lẻ,CTV địa phương,2023-04-13,25000.0
Chanh,Sơn La,Bán lẻ,CTV địa phương,2023-04-13,35000.0
Dưa chuột/dưa chuội,Sơn La,Bán lẻ,CTV địa phương,2023-04-13,20000.0
Khoai tây,Sơn La,Bán lẻ,CTV địa phương,2023-04-13,25000.0
Mồng tơi,Sơn La,Bán lẻ,CTV địa phương,2023-04-13,15000.0
Mướp đắng,Sơn La,Bán lẻ,CTV địa phương,2023-04-13,35000.0
Quả bí đỏ,Sơn La,Bán lẻ,CTV địa phương,2023-04-13,20000.0
Quả bí xanh,Sơn La,Bán lẻ,CTV địa phương,2023-04-13,20000.0
Rau cải,Sơn La,Bán lẻ,CTV địa phương,2023-04-13,15000.0
Su su quả,Sơn La,Bán lẻ,CTV địa phương,2023-04-13,20000.0
Bưởi da xanh,Hà Nội,Bán lẻ,CTV địa phương,2023-04-11,65000.0
Cà rốt,Hà Nội,Bán lẻ,CTV địa phương,2023-04-11,16000.0
Dưa chuột/dưa chuội,Hà Nội,Bán lẻ,CTV địa phương,2023-04-11,15000.0
Khoai tây,Hà Nội,Bán lẻ,CTV địa phương,2023-04-11,17000.0
Mướp hương,Hà Nội,Bán lẻ,CTV địa phương,2023-04-11,20000.0
Quả bí xanh,Hà Nội,Bán lẻ,CTV địa phương,2023-04-11,18000.0
Rau cải mơ,Hà Nội,Bán lẻ,CTV địa phương,2023-04-11,25000.0
Rau cải ngọt,Hà Nội,Bán lẻ,CTV địa phương,2023-04-11,25000.0
Bắp cải,Sơn La,Bán lẻ,CTV địa phương,2023-04-10,10000.0
Cà rốt,Sơn La,Bán lẻ,CTV địa phương,2023-04-10,25000.0
Chanh,Sơn La,Bán lẻ,CTV địa phương,2023-04-10,35000.0
Dưa chuột/dưa chuội,Sơn La,Bán lẻ,CTV địa phương,2023-04-10,20000.0
Khoai tây,Sơn La,Bán lẻ,CTV địa phương,2023-04-10,25000.0
Mồng tơi,Sơn La,Bán lẻ,CTV địa phương,2023-04-10,15000.0
Mướp đắng,Sơn La,Bán lẻ,CTV địa phương,2023-04-10,35000.0
Quả bí đỏ,Sơn La,Bán lẻ,CTV địa phương,2023-04-10,20000.0
Quả bí xanh,Sơn La,Bán lẻ,CTV địa phương,2023-04-10,20000.0
Rau cải,Sơn La,Bán lẻ,CTV địa phương,2023-04-10,15000.0
Su su quả,Sơn La,Bán lẻ,CTV địa phương,2023-04-10,20000.0
Quýt đường,Đồng Tháp,Thu mua tại vườn,CTV địa phương,2023-04-07,45000.0
Xoài cát Hòa Lộc,Đồng Tháp,Thu mua tại vườn,CTV địa phương,2023-04-07,85000.0
Bưởi da xanh,Hà Nội,Bán lẻ,CTV địa phương,2023-04-07,60000.0
Cà rốt,Hà Nội,Bán lẻ,CTV địa phương,2023-04-07,16000.0
Dưa chuột/dưa chuội,Hà Nội,Bán lẻ,CTV địa phương,2023-04-07,20000.0
Khoai tây,Hà Nội,Bán lẻ,CTV địa phương,2023-04-07,17000.0
Mướp hương,Hà Nội,Bán lẻ,CTV địa phương,2023-04-07,20000.0
Quả bí xanh,Hà Nội,Bán lẻ,CTV địa phương,2023-04-07,18000.0
Rau cải mơ,Hà Nội,Bán lẻ,CTV địa phương,2023-04-07,25000.0
Rau cải ngọt,Hà Nội,Bán lẻ,CTV địa phương,2023-04-07,25000.0
Cam sành (loại 1),Vĩnh Long,Bán buôn,CTV địa phương,2023-04-07,9500.0
Chôm chôm đường,Vĩnh Long,Bán buôn,CTV địa phương,2023-04-07,49500.0
Chôm chôm Java,Vĩnh Long,Bán buôn,CTV địa phương,2023-04-07,29500.0
Xoài cát Hòa Lộc,An Giang,Thương lái thu mua,CTV địa phương,2023-04-06,43000.0
Bắp cải,Cần Thơ,Thương lái thu mua,CTV địa phương,2023-04-06,16000.0
Dưa chuột/dưa chuội,Cần Thơ,Thương lái thu mua,CTV địa phương,2023-04-06,12000.0
Mướp,Cần Thơ,Thương lái thu mua,CTV địa phương,2023-04-06,7000.0
Mướp đắng,Cần Thơ,Thương lái thu mua,CTV địa phương,2023-04-06,16000.0
Quả bí đỏ,Cần Thơ,Thương lái thu mua,CTV địa phương,2023-04-06,14000.0
Quả bí xanh,Cần Thơ,Thương lái thu mua,CTV địa phương,2023-04-06,12000.0
Trái dứa/thơm (to),Cần Thơ,Thương lái thu mua,CTV địa phương,2023-04-06,15000.0
Bắp cải,Sơn La,Bán lẻ,CTV địa phương,2023-04-06,14000.0
Cà rốt,Sơn La,Bán lẻ,CTV địa phương,2023-04-06,23000.0
Chanh,Sơn La,Bán lẻ,CTV địa phương,2023-04-06,43000.0
Dưa chuột/dưa chuội,Sơn La,Bán lẻ,CTV địa phương,2023-04-06,26000.0
Mướp đắng,Sơn La,Bán lẻ,CTV địa phương,2023-04-06,30000.0
Quả bí đỏ,Sơn La,Bán lẻ,CTV địa phương,2023-04-06,18000.0
Quả bí xanh,Sơn La,Bán lẻ,CTV địa phương,2023-04-06,17000.0
Rau cải,Sơn La,Bán lẻ,CTV địa phương,2023-04-06,13500.0
Su su quả,Sơn La,Bán lẻ,CTV địa phương,2023-04-06,20000.0
Cà rốt,Cà Mau,Bán buôn,CTV địa phương,2023-04-05,20000.0
Dừa,Cà Mau,Bán buôn,CTV địa phương,2023-04-05,100000.0
Dưa chuột/dưa chuội,Cà Mau,Bán buôn,CTV địa phương,2023-04-05,20000.0
Quả bí đỏ,Cà Mau,Bán buôn,CTV địa phương,2023-04-05,22000.0
Bưởi da xanh,Tiền Giang,Thu mua tại vườn,CTV địa phương,2023-04-05,28000.0
Bưởi năm roi,Tiền Giang,Thu mua tại vườn,CTV địa phương,2023-04-05,19000.0
Chuối sim,Tiền Giang,Thu mua tại vườn,CTV địa phương,2023-04-05,12000.0
Đu đủ,Tiền Giang,Thu mua tại vườn,CTV địa phương,2023-04-05,12000.0
Dưa chuột/dưa chuội,Tiền Giang,Thu mua tại vườn,CTV địa phương,2023-04-05,9000.0
Cam sành (loại 1),Bến Tre,Thương lái thu mua,CTV địa phương,2023-04-04,25000.0
Cam sành (loại 2),Bến Tre,Thương lái thu mua,CTV địa phương,2023-04-04,20000.0
Dưa hấu (loại 2),Bến Tre,Thương lái thu mua,CTV địa phương,2023-04-04,8000.0
Bưởi da xanh,Hà Nội,Bán lẻ,CTV địa phương,2023-04-04,60000.0
Cà rốt,Hà Nội,Bán lẻ,CTV địa phương,2023-04-04,16000.0
Dưa chuột/dưa chuội,Hà Nội,Bán lẻ,CTV địa phương,2023-04-04,20000.0
Khoai tây,Hà Nội,Bán lẻ,CTV địa phương,2023-04-04,17000.0
Mướp hương,Hà Nội,Bán lẻ,CTV địa phương,2023-04-04,20000.0
Quả bí xanh,Hà Nội,Bán lẻ,CTV địa phương,2023-04-04,18000.0
Rau cải mơ,Hà Nội,Bán lẻ,CTV địa phương,2023-04-04,25000.0
Rau cải ngọt,Hà Nội,Bán lẻ,CTV địa phương,2023-04-04,25000.0
Dưa hấu (loại 2),Hậu Giang,Bán lẻ,CTV địa phương,2023-04-04,8000.0
Mít Thái,Hậu Giang,Bán lẻ,CTV địa phương,2023-04-04,17000.0
Quýt đường,Hậu Giang,Bán lẻ,CTV địa phương,2023-04-04,45000.0
Xoài cát Hòa Lộc,Hậu Giang,Bán lẻ,CTV địa phương,2023-04-04,25000.0
Bắp cải,Sơn La,Bán lẻ,CTV địa phương,2023-04-03,14000.0
Cà rốt,Sơn La,Bán lẻ,CTV địa phương,2023-04-03,23000.0
Chanh,Sơn La,Bán lẻ,CTV địa phương,2023-04-03,43000.0
Dưa chuột/dưa chuội,Sơn La,Bán lẻ,CTV địa phương,2023-04-03,26000.0
Mướp đắng,Sơn La,Bán lẻ,CTV địa phương,2023-04-03,30000.0
Quả bí đỏ,Sơn La,Bán lẻ,CTV địa phương,2023-04-03,18000.0
Quả bí xanh,Sơn La,Bán lẻ,CTV địa phương,2023-04-03,17000.0
Rau cải,Sơn La,Bán lẻ,CTV địa phương,2023-04-03,13500.0
Su su quả,Sơn La,Bán lẻ,CTV địa phương,2023-04-03,20000.0
Quýt đường,Đồng Tháp,Thu mua tại vườn,CTV địa phương,2023-03-31,35000.0
Xoài cát Hòa Lộc,Đồng Tháp,Thu mua tại vườn,CTV địa phương,2023-03-31,90000.0
Bưởi da xanh,Hà Nội,Bán lẻ,CTV địa phương,2023-03-31,55000.0
Cà rốt,Hà Nội,Bán lẻ,CTV địa phương,2023-03-31,16000.0
Dưa chuột/dưa chuội,Hà Nội,Bán lẻ,CTV địa phương,2023-03-31,20000.0
Khoai tây,Hà Nội,Bán lẻ,CTV địa phương,2023-03-31,17000.0
Mướp hương,Hà Nội,Bán lẻ,CTV địa phương,2023-03-31,20000.0
Quả bí xanh,Hà Nội,Bán lẻ,CTV địa phương,2023-03-31,18000.0
Rau cải mơ,Hà Nội,Bán lẻ,CTV địa phương,2023-03-31,25000.0
Rau cải ngọt,Hà Nội,Bán lẻ,CTV địa phương,2023-03-31,25000.0
Cam sành (loại 1),Vĩnh Long,Bán buôn,CTV địa phương,2023-03-31,10500.0
Chôm chôm đường,Vĩnh Long,Bán buôn,CTV địa phương,2023-03-31,49500.0
Xoài cát Hòa Lộc,Vĩnh Long,Bán buôn,CTV địa phương,2023-03-31,61500.0
Xoài cát Hòa Lộc,An Giang,Thương lái thu mua,CTV địa phương,2023-03-30,55000.0
Bắp cải,Cần Thơ,Thương lái thu mua,CTV địa phương,2023-03-30,18000.0
Dưa chuột/dưa chuội,Cần Thơ,Thương lái thu mua,CTV địa phương,2023-03-30,12000.0
Mướp,Cần Thơ,Thương lái thu mua,CTV địa phương,2023-03-30,7000.0
Mướp đắng,Cần Thơ,Thương lái thu mua,CTV địa phương,2023-03-30,24000.0
Quả bí đỏ,Cần Thơ,Thương lái thu mua,CTV địa phương,2023-03-30,16000.0
Quả bí xanh,Cần Thơ,Thương lái thu mua,CTV địa phương,2023-03-30,15000.0
Trái dứa/thơm (to),Cần Thơ,Thương lái thu mua,CTV địa phương,2023-03-30,14000.0
Bắp cải,Sơn La,Bán lẻ,CTV địa phương,2023-03-30,14000.0
Cà rốt,Sơn La,Bán lẻ,CTV địa phương,2023-03-30,23000.0
Chanh,Sơn La,Bán lẻ,CTV địa phương,2023-03-30,43000.0
Dưa chuột/dưa chuội,Sơn La,Bán lẻ,CTV địa phương,2023-03-30,26000.0
Mướp đắng,Sơn La,Bán lẻ,CTV địa phương,2023-03-30,30000.0
Quả bí đỏ,Sơn La,Bán lẻ,CTV địa phương,2023-03-30,18000.0
Quả bí xanh,Sơn La,Bán lẻ,CTV địa phương,2023-03-30,17000.0
Rau cải,Sơn La,Bán lẻ,CTV địa phương,2023-03-30,13500.0
Su su quả,Sơn La,Bán lẻ,CTV địa phương,2023-03-30,20000.0
Xoài cát Hòa Lộc,An Giang,Thương lái thu mua,CTV địa phương,2023-03-29,55000.0
Bắp cải,Cần Thơ,Thương lái thu mua,CTV địa phương,2023-03-29,18000.0
Dưa chuột/dưa chuội,Cần Thơ,Thương lái thu mua,CTV địa phương,2023-03-29,12000.0
Mướp,Cần Thơ,Thương lái thu mua,CTV địa phương,2023-03-29,7000.0
Mướp đắng,Cần Thơ,Thương lái thu mua,CTV địa phương,2023-03-29,24000.0
Quả bí đỏ,Cần Thơ,Thương lái thu mua,CTV địa phương,2023-03-29,16000.0
Quả bí xanh,Cần Thơ,Thương lái thu mua,CTV địa phương,2023-03-29,15000.0
Trái dứa/thơm (to),Cần Thơ,Thương lái thu mua,CTV địa phương,2023-03-29,14000.0
Cam sành (loại 1),Bến Tre,Thương lái thu mua,CTV địa phương,2023-03-28,25000.0
Cam sành (loại 2),Bến Tre,Thương lái thu mua,CTV địa phương,2023-03-28,20000.0
Dưa hấu (loại 2),Bến Tre,Thương lái thu mua,CTV địa phương,2023-03-28,6000.0
Cà rốt,Cà Mau,Bán buôn,CTV địa phương,2023-03-28,20000.0
Dừa,Cà Mau,Bán buôn,CTV địa phương,2023-03-28,100000.0
Dưa chuột/dưa chuội,Cà Mau,Bán buôn,CTV địa phương,2023-03-28,20000.0
Quả bí đỏ,Cà Mau,Bán buôn,CTV địa phương,2023-03-28,22000.0
Bưởi da xanh,Hà Nội,Bán lẻ,CTV địa phương,2023-03-28,55000.0
Cà rốt,Hà Nội,Bán lẻ,CTV địa phương,2023-03-28,16000.0
Dưa chuột/dưa chuội,Hà Nội,Bán lẻ,CTV địa phương,2023-03-28,20000.0
Khoai tây,Hà Nội,Bán lẻ,CTV địa phương,2023-03-28,17000.0
Mướp hương,Hà Nội,Bán lẻ,CTV địa phương,2023-03-28,20000.0
Quả bí xanh,Hà Nội,Bán lẻ,CTV địa phương,2023-03-28,18000.0
Rau cải mơ,Hà Nội,Bán lẻ,CTV địa phương,2023-03-28,25000.0
Rau cải ngọt,Hà Nội,Bán lẻ,CTV địa phương,2023-03-28,25000.0
Dưa hấu (loại 2),Hậu Giang,Bán lẻ,CTV địa phương,2023-03-28,7000.0
Mít Thái,Hậu Giang,Bán lẻ,CTV địa phương,2023-03-28,18000.0
Quýt đường,Hậu Giang,Bán lẻ,CTV địa phương,2023-03-28,45000.0
Xoài cát Hòa Lộc,Hậu Giang,Bán lẻ,CTV địa phương,2023-03-28,20000.0
Bắp cải,Sơn La,Bán lẻ,CTV địa phương,2023-03-27,14000.0
Cà rốt,Sơn La,Bán lẻ,CTV địa phương,2023-03-27,23000.0
Chanh,Sơn La,Bán lẻ,CTV địa phương,2023-03-27,43000.0
Dưa chuột/dưa chuội,Sơn La,Bán lẻ,CTV địa phương,2023-03-27,26000.0
Mướp đắng,Sơn La,Bán lẻ,CTV địa phương,2023-03-27,30000.0
Quả bí đỏ,Sơn La,Bán lẻ,CTV địa phương,2023-03-27,18000.0
Quả bí xanh,Sơn La,Bán lẻ,CTV địa phương,2023-03-27,17000.0
Rau cải,Sơn La,Bán lẻ,CTV địa phương,2023-03-27,13500.0
Su su quả,Sơn La,Bán lẻ,CTV địa phương,2023-03-27,20000.0
Quýt đường,Đồng Tháp,Thu mua tại vườn,CTV địa phương,2023-03-24,45000.0
Xoài cát Hòa Lộc,Đồng Tháp,Thu mua tại vườn,CTV địa phương,2023-03-24,90000.0
Bưởi da xanh,Hà Nội,Bán lẻ,CTV địa phương,2023-03-24,50000.0
Cà rốt,Hà Nội,Bán lẻ,CTV địa phương,2023-03-24,16000.0
Dưa chuột/dưa chuội,Hà Nội,Bán lẻ,CTV địa phương,2023-03-24,20000.0
Khoai tây,Hà Nội,Bán lẻ,CTV địa phương,2023-03-24,16000.0
Mướp hương,Hà Nội,Bán lẻ,CTV địa phương,2023-03-24,20000.0
Quả bí xanh,Hà Nội,Bán lẻ,CTV địa phương,2023-03-24,20000.0
Rau cải mơ,Hà Nội,Bán lẻ,CTV địa phương,2023-03-24,25000.0
Rau cải ngọt,Hà Nội,Bán lẻ,CTV địa phương,2023-03-24,25000.0
Cam sành (loại 1),Vĩnh Long,Bán buôn,CTV địa phương,2023-03-24,10500.0
Chôm chôm đường,Vĩnh Long,Bán buôn,CTV địa phương,2023-03-24,47500.0
Xoài cát Hòa Lộc,Vĩnh Long,Bán buôn,CTV địa phương,2023-03-24,61500.0
Xoài cát Hòa Lộc,An Giang,Thương lái thu mua,CTV địa phương,2023-03-23,50000.0
Bắp cải,Cần Thơ,Thương lái thu mua,CTV địa phương,2023-03-23,18000.0
Dưa chuột/dưa chuội,Cần Thơ,Thương lái thu mua,CTV địa phương,2023-03-23,12000.0
Mướp,Cần Thơ,Thương lái thu mua,CTV địa phương,2023-03-23,7000.0
Mướp đắng,Cần Thơ,Thương lái thu mua,CTV địa phương,2023-03-23,23000.0
Quả bí đỏ,Cần Thơ,Thương lái thu mua,CTV địa phương,2023-03-23,15000.0
Quả bí xanh,Cần Thơ,Thương lái thu mua,CTV địa phương,2023-03-23,14000.0
Trái dứa/thơm (to),Cần Thơ,Thương lái thu mua,CTV địa phương,2023-03-23,12000.0
Bắp cải,Sơn La,Bán lẻ,CTV địa phương,2023-03-23,10000.0
Cà rốt,Sơn La,Bán lẻ,CTV địa phương,2023-03-23,20000.0
Chanh,Sơn La,Bán lẻ,CTV địa phương,2023-03-23,45000.0
Dưa chuột/dưa chuội,Sơn La,Bán lẻ,CTV địa phương,2023-03-23,25000.0
Khoai tây,Sơn La,Bán lẻ,CTV địa phương,2023-03-23,25000.0
Mướp đắng,Sơn La,Bán lẻ,CTV địa phương,2023-03-23,30000.0
Quả bí đỏ,Sơn La,Bán lẻ,CTV địa phương,2023-03-23,20000.0
Quả bí xanh,Sơn La,Bán lẻ,CTV địa phương,2023-03-23,15000.0
Rau cải,Sơn La,Bán lẻ,CTV địa phương,2023-03-23,12000.0
Su su quả,Sơn La,Bán lẻ,CTV địa phương,2023-03-23,20000.0
Cà rốt,Cà Mau,Bán buôn,CTV địa phương,2023-03-22,18000.0
Dừa,Cà Mau,Bán buôn,CTV địa phương,2023-03-22,105000.0
Dưa chuột/dưa chuội,Cà Mau,Bán buôn,CTV địa phương,2023-03-22,10000.0
Quả bí đỏ,Cà Mau,Bán buôn,CTV địa phương,2023-03-22,12000.0
Bưởi da xanh,Tiền Giang,Thu mua tại vườn,CTV địa phương,2023-03-22,28000.0
Bưởi năm roi,Tiền Giang,Thu mua tại vườn,CTV địa phương,2023-03-22,20000.0
Chuối sim,Tiền Giang,Thu mua tại vườn,CTV địa phương,2023-03-22,12000.0
Đu đủ,Tiền Giang,Thu mua tại vườn,CTV địa phương,2023-03-22,11000.0
Dưa chuột/dưa chuội,Tiền Giang,Thu mua tại vườn,CTV địa phương,2023-03-22,9000.0
Cam sành (loại 1),Bến Tre,Thương lái thu mua,CTV địa phương,2023-03-21,25000.0
Cam sành (loại 2),Bến Tre,Thương lái thu mua,CTV địa phương,2023-03-21,20000.0
Dưa hấu (loại 2),Bến Tre,Thương lái thu mua,CTV địa phương,2023-03-21,8000.0
Bưởi da xanh,Hà Nội,Bán lẻ,CTV địa phương,2023-03-21,50000.0
Cà rốt,Hà Nội,Bán lẻ,CTV địa phương,2023-03-21,16000.0
Dưa chuột/dưa chuội,Hà Nội,Bán lẻ,CTV địa phương,2023-03-21,20000.0
Khoai tây,Hà Nội,Bán lẻ,CTV địa phương,2023-03-21,16000.0
Quả bí xanh,Hà Nội,Bán lẻ,CTV địa phương,2023-03-21,20000.0
Rau cải mơ,Hà Nội,Bán lẻ,CTV địa phương,2023-03-21,25000.0
Rau cải ngọt,Hà Nội,Bán lẻ,CTV địa phương,2023-03-21,25000.0
Dưa hấu (loại 2),Hậu Giang,Bán lẻ,CTV địa phương,2023-03-21,8000.0
Mít Thái,Hậu Giang,Bán lẻ,CTV địa phương,2023-03-21,17000.0
Quýt đường,Hậu Giang,Bán lẻ,CTV địa phương,2023-03-21,45000.0
Xoài cát Hòa Lộc,Hậu Giang,Bán lẻ,CTV địa phương,2023-03-21,20000.0
Bắp cải,Sơn La,Bán lẻ,CTV địa phương,2023-03-20,10000.0
Cà rốt,Sơn La,Bán lẻ,CTV địa phương,2023-03-20,20000.0
Chanh,Sơn La,Bán lẻ,CTV địa phương,2023-03-20,45000.0
Dưa chuột/dưa chuội,Sơn La,Bán lẻ,CTV địa phương,2023-03-20,25000.0
Khoai tây,Sơn La,Bán lẻ,CTV địa phương,2023-03-20,25000.0
Mướp đắng,Sơn La,Bán lẻ,CTV địa phương,2023-03-20,30000.0
Quả bí đỏ,Sơn La,Bán lẻ,CTV địa phương,2023-03-20,20000.0
Quả bí xanh,Sơn La,Bán lẻ,CTV địa phương,2023-03-20,15000.0
Rau cải,Sơn La,Bán lẻ,CTV địa phương,2023-03-20,12000.0
Su su quả,Sơn La,Bán lẻ,CTV địa phương,2023-03-20,20000.0
Quýt đường,Đồng Tháp,Thu mua tại vườn,CTV địa phương,2023-03-17,35000.0
Xoài cát Hòa Lộc,Đồng Tháp,Thu mua tại vườn,CTV địa phương,2023-03-17,90000.0
Bưởi da xanh,Hà Nội,Bán lẻ,CTV địa phương,2023-03-17,50000.0
Cà rốt,Hà Nội,Bán lẻ,CTV địa phương,2023-03-17,16000.0
Dưa chuột/dưa chuội,Hà Nội,Bán lẻ,CTV địa phương,2023-03-17,20000.0
Khoai tây,Hà Nội,Bán lẻ,CTV địa phương,2023-03-17,16000.0
Quả bí xanh,Hà Nội,Bán lẻ,CTV địa phương,2023-03-17,20000.0
Rau cải mơ,Hà Nội,Bán lẻ,CTV địa phương,2023-03-17,25000.0
Rau cải ngọt,Hà Nội,Bán lẻ,CTV địa phương,2023-03-17,25000.0
Cam sành (loại 1),Vĩnh Long,Bán buôn,CTV địa phương,2023-03-17,10500.0
Chôm chôm đường,Vĩnh Long,Bán buôn,CTV địa phương,2023-03-17,44500.0
Xoài cát Hòa Lộc,Vĩnh Long,Bán buôn,CTV địa phương,2023-03-17,61500.0
Xoài cát Hòa Lộc,An Giang,Thương lái thu mua,CTV địa phương,2023-03-16,48000.0
Bắp cải,Cần Thơ,Thương lái thu mua,CTV địa phương,2023-03-16,18000.0
Dưa chuột/dưa chuội,Cần Thơ,Thương lái thu mua,CTV địa phương,2023-03-16,12000.0
Mướp,Cần Thơ,Thương lái thu mua,CTV địa phương,2023-03-16,7000.0
Mướp đắng,Cần Thơ,Thương lái thu mua,CTV địa phương,2023-03-16,23000.0
Quả bí đỏ,Cần Thơ,Thương lái thu mua,CTV địa phương,2023-03-16,16000.0
Quả bí xanh,Cần Thơ,Thương lái thu mua,CTV địa phương,2023-03-16,13500.0
Trái dứa/thơm (to),Cần Thơ,Thương lái thu mua,CTV địa phương,2023-03-16,14000.0
Bắp cải,Sơn La,Bán lẻ,CTV địa phương,2023-03-16,10000.0
Cà rốt,Sơn La,Bán lẻ,CTV địa phương,2023-03-16,20000.0
Chanh,Sơn La,Bán lẻ,CTV địa phương,2023-03-16,40000.0
Dưa chuột/dưa chuội,Sơn La,Bán lẻ,CTV địa phương,2023-03-16,25000.0
Khoai tây,Sơn La,Bán lẻ,CTV địa phương,2023-03-16,20000.0
Mướp đắng,Sơn La,Bán lẻ,CTV địa phương,2023-03-16,20000.0
Quả bí đỏ,Sơn La,Bán lẻ,CTV địa phương,2023-03-16,15000.0
Quả bí xanh,Sơn La,Bán lẻ,CTV địa phương,2023-03-16,15000.0
Su su quả,Sơn La,Bán lẻ,CTV địa phương,2023-03-16,20000.0
Cà rốt,Cà Mau,Bán buôn,CTV địa phương,2023-03-15,18000.0
Dừa,Cà Mau,Bán buôn,CTV địa phương,2023-03-15,105000.0
Dưa chuột/dưa chuội,Cà Mau,Bán buôn,CTV địa phương,2023-03-15,10000.0
Quả bí đỏ,Cà Mau,Bán buôn,CTV địa phương,2023-03-15,12000.0
Bưởi da xanh,Tiền Giang,Thu mua tại vườn,CTV địa phương,2023-03-15,28000.0
Bưởi năm roi,Tiền Giang,Thu mua tại vườn,CTV địa phương,2023-03-15,20000.0
Chuối sim,Tiền Giang,Thu mua tại vườn,CTV địa phương,2023-03-15,12000.0
Đu đủ,Tiền Giang,Thu mua tại vườn,CTV địa phương,2023-03-15,11000.0
Dưa chuột/dưa chuội,Tiền Giang,Thu mua tại vườn,CTV địa phương,2023-03-15,9000.0
Cam sành (loại 1),Bến Tre,Thương lái thu mua,CTV địa phương,2023-03-14,25000.0
Cam sành (loại 2),Bến Tre,Thương lái thu mua,CTV địa phương,2023-03-14,20000.0
Dưa hấu (loại 2),Bến Tre,Thương lái thu mua,CTV địa phương,2023-03-14,8000.0
Bưởi da xanh,Hà Nội,Bán lẻ,CTV địa phương,2023-03-14,45000.0
Cà rốt,Hà Nội,Bán lẻ,CTV địa phương,2023-03-14,16000.0
Dưa chuột/dưa chuội,Hà Nội,Bán lẻ,CTV địa phương,2023-03-14,20000.0
Khoai tây,Hà Nội,Bán lẻ,CTV địa phương,2023-03-14,16000.0
Quả bí xanh,Hà Nội,Bán lẻ,CTV địa phương,2023-03-14,20000.0
Rau cải mơ,Hà Nội,Bán lẻ,CTV địa phương,2023-03-14,25000.0
Rau cải ngọt,Hà Nội,Bán lẻ,CTV địa phương,2023-03-14,25000.0
Dưa hấu (loại 2),Hậu Giang,Bán lẻ,CTV địa phương,2023-03-14,7000.0
Mít Thái,Hậu Giang,Bán lẻ,CTV địa phương,2023-03-14,15000.0
Quýt đường,Hậu Giang,Bán lẻ,CTV địa phương,2023-03-14,45000.0
Xoài cát Hòa Lộc,Hậu Giang,Bán lẻ,CTV địa phương,2023-03-14,25000.0
Bắp cải,Sơn La,Bán lẻ,CTV địa phương,2023-03-13,10000.0
Cà rốt,Sơn La,Bán lẻ,CTV địa phương,2023-03-13,20000.0
Chanh,Sơn La,Bán lẻ,CTV địa phương,2023-03-13,40000.0
Dưa chuột/dưa chuội,Sơn La,Bán lẻ,CTV địa phương,2023-03-13,25000.0
Khoai tây,Sơn La,Bán lẻ,CTV địa phương,2023-03-13,20000.0
Mướp đắng,Sơn La,Bán lẻ,CTV địa phương,2023-03-13,20000.0
Quả bí đỏ,Sơn La,Bán lẻ,CTV địa phương,2023-03-13,15000.0
Quả bí xanh,Sơn La,Bán lẻ,CTV địa phương,2023-03-13,15000.0
Su su quả,Sơn La,Bán lẻ,CTV địa phương,2023-03-13,20000.0
Quýt đường,Đồng Tháp,Thu mua tại vườn,CTV địa phương,2023-03-10,35000.0
Xoài cát Hòa Lộc,Đồng Tháp,Thu mua tại vườn,CTV địa phương,2023-03-10,90000.0
Bưởi da xanh,Hà Nội,Bán lẻ,CTV địa phương,2023-03-10,45000.0
Cà rốt,Hà Nội,Bán lẻ,CTV địa phương,2023-03-10,16000.0
Dưa chuột/dưa chuội,Hà Nội,Bán lẻ,CTV địa phương,2023-03-10,20000.0
Khoai tây,Hà Nội,Bán lẻ,CTV địa phương,2023-03-10,17000.0
Quả bí xanh,Hà Nội,Bán lẻ,CTV địa phương,2023-03-10,20000.0
Rau cải mơ,Hà Nội,Bán lẻ,CTV địa phương,2023-03-10,25000.0
Rau cải ngọt,Hà Nội,Bán lẻ,CTV địa phương,2023-03-10,20000.0
Chôm chôm đường,Vĩnh Long,Bán buôn,CTV địa phương,2023-03-10,34500.0
Chôm chôm Java,Vĩnh Long,Bán buôn,CTV địa phương,2023-03-10,29500.0
Xoài cát Hòa Lộc,Vĩnh Long,Bán buôn,CTV địa phương,2023-03-10,61500.0
Xoài cát Hòa Lộc,An Giang,Thương lái thu mua,CTV địa phương,2023-03-09,50000.0
Bắp cải,Cần Thơ,Thương lái thu mua,CTV địa phương,2023-03-09,19000.0
Dưa chuột/dưa chuội,Cần Thơ,Thương lái thu mua,CTV địa phương,2023-03-09,12000.0
Mướp,Cần Thơ,Thương lái thu mua,CTV địa phương,2023-03-09,7000.0
Mướp đắng,Cần Thơ,Thương lái thu mua,CTV địa phương,2023-03-09,24000.0
Quả bí đỏ,Cần Thơ,Thương lái thu mua,CTV địa phương,2023-03-09,16000.0
Quả bí xanh,Cần Thơ,Thương lái thu mua,CTV địa phương,2023-03-09,14000.0
Trái dứa/thơm (to),Cần Thơ,Thương lái thu mua,CTV địa phương,2023-03-09,14000.0
Bắp cải,Sơn La,Bán lẻ,CTV địa phương,2023-03-09,10000.0
Bưởi da xanh,Sơn La,Bán lẻ,CTV địa phương,2023-03-09,30000.0
Cà rốt,Sơn La,Bán lẻ,CTV địa phương,2023-03-09,15000.0
Dưa chuột/dưa chuội,Sơn La,Bán lẻ,CTV địa phương,2023-03-09,20000.0
Khoai tây,Sơn La,Bán lẻ,CTV địa phương,2023-03-09,15000.0
Mướp đắng,Sơn La,Bán lẻ,CTV địa phương,2023-03-09,20000.0
Quả bí đỏ,Sơn La,Bán lẻ,CTV địa phương,2023-03-09,15000.0
Quả bí xanh,Sơn La,Bán lẻ,CTV địa phương,2023-03-09,15000.0
Rau cải,Sơn La,Bán lẻ,CTV địa phương,2023-03-09,12000.0
Su su quả,Sơn La,Bán lẻ,CTV địa phương,2023-03-09,10000.0
Cà rốt,Cà Mau,Bán buôn,CTV địa phương,2023-03-08,20000.0
Dừa,Cà Mau,Bán buôn,CTV địa phương,2023-03-08,105000.0
Dưa chuột/dưa chuội,Cà Mau,Bán buôn,CTV địa phương,2023-03-08,10000.0
Quả bí đỏ,Cà Mau,Bán buôn,CTV địa phương,2023-03-08,15000.0
Bưởi da xanh,Tiền Giang,Thu mua tại vườn,CTV địa phương,2023-03-08,29000.0
Bưởi năm roi,Tiền Giang,Thu mua tại vườn,CTV địa phương,2023-03-08,20000.0
Chuối sim,Tiền Giang,Thu mua tại vườn,CTV địa phương,2023-03-08,12000.0
Đu đủ,Tiền Giang,Thu mua tại vườn,CTV địa phương,2023-03-08,12000.0
Dưa chuột/dưa chuội,Tiền Giang,Thu mua tại vườn,CTV địa phương,2023-03-08,9000.0
Cam sành (loại 1),Bến Tre,Thương lái thu mua,CTV địa phương,2023-03-07,25000.0
Cam sành (loại 2),Bến Tre,Thương lái thu mua,CTV địa phương,2023-03-07,20000.0
Dưa hấu (loại 2),Bến Tre,Thương lái thu mua,CTV địa phương,2023-03-07,8000.0
Bưởi da xanh,Hà Nội,Bán lẻ,CTV địa phương,2023-03-07,50000.0
Cà rốt,Hà Nội,Bán lẻ,CTV địa phương,2023-03-07,17000.0
Dưa chuột/dưa chuội,Hà Nội,Bán lẻ,CTV địa phương,2023-03-07,20000.0
Khoai tây,Hà Nội,Bán lẻ,CTV địa phương,2023-03-07,17000.0
Rau cải mơ,Hà Nội,Bán lẻ,CTV địa phương,2023-03-07,25000.0
Rau cải ngọt,Hà Nội,Bán lẻ,CTV địa phương,2023-03-07,20000.0
Dưa hấu (loại 2),Hậu Giang,Bán lẻ,CTV địa phương,2023-03-07,6000.0
Mít Thái,Hậu Giang,Bán lẻ,CTV địa phương,2023-03-07,17000.0
Quýt đường,Hậu Giang,Bán lẻ,CTV địa phương,2023-03-07,50000.0
Xoài cát Hòa Lộc,Hậu Giang,Bán lẻ,CTV địa phương,2023-03-07,25000.0
Bắp cải,Sơn La,Bán lẻ,CTV địa phương,2023-03-06,10000.0
Bưởi da xanh,Sơn La,Bán lẻ,CTV địa phương,2023-03-06,30000.0
Cà rốt,Sơn La,Bán lẻ,CTV địa phương,2023-03-06,15000.0
Dưa chuột/dưa chuội,Sơn La,Bán lẻ,CTV địa phương,2023-03-06,20000.0
Khoai tây,Sơn La,Bán lẻ,CTV địa phương,2023-03-06,15000.0
Mướp đắng,Sơn La,Bán lẻ,CTV địa phương,2023-03-06,20000.0
Quả bí đỏ,Sơn La,Bán lẻ,CTV địa phương,2023-03-06,15000.0
Quả bí xanh,Sơn La,Bán lẻ,CTV địa phương,2023-03-06,15000.0
Rau cải,Sơn La,Bán lẻ,CTV địa phương,2023-03-06,12000.0
Su su quả,Sơn La,Bán lẻ,CTV địa phương,2023-03-06,10000.0
Quýt đường,Đồng Tháp,Thu mua tại vườn,CTV địa phương,2023-03-03,35000.0
Xoài cát Hòa Lộc,Đồng Tháp,Thu mua tại vườn,CTV địa phương,2023-03-03,90000.0
Bưởi da xanh,Hà Nội,Bán lẻ,CTV địa phương,2023-03-03,50000.0
Cà rốt,Hà Nội,Bán lẻ,CTV địa phương,2023-03-03,17000.0
Dưa chuột/dưa chuội,Hà Nội,Bán lẻ,CTV địa phương,2023-03-03,20000.0
Khoai tây,Hà Nội,Bán lẻ,CTV địa phương,2023-03-03,17000.0
Rau cải mơ,Hà Nội,Bán lẻ,CTV địa phương,2023-03-03,25000.0
Rau cải ngọt,Hà Nội,Bán lẻ,CTV địa phương,2023-03-03,20000.0
Bắp cải,Sơn La,Bán lẻ,CTV địa phương,2023-03-03,10000.0
Bưởi da xanh,Sơn La,Bán lẻ,CTV địa phương,2023-03-03,30000.0
Cà rốt,Sơn La,Bán lẻ,CTV địa phương,2023-03-03,15000.0
Dưa chuột/dưa chuội,Sơn La,Bán lẻ,CTV địa phương,2023-03-03,20000.0
Khoai tây,Sơn La,Bán lẻ,CTV địa phương,2023-03-03,15000.0
Mướp đắng,Sơn La,Bán lẻ,CTV địa phương,2023-03-03,20000.0
Quả bí đỏ,Sơn La,Bán lẻ,CTV địa phương,2023-03-03,15000.0
Quả bí xanh,Sơn La,Bán lẻ,CTV địa phương,2023-03-03,15000.0
Rau cải,Sơn La,Bán lẻ,CTV địa phương,2023-03-03,12000.0
Su su quả,Sơn La,Bán lẻ,CTV địa phương,2023-03-03,10000.0
Cam sành (loại 1),Vĩnh Long,Bán buôn,CTV địa phương,2023-03-03,9500.0
Chôm chôm đường,Vĩnh Long,Bán buôn,CTV địa phương,2023-03-03,37500.0
Chôm chôm Java,Vĩnh Long,Bán buôn,CTV địa phương,2023-03-03,29500.0
Xoài cát Hòa Lộc,Vĩnh Long,Bán buôn,CTV địa phương,2023-03-03,61500.0
Xoài cát Hòa Lộc,An Giang,Thương lái thu mua,CTV địa phương,2023-03-02,45000.0
Bắp cải,Cần Thơ,Thương lái thu mua,CTV địa phương,2023-03-02,19000.0
Dưa chuột/dưa chuội,Cần Thơ,Thương lái thu mua,CTV địa phương,2023-03-02,12000.0
Mướp,Cần Thơ,Thương lái thu mua,CTV địa phương,2023-03-02,7000.0
Mướp đắng,Cần Thơ,Thương lái thu mua,CTV địa phương,2023-03-02,23000.0
Quả bí đỏ,Cần Thơ,Thương lái thu mua,CTV địa phương,2023-03-02,16000.0
Quả bí xanh,Cần Thơ,Thương lái thu mua,CTV địa phương,2023-03-02,15000.0
Trái dứa/thơm (to),Cần Thơ,Thương lái thu mua,CTV địa phương,2023-03-02,14000.0
Cà rốt,Cà Mau,Bán buôn,CTV địa phương,2023-03-01,20000.0
Dừa,Cà Mau,Bán buôn,CTV địa phương,2023-03-01,105000.0
Dưa chuột/dưa chuội,Cà Mau,Bán buôn,CTV địa phương,2023-03-01,15000.0
Quả bí đỏ,Cà Mau,Bán buôn,CTV địa phương,2023-03-01,12000.0
Bưởi da xanh,Tiền Giang,Thu mua tại vườn,CTV địa phương,2023-03-01,28000.0
Bưởi năm roi,Tiền Giang,Thu mua tại vườn,CTV địa phương,2023-03-01,20000.0
Chuối sim,Tiền Giang,Thu mua tại vườn,CTV địa phương,2023-03-01,12000.0
Đu đủ,Tiền Giang,Thu mua tại vườn,CTV địa phương,2023-03-01,11000.0
Dưa chuột/dưa chuội,Tiền Giang,Thu mua tại vườn,CTV địa phương,2023-03-01,9000.0
Cam sành (loại 1),Bến Tre,Thương lái thu mua,CTV địa phương,2023-02-28,25000.0
Cam sành (loại 2),Bến Tre,Thương lái thu mua,CTV địa phương,2023-02-28,20000.0
Dưa hấu (loại 2),Bến Tre,Thương lái thu mua,CTV địa phương,2023-02-28,8000.0
Bưởi da xanh,Hà Nội,Bán lẻ,CTV địa phương,2023-02-28,50000.0
Cà rốt,Hà Nội,Bán lẻ,CTV địa phương,2023-02-28,17000.0
Dưa chuột/dưa chuội,Hà Nội,Bán lẻ,CTV địa phương,2023-02-28,20000.0
Khoai tây,Hà Nội,Bán lẻ,CTV địa phương,2023-02-28,17000.0
Quả bí xanh,Hà Nội,Bán lẻ,CTV địa phương,2023-02-28,25000.0
Rau cải mơ,Hà Nội,Bán lẻ,CTV địa phương,2023-02-28,25000.0
Rau cải ngọt,Hà Nội,Bán lẻ,CTV địa phương,2023-02-28,25000.0
Dưa hấu (loại 2),Hậu Giang,Bán lẻ,CTV địa phương,2023-02-28,5000.0
Mít Thái,Hậu Giang,Bán lẻ,CTV địa phương,2023-02-28,16000.0
Quýt đường,Hậu Giang,Bán lẻ,CTV địa phương,2023-02-28,45000.0
Xoài cát Hòa Lộc,Hậu Giang,Bán lẻ,CTV địa phương,2023-02-28,20000.0
Bắp cải,Sơn La,Bán lẻ,CTV địa phương,2023-02-27,10000.0
Bưởi da xanh,Sơn La,Bán lẻ,CTV địa phương,2023-02-27,30000.0
Cà rốt,Sơn La,Bán lẻ,CTV địa phương,2023-02-27,15000.0
Dưa chuột/dưa chuội,Sơn La,Bán lẻ,CTV địa phương,2023-02-27,20000.0
Khoai tây,Sơn La,Bán lẻ,CTV địa phương,2023-02-27,15000.0
Mồng tơi,Sơn La,Bán lẻ,CTV địa phương,2023-02-27,25000.0
Mướp đắng,Sơn La,Bán lẻ,CTV địa phương,2023-02-27,20000.0
Quả bí đỏ,Sơn La,Bán lẻ,CTV địa phương,2023-02-27,18000.0
Quả bí xanh,Sơn La,Bán lẻ,CTV địa phương,2023-02-27,18000.0
Rau cải,Sơn La,Bán lẻ,CTV địa phương,2023-02-27,25000.0
Su su quả,Sơn La,Bán lẻ,CTV địa phương,2023-02-27,10000.0
Quýt đường,Đồng Tháp,Thu mua tại vườn,CTV địa phương,2023-02-24,35000.0
Xoài cát Hòa Lộc,Đồng Tháp,Thu mua tại vườn,CTV địa phương,2023-02-24,90000.0
Bưởi da xanh,Hà Nội,Bán lẻ,CTV địa phương,2023-02-24,45000.0
Cà rốt,Hà Nội,Bán lẻ,CTV địa phương,2023-02-24,17000.0
Dưa chuột/dưa chuội,Hà Nội,Bán lẻ,CTV địa phương,2023-02-24,20000.0
Khoai tây,Hà Nội,Bán lẻ,CTV địa phương,2023-02-24,16000.0
Quả bí xanh,Hà Nội,Bán lẻ,CTV địa phương,2023-02-24,25000.0
Rau cải mơ,Hà Nội,Bán lẻ,CTV địa phương,2023-02-24,25000.0
Rau cải ngọt,Hà Nội,Bán lẻ,CTV địa phương,2023-02-24,25000.0
Chôm chôm đường,Vĩnh Long,Bán buôn,CTV địa phương,2023-02-24,32500.0
Chôm chôm Java,Vĩnh Long,Bán buôn,CTV địa phương,2023-02-24,24500.0
Xoài cát Hòa Lộc,Vĩnh Long,Bán buôn,CTV địa phương,2023-02-24,61500.0
Xoài cát Hòa Lộc,An Giang,Thương lái thu mua,CTV địa phương,2023-02-23,27000.0
Bắp cải,Cần Thơ,Thương lái thu mua,CTV địa phương,2023-02-23,19000.0
Dưa chuột/dưa chuội,Cần Thơ,Thương lái thu mua,CTV địa phương,2023-02-23,12000.0
Mướp,Cần Thơ,Thương lái thu mua,CTV địa phương,2023-02-23,7000.0
Mướp đắng,Cần Thơ,Thương lái thu mua,CTV địa phương,2023-02-23,23000.0
Quả bí đỏ,Cần Thơ,Thương lái thu mua,CTV địa phương,2023-02-23,17000.0
Quả bí xanh,Cần Thơ,Thương lái thu mua,CTV địa phương,2023-02-23,16000.0
Trái dứa/thơm (to),Cần Thơ,Thương lái thu mua,CTV địa phương,2023-02-23,15000.0
Bắp cải,Sơn La,Bán lẻ,CTV địa phương,2023-02-23,10000.0
Bưởi da xanh,Sơn La,Bán lẻ,CTV địa phương,2023-02-23,30000.0
Cà rốt,Sơn La,Bán lẻ,CTV địa phương,2023-02-23,15000.0
Dưa chuột/dưa chuội,Sơn La,Bán lẻ,CTV địa phương,2023-02-23,20000.0
Khoai tây,Sơn La,Bán lẻ,CTV địa phương,2023-02-23,15000.0
Mồng tơi,Sơn La,Bán lẻ,CTV địa phương,2023-02-23,25000.0
Mướp đắng,Sơn La,Bán lẻ,CTV địa phương,2023-02-23,20000.0
Quả bí đỏ,Sơn La,Bán lẻ,CTV địa phương,2023-02-23,18000.0
Quả bí xanh,Sơn La,Bán lẻ,CTV địa phương,2023-02-23,18000.0
Rau cải,Sơn La,Bán lẻ,CTV địa phương,2023-02-23,25000.0
Su su quả,Sơn La,Bán lẻ,CTV địa phương,2023-02-23,10000.0
Cà rốt,Cà Mau,Bán buôn,CTV địa phương,2023-02-22,15000.0
Dừa,Cà Mau,Bán buôn,CTV địa phương,2023-02-22,105000.0
Dưa chuột/dưa chuội,Cà Mau,Bán buôn,CTV địa phương,2023-02-22,10000.0
Bưởi da xanh,Tiền Giang,Thu mua tại vườn,CTV địa phương,2023-02-22,29000.0
Bưởi năm roi,Tiền Giang,Thu mua tại vườn,CTV địa phương,2023-02-22,20000.0
Chuối sim,Tiền Giang,Thu mua tại vườn,CTV địa phương,2023-02-22,12000.0
Đu đủ,Tiền Giang,Thu mua tại vườn,CTV địa phương,2023-02-22,11000.0
Dưa chuột/dưa chuội,Tiền Giang,Thu mua tại vườn,CTV địa phương,2023-02-22,9000.0
Cam sành (loại 1),Bến Tre,Thương lái thu mua,CTV địa phương,2023-02-21,25000.0
Cam sành (loại 2),Bến Tre,Thương lái thu mua,CTV địa phương,2023-02-21,20000.0
Dưa hấu (loại 2),Bến Tre,Thương lái thu mua,CTV địa phương,2023-02-21,8000.0
Bưởi da xanh,Hà Nội,Bán lẻ,CTV địa phương,2023-02-21,50000.0
Cà rốt,Hà Nội,Bán lẻ,CTV địa phương,2023-02-21,17000.0
Dưa chuột/dưa chuội,Hà Nội,Bán lẻ,CTV địa phương,2023-02-21,25000.0
Khoai tây,Hà Nội,Bán lẻ,CTV địa phương,2023-02-21,17000.0
Quả bí xanh,Hà Nội,Bán lẻ,CTV địa phương,2023-02-21,20000.0
Rau cải mơ,Hà Nội,Bán lẻ,CTV địa phương,2023-02-21,25000.0
Rau cải ngọt,Hà Nội,Bán lẻ,CTV địa phương,2023-02-21,25000.0
Dưa hấu (loại 2),Hậu Giang,Bán lẻ,CTV địa phương,2023-02-21,4000.0
Mít Thái,Hậu Giang,Bán lẻ,CTV địa phương,2023-02-21,14000.0
Quýt đường,Hậu Giang,Bán lẻ,CTV địa phương,2023-02-21,50000.0
Xoài cát Hòa Lộc,Hậu Giang,Bán lẻ,CTV địa phương,2023-02-21,25000.0
Bắp cải,Sơn La,Bán lẻ,CTV địa phương,2023-02-20,10000.0
Bưởi da xanh,Sơn La,Bán lẻ,CTV địa phương,2023-02-20,30000.0
Cà rốt,Sơn La,Bán lẻ,CTV địa phương,2023-02-20,15000.0
Dưa chuột/dưa chuội,Sơn La,Bán lẻ,CTV địa phương,2023-02-20,20000.0
Khoai tây,Sơn La,Bán lẻ,CTV địa phương,2023-02-20,15000.0
Mồng tơi,Sơn La,Bán lẻ,CTV địa phương,2023-02-20,25000.0
Mướp đắng,Sơn La,Bán lẻ,CTV địa phương,2023-02-20,20000.0
Quả bí đỏ,Sơn La,Bán lẻ,CTV địa phương,2023-02-20,18000.0
Quả bí xanh,Sơn La,Bán lẻ,CTV địa phương,2023-02-20,18000.0
Rau cải,Sơn La,Bán lẻ,CTV địa phương,2023-02-20,25000.0
Su su quả,Sơn La,Bán lẻ,CTV địa phương,2023-02-20,10000.0
Quýt đường,Đồng Tháp,Thu mua tại vườn,CTV địa phương,2023-02-17,40000.0
Xoài cát Hòa Lộc,Đồng Tháp,Thu mua tại vườn,CTV địa phương,2023-02-17,80000.0
Bưởi da xanh,Hà Nội,Bán lẻ,CTV địa phương,2023-02-17,50000.0
Cà rốt,Hà Nội,Bán lẻ,CTV địa phương,2023-02-17,17000.0
Dưa chuột/dưa chuội,Hà Nội,Bán lẻ,CTV địa phương,2023-02-17,25000.0
Khoai tây,Hà Nội,Bán lẻ,CTV địa phương,2023-02-17,17000.0
Quả bí xanh,Hà Nội,Bán lẻ,CTV địa phương,2023-02-17,20000.0
Rau cải mơ,Hà Nội,Bán lẻ,CTV địa phương,2023-02-17,25000.0
Rau cải ngọt,Hà Nội,Bán lẻ,CTV địa phương,2023-02-17,25000.0
Chôm chôm đường,Vĩnh Long,Bán buôn,CTV địa phương,2023-02-17,34500.0
Chôm chôm Java,Vĩnh Long,Bán buôn,CTV địa phương,2023-02-17,29500.0
Xoài cát Hòa Lộc,Vĩnh Long,Bán buôn,CTV địa phương,2023-02-17,61500.0
Xoài cát Hòa Lộc,An Giang,Thương lái thu mua,CTV địa phương,2023-02-16,40000.0
Bắp cải,Cần Thơ,Thương lái thu mua,CTV địa phương,2023-02-16,18000.0
Dưa chuột/dưa chuội,Cần Thơ,Thương lái thu mua,CTV địa phương,2023-02-16,12000.0
Mướp,Cần Thơ,Thương lái thu mua,CTV địa phương,2023-02-16,6000.0
Mướp đắng,Cần Thơ,Thương lái thu mua,CTV địa phương,2023-02-16,24000.0
Quả bí đỏ,Cần Thơ,Thương lái thu mua,CTV địa phương,2023-02-16,16000.0
Quả bí xanh,Cần Thơ,Thương lái thu mua,CTV địa phương,2023-02-16,14000.0
Trái dứa/thơm (to),Cần Thơ,Thương lái thu mua,CTV địa phương,2023-02-16,14000.0
Bắp cải,Sơn La,Bán lẻ,CTV địa phương,2023-02-16,10000.0
Bưởi da xanh,Sơn La,Bán lẻ,CTV địa phương,2023-02-16,30000.0
Cà rốt,Sơn La,Bán lẻ,CTV địa phương,2023-02-16,15000.0
Dưa chuột/dưa chuội,Sơn La,Bán lẻ,CTV địa phương,2023-02-16,20000.0
Khoai tây,Sơn La,Bán lẻ,CTV địa phương,2023-02-16,15000.0
Mồng tơi,Sơn La,Bán lẻ,CTV địa phương,2023-02-16,25000.0
Mướp đắng,Sơn La,Bán lẻ,CTV địa phương,2023-02-16,20000.0
Quả bí đỏ,Sơn La,Bán lẻ,CTV địa phương,2023-02-16,18000.0
Quả bí xanh,Sơn La,Bán lẻ,CTV địa phương,2023-02-16,18000.0
Rau cải,Sơn La,Bán lẻ,CTV địa phương,2023-02-16,25000.0
Su su quả,Sơn La,Bán lẻ,CTV địa phương,2023-02-16,10000.0
Cà rốt,Cà Mau,Bán buôn,CTV địa phương,2023-02-15,15000.0
Dừa,Cà Mau,Bán buôn,CTV địa phương,2023-02-15,110000.0
Dưa chuột/dưa chuội,Cà Mau,Bán buôn,CTV địa phương,2023-02-15,15000.0
Quả bí đỏ,Cà Mau,Bán buôn,CTV địa phương,2023-02-15,10000.0
Bưởi da xanh,Tiền Giang,Thu mua tại vườn,CTV địa phương,2023-02-15,28000.0
Bưởi năm roi,Tiền Giang,Thu mua tại vườn,CTV địa phương,2023-02-15,20000.0
Chuối sim,Tiền Giang,Thu mua tại vườn,CTV địa phương,2023-02-15,12000.0
Đu đủ,Tiền Giang,Thu mua tại vườn,CTV địa phương,2023-02-15,11000.0
Dưa chuột/dưa chuội,Tiền Giang,Thu mua tại vườn,CTV địa phương,2023-02-15,9000.0
Cam sành (loại 1),Bến Tre,Thương lái thu mua,CTV địa phương,2023-02-14,25000.0
Cam sành (loại 2),Bến Tre,Thương lái thu mua,CTV địa phương,2023-02-14,20000.0
Dưa hấu (loại 2),Bến Tre,Thương lái thu mua,CTV địa phương,2023-02-14,8000.0
Măng cụt,Bến Tre,Thương lái thu mua,CTV địa phương,2023-02-14,30000.0
Bưởi da xanh,Hà Nội,Bán lẻ,CTV địa phương,2023-02-14,60000.0
Cà rốt,Hà Nội,Bán lẻ,CTV địa phương,2023-02-14,17000.0
Dưa chuột/dưa chuội,Hà Nội,Bán lẻ,CTV địa phương,2023-02-14,20000.0
Khoai tây,Hà Nội,Bán lẻ,CTV địa phương,2023-02-14,18000.0
Quả bí xanh,Hà Nội,Bán lẻ,CTV địa phương,2023-02-14,20000.0
Rau cải mơ,Hà Nội,Bán lẻ,CTV địa phương,2023-02-14,25000.0
Rau cải ngọt,Hà Nội,Bán lẻ,CTV địa phương,2023-02-14,25000.0
Dưa hấu (loại 2),Hậu Giang,Bán lẻ,CTV địa phương,2023-02-14,5000.0
Mít Thái,Hậu Giang,Bán lẻ,CTV địa phương,2023-02-14,13000.0
Quýt đường,Hậu Giang,Bán lẻ,CTV địa phương,2023-02-14,45000.0
Xoài cát Hòa Lộc,Hậu Giang,Bán lẻ,CTV địa phương,2023-02-14,30000.0
Bắp cải,Sơn La,Bán lẻ,CTV địa phương,2023-02-13,10000.0
Bưởi da xanh,Sơn La,Bán lẻ,CTV địa phương,2023-02-13,30000.0
Cà rốt,Sơn La,Bán lẻ,CTV địa phương,2023-02-13,15000.0
Dưa chuột/dưa chuội,Sơn La,Bán lẻ,CTV địa phương,2023-02-13,20000.0
Khoai tây,Sơn La,Bán lẻ,CTV địa phương,2023-02-13,15000.0
Mồng tơi,Sơn La,Bán lẻ,CTV địa phương,2023-02-13,25000.0
Mướp đắng,Sơn La,Bán lẻ,CTV địa phương,2023-02-13,20000.0
Quả bí đỏ,Sơn La,Bán lẻ,CTV địa phương,2023-02-13,18000.0
Quả bí xanh,Sơn La,Bán lẻ,CTV địa phương,2023-02-13,18000.0
Rau cải,Sơn La,Bán lẻ,CTV địa phương,2023-02-13,25000.0
Su su quả,Sơn La,Bán lẻ,CTV địa phương,2023-02-13,10000.0
Quýt đường,Đồng Tháp,Thu mua tại vườn,CTV địa phương,2023-02-10,45000.0
Xoài cát Hòa Lộc,Đồng Tháp,Thu mua tại vườn,CTV địa phương,2023-02-10,80000.0
Bưởi da xanh,Hà Nội,Bán lẻ,CTV địa phương,2023-02-10,60000.0
Cà rốt,Hà Nội,Bán lẻ,CTV địa phương,2023-02-10,17000.0
Dưa chuột/dưa chuội,Hà Nội,Bán lẻ,CTV địa phương,2023-02-10,20000.0
Khoai tây,Hà Nội,Bán lẻ,CTV địa phương,2023-02-10,18000.0
Quả bí xanh,Hà Nội,Bán lẻ,CTV địa phương,2023-02-10,20000.0
Rau cải mơ,Hà Nội,Bán lẻ,CTV địa phương,2023-02-10,25000.0
Rau cải ngọt,Hà Nội,Bán lẻ,CTV địa phương,2023-02-10,25000.0
Chôm chôm đường,Vĩnh Long,Bán buôn,CTV địa phương,2023-02-10,34500.0
Chôm chôm Java,Vĩnh Long,Bán buôn,CTV địa phương,2023-02-10,29500.0
Xoài cát Hòa Lộc,Vĩnh Long,Bán buôn,CTV địa phương,2023-02-10,61500.0
Xoài cát Hòa Lộc,An Giang,Thương lái thu mua,CTV địa phương,2023-02-09,40000.0
Dưa chuột/dưa chuội,Cần Thơ,Thương lái thu mua,CTV địa phương,2023-02-09,12000.0
Mướp,Cần Thơ,Thương lái thu mua,CTV địa phương,2023-02-09,7000.0
Mướp đắng,Cần Thơ,Thương lái thu mua,CTV địa phương,2023-02-09,23000.0
Trái dứa/thơm (to),Cần Thơ,Thương lái thu mua,CTV địa phương,2023-02-09,14000.0
Bắp cải,Sơn La,Bán lẻ,CTV địa phương,2023-02-09,10000.0
Bưởi da xanh,Sơn La,Bán lẻ,CTV địa phương,2023-02-09,30000.0
Cà rốt,Sơn La,Bán lẻ,CTV địa phương,2023-02-09,15000.0
Dưa chuột/dưa chuội,Sơn La,Bán lẻ,CTV địa phương,2023-02-09,20000.0
Khoai tây,Sơn La,Bán lẻ,CTV địa phương,2023-02-09,15000.0
Mồng tơi,Sơn La,Bán lẻ,CTV địa phương,2023-02-09,25000.0
Mướp đắng,Sơn La,Bán lẻ,CTV địa phương,2023-02-09,20000.0
Quả bí đỏ,Sơn La,Bán lẻ,CTV địa phương,2023-02-09,18000.0
Quả bí xanh,Sơn La,Bán lẻ,CTV địa phương,2023-02-09,18000.0
Rau cải,Sơn La,Bán lẻ,CTV địa phương,2023-02-09,25000.0
Su su quả,Sơn La,Bán lẻ,CTV địa phương,2023-02-09,10000.0
Cà rốt,Cà Mau,Bán buôn,CTV địa phương,2023-02-08,15000.0
Dừa,Cà Mau,Bán buôn,CTV địa phương,2023-02-08,100000.0
Dưa chuột/dưa chuội,Cà Mau,Bán buôn,CTV địa phương,2023-02-08,15000.0
Quả bí đỏ,Cà Mau,Bán buôn,CTV địa phương,2023-02-08,12000.0
Bưởi da xanh,Tiền Giang,Thu mua tại vườn,CTV địa phương,2023-02-08,26000.0
Bưởi năm roi,Tiền Giang,Thu mua tại vườn,CTV địa phương,2023-02-08,20000.0
Chuối sim,Tiền Giang,Thu mua tại vườn,CTV địa phương,2023-02-08,12000.0
Đu đủ,Tiền Giang,Thu mua tại vườn,CTV địa phương,2023-02-08,11000.0
Dưa chuột/dưa chuội,Tiền Giang,Thu mua tại vườn,CTV địa phương,2023-02-08,10000.0
Cam sành (loại 1),Bến Tre,Thương lái thu mua,CTV địa phương,2023-02-07,25000.0
Cam sành (loại 2),Bến Tre,Thương lái thu mua,CTV địa phương,2023-02-07,20000.0
Dưa hấu (loại 2),Bến Tre,Thương lái thu mua,CTV địa phương,2023-02-07,8000.0
Bưởi da xanh,Hà Nội,Bán lẻ,CTV địa phương,2023-02-07,60000.0
Cà rốt,Hà Nội,Bán lẻ,CTV địa phương,2023-02-07,17000.0
Dưa chuột/dưa chuội,Hà Nội,Bán lẻ,CTV địa phương,2023-02-07,20000.0
Khoai tây,Hà Nội,Bán lẻ,CTV địa phương,2023-02-07,18000.0
Quả bí xanh,Hà Nội,Bán lẻ,CTV địa phương,2023-02-07,20000.0
Rau cải mơ,Hà Nội,Bán lẻ,CTV địa phương,2023-02-07,25000.0
Rau cải ngọt,Hà Nội,Bán lẻ,CTV địa phương,2023-02-07,25000.0
Dưa hấu (loại 2),Hậu Giang,Bán lẻ,CTV địa phương,2023-02-07,6000.0
Mít Thái,Hậu Giang,Bán lẻ,CTV địa phương,2023-02-07,15000.0
Quýt đường,Hậu Giang,Bán lẻ,CTV địa phương,2023-02-07,45000.0
Xoài cát Hòa Lộc,Hậu Giang,Bán lẻ,CTV địa phương,2023-02-07,30000.0
Bắp cải,Sơn La,Bán lẻ,CTV địa phương,2023-02-06,10000.0
Bưởi da xanh,Sơn La,Bán lẻ,CTV địa phương,2023-02-06,30000.0
Cà rốt,Sơn La,Bán lẻ,CTV địa phương,2023-02-06,15000.0
Dưa chuột/dưa chuội,Sơn La,Bán lẻ,CTV địa phương,2023-02-06,20000.0
Khoai tây,Sơn La,Bán lẻ,CTV địa phương,2023-02-06,15000.0
Mồng tơi,Sơn La,Bán lẻ,CTV địa phương,2023-02-06,25000.0
Mướp đắng,Sơn La,Bán lẻ,CTV địa phương,2023-02-06,20000.0
Quả bí đỏ,Sơn La,Bán lẻ,CTV địa phương,2023-02-06,18000.0
Quả bí xanh,Sơn La,Bán lẻ,CTV địa phương,2023-02-06,18000.0
Rau cải,Sơn La,Bán lẻ,CTV địa phương,2023-02-06,25000.0
Su su quả,Sơn La,Bán lẻ,CTV địa phương,2023-02-06,10000.0
Quýt đường,Đồng Tháp,Thu mua tại vườn,CTV địa phương,2023-02-03,40000.0
Xoài cát Hòa Lộc,Đồng Tháp,Thu mua tại vườn,CTV địa phương,2023-02-03,90000.0
Bưởi da xanh,Hà Nội,Bán lẻ,CTV địa phương,2023-02-03,60000.0
Cà rốt,Hà Nội,Bán lẻ,CTV địa phương,2023-02-03,17000.0
Dưa chuột/dưa chuội,Hà Nội,Bán lẻ,CTV địa phương,2023-02-03,20000.0
Khoai tây,Hà Nội,Bán lẻ,CTV địa phương,2023-02-03,18000.0
Quả bí xanh,Hà Nội,Bán lẻ,CTV địa phương,2023-02-03,20000.0
Rau cải mơ,Hà Nội,Bán lẻ,CTV địa phương,2023-02-03,25000.0
Rau cải ngọt,Hà Nội,Bán lẻ,CTV địa phương,2023-02-03,25000.0
Chôm chôm đường,Vĩnh Long,Bán buôn,CTV địa phương,2023-02-03,34500.0
Chôm chôm Java,Vĩnh Long,Bán buôn,CTV địa phương,2023-02-03,29500.0
Xoài cát Hòa Lộc,Vĩnh Long,Bán buôn,CTV địa phương,2023-02-03,61500.0
Xoài cát Hòa Lộc,An Giang,Thương lái thu mua,CTV địa phương,2023-02-02,40000.0
Bắp cải,Cần Thơ,Thương lái thu mua,CTV địa phương,2023-02-02,19000.0
Dưa chuột/dưa chuội,Cần Thơ,Thương lái thu mua,CTV địa phương,2023-02-02,12000.0
Mướp,Cần Thơ,Thương lái thu mua,CTV địa phương,2023-02-02,8000.0
Mướp đắng,Cần Thơ,Thương lái thu mua,CTV địa phương,2023-02-02,23000.0
Quả bí đỏ,Cần Thơ,Thương lái thu mua,CTV địa phương,2023-02-02,16000.0
Quả bí xanh,Cần Thơ,Thương lái thu mua,CTV địa phương,2023-02-02,14000.0
Trái dứa/thơm (to),Cần Thơ,Thương lái thu mua,CTV địa phương,2023-02-02,14000.0
Bắp cải,Sơn La,Bán lẻ,CTV địa phương,2023-02-02,10000.0
Bưởi da xanh,Sơn La,Bán lẻ,CTV địa phương,2023-02-02,30000.0
Cà rốt,Sơn La,Bán lẻ,CTV địa phương,2023-02-02,15000.0
Dưa chuột/dưa chuội,Sơn La,Bán lẻ,CTV địa phương,2023-02-02,20000.0
Khoai tây,Sơn La,Bán lẻ,CTV địa phương,2023-02-02,15000.0
Mồng tơi,Sơn La,Bán lẻ,CTV địa phương,2023-02-02,25000.0
Mướp đắng,Sơn La,Bán lẻ,CTV địa phương,2023-02-02,20000.0
Quả bí đỏ,Sơn La,Bán lẻ,CTV địa phương,2023-02-02,18000.0
Quả bí xanh,Sơn La,Bán lẻ,CTV địa phương,2023-02-02,18000.0
Rau cải,Sơn La,Bán lẻ,CTV địa phương,2023-02-02,25000.0
Su su quả,Sơn La,Bán lẻ,CTV địa phương,2023-02-02,10000.0
Cà rốt,Cà Mau,Bán buôn,CTV địa phương,2023-02-01,15000.0
Dừa,Cà Mau,Bán buôn,CTV địa phương,2023-02-01,100000.0
Dưa chuột/dưa chuội,Cà Mau,Bán buôn,CTV địa phương,2023-02-01,15000.0
Quả bí đỏ,Cà Mau,Bán buôn,CTV địa phương,2023-02-01,12000.0
Bưởi da xanh,Tiền Giang,Thu mua tại vườn,CTV địa phương,2023-02-01,30000.0
Bưởi năm roi,Tiền Giang,Thu mua tại vườn,CTV địa phương,2023-02-01,22000.0
Chuối sim,Tiền Giang,Thu mua tại vườn,CTV địa phương,2023-02-01,12000.0
Đu đủ,Tiền Giang,Thu mua tại vườn,CTV địa phương,2023-02-01,11000.0
Dưa chuột/dưa chuội,Tiền Giang,Thu mua tại vườn,CTV địa phương,2023-02-01,12000.0
Cam sành (loại 1),Bến Tre,Thương lái thu mua,CTV địa phương,2023-01-31,25000.0
Cam sành (loại 2),Bến Tre,Thương lái thu mua,CTV địa phương,2023-01-31,20000.0
Dưa hấu (loại 2),Bến Tre,Thương lái thu mua,CTV địa phương,2023-01-31,8000.0
Măng cụt,Bến Tre,Thương lái thu mua,CTV địa phương,2023-01-31,30000.0
Bưởi da xanh,Hà Nội,Bán lẻ,CTV địa phương,2023-01-31,60000.0
Cà rốt,Hà Nội,Bán lẻ,CTV địa phương,2023-01-31,17000.0
Dưa chuột/dưa chuội,Hà Nội,Bán lẻ,CTV địa phương,2023-01-31,25000.0
Khoai tây,Hà Nội,Bán lẻ,CTV địa phương,2023-01-31,18000.0
Quả bí xanh,Hà Nội,Bán lẻ,CTV địa phương,2023-01-31,20000.0
Rau cải mơ,Hà Nội,Bán lẻ,CTV địa phương,2023-01-31,25000.0
Dưa hấu (loại 2),Hậu Giang,Bán lẻ,CTV địa phương,2023-01-31,6000.0
Mít Thái,Hậu Giang,Bán lẻ,CTV địa phương,2023-01-31,15000.0
Quýt đường,Hậu Giang,Bán lẻ,CTV địa phương,2023-01-31,45000.0
Xoài cát Hòa Lộc,Hậu Giang,Bán lẻ,CTV địa phương,2023-01-31,30000.0
Bắp cải,Sơn La,Bán lẻ,CTV địa phương,2023-01-30,15000.0
Bưởi da xanh,Sơn La,Bán lẻ,CTV địa phương,2023-01-30,30000.0
Cà rốt,Sơn La,Bán lẻ,CTV địa phương,2023-01-30,25000.0
Chanh,Sơn La,Bán lẻ,CTV địa phương,2023-01-30,35000.0
Dưa chuột/dưa chuội,Sơn La,Bán lẻ,CTV địa phương,2023-01-30,25000.0
Khoai tây,Sơn La,Bán lẻ,CTV địa phương,2023-01-30,20000.0
Mồng tơi,Sơn La,Bán lẻ,CTV địa phương,2023-01-30,25000.0
Mướp đắng,Sơn La,Bán lẻ,CTV địa phương,2023-01-30,35000.0
Quả bí đỏ,Sơn La,Bán lẻ,CTV địa phương,2023-01-30,18000.0
Quả bí xanh,Sơn La,Bán lẻ,CTV địa phương,2023-01-30,18000.0
Rau cải,Sơn La,Bán lẻ,CTV địa phương,2023-01-30,25000.0
Su su quả,Sơn La,Bán lẻ,CTV địa phương,2023-01-30,20000.0
Bưởi da xanh,Hà Nội,Bán lẻ,CTV địa phương,2023-01-27,55000.0
Cà rốt,Hà Nội,Bán lẻ,CTV địa phương,2023-01-27,25000.0
Dưa chuột/dưa chuội,Hà Nội,Bán lẻ,CTV địa phương,2023-01-27,25000.0
Khoai tây,Hà Nội,Bán lẻ,CTV địa phương,2023-01-27,20000.0
Quả bí xanh,Hà Nội,Bán lẻ,CTV địa phương,2023-01-27,25000.0
Rau cải mơ,Hà Nội,Bán lẻ,CTV địa phương,2023-01-27,35000.0
Xoài cát Hòa Lộc,An Giang,Thương lái thu mua,CTV địa phương,2023-01-26,45000.0
Dưa chuột/dưa chuội,Cần Thơ,Thương lái thu mua,CTV địa phương,2023-01-26,12000.0
Mướp,Cần Thơ,Thương lái thu mua,CTV địa phương,2023-01-26,8000.0
Mướp đắng,Cần Thơ,Thương lái thu mua,CTV địa phương,2023-01-26,23000.0
Quả bí xanh,Cần Thơ,Thương lái thu mua,CTV địa phương,2023-01-26,15000.0
Trái dứa/thơm (to),Cần Thơ,Thương lái thu mua,CTV địa phương,2023-01-26,15000.0
Bắp cải,Sơn La,Bán lẻ,CTV địa phương,2023-01-26,15000.0
Bưởi da xanh,Sơn La,Bán lẻ,CTV địa phương,2023-01-26,30000.0
Cà rốt,Sơn La,Bán lẻ,CTV địa phương,2023-01-26,25000.0
Chanh,Sơn La,Bán lẻ,CTV địa phương,2023-01-26,35000.0
Dưa chuột/dưa chuội,Sơn La,Bán lẻ,CTV địa phương,2023-01-26,25000.0
Khoai tây,Sơn La,Bán lẻ,CTV địa phương,2023-01-26,20000.0
Mồng tơi,Sơn La,Bán lẻ,CTV địa phương,2023-01-26,25000.0
Mướp đắng,Sơn La,Bán lẻ,CTV địa phương,2023-01-26,35000.0
Quả bí đỏ,Sơn La,Bán lẻ,CTV địa phương,2023-01-26,18000.0
Quả bí xanh,Sơn La,Bán lẻ,CTV địa phương,2023-01-26,18000.0
Rau cải,Sơn La,Bán lẻ,CTV địa phương,2023-01-26,25000.0
Su su quả,Sơn La,Bán lẻ,CTV địa phương,2023-01-26,20000.0
Cà rốt,Cà Mau,Bán buôn,CTV địa phương,2023-01-25,15000.0
Dừa,Cà Mau,Bán buôn,CTV địa phương,2023-01-25,100000.0
Dưa chuột/dưa chuội,Cà Mau,Bán buôn,CTV địa phương,2023-01-25,15000.0
Quả bí đỏ,Cà Mau,Bán buôn,CTV địa phương,2023-01-25,12000.0
Bưởi da xanh,Tiền Giang,Thu mua tại vườn,CTV địa phương,2023-01-25,29000.0
Bưởi năm roi,Tiền Giang,Thu mua tại vườn,CTV địa phương,2023-01-25,22000.0
Chuối sim,Tiền Giang,Thu mua tại vườn,CTV địa phương,2023-01-25,12000.0
Đu đủ,Tiền Giang,Thu mua tại vườn,CTV địa phương,2023-01-25,11000.0
Dưa chuột/dưa chuội,Tiền Giang,Thu mua tại vườn,CTV địa phương,2023-01-25,9000.0
Dưa hấu (loại 2),Bến Tre,Thương lái thu mua,CTV địa phương,2023-01-24,8500.0
Măng cụt,Bến Tre,Thương lái thu mua,CTV địa phương,2023-01-24,30000.0
Bưởi da xanh,Hà Nội,Bán lẻ,CTV địa phương,2023-01-24,55000.0
Cà rốt,Hà Nội,Bán lẻ,CTV địa phương,2023-01-24,25000.0
Dưa chuột/dưa chuội,Hà Nội,Bán lẻ,CTV địa phương,2023-01-24,25000.0
Khoai tây,Hà Nội,Bán lẻ,CTV địa phương,2023-01-24,20000.0
Quả bí xanh,Hà Nội,Bán lẻ,CTV địa phương,2023-01-24,25000.0
Rau cải mơ,Hà Nội,Bán lẻ,CTV địa phương,2023-01-24,35000.0
Dưa hấu (loại 2),Hậu Giang,Bán lẻ,CTV địa phương,2023-01-24,5000.0
Mít Thái,Hậu Giang,Bán lẻ,CTV địa phương,2023-01-24,17000.0
Quýt đường,Hậu Giang,Bán lẻ,CTV địa phương,2023-01-24,50000.0
Xoài cát Hòa Lộc,Hậu Giang,Bán lẻ,CTV địa phương,2023-01-24,35000.0
Bắp cải,Sơn La,Bán lẻ,CTV địa phương,2023-01-23,15000.0
Bưởi da xanh,Sơn La,Bán lẻ,CTV địa phương,2023-01-23,30000.0
Cà rốt,Sơn La,Bán lẻ,CTV địa phương,2023-01-23,25000.0
Chanh,Sơn La,Bán lẻ,CTV địa phương,2023-01-23,35000.0
Dưa chuột/dưa chuội,Sơn La,Bán lẻ,CTV địa phương,2023-01-23,25000.0
Khoai tây,Sơn La,Bán lẻ,CTV địa phương,2023-01-23,20000.0
Mồng tơi,Sơn La,Bán lẻ,CTV địa phương,2023-01-23,25000.0
Mướp đắng,Sơn La,Bán lẻ,CTV địa phương,2023-01-23,35000.0
Quả bí đỏ,Sơn La,Bán lẻ,CTV địa phương,2023-01-23,18000.0
Quả bí xanh,Sơn La,Bán lẻ,CTV địa phương,2023-01-23,18000.0
Rau cải,Sơn La,Bán lẻ,CTV địa phương,2023-01-23,25000.0
Su su quả,Sơn La,Bán lẻ,CTV địa phương,2023-01-23,20000.0
Bắp cải,Sơn La,Bán lẻ,CTV địa phương,2023-01-22,12000.0
Bưởi da xanh,Sơn La,Bán lẻ,CTV địa phương,2023-01-22,40000.0
Cà rốt,Sơn La,Bán lẻ,CTV địa phương,2023-01-22,20000.0
Khoai tây,Sơn La,Bán lẻ,CTV địa phương,2023-01-22,20000.0
Mồng tơi,Sơn La,Bán lẻ,CTV địa phương,2023-01-22,25000.0
Mướp đắng,Sơn La,Bán lẻ,CTV địa phương,2023-01-22,30000.0
Mướp hương,Sơn La,Bán lẻ,CTV địa phương,2023-01-22,20000.0
Quả bí đỏ,Sơn La,Bán lẻ,CTV địa phương,2023-01-22,15000.0
Quả bí xanh,Sơn La,Bán lẻ,CTV địa phương,2023-01-22,15000.0
Rau cải,Sơn La,Bán lẻ,CTV địa phương,2023-01-22,25000.0
Su su quả,Sơn La,Bán lẻ,CTV địa phương,2023-01-22,25000.0
Bưởi da xanh,Hà Nội,Bán lẻ,CTV địa phương,2023-01-20,55000.0
Cà rốt,Hà Nội,Bán lẻ,CTV địa phương,2023-01-20,25000.0
Dưa chuột/dưa chuội,Hà Nội,Bán lẻ,CTV địa phương,2023-01-20,25000.0
Khoai tây,Hà Nội,Bán lẻ,CTV địa phương,2023-01-20,20000.0
Quả bí xanh,Hà Nội,Bán lẻ,CTV địa phương,2023-01-20,25000.0
Rau cải mơ,Hà Nội,Bán lẻ,CTV địa phương,2023-01-20,35000.0
Bắp cải,Sơn La,Bán lẻ,CTV địa phương,2023-01-19,15000.0
Bưởi da xanh,Sơn La,Bán lẻ,CTV địa phương,2023-01-19,30000.0
Cà rốt,Sơn La,Bán lẻ,CTV địa phương,2023-01-19,25000.0
Chanh,Sơn La,Bán lẻ,CTV địa phương,2023-01-19,35000.0
Dưa chuột/dưa chuội,Sơn La,Bán lẻ,CTV địa phương,2023-01-19,25000.0
Khoai tây,Sơn La,Bán lẻ,CTV địa phương,2023-01-19,20000.0
Mồng tơi,Sơn La,Bán lẻ,CTV địa phương,2023-01-19,25000.0
Mướp đắng,Sơn La,Bán lẻ,CTV địa phương,2023-01-19,35000.0
Quả bí đỏ,Sơn La,Bán lẻ,CTV địa phương,2023-01-19,18000.0
Quả bí xanh,Sơn La,Bán lẻ,CTV địa phương,2023-01-19,18000.0
Rau cải,Sơn La,Bán lẻ,CTV địa phương,2023-01-19,25000.0
Su su quả,Sơn La,Bán lẻ,CTV địa phương,2023-01-19,20000.0
Cà rốt,Cà Mau,Bán buôn,CTV địa phương,2023-01-18,15000.0
Dừa,Cà Mau,Bán buôn,CTV địa phương,2023-01-18,100000.0
Dưa chuột/dưa chuội,Cà Mau,Bán buôn,CTV địa phương,2023-01-18,10000.0
Bắp cải,Sơn La,Bán lẻ,CTV địa phương,2023-01-18,12000.0
Bưởi da xanh,Sơn La,Bán lẻ,CTV địa phương,2023-01-18,40000.0
Cà rốt,Sơn La,Bán lẻ,CTV địa phương,2023-01-18,20000.0
Khoai tây,Sơn La,Bán lẻ,CTV địa phương,2023-01-18,20000.0
Mồng tơi,Sơn La,Bán lẻ,CTV địa phương,2023-01-18,25000.0
Mướp đắng,Sơn La,Bán lẻ,CTV địa phương,2023-01-18,30000.0
Mướp hương,Sơn La,Bán lẻ,CTV địa phương,2023-01-18,20000.0
Quả bí đỏ,Sơn La,Bán lẻ,CTV địa phương,2023-01-18,15000.0
Quả bí xanh,Sơn La,Bán lẻ,CTV địa phương,2023-01-18,15000.0
Rau cải,Sơn La,Bán lẻ,CTV địa phương,2023-01-18,25000.0
Su su quả,Sơn La,Bán lẻ,CTV địa phương,2023-01-18,25000.0
Bưởi da xanh,Tiền Giang,Thu mua tại vườn,CTV địa phương,2023-01-18,32000.0
Bưởi năm roi,Tiền Giang,Thu mua tại vườn,CTV địa phương,2023-01-18,23000.0
Chuối sim,Tiền Giang,Thu mua tại vườn,CTV địa phương,2023-01-18,12000.0
Đu đủ,Tiền Giang,Thu mua tại vườn,CTV địa phương,2023-01-18,11000.0
Dưa chuột/dưa chuội,Tiền Giang,Thu mua tại vườn,CTV địa phương,2023-01-18,9000.0
Cam sành (loại 1),Bến Tre,Thương lái thu mua,CTV địa phương,2023-01-17,25000.0
Cam sành (loại 2),Bến Tre,Thương lái thu mua,CTV địa phương,2023-01-17,20000.0
Dưa hấu (loại 2),Bến Tre,Thương lái thu mua,CTV địa phương,2023-01-17,8000.0
Măng cụt,Bến Tre,Thương lái thu mua,CTV địa phương,2023-01-17,30000.0
Bưởi da xanh,Hà Nội,Bán lẻ,CTV địa phương,2023-01-17,55000.0
Cà rốt,Hà Nội,Bán lẻ,CTV địa phương,2023-01-17,18000.0
Dưa chuột/dưa chuội,Hà Nội,Bán lẻ,CTV địa phương,2023-01-17,25000.0
Khoai tây,Hà Nội,Bán lẻ,CTV địa phương,2023-01-17,17000.0
Quả bí xanh,Hà Nội,Bán lẻ,CTV địa phương,2023-01-17,20000.0
Rau cải mơ,Hà Nội,Bán lẻ,CTV địa phương,2023-01-17,35000.0
Dưa hấu (loại 2),Hậu Giang,Bán lẻ,CTV địa phương,2023-01-17,5000.0
Mít Thái,Hậu Giang,Bán lẻ,CTV địa phương,2023-01-17,17000.0
Quýt đường,Hậu Giang,Bán lẻ,CTV địa phương,2023-01-17,50000.0
Xoài cát Hòa Lộc,Hậu Giang,Bán lẻ,CTV địa phương,2023-01-17,35000.0
Bưởi da xanh,Tiền Giang,Thương lái thu mua,CTV địa phương,2023-01-17,25000.0
Bưởi năm roi,Tiền Giang,Thương lái thu mua,CTV địa phương,2023-01-17,18000.0
Chôm chôm Java,Tiền Giang,Thương lái thu mua,CTV địa phương,2023-01-17,22000.0
Chuối sim,Tiền Giang,Thương lái thu mua,CTV địa phương,2023-01-17,9000.0
Đu đủ,Tiền Giang,Thương lái thu mua,CTV địa phương,2023-01-17,9000.0
Sầu Riêng Ri 6 (loại xô),Tiền Giang,Thương lái thu mua,CTV địa phương,2023-01-17,78000.0
Bắp cải,Sơn La,Bán lẻ,CTV địa phương,2023-01-16,15000.0
Bưởi da xanh,Sơn La,Bán lẻ,CTV địa phương,2023-01-16,30000.0
Cà rốt,Sơn La,Bán lẻ,CTV địa phương,2023-01-16,25000.0
Chanh,Sơn La,Bán lẻ,CTV địa phương,2023-01-16,35000.0
Dưa chuột/dưa chuội,Sơn La,Bán lẻ,CTV địa phương,2023-01-16,25000.0
Khoai tây,Sơn La,Bán lẻ,CTV địa phương,2023-01-16,20000.0
Mồng tơi,Sơn La,Bán lẻ,CTV địa phương,2023-01-16,25000.0
Mướp đắng,Sơn La,Bán lẻ,CTV địa phương,2023-01-16,35000.0
Quả bí đỏ,Sơn La,Bán lẻ,CTV địa phương,2023-01-16,18000.0
Quả bí xanh,Sơn La,Bán lẻ,CTV địa phương,2023-01-16,18000.0
Rau cải,Sơn La,Bán lẻ,CTV địa phương,2023-01-16,25000.0
Su su quả,Sơn La,Bán lẻ,CTV địa phương,2023-01-16,20000.0
Bắp cải,Sơn La,Bán lẻ,CTV địa phương,2023-01-15,10000.0
Bưởi da xanh,Sơn La,Bán lẻ,CTV địa phương,2023-01-15,40000.0
Cà rốt,Sơn La,Bán lẻ,CTV địa phương,2023-01-15,20000.0
Khoai tây,Sơn La,Bán lẻ,CTV địa phương,2023-01-15,20000.0
Mướp đắng,Sơn La,Bán lẻ,CTV địa phương,2023-01-15,30000.0
Mướp hương,Sơn La,Bán lẻ,CTV địa phương,2023-01-15,20000.0
Quả bí đỏ,Sơn La,Bán lẻ,CTV địa phương,2023-01-15,15000.0
Quả bí xanh,Sơn La,Bán lẻ,CTV địa phương,2023-01-15,15000.0
Rau cải,Sơn La,Bán lẻ,CTV địa phương,2023-01-15,25000.0
Su su quả,Sơn La,Bán lẻ,CTV địa phương,2023-01-15,25000.0
Xoài cát Hòa Lộc,An Giang,Thương lái thu mua,CTV địa phương,2023-01-12,42000.0
Bắp cải,Cần Thơ,Thương lái thu mua,CTV địa phương,2023-01-12,18000.0
Dưa chuột/dưa chuội,Cần Thơ,Thương lái thu mua,CTV địa phương,2023-01-12,12000.0
Mướp,Cần Thơ,Thương lái thu mua,CTV địa phương,2023-01-12,8000.0
Mướp đắng,Cần Thơ,Thương lái thu mua,CTV địa phương,2023-01-12,23000.0
Quả bí đỏ,Cần Thơ,Thương lái thu mua,CTV địa phương,2023-01-12,16000.0
Quả bí xanh,Cần Thơ,Thương lái thu mua,CTV địa phương,2023-01-12,14000.0
Trái dứa/thơm (to),Cần Thơ,Thương lái thu mua,CTV địa phương,2023-01-12,14000.0
Bắp cải,Hà Nội,Bán lẻ,CTV địa phương,2023-01-12,10000.0
Bưởi da xanh,Hà Nội,Bán lẻ,CTV địa phương,2023-01-12,57500.0
Cà rốt,Hà Nội,Bán lẻ,CTV địa phương,2023-01-12,17000.0
Dưa chuột/dưa chuội,Hà Nội,Bán lẻ,CTV địa phương,2023-01-12,25000.0
Khoai tây,Hà Nội,Bán lẻ,CTV địa phương,2023-01-12,17000.0
Quả bí xanh,Hà Nội,Bán lẻ,CTV địa phương,2023-01-12,20000.0
Rau cải mơ,Hà Nội,Bán lẻ,CTV địa phương,2023-01-12,30000.0
Rau cải ngọt,Hà Nội,Bán lẻ,CTV địa phương,2023-01-12,30000.0
Bắp cải,Sơn La,Bán lẻ,CTV địa phương,2023-01-12,15000.0
Bưởi da xanh,Sơn La,Bán lẻ,CTV địa phương,2023-01-12,30000.0
Cà rốt,Sơn La,Bán lẻ,CTV địa phương,2023-01-12,25000.0
Chanh,Sơn La,Bán lẻ,CTV địa phương,2023-01-12,35000.0
Dưa chuột/dưa chuội,Sơn La,Bán lẻ,CTV địa phương,2023-01-12,25000.0
Khoai tây,Sơn La,Bán lẻ,CTV địa phương,2023-01-12,20000.0
Mồng tơi,Sơn La,Bán lẻ,CTV địa phương,2023-01-12,25000.0
Mướp đắng,Sơn La,Bán lẻ,CTV địa phương,2023-01-12,35000.0
Quả bí đỏ,Sơn La,Bán lẻ,CTV địa phương,2023-01-12,18000.0
Quả bí xanh,Sơn La,Bán lẻ,CTV địa phương,2023-01-12,18000.0
Rau cải,Sơn La,Bán lẻ,CTV địa phương,2023-01-12,25000.0
Su su quả,Sơn La,Bán lẻ,CTV địa phương,2023-01-12,20000.0
Cà rốt,Cà Mau,Bán buôn,CTV địa phương,2023-01-11,15000.0
Dừa,Cà Mau,Bán buôn,CTV địa phương,2023-01-11,100000.0
Dưa chuột/dưa chuội,Cà Mau,Bán buôn,CTV địa phương,2023-01-11,10000.0
Bắp cải,Sơn La,Bán lẻ,CTV địa phương,2023-01-11,10000.0
Bưởi da xanh,Sơn La,Bán lẻ,CTV địa phương,2023-01-11,40000.0
Cà rốt,Sơn La,Bán lẻ,CTV địa phương,2023-01-11,20000.0
Khoai tây,Sơn La,Bán lẻ,CTV địa phương,2023-01-11,20000.0
Mướp đắng,Sơn La,Bán lẻ,CTV địa phương,2023-01-11,30000.0
Mướp hương,Sơn La,Bán lẻ,CTV địa phương,2023-01-11,20000.0
Quả bí đỏ,Sơn La,Bán lẻ,CTV địa phương,2023-01-11,15000.0
Quả bí xanh,Sơn La,Bán lẻ,CTV địa phương,2023-01-11,15000.0
Rau cải,Sơn La,Bán lẻ,CTV địa phương,2023-01-11,25000.0
Su su quả,Sơn La,Bán lẻ,CTV địa phương,2023-01-11,25000.0
Bưởi da xanh,Tiền Giang,Thu mua tại vườn,CTV địa phương,2023-01-11,27000.0
Bưởi năm roi,Tiền Giang,Thu mua tại vườn,CTV địa phương,2023-01-11,20000.0
Chuối sim,Tiền Giang,Thu mua tại vườn,CTV địa phương,2023-01-11,11000.0
Đu đủ,Tiền Giang,Thu mua tại vườn,CTV địa phương,2023-01-11,11000.0
Dưa chuột/dưa chuội,Tiền Giang,Thu mua tại vườn,CTV địa phương,2023-01-11,6000.0
Cam sành (loại 1),Bến Tre,Thương lái thu mua,CTV địa phương,2023-01-10,25000.0
Cam sành (loại 2),Bến Tre,Thương lái thu mua,CTV địa phương,2023-01-10,20000.0
Dưa hấu (loại 2),Bến Tre,Thương lái thu mua,CTV địa phương,2023-01-10,8000.0
Măng cụt,Bến Tre,Thương lái thu mua,CTV địa phương,2023-01-10,30000.0
Bưởi da xanh,Hà Nội,Bán lẻ,CTV địa phương,2023-01-10,55000.0
Cà rốt,Hà Nội,Bán lẻ,CTV địa phương,2023-01-10,18000.0
Dưa chuột/dưa chuội,Hà Nội,Bán lẻ,CTV địa phương,2023-01-10,25000.0
Khoai tây,Hà Nội,Bán lẻ,CTV địa phương,2023-01-10,17000.0
Quả bí xanh,Hà Nội,Bán lẻ,CTV địa phương,2023-01-10,20000.0
Rau cải mơ,Hà Nội,Bán lẻ,CTV địa phương,2023-01-10,35000.0
Dưa hấu (loại 2),Hậu Giang,Bán lẻ,CTV địa phương,2023-01-10,6000.0
Mít Thái,Hậu Giang,Bán lẻ,CTV địa phương,2023-01-10,16000.0
Quýt đường,Hậu Giang,Bán lẻ,CTV địa phương,2023-01-10,45000.0
Xoài cát Hòa Lộc,Hậu Giang,Bán lẻ,CTV địa phương,2023-01-10,25000.0
Bưởi da xanh,Tiền Giang,Thương lái thu mua,CTV địa phương,2023-01-10,24000.0
Bưởi năm roi,Tiền Giang,Thương lái thu mua,CTV địa phương,2023-01-10,18000.0
Chôm chôm Java,Tiền Giang,Thương lái thu mua,CTV địa phương,2023-01-10,20000.0
Chuối sim,Tiền Giang,Thương lái thu mua,CTV địa phương,2023-01-10,9000.0
Đu đủ,Tiền Giang,Thương lái thu mua,CTV địa phương,2023-01-10,9000.0
Sầu Riêng Ri 6 (loại xô),Tiền Giang,Thương lái thu mua,CTV địa phương,2023-01-10,80000.0
Bắp cải,Hà Nội,Bán lẻ,CTV địa phương,2023-01-09,10000.0
Bưởi da xanh,Hà Nội,Bán lẻ,CTV địa phương,2023-01-09,60000.0
Cà rốt,Hà Nội,Bán lẻ,CTV địa phương,2023-01-09,16000.0
Khoai tây,Hà Nội,Bán lẻ,CTV địa phương,2023-01-09,17000.0
Rau cải mơ,Hà Nội,Bán lẻ,CTV địa phương,2023-01-09,25000.0
Rau cải ngọt,Hà Nội,Bán lẻ,CTV địa phương,2023-01-09,30000.0
Bắp cải,Sơn La,Bán lẻ,CTV địa phương,2023-01-09,15000.0
Bưởi da xanh,Sơn La,Bán lẻ,CTV địa phương,2023-01-09,30000.0
Cà rốt,Sơn La,Bán lẻ,CTV địa phương,2023-01-09,25000.0
Chanh,Sơn La,Bán lẻ,CTV địa phương,2023-01-09,35000.0
Dưa chuột/dưa chuội,Sơn La,Bán lẻ,CTV địa phương,2023-01-09,25000.0
Khoai tây,Sơn La,Bán lẻ,CTV địa phương,2023-01-09,20000.0
Mồng tơi,Sơn La,Bán lẻ,CTV địa phương,2023-01-09,25000.0
Mướp đắng,Sơn La,Bán lẻ,CTV địa phương,2023-01-09,35000.0
Quả bí đỏ,Sơn La,Bán lẻ,CTV địa phương,2023-01-09,18000.0
Quả bí xanh,Sơn La,Bán lẻ,CTV địa phương,2023-01-09,18000.0
Rau cải,Sơn La,Bán lẻ,CTV địa phương,2023-01-09,25000.0
Su su quả,Sơn La,Bán lẻ,CTV địa phương,2023-01-09,20000.0
Xoài cát Hòa Lộc,An Giang,Thương lái thu mua,CTV địa phương,2023-01-05,42000.0
Bắp cải,Cần Thơ,Thương lái thu mua,CTV địa phương,2023-01-05,16000.0
Dưa chuột/dưa chuội,Cần Thơ,Thương lái thu mua,CTV địa phương,2023-01-05,12000.0
Mướp,Cần Thơ,Thương lái thu mua,CTV địa phương,2023-01-05,8000.0
Mướp đắng,Cần Thơ,Thương lái thu mua,CTV địa phương,2023-01-05,23000.0
Quả bí đỏ,Cần Thơ,Thương lái thu mua,CTV địa phương,2023-01-05,16000.0
Quả bí xanh,Cần Thơ,Thương lái thu mua,CTV địa phương,2023-01-05,14500.0
Trái dứa/thơm (to),Cần Thơ,Thương lái thu mua,CTV địa phương,2023-01-05,14000.0
Bắp cải,Hà Nội,Bán lẻ,CTV địa phương,2023-01-05,10000.0
Bưởi da xanh,Hà Nội,Bán lẻ,CTV địa phương,2023-01-05,57500.0
Cà rốt,Hà Nội,Bán lẻ,CTV địa phương,2023-01-05,16000.0
Dưa chuột/dưa chuội,Hà Nội,Bán lẻ,CTV địa phương,2023-01-05,25000.0
Khoai tây,Hà Nội,Bán lẻ,CTV địa phương,2023-01-05,17500.0
Quả bí xanh,Hà Nội,Bán lẻ,CTV địa phương,2023-01-05,20000.0
Rau cải mơ,Hà Nội,Bán lẻ,CTV địa phương,2023-01-05,30000.0
Rau cải ngọt,Hà Nội,Bán lẻ,CTV địa phương,2023-01-05,30000.0
Bắp cải,Sơn La,Bán lẻ,CTV địa phương,2023-01-05,18000.0
Bưởi da xanh,Sơn La,Bán lẻ,CTV địa phương,2023-01-05,30000.0
Cà rốt,Sơn La,Bán lẻ,CTV địa phương,2023-01-05,25000.0
Chanh,Sơn La,Bán lẻ,CTV địa phương,2023-01-05,35000.0
Dưa chuột/dưa chuội,Sơn La,Bán lẻ,CTV địa phương,2023-01-05,25000.0
Khoai tây,Sơn La,Bán lẻ,CTV địa phương,2023-01-05,20000.0
Mồng tơi,Sơn La,Bán lẻ,CTV địa phương,2023-01-05,25000.0
Mướp đắng,Sơn La,Bán lẻ,CTV địa phương,2023-01-05,35000.0
Quả bí đỏ,Sơn La,Bán lẻ,CTV địa phương,2023-01-05,18000.0
Quả bí xanh,Sơn La,Bán lẻ,CTV địa phương,2023-01-05,18000.0
Rau cải,Sơn La,Bán lẻ,CTV địa phương,2023-01-05,25000.0
Su su quả,Sơn La,Bán lẻ,CTV địa phương,2023-01-05,20000.0
Cà rốt,Cà Mau,Bán buôn,CTV địa phương,2023-01-04,15000.0
Dừa,Cà Mau,Bán buôn,CTV địa phương,2023-01-04,90000.0
Dưa chuột/dưa chuội,Cà Mau,Bán buôn,CTV địa phương,2023-01-04,10000.0
Quả bí đỏ,Cà Mau,Bán buôn,CTV địa phương,2023-01-04,10000.0
Bắp cải,Sơn La,Bán lẻ,CTV địa phương,2023-01-04,10000.0
Bưởi da xanh,Sơn La,Bán lẻ,CTV địa phương,2023-01-04,40000.0
Cà rốt,Sơn La,Bán lẻ,CTV địa phương,2023-01-04,20000.0
Khoai tây,Sơn La,Bán lẻ,CTV địa phương,2023-01-04,20000.0
Mướp đắng,Sơn La,Bán lẻ,CTV địa phương,2023-01-04,30000.0
Mướp hương,Sơn La,Bán lẻ,CTV địa phương,2023-01-04,20000.0
Quả bí đỏ,Sơn La,Bán lẻ,CTV địa phương,2023-01-04,15000.0
Quả bí xanh,Sơn La,Bán lẻ,CTV địa phương,2023-01-04,15000.0
Rau cải,Sơn La,Bán lẻ,CTV địa phương,2023-01-04,25000.0
Su su quả,Sơn La,Bán lẻ,CTV địa phương,2023-01-04,25000.0
Bưởi da xanh,Tiền Giang,Thu mua tại vườn,CTV địa phương,2023-01-04,23000.0
Bưởi năm roi,Tiền Giang,Thu mua tại vườn,CTV địa phương,2023-01-04,19000.0
Chuối sim,Tiền Giang,Thu mua tại vườn,CTV địa phương,2023-01-04,11000.0
Đu đủ,Tiền Giang,Thu mua tại vườn,CTV địa phương,2023-01-04,11000.0
Dưa chuột/dưa chuội,Tiền Giang,Thu mua tại vườn,CTV địa phương,2023-01-04,7000.0
Cam sành (loại 1),Bến Tre,Thương lái thu mua,CTV địa phương,2023-01-03,25000.0
Cam sành (loại 2),Bến Tre,Thương lái thu mua,CTV địa phương,2023-01-03,20000.0
Dưa hấu (loại 2),Bến Tre,Thương lái thu mua,CTV địa phương,2023-01-03,8000.0
Măng cụt,Bến Tre,Thương lái thu mua,CTV địa phương,2023-01-03,30000.0
Bưởi da xanh,Hà Nội,Bán lẻ,CTV địa phương,2023-01-03,55000.0
Cà rốt,Hà Nội,Bán lẻ,CTV địa phương,2023-01-03,17000.0
Dưa chuột/dưa chuội,Hà Nội,Bán lẻ,CTV địa phương,2023-01-03,25000.0
Khoai tây,Hà Nội,Bán lẻ,CTV địa phương,2023-01-03,17000.0
Quả bí xanh,Hà Nội,Bán lẻ,CTV địa phương,2023-01-03,20000.0
Rau cải mơ,Hà Nội,Bán lẻ,CTV địa phương,2023-01-03,35000.0
Dưa hấu (loại 2),Hậu Giang,Bán lẻ,CTV địa phương,2023-01-03,6000.0
Mít Thái,Hậu Giang,Bán lẻ,CTV địa phương,2023-01-03,16000.0
Quýt đường,Hậu Giang,Bán lẻ,CTV địa phương,2023-01-03,45000.0
Xoài cát Hòa Lộc,Hậu Giang,Bán lẻ,CTV địa phương,2023-01-03,25000.0
Bưởi da xanh,Tiền Giang,Thương lái thu mua,CTV địa phương,2023-01-03,26000.0
Bưởi năm roi,Tiền Giang,Thương lái thu mua,CTV địa phương,2023-01-03,17000.0
Chôm chôm Java,Tiền Giang,Thương lái thu mua,CTV địa phương,2023-01-03,20000.0
Chuối sim,Tiền Giang,Thương lái thu mua,CTV địa phương,2023-01-03,9000.0
Đu đủ,Tiền Giang,Thương lái thu mua,CTV địa phương,2023-01-03,9000.0
Sầu Riêng Ri 6 (loại xô),Tiền Giang,Thương lái thu mua,CTV địa phương,2023-01-03,85000.0
Quýt đường,Đồng Tháp,Thu mua tại vườn,CTV địa phương,2022-12-23,35000.0
Xoài cát Hòa Lộc,Đồng Tháp,Thu mua tại vườn,CTV địa phương,2022-12-23,70000.0
Cam sành (loại 1),Vĩnh Long,Bán buôn,CTV địa phương,2022-12-23,18500.0
Cam sành (loại 2),Vĩnh Long,Bán buôn,CTV địa phương,2022-12-23,15500.0
Chôm chôm đường,Vĩnh Long,Bán buôn,CTV địa phương,2022-12-23,29500.0
Chôm chôm Java,Vĩnh Long,Bán buôn,CTV địa phương,2022-12-23,19500.0
Xoài cát Hòa Lộc,Vĩnh Long,Bán buôn,CTV địa phương,2022-12-23,61500.0
Bắp cải,Cần Thơ,Thương lái thu mua,CTV địa phương,2022-12-22,15000.0
Dưa chuột/dưa chuội,Cần Thơ,Thương lái thu mua,CTV địa phương,2022-12-22,14000.0
Mướp,Cần Thơ,Thương lái thu mua,CTV địa phương,2022-12-22,12000.0
Mướp đắng,Cần Thơ,Thương lái thu mua,CTV địa phương,2022-12-22,22000.0
Quả bí đỏ,Cần Thơ,Thương lái thu mua,CTV địa phương,2022-12-22,12000.0
Quả bí xanh,Cần Thơ,Thương lái thu mua,CTV địa phương,2022-12-22,14000.0
Trái dứa/thơm (to),Cần Thơ,Thương lái thu mua,CTV địa phương,2022-12-22,11000.0
Cà rốt,Cà Mau,Bán buôn,CTV địa phương,2022-12-21,15000.0
Dưa chuột/dưa chuội,Cà Mau,Bán buôn,CTV địa phương,2022-12-21,15000.0
Quả bí đỏ,Cà Mau,Bán buôn,CTV địa phương,2022-12-21,10000.0
Bưởi da xanh,Tiền Giang,Thu mua tại vườn,CTV địa phương,2022-12-21,20000.0
Bưởi năm roi,Tiền Giang,Thu mua tại vườn,CTV địa phương,2022-12-21,17000.0
Chuối sim,Tiền Giang,Thu mua tại vườn,CTV địa phương,2022-12-21,10000.0
Đu đủ,Tiền Giang,Thu mua tại vườn,CTV địa phương,2022-12-21,10000.0
Dưa chuột/dưa chuội,Tiền Giang,Thu mua tại vườn,CTV địa phương,2022-12-21,11000.0
Cam sành (loại 1),Bến Tre,Thương lái thu mua,CTV địa phương,2022-12-20,25000.0
Cam sành (loại 2),Bến Tre,Thương lái thu mua,CTV địa phương,2022-12-20,20000.0
Dưa hấu (loại 2),Bến Tre,Thương lái thu mua,CTV địa phương,2022-12-20,8000.0
Măng cụt,Bến Tre,Thương lái thu mua,CTV địa phương,2022-12-20,30000.0
Bưởi da xanh,Hà Nội,Bán lẻ,CTV địa phương,2022-12-20,55000.0
Cà rốt,Hà Nội,Bán lẻ,CTV địa phương,2022-12-20,17000.0
Dưa chuột/dưa chuội,Hà Nội,Bán lẻ,CTV địa phương,2022-12-20,25000.0
Khoai tây,Hà Nội,Bán lẻ,CTV địa phương,2022-12-20,18000.0
Quả bí xanh,Hà Nội,Bán lẻ,CTV địa phương,2022-12-20,18000.0
Rau cải mơ,Hà Nội,Bán lẻ,CTV địa phương,2022-12-20,35000.0
Dưa hấu (loại 2),Hậu Giang,Bán lẻ,CTV địa phương,2022-12-20,6000.0
Mít Thái,Hậu Giang,Bán lẻ,CTV địa phương,2022-12-20,16000.0
Quýt đường,Hậu Giang,Bán lẻ,CTV địa phương,2022-12-20,45000.0
Xoài cát Hòa Lộc,Hậu Giang,Bán lẻ,CTV địa phương,2022-12-20,25000.0
Bắp cải,Cần Thơ,Thương lái thu mua,CTV địa phương,2022-12-19,18000.0
Dưa chuột/dưa chuội,Cần Thơ,Thương lái thu mua,CTV địa phương,2022-12-19,9000.0
Mướp,Cần Thơ,Thương lái thu mua,CTV địa phương,2022-12-19,12000.0
Mướp đắng,Cần Thơ,Thương lái thu mua,CTV địa phương,2022-12-19,22000.0
Quả bí đỏ,Cần Thơ,Thương lái thu mua,CTV địa phương,2022-12-19,16000.0
Quả bí xanh,Cần Thơ,Thương lái thu mua,CTV địa phương,2022-12-19,18000.0
Trái dứa/thơm (to),Cần Thơ,Thương lái thu mua,CTV địa phương,2022-12-19,11000.0
Bắp cải,Sơn La,Bán lẻ,CTV địa phương,2022-12-19,18000.0
Bưởi da xanh,Sơn La,Bán lẻ,CTV địa phương,2022-12-19,30000.0
Cà rốt,Sơn La,Bán lẻ,CTV địa phương,2022-12-19,25000.0
Chanh,Sơn La,Bán lẻ,CTV địa phương,2022-12-19,35000.0
Dưa chuột/dưa chuội,Sơn La,Bán lẻ,CTV địa phương,2022-12-19,25000.0
Khoai tây,Sơn La,Bán lẻ,CTV địa phương,2022-12-19,20000.0
Mồng tơi,Sơn La,Bán lẻ,CTV địa phương,2022-12-19,20000.0
Mướp đắng,Sơn La,Bán lẻ,CTV địa phương,2022-12-19,35000.0
Mướp hương,Sơn La,Bán lẻ,CTV địa phương,2022-12-19,18000.0
Quả bí đỏ,Sơn La,Bán lẻ,CTV địa phương,2022-12-19,18000.0
Quả bí xanh,Sơn La,Bán lẻ,CTV địa phương,2022-12-19,18000.0
Rau cải,Sơn La,Bán lẻ,CTV địa phương,2022-12-19,20000.0
Su su quả,Sơn La,Bán lẻ,CTV địa phương,2022-12-19,20000.0
Quýt đường,Đồng Tháp,Thu mua tại vườn,CTV địa phương,2022-12-16,35000.0
Xoài cát Hòa Lộc,Đồng Tháp,Thu mua tại vườn,CTV địa phương,2022-12-16,70000.0
Cam sành (loại 1),Vĩnh Long,Bán buôn,CTV địa phương,2022-12-16,18500.0
Cam sành (loại 2),Vĩnh Long,Bán buôn,CTV địa phương,2022-12-16,15500.0
Chôm chôm đường,Vĩnh Long,Bán buôn,CTV địa phương,2022-12-16,29500.0
Chôm chôm Java,Vĩnh Long,Bán buôn,CTV địa phương,2022-12-16,19500.0
Xoài cát Hòa Lộc,Vĩnh Long,Bán buôn,CTV địa phương,2022-12-16,61500.0
Bắp cải,Cần Thơ,Thương lái thu mua,CTV địa phương,2022-12-15,18000.0
Dưa chuột/dưa chuội,Cần Thơ,Thương lái thu mua,CTV địa phương,2022-12-15,9000.0
Mướp,Cần Thơ,Thương lái thu mua,CTV địa phương,2022-12-15,12000.0
Mướp đắng,Cần Thơ,Thương lái thu mua,CTV địa phương,2022-12-15,22000.0
Quả bí đỏ,Cần Thơ,Thương lái thu mua,CTV địa phương,2022-12-15,16000.0
Quả bí xanh,Cần Thơ,Thương lái thu mua,CTV địa phương,2022-12-15,17500.0
Trái dứa/thơm (to),Cần Thơ,Thương lái thu mua,CTV địa phương,2022-12-15,12000.0
Cà rốt,Cà Mau,Bán buôn,CTV địa phương,2022-12-14,15000.0
Dưa chuột/dưa chuội,Cà Mau,Bán buôn,CTV địa phương,2022-12-14,15000.0
Quả bí đỏ,Cà Mau,Bán buôn,CTV địa phương,2022-12-14,12000.0
Bưởi da xanh,Tiền Giang,Thu mua tại vườn,CTV địa phương,2022-12-14,22000.0
Bưởi năm roi,Tiền Giang,Thu mua tại vườn,CTV địa phương,2022-12-14,16000.0
Chuối sim,Tiền Giang,Thu mua tại vườn,CTV địa phương,2022-12-14,10000.0
Đu đủ,Tiền Giang,Thu mua tại vườn,CTV địa phương,2022-12-14,9500.0
Dưa chuột/dưa chuội,Tiền Giang,Thu mua tại vườn,CTV địa phương,2022-12-14,11000.0
Cam sành (loại 1),Bến Tre,Thương lái thu mua,CTV địa phương,2022-12-13,25000.0
Cam sành (loại 2),Bến Tre,Thương lái thu mua,CTV địa phương,2022-12-13,20000.0
Dưa hấu (loại 2),Bến Tre,Thương lái thu mua,CTV địa phương,2022-12-13,8000.0
Măng cụt,Bến Tre,Thương lái thu mua,CTV địa phương,2022-12-13,30000.0
Bưởi da xanh,Hà Nội,Bán lẻ,CTV địa phương,2022-12-13,55000.0
Cà rốt,Hà Nội,Bán lẻ,CTV địa phương,2022-12-13,17000.0
Dưa chuột/dưa chuội,Hà Nội,Bán lẻ,CTV địa phương,2022-12-13,25000.0
Khoai tây,Hà Nội,Bán lẻ,CTV địa phương,2022-12-13,17000.0
Quả bí xanh,Hà Nội,Bán lẻ,CTV địa phương,2022-12-13,18000.0
Rau cải mơ,Hà Nội,Bán lẻ,CTV địa phương,2022-12-13,35000.0
Dưa hấu (loại 2),Hậu Giang,Bán lẻ,CTV địa phương,2022-12-13,6000.0
Mít Thái,Hậu Giang,Bán lẻ,CTV địa phương,2022-12-13,16000.0
Quýt đường,Hậu Giang,Bán lẻ,CTV địa phương,2022-12-13,45000.0
Xoài cát Hòa Lộc,Hậu Giang,Bán lẻ,CTV địa phương,2022-12-13,25000.0
Xoài cát Hòa Lộc,An Giang,Thương lái thu mua,CTV địa phương,2022-12-12,45000.0
Bắp cải,Cần Thơ,Thương lái thu mua,CTV địa phương,2022-12-12,18000.0
Dưa chuột/dưa chuội,Cần Thơ,Thương lái thu mua,CTV địa phương,2022-12-12,9000.0
Mướp,Cần Thơ,Thương lái thu mua,CTV địa phương,2022-12-12,12000.0
Mướp đắng,Cần Thơ,Thương lái thu mua,CTV địa phương,2022-12-12,22000.0
Quả bí đỏ,Cần Thơ,Thương lái thu mua,CTV địa phương,2022-12-12,16000.0
Quả bí xanh,Cần Thơ,Thương lái thu mua,CTV địa phương,2022-12-12,18000.0
Trái dứa/thơm (to),Cần Thơ,Thương lái thu mua,CTV địa phương,2022-12-12,12000.0
Quýt đường,Đồng Tháp,Thu mua tại vườn,CTV địa phương,2022-12-09,50000.0
Xoài cát Hòa Lộc,Đồng Tháp,Thu mua tại vườn,CTV địa phương,2022-12-09,55000.0
Bưởi da xanh,Hà Nội,Bán lẻ,CTV địa phương,2022-12-09,55000.0
Cà rốt,Hà Nội,Bán lẻ,CTV địa phương,2022-12-09,17000.0
Dưa chuột/dưa chuội,Hà Nội,Bán lẻ,CTV địa phương,2022-12-09,25000.0
Khoai tây,Hà Nội,Bán lẻ,CTV địa phương,2022-12-09,17000.0
Quả bí xanh,Hà Nội,Bán lẻ,CTV địa phương,2022-12-09,18000.0
Rau cải mơ,Hà Nội,Bán lẻ,CTV địa phương,2022-12-09,35000.0
Cam sành (loại 1),Vĩnh Long,Bán buôn,CTV địa phương,2022-12-09,18500.0
Cam sành (loại 2),Vĩnh Long,Bán buôn,CTV địa phương,2022-12-09,15500.0
Chôm chôm đường,Vĩnh Long,Bán buôn,CTV địa phương,2022-12-09,29500.0
Chôm chôm Java,Vĩnh Long,Bán buôn,CTV địa phương,2022-12-09,14500.0
Xoài cát Hòa Lộc,Vĩnh Long,Bán buôn,CTV địa phương,2022-12-09,61500.0
Xoài cát Hòa Lộc,An Giang,Thương lái thu mua,CTV địa phương,2022-12-08,45000.0
Bắp cải,Cần Thơ,Thương lái thu mua,CTV địa phương,2022-12-08,18000.0
Dưa chuột/dưa chuội,Cần Thơ,Thương lái thu mua,CTV địa phương,2022-12-08,9000.0
Mướp,Cần Thơ,Thương lái thu mua,CTV địa phương,2022-12-08,12000.0
Mướp đắng,Cần Thơ,Thương lái thu mua,CTV địa phương,2022-12-08,22000.0
Quả bí đỏ,Cần Thơ,Thương lái thu mua,CTV địa phương,2022-12-08,16000.0
Quả bí xanh,Cần Thơ,Thương lái thu mua,CTV địa phương,2022-12-08,18000.0
Trái dứa/thơm (to),Cần Thơ,Thương lái thu mua,CTV địa phương,2022-12-08,12000.0
Bắp cải,Sơn La,Bán lẻ,CTV địa phương,2022-12-08,15000.0
Bưởi da xanh,Sơn La,Bán lẻ,CTV địa phương,2022-12-08,30000.0
Cà rốt,Sơn La,Bán lẻ,CTV địa phương,2022-12-08,20000.0
Chanh,Sơn La,Bán lẻ,CTV địa phương,2022-12-08,30000.0
Dưa chuột/dưa chuội,Sơn La,Bán lẻ,CTV địa phương,2022-12-08,15000.0
Khoai tây,Sơn La,Bán lẻ,CTV địa phương,2022-12-08,20000.0
Mồng tơi,Sơn La,Bán lẻ,CTV địa phương,2022-12-08,12000.0
Mướp đắng,Sơn La,Bán lẻ,CTV địa phương,2022-12-08,35000.0
Mướp hương,Sơn La,Bán lẻ,CTV địa phương,2022-12-08,15000.0
Na,Sơn La,Bán lẻ,CTV địa phương,2022-12-08,40000.0
Quả bí đỏ,Sơn La,Bán lẻ,CTV địa phương,2022-12-08,15000.0
Quả bí xanh,Sơn La,Bán lẻ,CTV địa phương,2022-12-08,15000.0
Rau cải,Sơn La,Bán lẻ,CTV địa phương,2022-12-08,12000.0
Su su quả,Sơn La,Bán lẻ,CTV địa phương,2022-12-08,15000.0
Cà rốt,Cà Mau,Bán buôn,CTV địa phương,2022-12-07,15000.0
Dưa chuột/dưa chuội,Cà Mau,Bán buôn,CTV địa phương,2022-12-07,15000.0
Quả bí đỏ,Cà Mau,Bán buôn,CTV địa phương,2022-12-07,12000.0
Bưởi da xanh,Tiền Giang,Thu mua tại vườn,CTV địa phương,2022-12-07,21500.0
Bưởi năm roi,Tiền Giang,Thu mua tại vườn,CTV địa phương,2022-12-07,17000.0
Chuối sim,Tiền Giang,Thu mua tại vườn,CTV địa phương,2022-12-07,10000.0
Đu đủ,Tiền Giang,Thu mua tại vườn,CTV địa phương,2022-12-07,9500.0
Dưa chuột/dưa chuội,Tiền Giang,Thu mua tại vườn,CTV địa phương,2022-12-07,9000.0
Cam sành (loại 1),Bến Tre,Thương lái thu mua,CTV địa phương,2022-12-06,25000.0
Cam sành (loại 2),Bến Tre,Thương lái thu mua,CTV địa phương,2022-12-06,20000.0
Dưa hấu (loại 2),Bến Tre,Thương lái thu mua,CTV địa phương,2022-12-06,8000.0
Măng cụt,Bến Tre,Thương lái thu mua,CTV địa phương,2022-12-06,30000.0
Bưởi da xanh,Hà Nội,Bán lẻ,CTV địa phương,2022-12-06,55000.0
Cà rốt,Hà Nội,Bán lẻ,CTV địa phương,2022-12-06,17000.0
Dưa chuột/dưa chuội,Hà Nội,Bán lẻ,CTV địa phương,2022-12-06,20000.0
Khoai tây,Hà Nội,Bán lẻ,CTV địa phương,2022-12-06,17000.0
Quả bí xanh,Hà Nội,Bán lẻ,CTV địa phương,2022-12-06,18000.0
Rau cải mơ,Hà Nội,Bán lẻ,CTV địa phương,2022-12-06,30000.0
Dưa hấu (loại 2),Hậu Giang,Bán lẻ,CTV địa phương,2022-12-06,8000.0
Mít Thái,Hậu Giang,Bán lẻ,CTV địa phương,2022-12-06,16000.0
Quýt đường,Hậu Giang,Bán lẻ,CTV địa phương,2022-12-06,45000.0
Xoài cát Hòa Lộc,Hậu Giang,Bán lẻ,CTV địa phương,2022-12-06,25000.0
Bắp cải,Cần Thơ,Thương lái thu mua,CTV địa phương,2022-12-05,17000.0
Dưa chuột/dưa chuội,Cần Thơ,Thương lái thu mua,CTV địa phương,2022-12-05,11000.0
Mướp,Cần Thơ,Thương lái thu mua,CTV địa phương,2022-12-05,12000.0
Mướp đắng,Cần Thơ,Thương lái thu mua,CTV địa phương,2022-12-05,18000.0
Quả bí đỏ,Cần Thơ,Thương lái thu mua,CTV địa phương,2022-12-05,15000.0
Quả bí xanh,Cần Thơ,Thương lái thu mua,CTV địa phương,2022-12-05,18000.0
Trái dứa/thơm (to),Cần Thơ,Thương lái thu mua,CTV địa phương,2022-12-05,12000.0
Quýt đường,Đồng Tháp,Thu mua tại vườn,CTV địa phương,2022-12-02,50000.0
Xoài cát Hòa Lộc,Đồng Tháp,Thu mua tại vườn,CTV địa phương,2022-12-02,55000.0
Cam sành (loại 1),Vĩnh Long,Bán buôn,CTV địa phương,2022-12-02,18500.0
Cam sành (loại 2),Vĩnh Long,Bán buôn,CTV địa phương,2022-12-02,15500.0
Chôm chôm đường,Vĩnh Long,Bán buôn,CTV địa phương,2022-12-02,32500.0
Chôm chôm Java,Vĩnh Long,Bán buôn,CTV địa phương,2022-12-02,15500.0
Bắp cải,Cần Thơ,Thương lái thu mua,CTV địa phương,2022-12-01,17000.0
Dưa chuột/dưa chuội,Cần Thơ,Thương lái thu mua,CTV địa phương,2022-12-01,11000.0
Mướp,Cần Thơ,Thương lái thu mua,CTV địa phương,2022-12-01,12000.0
Quả bí đỏ,Cần Thơ,Thương lái thu mua,CTV địa phương,2022-12-01,16500.0
Bắp cải,Sơn La,Bán lẻ,CTV địa phương,2022-12-01,15000.0
Bưởi da xanh,Sơn La,Bán lẻ,CTV địa phương,2022-12-01,30000.0
Cà rốt,Sơn La,Bán lẻ,CTV địa phương,2022-12-01,20000.0
Dưa chuột/dưa chuội,Sơn La,Bán lẻ,CTV địa phương,2022-12-01,15000.0
Khoai tây,Sơn La,Bán lẻ,CTV địa phương,2022-12-01,20000.0
Mồng tơi,Sơn La,Bán lẻ,CTV địa phương,2022-12-01,12000.0
Mướp hương,Sơn La,Bán lẻ,CTV địa phương,2022-12-01,15000.0
Na,Sơn La,Bán lẻ,CTV địa phương,2022-12-01,40000.0
Quả bí đỏ,Sơn La,Bán lẻ,CTV địa phương,2022-12-01,15000.0
Rau cải,Sơn La,Bán lẻ,CTV địa phương,2022-12-01,12000.0
Su su quả,Sơn La,Bán lẻ,CTV địa phương,2022-12-01,15000.0
Bồn bồn,Cà Mau,Tại chợ,CTV địa phương,2022-11-30,30000.0
Cà rốt,Cà Mau,Tại chợ,CTV địa phương,2022-11-30,15000.0
Dừa,Cà Mau,Tại chợ,CTV địa phương,2022-11-30,90000.0
Dưa chuột/dưa chuội,Cà Mau,Tại chợ,CTV địa phương,2022-11-30,10000.0
Quả bí đỏ,Cà Mau,Tại chợ,CTV địa phương,2022-11-30,12000.0
Bưởi da xanh,Tiền Giang,Thương lái thu mua,CTV địa phương,2022-11-30,22000.0
Bưởi năm roi,Tiền Giang,Thương lái thu mua,CTV địa phương,2022-11-30,15000.0
Chuối sim,Tiền Giang,Thương lái thu mua,CTV địa phương,2022-11-30,10500.0
Đu đủ,Tiền Giang,Thương lái thu mua,CTV địa phương,2022-11-30,10000.0
Dưa chuột/dưa chuội,Tiền Giang,Thương lái thu mua,CTV địa phương,2022-11-30,9500.0
Cam sành (loại 1),Bến Tre,Thương lái thu mua,CTV địa phương,2022-11-29,25000.0
Cam sành (loại 2),Bến Tre,Thương lái thu mua,CTV địa phương,2022-11-29,20000.0
Măng cụt,Bến Tre,Thương lái thu mua,CTV địa phương,2022-11-29,30000.0
Bưởi da xanh,Hà Nội,Bán lẻ,CTV địa phương,2022-11-29,55000.0
Cà rốt,Hà Nội,Bán lẻ,CTV địa phương,2022-11-29,17000.0
Dưa chuột/dưa chuội,Hà Nội,Bán lẻ,CTV địa phương,2022-11-29,20000.0
Khoai tây,Hà Nội,Bán lẻ,CTV địa phương,2022-11-29,17000.0
Quả bí đỏ,Hà Nội,Bán lẻ,CTV địa phương,2022-11-29,18000.0
Rau cải mơ,Hà Nội,Bán lẻ,CTV địa phương,2022-11-29,30000.0
Quýt đường,Hậu Giang,Bán lẻ,CTV địa phương,2022-11-29,45000.0
Xoài cát Hòa Lộc,Hậu Giang,Bán lẻ,CTV địa phương,2022-11-29,25000.0
Bắp cải,Cần Thơ,Thương lái thu mua,CTV địa phương,2022-11-28,19000.0
Dưa chuột/dưa chuội,Cần Thơ,Thương lái thu mua,CTV địa phương,2022-11-28,10000.0
Mướp,Cần Thơ,Thương lái thu mua,CTV địa phương,2022-11-28,12000.0
Quả bí đỏ,Cần Thơ,Thương lái thu mua,CTV địa phương,2022-11-28,18000.0
Quýt đường,Đồng Tháp,Thu mua tại vườn,CTV địa phương,2022-11-25,50000.0
Xoài cát Hòa Lộc,Đồng Tháp,Thu mua tại vườn,CTV địa phương,2022-11-25,60000.0
Bưởi da xanh,Hà Nội,Bán lẻ,CTV địa phương,2022-11-25,55000.0
Cà rốt,Hà Nội,Bán lẻ,CTV địa phương,2022-11-25,17000.0
Dưa chuột/dưa chuội,Hà Nội,Bán lẻ,CTV địa phương,2022-11-25,20000.0
Khoai tây,Hà Nội,Bán lẻ,CTV địa phương,2022-11-25,17000.0
Quả bí đỏ,Hà Nội,Bán lẻ,CTV địa phương,2022-11-25,18000.0
Rau cải mơ,Hà Nội,Bán lẻ,CTV địa phương,2022-11-25,30000.0
Cam sành (loại 1),Vĩnh Long,Bán buôn,CTV địa phương,2022-11-25,18500.0
Cam sành (loại 2),Vĩnh Long,Bán buôn,CTV địa phương,2022-11-25,15500.0
Chôm chôm đường,Vĩnh Long,Bán buôn,CTV địa phương,2022-11-25,41500.0
Chôm chôm Java,Vĩnh Long,Bán buôn,CTV địa phương,2022-11-25,25500.0
Xoài cát Hòa Lộc,Vĩnh Long,Bán buôn,CTV địa phương,2022-11-25,67500.0
Bắp cải,Cần Thơ,Thương lái thu mua,CTV địa phương,2022-11-24,15000.0
Dưa chuột/dưa chuội,Cần Thơ,Thương lái thu mua,CTV địa phương,2022-11-24,10000.0
Mướp,Cần Thơ,Thương lái thu mua,CTV địa phương,2022-11-24,9000.0
Quả bí đỏ,Cần Thơ,Thương lái thu mua,CTV địa phương,2022-11-24,17000.0
Bắp cải,Sơn La,Bán lẻ,CTV địa phương,2022-11-24,15000.0
Bưởi da xanh,Sơn La,Bán lẻ,CTV địa phương,2022-11-24,30000.0
Cà rốt,Sơn La,Bán lẻ,CTV địa phương,2022-11-24,20000.0
Dưa chuột/dưa chuội,Sơn La,Bán lẻ,CTV địa phương,2022-11-24,20000.0
Khoai tây,Sơn La,Bán lẻ,CTV địa phương,2022-11-24,20000.0
Mồng tơi,Sơn La,Bán lẻ,CTV địa phương,2022-11-24,18000.0
Mướp hương,Sơn La,Bán lẻ,CTV địa phương,2022-11-24,15000.0
Na,Sơn La,Bán lẻ,CTV địa phương,2022-11-24,40000.0
Quả bí đỏ,Sơn La,Bán lẻ,CTV địa phương,2022-11-24,15000.0
Rau cải,Sơn La,Bán lẻ,CTV địa phương,2022-11-24,18000.0
Su su quả,Sơn La,Bán lẻ,CTV địa phương,2022-11-24,15000.0
Bồn bồn,Cà Mau,Tại chợ,CTV địa phương,2022-11-23,30000.0
Cà rốt,Cà Mau,Tại chợ,CTV địa phương,2022-11-23,15000.0
Dừa,Cà Mau,Tại chợ,CTV địa phương,2022-11-23,90000.0
Dưa chuột/dưa chuội,Cà Mau,Tại chợ,CTV địa phương,2022-11-23,12000.0
Quả bí đỏ,Cà Mau,Tại chợ,CTV địa phương,2022-11-23,12000.0
Bưởi da xanh,Tiền Giang,Thương lái thu mua,CTV địa phương,2022-11-23,21500.0
Bưởi năm roi,Tiền Giang,Thương lái thu mua,CTV địa phương,2022-11-23,17000.0
Chuối sim,Tiền Giang,Thương lái thu mua,CTV địa phương,2022-11-23,10000.0
Đu đủ,Tiền Giang,Thương lái thu mua,CTV địa phương,2022-11-23,9500.0
Dưa chuột/dưa chuội,Tiền Giang,Thương lái thu mua,CTV địa phương,2022-11-23,9000.0
Cam sành (loại 1),Bến Tre,Thương lái thu mua,CTV địa phương,2022-11-22,25000.0
Cam sành (loại 2),Bến Tre,Thương lái thu mua,CTV địa phương,2022-11-22,20000.0
Măng cụt,Bến Tre,Thương lái thu mua,CTV địa phương,2022-11-22,30000.0
Bưởi da xanh,Hà Nội,Bán lẻ,CTV địa phương,2022-11-22,55000.0
Cà rốt,Hà Nội,Bán lẻ,CTV địa phương,2022-11-22,17000.0
Dưa chuột/dưa chuội,Hà Nội,Bán lẻ,CTV địa phương,2022-11-22,20000.0
Khoai tây,Hà Nội,Bán lẻ,CTV địa phương,2022-11-22,17000.0
Quả bí đỏ,Hà Nội,Bán lẻ,CTV địa phương,2022-11-22,18000.0
Rau cải mơ,Hà Nội,Bán lẻ,CTV địa phương,2022-11-22,30000.0
Quýt đường,Hậu Giang,Bán lẻ,CTV địa phương,2022-11-22,50000.0
Xoài cát Hòa Lộc,Hậu Giang,Bán lẻ,CTV địa phương,2022-11-22,25000.0
Bắp cải,Cần Thơ,Thương lái thu mua,CTV địa phương,2022-11-21,15000.0
Dưa chuột/dưa chuội,Cần Thơ,Thương lái thu mua,CTV địa phương,2022-11-21,10000.0
Mướp,Cần Thơ,Thương lái thu mua,CTV địa phương,2022-11-21,9000.0
Quả bí đỏ,Cần Thơ,Thương lái thu mua,CTV địa phương,2022-11-21,17000.0
Quýt đường,Đồng Tháp,Thu mua tại vườn,CTV địa phương,2022-11-18,50000.0
Xoài cát Hòa Lộc,Đồng Tháp,Thu mua tại vườn,CTV địa phương,2022-11-18,60000.0
Cam sành (loại 1),Vĩnh Long,Bán buôn,CTV địa phương,2022-11-18,18500.0
Cam sành (loại 2),Vĩnh Long,Bán buôn,CTV địa phương,2022-11-18,15500.0
Chôm chôm đường,Vĩnh Long,Bán buôn,CTV địa phương,2022-11-18,41500.0
Chôm chôm Java,Vĩnh Long,Bán buôn,CTV địa phương,2022-11-18,25500.0
Xoài cát Hòa Lộc,Vĩnh Long,Bán buôn,CTV địa phương,2022-11-18,67500.0
Bắp cải,Cần Thơ,Thương lái thu mua,CTV địa phương,2022-11-17,19000.0
Dưa chuột/dưa chuội,Cần Thơ,Thương lái thu mua,CTV địa phương,2022-11-17,10000.0
Mướp,Cần Thơ,Thương lái thu mua,CTV địa phương,2022-11-17,12000.0
Quả bí đỏ,Cần Thơ,Thương lái thu mua,CTV địa phương,2022-11-17,18000.0
Bắp cải,Sơn La,Bán lẻ,CTV địa phương,2022-11-17,15000.0
Bưởi da xanh,Sơn La,Bán lẻ,CTV địa phương,2022-11-17,30000.0
Cà rốt,Sơn La,Bán lẻ,CTV địa phương,2022-11-17,20000.0
Dưa chuột/dưa chuội,Sơn La,Bán lẻ,CTV địa phương,2022-11-17,20000.0
Khoai tây,Sơn La,Bán lẻ,CTV địa phương,2022-11-17,20000.0
Mồng tơi,Sơn La,Bán lẻ,CTV địa phương,2022-11-17,18000.0
Mướp hương,Sơn La,Bán lẻ,CTV địa phương,2022-11-17,15000.0
Na,Sơn La,Bán lẻ,CTV địa phương,2022-11-17,40000.0
Quả bí đỏ,Sơn La,Bán lẻ,CTV địa phương,2022-11-17,15000.0
Rau cải,Sơn La,Bán lẻ,CTV địa phương,2022-11-17,18000.0
Su su quả,Sơn La,Bán lẻ,CTV địa phương,2022-11-17,15000.0
Bồn bồn,Cà Mau,Tại chợ,CTV địa phương,2022-11-16,30000.0
Cà rốt,Cà Mau,Tại chợ,CTV địa phương,2022-11-16,15000.0
Dừa,Cà Mau,Tại chợ,CTV địa phương,2022-11-16,90000.0
Dưa chuột/dưa chuội,Cà Mau,Tại chợ,CTV địa phương,2022-11-16,15000.0
Quả bí đỏ,Cà Mau,Tại chợ,CTV địa phương,2022-11-16,12000.0
Bưởi da xanh,Tiền Giang,Thương lái thu mua,CTV địa phương,2022-11-16,23000.0
Bưởi năm roi,Tiền Giang,Thương lái thu mua,CTV địa phương,2022-11-16,18000.0
Chuối sim,Tiền Giang,Thương lái thu mua,CTV địa phương,2022-11-16,12000.0
Đu đủ,Tiền Giang,Thương lái thu mua,CTV địa phương,2022-11-16,11000.0
Dưa chuột/dưa chuội,Tiền Giang,Thương lái thu mua,CTV địa phương,2022-11-16,10000.0
Cam sành (loại 1),Bến Tre,Thương lái thu mua,CTV địa phương,2022-11-15,25000.0
Cam sành (loại 2),Bến Tre,Thương lái thu mua,CTV địa phương,2022-11-15,20000.0
Măng cụt,Bến Tre,Thương lái thu mua,CTV địa phương,2022-11-15,30000.0
Quýt đường,Hậu Giang,Bán lẻ,CTV địa phương,2022-11-15,50000.0
Xoài cát Hòa Lộc,Hậu Giang,Bán lẻ,CTV địa phương,2022-11-15,25000.0
Bắp cải,Cần Thơ,Thương lái thu mua,CTV địa phương,2022-11-14,19000.0
Dưa chuột/dưa chuội,Cần Thơ,Thương lái thu mua,CTV địa phương,2022-11-14,10000.0
Mướp,Cần Thơ,Thương lái thu mua,CTV địa phương,2022-11-14,12000.0
Quả bí đỏ,Cần Thơ,Thương lái thu mua,CTV địa phương,2022-11-14,18000.0
Quýt đường,Đồng Tháp,Thu mua tại vườn,CTV địa phương,2022-11-11,50000.0
Xoài cát Hòa Lộc,Đồng Tháp,Thu mua tại vườn,CTV địa phương,2022-11-11,85000.0
Bưởi da xanh,Hà Nội,Bán lẻ,CTV địa phương,2022-11-11,55000.0
Cà rốt,Hà Nội,Bán lẻ,CTV địa phương,2022-11-11,17000.0
Dưa chuột/dưa chuội,Hà Nội,Bán lẻ,CTV địa phương,2022-11-11,20000.0
Dưa vàng,Hà Nội,Bán lẻ,CTV địa phương,2022-11-11,40000.0
Khoai tây,Hà Nội,Bán lẻ,CTV địa phương,2022-11-11,17000.0
Mướp hương,Hà Nội,Bán lẻ,CTV địa phương,2022-11-11,20000.0
Quả bí đỏ,Hà Nội,Bán lẻ,CTV địa phương,2022-11-11,18000.0
Rau cải mơ,Hà Nội,Bán lẻ,CTV địa phương,2022-11-11,35000.0
Cam sành (loại 1),Vĩnh Long,Bán buôn,CTV địa phương,2022-11-11,18500.0
Cam sành (loại 2),Vĩnh Long,Bán buôn,CTV địa phương,2022-11-11,15500.0
Chôm chôm đường,Vĩnh Long,Bán buôn,CTV địa phương,2022-11-11,41500.0
Chôm chôm Java,Vĩnh Long,Bán buôn,CTV địa phương,2022-11-11,29500.0
Xoài cát Hòa Lộc,Vĩnh Long,Bán buôn,CTV địa phương,2022-11-11,67500.0
Bồn bồn,Cà Mau,Tại chợ,CTV địa phương,2022-11-09,30000.0
Cà rốt,Cà Mau,Tại chợ,CTV địa phương,2022-11-09,18000.0
Dừa,Cà Mau,Tại chợ,CTV địa phương,2022-11-09,90000.0
Dưa chuột/dưa chuội,Cà Mau,Tại chợ,CTV địa phương,2022-11-09,15000.0
Quả bí đỏ,Cà Mau,Tại chợ,CTV địa phương,2022-11-09,13000.0
Bưởi da xanh,Tiền Giang,Thương lái thu mua,CTV địa phương,2022-11-09,23000.0
Bưởi năm roi,Tiền Giang,Thương lái thu mua,CTV địa phương,2022-11-09,17000.0
Chôm chôm Java,Tiền Giang,Thương lái thu mua,CTV địa phương,2022-11-09,25000.0
Chuối sim,Tiền Giang,Thương lái thu mua,CTV địa phương,2022-11-09,11000.0
Đu đủ,Tiền Giang,Thương lái thu mua,CTV địa phương,2022-11-09,11000.0
Dưa chuột/dưa chuội,Tiền Giang,Thương lái thu mua,CTV địa phương,2022-11-09,10000.0
Cam sành (loại 1),Bến Tre,Thương lái thu mua,CTV địa phương,2022-11-08,25000.0
Cam sành (loại 2),Bến Tre,Thương lái thu mua,CTV địa phương,2022-11-08,20000.0
Măng cụt,Bến Tre,Thương lái thu mua,CTV địa phương,2022-11-08,30000.0
Quýt đường,Hậu Giang,Bán lẻ,CTV địa phương,2022-11-08,50000.0
Xoài cát Hòa Lộc,Hậu Giang,Bán lẻ,CTV địa phương,2022-11-08,25000.0
Bắp cải,Cần Thơ,Thương lái thu mua,CTV địa phương,2022-11-07,19000.0
Dưa chuột/dưa chuội,Cần Thơ,Thương lái thu mua,CTV địa phương,2022-11-07,10000.0
Mướp,Cần Thơ,Thương lái thu mua,CTV địa phương,2022-11-07,12000.0
Quả bí đỏ,Cần Thơ,Thương lái thu mua,CTV địa phương,2022-11-07,19500.0
Bồn bồn,Cà Mau,Tại chợ,CTV địa phương,2022-11-02,30000.0
Cà rốt,Cà Mau,Tại chợ,CTV địa phương,2022-11-02,18000.0
Dừa,Cà Mau,Tại chợ,CTV địa phương,2022-11-02,90000.0
Dưa chuột/dưa chuội,Cà Mau,Tại chợ,CTV địa phương,2022-11-02,15000.0
Quả bí đỏ,Cà Mau,Tại chợ,CTV địa phương,2022-11-02,13000.0
Bưởi da xanh,Tiền Giang,Thương lái thu mua,CTV địa phương,2022-11-02,23000.0
Bưởi năm roi,Tiền Giang,Thương lái thu mua,CTV địa phương,2022-11-02,17000.0
Chuối sim,Tiền Giang,Thương lái thu mua,CTV địa phương,2022-11-02,11000.0
Đu đủ,Tiền Giang,Thương lái thu mua,CTV địa phương,2022-11-02,11000.0
Dưa chuột/dưa chuội,Tiền Giang,Thương lái thu mua,CTV địa phương,2022-11-02,10000.0
Cam sành (loại 1),Bến Tre,Thương lái thu mua,CTV địa phương,2022-11-01,20000.0
Bắp cải,Hà Nội,Bán lẻ,CTV địa phương,2022-11-01,18000.0
Bưởi da xanh,Hà Nội,Bán lẻ,CTV địa phương,2022-11-01,55000.0
Cà rốt,Hà Nội,Bán lẻ,CTV địa phương,2022-11-01,17000.0
Dưa chuột/dưa chuội,Hà Nội,Bán lẻ,CTV địa phương,2022-11-01,20000.0
Dưa vàng,Hà Nội,Bán lẻ,CTV địa phương,2022-11-01,40000.0
Khoai tây,Hà Nội,Bán lẻ,CTV địa phương,2022-11-01,17000.0
Mồng tơi,Hà Nội,Bán lẻ,CTV địa phương,2022-11-01,8000.0
Mướp hương,Hà Nội,Bán lẻ,CTV địa phương,2022-11-01,25000.0
Quả bí đỏ,Hà Nội,Bán lẻ,CTV địa phương,2022-11-01,20000.0
Rau cải mơ,Hà Nội,Bán lẻ,CTV địa phương,2022-11-01,35000.0
Quýt đường,Hậu Giang,Bán lẻ,CTV địa phương,2022-11-01,45000.0
Xoài cát Hòa Lộc,Hậu Giang,Bán lẻ,CTV địa phương,2022-11-01,30000.0
Bắp cải,Sơn La,Bán lẻ,CTV địa phương,2022-10-31,15000.0
Bưởi da xanh,Sơn La,Bán lẻ,CTV địa phương,2022-10-31,30000.0
Cà rốt,Sơn La,Bán lẻ,CTV địa phương,2022-10-31,25000.0
Dưa chuột/dưa chuội,Sơn La,Bán lẻ,CTV địa phương,2022-10-31,20000.0
Khoai tây,Sơn La,Bán lẻ,CTV địa phương,2022-10-31,25000.0
Mồng tơi,Sơn La,Bán lẻ,CTV địa phương,2022-10-31,18000.0
Mướp hương,Sơn La,Bán lẻ,CTV địa phương,2022-10-31,18000.0
Na,Sơn La,Bán lẻ,CTV địa phương,2022-10-31,40000.0
Quả bí đỏ,Sơn La,Bán lẻ,CTV địa phương,2022-10-31,15000.0
Rau cải,Sơn La,Bán lẻ,CTV địa phương,2022-10-31,20000.0
Su su quả,Sơn La,Bán lẻ,CTV địa phương,2022-10-31,25000.0
Quýt đường,Đồng Tháp,Thu mua tại vườn,CTV địa phương,2022-10-28,50000.0
Xoài cát Hòa Lộc,Đồng Tháp,Thu mua tại vườn,CTV địa phương,2022-10-28,85000.0
Bắp cải,Hà Nội,Bán lẻ,CTV địa phương,2022-10-28,18000.0
Bưởi da xanh,Hà Nội,Bán lẻ,CTV địa phương,2022-10-28,55000.0
Cà rốt,Hà Nội,Bán lẻ,CTV địa phương,2022-10-28,17000.0
Dưa chuột/dưa chuội,Hà Nội,Bán lẻ,CTV địa phương,2022-10-28,20000.0
Dưa vàng,Hà Nội,Bán lẻ,CTV địa phương,2022-10-28,40000.0
Khoai tây,Hà Nội,Bán lẻ,CTV địa phương,2022-10-28,17000.0
Mồng tơi,Hà Nội,Bán lẻ,CTV địa phương,2022-10-28,8000.0
Mướp hương,Hà Nội,Bán lẻ,CTV địa phương,2022-10-28,20000.0
Quả bí đỏ,Hà Nội,Bán lẻ,CTV địa phương,2022-10-28,16000.0
Rau cải mơ,Hà Nội,Bán lẻ,CTV địa phương,2022-10-28,35000.0
Cam sành (loại 1),Vĩnh Long,Bán buôn,CTV địa phương,2022-10-28,18500.0
Cam sành (loại 2),Vĩnh Long,Bán buôn,CTV địa phương,2022-10-28,15500.0
Chôm chôm đường,Vĩnh Long,Bán buôn,CTV địa phương,2022-10-28,35500.0
Chôm chôm Java,Vĩnh Long,Bán buôn,CTV địa phương,2022-10-28,22500.0
Xoài cát Hòa Lộc,Vĩnh Long,Bán buôn,CTV địa phương,2022-10-28,67500.0
Dưa chuột/dưa chuội,Cần Thơ,Thương lái thu mua,CTV địa phương,2022-10-27,7000.0
Mướp,Cần Thơ,Thương lái thu mua,CTV địa phương,2022-10-27,5000.0
Quả bí đỏ,Cần Thơ,Thương lái thu mua,CTV địa phương,2022-10-27,8650.0
Bồn bồn,Cà Mau,Tại chợ,CTV địa phương,2022-10-26,40000.0
Cà rốt,Cà Mau,Tại chợ,CTV địa phương,2022-10-26,18000.0
Dừa,Cà Mau,Tại chợ,CTV địa phương,2022-10-26,100000.0
Dưa chuột/dưa chuội,Cà Mau,Tại chợ,CTV địa phương,2022-10-26,15000.0
Quả bí đỏ,Cà Mau,Tại chợ,CTV địa phương,2022-10-26,12000.0
Bưởi da xanh,Tiền Giang,Thương lái thu mua,CTV địa phương,2022-10-26,23000.0
Bưởi năm roi,Tiền Giang,Thương lái thu mua,CTV địa phương,2022-10-26,17000.0
Chuối sim,Tiền Giang,Thương lái thu mua,CTV địa phương,2022-10-26,10500.0
Đu đủ,Tiền Giang,Thương lái thu mua,CTV địa phương,2022-10-26,10000.0
Dưa chuột/dưa chuội,Tiền Giang,Thương lái thu mua,CTV địa phương,2022-10-26,10000.0
Cam sành (loại 1),Bến Tre,Thương lái thu mua,CTV địa phương,2022-10-25,20000.0
Quýt đường,Hậu Giang,Thương lái thu mua,CTV địa phương,2022-10-25,45000.0
Xoài cát Hòa Lộc,Hậu Giang,Thương lái thu mua,CTV địa phương,2022-10-25,30000.0
Bắp cải,Cần Thơ,Thương lái thu mua,CTV địa phương,2022-10-24,15000.0
Dưa chuột/dưa chuội,Cần Thơ,Thương lái thu mua,CTV địa phương,2022-10-24,7000.0
Mướp,Cần Thơ,Thương lái thu mua,CTV địa phương,2022-10-24,5000.0
Quả bí đỏ,Cần Thơ,Thương lái thu mua,CTV địa phương,2022-10-24,8500.0
Quýt đường,Đồng Tháp,Thu mua tại vườn,CTV địa phương,2022-10-21,50000.0
Xoài cát Hòa Lộc,Đồng Tháp,Thu mua tại vườn,CTV địa phương,2022-10-21,75000.0
Cam sành (loại 1),Vĩnh Long,Bán buôn,CTV địa phương,2022-10-21,18500.0
Cam sành (loại 2),Vĩnh Long,Bán buôn,CTV địa phương,2022-10-21,15500.0
Chôm chôm đường,Vĩnh Long,Bán buôn,CTV địa phương,2022-10-21,39500.0
Chôm chôm Java,Vĩnh Long,Bán buôn,CTV địa phương,2022-10-21,24500.0
Xoài cát Hòa Lộc,Vĩnh Long,Bán buôn,CTV địa phương,2022-10-21,67500.0
Dưa chuột/dưa chuội,Cần Thơ,Thương lái thu mua,CTV địa phương,2022-10-20,7000.0
Mướp,Cần Thơ,Thương lái thu mua,CTV địa phương,2022-10-20,5000.0
Quả bí đỏ,Cần Thơ,Thương lái thu mua,CTV địa phương,2022-10-20,8500.0
Bắp cải,Sơn La,Bán lẻ,CTV địa phương,2022-10-20,18000.0
Bưởi da xanh,Sơn La,Bán lẻ,CTV địa phương,2022-10-20,30000.0
Cà rốt,Sơn La,Bán lẻ,CTV địa phương,2022-10-20,25000.0
Dưa chuột/dưa chuội,Sơn La,Bán lẻ,CTV địa phương,2022-10-20,20000.0
Khoai tây,Sơn La,Bán lẻ,CTV địa phương,2022-10-20,25000.0
Mồng tơi,Sơn La,Bán lẻ,CTV địa phương,2022-10-20,18000.0
Mướp hương,Sơn La,Bán lẻ,CTV địa phương,2022-10-20,15000.0
Na,Sơn La,Bán lẻ,CTV địa phương,2022-10-20,35000.0
Quả bí đỏ,Sơn La,Bán lẻ,CTV địa phương,2022-10-20,15000.0
Rau cải,Sơn La,Bán lẻ,CTV địa phương,2022-10-20,18000.0
Su su quả,Sơn La,Bán lẻ,CTV địa phương,2022-10-20,25000.0
Bồn bồn,Cà Mau,Tại chợ,CTV địa phương,2022-10-19,40000.0
Cà rốt,Cà Mau,Tại chợ,CTV địa phương,2022-10-19,15000.0
Dừa,Cà Mau,Tại chợ,CTV địa phương,2022-10-19,100000.0
Dưa chuột/dưa chuội,Cà Mau,Tại chợ,CTV địa phương,2022-10-19,15000.0
Quả bí đỏ,Cà Mau,Tại chợ,CTV địa phương,2022-10-19,10000.0
Bưởi da xanh,Tiền Giang,Thương lái thu mua,CTV địa phương,2022-10-19,25000.0
Bưởi năm roi,Tiền Giang,Thương lái thu mua,CTV địa phương,2022-10-19,18000.0
Chuối sim,Tiền Giang,Thương lái thu mua,CTV địa phương,2022-10-19,10000.0
Đu đủ,Tiền Giang,Thương lái thu mua,CTV địa phương,2022-10-19,10000.0
Dưa chuột/dưa chuội,Tiền Giang,Thương lái thu mua,CTV địa phương,2022-10-19,12000.0
Cam sành (loại 1),Bến Tre,Thương lái thu mua,CTV địa phương,2022-10-18,20000.0
Quýt đường,Hậu Giang,Thương lái thu mua,CTV địa phương,2022-10-18,50000.0
Xoài cát Hòa Lộc,Hậu Giang,Thương lái thu mua,CTV địa phương,2022-10-18,30000.0
Bắp cải,Cần Thơ,Thương lái thu mua,CTV địa phương,2022-10-17,15000.0
Dưa chuột/dưa chuội,Cần Thơ,Thương lái thu mua,CTV địa phương,2022-10-17,8000.0
Mướp,Cần Thơ,Thương lái thu mua,CTV địa phương,2022-10-17,5000.0
Quả bí đỏ,Cần Thơ,Thương lái thu mua,CTV địa phương,2022-10-17,8500.0
Bắp cải,Sơn La,Bán lẻ,CTV địa phương,2022-10-17,15000.0
Cà rốt,Sơn La,Bán lẻ,CTV địa phương,2022-10-17,25000.0
Dưa chuột/dưa chuội,Sơn La,Bán lẻ,CTV địa phương,2022-10-17,25000.0
Khoai tây,Sơn La,Bán lẻ,CTV địa phương,2022-10-17,25000.0
Mồng tơi,Sơn La,Bán lẻ,CTV địa phương,2022-10-17,18000.0
Mướp hương,Sơn La,Bán lẻ,CTV địa phương,2022-10-17,20000.0
Na,Sơn La,Bán lẻ,CTV địa phương,2022-10-17,35000.0
Quả bí đỏ,Sơn La,Bán lẻ,CTV địa phương,2022-10-17,15000.0
Rau cải,Sơn La,Bán lẻ,CTV địa phương,2022-10-17,18000.0
Su su quả,Sơn La,Bán lẻ,CTV địa phương,2022-10-17,25000.0
Dưa chuột/dưa chuội,Cần Thơ,Thương lái thu mua,CTV địa phương,2022-10-13,8000.0
Mướp,Cần Thơ,Thương lái thu mua,CTV địa phương,2022-10-13,5000.0
Quả bí đỏ,Cần Thơ,Thương lái thu mua,CTV địa phương,2022-10-13,8500.0
Bắp cải,Sơn La,Bán lẻ,CTV địa phương,2022-10-13,18000.0
Bưởi da xanh,Sơn La,Bán lẻ,CTV địa phương,2022-10-13,50000.0
Cà rốt,Sơn La,Bán lẻ,CTV địa phương,2022-10-13,25000.0
Dưa chuột/dưa chuội,Sơn La,Bán lẻ,CTV địa phương,2022-10-13,25000.0
Khoai tây,Sơn La,Bán lẻ,CTV địa phương,2022-10-13,25000.0
Mồng tơi,Sơn La,Bán lẻ,CTV địa phương,2022-10-13,18000.0
Mướp hương,Sơn La,Bán lẻ,CTV địa phương,2022-10-13,18000.0
Na,Sơn La,Bán lẻ,CTV địa phương,2022-10-13,35000.0
Quả bí đỏ,Sơn La,Bán lẻ,CTV địa phương,2022-10-13,15000.0
Rau cải,Sơn La,Bán lẻ,CTV địa phương,2022-10-13,18000.0
Su su quả,Sơn La,Bán lẻ,CTV địa phương,2022-10-13,25000.0
Bồn bồn,Cà Mau,Tại chợ,CTV địa phương,2022-10-12,40000.0
Cà rốt,Cà Mau,Tại chợ,CTV địa phương,2022-10-12,15000.0
Dừa,Cà Mau,Tại chợ,CTV địa phương,2022-10-12,100000.0
Dưa chuột/dưa chuội,Cà Mau,Tại chợ,CTV địa phương,2022-10-12,15000.0
Quả bí đỏ,Cà Mau,Tại chợ,CTV địa phương,2022-10-12,10000.0
Bưởi da xanh,Tiền Giang,Thương lái thu mua,CTV địa phương,2022-10-12,25000.0
Bưởi năm roi,Tiền Giang,Thương lái thu mua,CTV địa phương,2022-10-12,18500.0
Chuối sim,Tiền Giang,Thương lái thu mua,CTV địa phương,2022-10-12,10000.0
Đu đủ,Tiền Giang,Thương lái thu mua,CTV địa phương,2022-10-12,9000.0
Dưa chuột/dưa chuội,Tiền Giang,Thương lái thu mua,CTV địa phương,2022-10-12,11000.0
Cam sành (loại 1),Bến Tre,Thương lái thu mua,CTV địa phương,2022-10-11,20000.0
Bưởi da xanh,Hà Nội,Bán lẻ,CTV địa phương,2022-10-11,55000.0
Cà rốt,Hà Nội,Bán lẻ,CTV địa phương,2022-10-11,17000.0
Dưa chuột/dưa chuội,Hà Nội,Bán lẻ,CTV địa phương,2022-10-11,20000.0
Dưa vàng,Hà Nội,Bán lẻ,CTV địa phương,2022-10-11,40000.0
Khoai tây,Hà Nội,Bán lẻ,CTV địa phương,2022-10-11,17000.0
Mồng tơi,Hà Nội,Bán lẻ,CTV địa phương,2022-10-11,7000.0
Mướp hương,Hà Nội,Bán lẻ,CTV địa phương,2022-10-11,20000.0
Quả bí đỏ,Hà Nội,Bán lẻ,CTV địa phương,2022-10-11,15000.0
Rau cải mơ,Hà Nội,Bán lẻ,CTV địa phương,2022-10-11,35000.0
Quýt đường,Hậu Giang,Thương lái thu mua,CTV địa phương,2022-10-11,45000.0
Xoài cát Hòa Lộc,Hậu Giang,Thương lái thu mua,CTV địa phương,2022-10-11,25000.0
Dưa chuột/dưa chuội,Cần Thơ,Thương lái thu mua,CTV địa phương,2022-10-10,8000.0
Mướp,Cần Thơ,Thương lái thu mua,CTV địa phương,2022-10-10,5000.0
Bắp cải,Sơn La,Bán lẻ,CTV địa phương,2022-10-10,15000.0
Cà rốt,Sơn La,Bán lẻ,CTV địa phương,2022-10-10,20000.0
Dưa chuột/dưa chuội,Sơn La,Bán lẻ,CTV địa phương,2022-10-10,25000.0
Khoai tây,Sơn La,Bán lẻ,CTV địa phương,2022-10-10,23000.0
Mồng tơi,Sơn La,Bán lẻ,CTV địa phương,2022-10-10,18000.0
Mướp hương,Sơn La,Bán lẻ,CTV địa phương,2022-10-10,20000.0
Na,Sơn La,Bán lẻ,CTV địa phương,2022-10-10,40000.0
Quả bí đỏ,Sơn La,Bán lẻ,CTV địa phương,2022-10-10,15000.0
Rau cải,Sơn La,Bán lẻ,CTV địa phương,2022-10-10,18000.0
Su su quả,Sơn La,Bán lẻ,CTV địa phương,2022-10-10,25000.0
Bưởi da xanh,Hà Nội,Bán lẻ,CTV địa phương,2022-10-07,50000.0
Cà rốt,Hà Nội,Bán lẻ,CTV địa phương,2022-10-07,17000.0
Dưa chuột/dưa chuội,Hà Nội,Bán lẻ,CTV địa phương,2022-10-07,20000.0
Dưa vàng,Hà Nội,Bán lẻ,CTV địa phương,2022-10-07,40000.0
Khoai tây,Hà Nội,Bán lẻ,CTV địa phương,2022-10-07,17000.0
Mồng tơi,Hà Nội,Bán lẻ,CTV địa phương,2022-10-07,7000.0
Mướp hương,Hà Nội,Bán lẻ,CTV địa phương,2022-10-07,20000.0
Quả bí đỏ,Hà Nội,Bán lẻ,CTV địa phương,2022-10-07,16000.0
Rau cải mơ,Hà Nội,Bán lẻ,CTV địa phương,2022-10-07,35000.0
Cam sành (loại 1),Vĩnh Long,Bán buôn,CTV địa phương,2022-10-07,18500.0
Cam sành (loại 2),Vĩnh Long,Bán buôn,CTV địa phương,2022-10-07,15500.0
Chôm chôm đường,Vĩnh Long,Bán buôn,CTV địa phương,2022-10-07,39500.0
Chôm chôm Java,Vĩnh Long,Bán buôn,CTV địa phương,2022-10-07,24500.0
Xoài cát Hòa Lộc,Vĩnh Long,Bán buôn,CTV địa phương,2022-10-07,67500.0
Dưa chuột/dưa chuội,Cần Thơ,Thương lái thu mua,CTV địa phương,2022-10-06,8000.0
Mướp,Cần Thơ,Thương lái thu mua,CTV địa phương,2022-10-06,5000.0
Bắp cải,Sơn La,Bán lẻ,CTV địa phương,2022-10-06,15000.0
Cà rốt,Sơn La,Bán lẻ,CTV địa phương,2022-10-06,22000.0
Dưa chuột/dưa chuội,Sơn La,Bán lẻ,CTV địa phương,2022-10-06,25000.0
Khoai tây,Sơn La,Bán lẻ,CTV địa phương,2022-10-06,25000.0
Mồng tơi,Sơn La,Bán lẻ,CTV địa phương,2022-10-06,18000.0
Mướp hương,Sơn La,Bán lẻ,CTV địa phương,2022-10-06,20000.0
Na,Sơn La,Bán lẻ,CTV địa phương,2022-10-06,35000.0
Quả bí đỏ,Sơn La,Bán lẻ,CTV địa phương,2022-10-06,15000.0
Quả bí xanh,Sơn La,Bán lẻ,CTV địa phương,2022-10-06,18000.0
Rau cải,Sơn La,Bán lẻ,CTV địa phương,2022-10-06,18000.0
Su su quả,Sơn La,Bán lẻ,CTV địa phương,2022-10-06,25000.0
Bưởi da xanh,Hậu Giang,Thương lái thu mua,CTV địa phương,2022-09-30,30000.0
Quýt đường,Hậu Giang,Thương lái thu mua,CTV địa phương,2022-09-30,45000.0
Xoài cát Hòa Lộc,Hậu Giang,Thương lái thu mua,CTV địa phương,2022-09-30,30000.0
Cam sành (loại 1),Bến Tre,Thương lái thu mua,CTV địa phương,2022-09-28,20000.0
Bắp cải,Cần Thơ,Thương lái thu mua,CTV địa phương,2022-09-28,13000.0
Dưa chuột/dưa chuội,Cần Thơ,Thương lái thu mua,CTV địa phương,2022-09-28,8000.0
Mướp,Cần Thơ,Thương lái thu mua,CTV địa phương,2022-09-28,5000.0
Bưởi da xanh,Hà Nội,Bán lẻ,CTV địa phương,2022-09-27,55000.0
Cà rốt,Hà Nội,Bán lẻ,CTV địa phương,2022-09-27,17000.0
Dưa chuột/dưa chuội,Hà Nội,Bán lẻ,CTV địa phương,2022-09-27,20000.0
Khoai tây,Hà Nội,Bán lẻ,CTV địa phương,2022-09-27,17000.0
Mồng tơi,Hà Nội,Bán lẻ,CTV địa phương,2022-09-27,7000.0
Mướp hương,Hà Nội,Bán lẻ,CTV địa phương,2022-09-27,18000.0
Na,Hà Nội,Bán lẻ,CTV địa phương,2022-09-27,40000.0
Quả bí đỏ,Hà Nội,Bán lẻ,CTV địa phương,2022-09-27,15000.0
Rau cải mơ,Hà Nội,Bán lẻ,CTV địa phương,2022-09-27,30000.0
Bắp cải,Sơn La,Bán lẻ,CTV địa phương,2022-09-26,15000.0
Cà rốt,Sơn La,Bán lẻ,CTV địa phương,2022-09-26,25000.0
Dưa chuột/dưa chuội,Sơn La,Bán lẻ,CTV địa phương,2022-09-26,25000.0
Khoai tây,Sơn La,Bán lẻ,CTV địa phương,2022-09-26,25000.0
Mồng tơi,Sơn La,Bán lẻ,CTV địa phương,2022-09-26,18000.0
Mướp hương,Sơn La,Bán lẻ,CTV địa phương,2022-09-26,20000.0
Na,Sơn La,Bán lẻ,CTV địa phương,2022-09-26,35000.0
Quả bí đỏ,Sơn La,Bán lẻ,CTV địa phương,2022-09-26,15000.0
Quả bí xanh,Sơn La,Bán lẻ,CTV địa phương,2022-09-26,18000.0
Rau cải,Sơn La,Bán lẻ,CTV địa phương,2022-09-26,18000.0
Su su quả,Sơn La,Bán lẻ,CTV địa phương,2022-09-26,25000.0
Quýt đường,Đồng Tháp,Thu mua tại vườn,CTV địa phương,2022-09-23,50000.0
Xoài cát Hòa Lộc,Đồng Tháp,Thu mua tại vườn,CTV địa phương,2022-09-23,70000.0
Bưởi da xanh,Hà Nội,Bán lẻ,CTV địa phương,2022-09-23,55000.0
Cà rốt,Hà Nội,Bán lẻ,CTV địa phương,2022-09-23,16000.0
Dưa chuột/dưa chuội,Hà Nội,Bán lẻ,CTV địa phương,2022-09-23,20000.0
Dưa vàng,Hà Nội,Bán lẻ,CTV địa phương,2022-09-23,40000.0
Khoai tây,Hà Nội,Bán lẻ,CTV địa phương,2022-09-23,18000.0
Mồng tơi,Hà Nội,Bán lẻ,CTV địa phương,2022-09-23,8000.0
Mướp hương,Hà Nội,Bán lẻ,CTV địa phương,2022-09-23,20000.0
Quả bí đỏ,Hà Nội,Bán lẻ,CTV địa phương,2022-09-23,15000.0
Rau cải mơ,Hà Nội,Bán lẻ,CTV địa phương,2022-09-23,35000.0
Cam sành (loại 1),Vĩnh Long,Bán buôn,CTV địa phương,2022-09-23,20500.0
Cam sành (loại 2),Vĩnh Long,Bán buôn,CTV địa phương,2022-09-23,17500.0
Chôm chôm đường,Vĩnh Long,Bán buôn,CTV địa phương,2022-09-23,34500.0
Chôm chôm Java,Vĩnh Long,Bán buôn,CTV địa phương,2022-09-23,24500.0
Xoài cát Hòa Lộc,Vĩnh Long,Bán buôn,CTV địa phương,2022-09-23,67500.0
Xoài cát Hòa Lộc,An Giang,Thương lái thu mua,CTV địa phương,2022-09-22,30000.0
Bắp cải,Cần Thơ,Thương lái thu mua,CTV địa phương,2022-09-22,15000.0
Dưa chuột/dưa chuội,Cần Thơ,Thương lái thu mua,CTV địa phương,2022-09-22,8000.0
Mướp,Cần Thơ,Thương lái thu mua,CTV địa phương,2022-09-22,5000.0
Quả bí đỏ,Cần Thơ,Thương lái thu mua,CTV địa phương,2022-09-22,8500.0
Bắp cải,Sơn La,Bán lẻ,CTV địa phương,2022-09-22,15000.0
Cà rốt,Sơn La,Bán lẻ,CTV địa phương,2022-09-22,25000.0
Dưa chuột/dưa chuội,Sơn La,Bán lẻ,CTV địa phương,2022-09-22,25000.0
Khoai tây,Sơn La,Bán lẻ,CTV địa phương,2022-09-22,15000.0
Mồng tơi,Sơn La,Bán lẻ,CTV địa phương,2022-09-22,15000.0
Mướp hương,Sơn La,Bán lẻ,CTV địa phương,2022-09-22,18000.0
Na,Sơn La,Bán lẻ,CTV địa phương,2022-09-22,40000.0
Quả bí đỏ,Sơn La,Bán lẻ,CTV địa phương,2022-09-22,15000.0
Quả bí xanh,Sơn La,Bán lẻ,CTV địa phương,2022-09-22,20000.0
Rau cải,Sơn La,Bán lẻ,CTV địa phương,2022-09-22,15000.0
Su su quả,Sơn La,Bán lẻ,CTV địa phương,2022-09-22,25000.0
Bồn bồn,Cà Mau,Tại chợ,CTV địa phương,2022-09-21,40000.0
Cà rốt,Cà Mau,Tại chợ,CTV địa phương,2022-09-21,15000.0
Dừa,Cà Mau,Tại chợ,CTV địa phương,2022-09-21,90000.0
Dưa chuột/dưa chuội,Cà Mau,Tại chợ,CTV địa phương,2022-09-21,15000.0
Quả bí đỏ,Cà Mau,Tại chợ,CTV địa phương,2022-09-21,12000.0
Bưởi da xanh,Tiền Giang,Thương lái thu mua,CTV địa phương,2022-09-21,28000.0
Bưởi năm roi,Tiền Giang,Thương lái thu mua,CTV địa phương,2022-09-21,19000.0
Chuối sim,Tiền Giang,Thương lái thu mua,CTV địa phương,2022-09-21,10500.0
Đu đủ,Tiền Giang,Thương lái thu mua,CTV địa phương,2022-09-21,9000.0
Dưa chuột/dưa chuội,Tiền Giang,Thương lái thu mua,CTV địa phương,2022-09-21,10000.0
Cam sành (loại 1),Bến Tre,Thương lái thu mua,CTV địa phương,2022-09-20,20000.0
Bưởi da xanh,Hà Nội,Bán lẻ,CTV địa phương,2022-09-20,55000.0
Cà rốt,Hà Nội,Bán lẻ,CTV địa phương,2022-09-20,17000.0
Dưa chuột/dưa chuội,Hà Nội,Bán lẻ,CTV địa phương,2022-09-20,20000.0
Khoai tây,Hà Nội,Bán lẻ,CTV địa phương,2022-09-20,17000.0
Mồng tơi,Hà Nội,Bán lẻ,CTV địa phương,2022-09-20,7000.0
Mướp hương,Hà Nội,Bán lẻ,CTV địa phương,2022-09-20,18000.0
Na,Hà Nội,Bán lẻ,CTV địa phương,2022-09-20,40000.0
Quả bí đỏ,Hà Nội,Bán lẻ,CTV địa phương,2022-09-20,15000.0
Rau cải mơ,Hà Nội,Bán lẻ,CTV địa phương,2022-09-20,30000.0
Quýt đường,Hậu Giang,Thương lái thu mua,CTV địa phương,2022-09-20,45000.0
Xoài cát Hòa Lộc,Hậu Giang,Thương lái thu mua,CTV địa phương,2022-09-20,30000.0
Bắp cải,Cần Thơ,Thương lái thu mua,CTV địa phương,2022-09-19,15000.0
Dưa chuột/dưa chuội,Cần Thơ,Thương lái thu mua,CTV địa phương,2022-09-19,8000.0
Mướp,Cần Thơ,Thương lái thu mua,CTV địa phương,2022-09-19,5000.0
Quả bí đỏ,Cần Thơ,Thương lái thu mua,CTV địa phương,2022-09-19,8500.0
Bắp cải,Sơn La,Bán lẻ,CTV địa phương,2022-09-19,15000.0
Cà rốt,Sơn La,Bán lẻ,CTV địa phương,2022-09-19,25000.0
Dưa chuột/dưa chuội,Sơn La,Bán lẻ,CTV địa phương,2022-09-19,25000.0
Khoai tây,Sơn La,Bán lẻ,CTV địa phương,2022-09-19,25000.0
Mồng tơi,Sơn La,Bán lẻ,CTV địa phương,2022-09-19,18000.0
Mướp hương,Sơn La,Bán lẻ,CTV địa phương,2022-09-19,20000.0
Na,Sơn La,Bán lẻ,CTV địa phương,2022-09-19,35000.0
Quả bí đỏ,Sơn La,Bán lẻ,CTV địa phương,2022-09-19,15000.0
Quả bí xanh,Sơn La,Bán lẻ,CTV địa phương,2022-09-19,18000.0
Rau cải,Sơn La,Bán lẻ,CTV địa phương,2022-09-19,18000.0
Su su quả,Sơn La,Bán lẻ,CTV địa phương,2022-09-19,20000.0
Quýt đường,Đồng Tháp,Thu mua tại vườn,CTV địa phương,2022-09-16,45000.0
Xoài cát Hòa Lộc,Đồng Tháp,Thu mua tại vườn,CTV địa phương,2022-09-16,65000.0
Bưởi da xanh,Hà Nội,Bán lẻ,CTV địa phương,2022-09-16,55000.0
Cà rốt,Hà Nội,Bán lẻ,CTV địa phương,2022-09-16,17000.0
Dưa chuột/dưa chuội,Hà Nội,Bán lẻ,CTV địa phương,2022-09-16,20000.0
Khoai tây,Hà Nội,Bán lẻ,CTV địa phương,2022-09-16,17000.0
Mồng tơi,Hà Nội,Bán lẻ,CTV địa phương,2022-09-16,7000.0
Mướp hương,Hà Nội,Bán lẻ,CTV địa phương,2022-09-16,20000.0
Na,Hà Nội,Bán lẻ,CTV địa phương,2022-09-16,40000.0
Quả bí đỏ,Hà Nội,Bán lẻ,CTV địa phương,2022-09-16,18000.0
Rau cải mơ,Hà Nội,Bán lẻ,CTV địa phương,2022-09-16,35000.0
Cam sành (loại 1),Vĩnh Long,Bán buôn,CTV địa phương,2022-09-16,20500.0
Cam sành (loại 2),Vĩnh Long,Bán buôn,CTV địa phương,2022-09-16,17500.0
Chôm chôm đường,Vĩnh Long,Bán buôn,CTV địa phương,2022-09-16,34500.0
Chôm chôm Java,Vĩnh Long,Bán buôn,CTV địa phương,2022-09-16,24500.0
Xoài cát Hòa Lộc,Vĩnh Long,Bán buôn,CTV địa phương,2022-09-16,61500.0
Xoài cát Hòa Lộc,An Giang,Thương lái thu mua,CTV địa phương,2022-09-15,30000.0
Bắp cải,Cần Thơ,Thương lái thu mua,CTV địa phương,2022-09-15,14000.0
Dưa chuột/dưa chuội,Cần Thơ,Thương lái thu mua,CTV địa phương,2022-09-15,8000.0
Mướp,Cần Thơ,Thương lái thu mua,CTV địa phương,2022-09-15,5000.0
Bắp cải,Sơn La,Bán lẻ,CTV địa phương,2022-09-15,15000.0
Cà rốt,Sơn La,Bán lẻ,CTV địa phương,2022-09-15,25000.0
Dưa chuột/dưa chuội,Sơn La,Bán lẻ,CTV địa phương,2022-09-15,25000.0
Khoai tây,Sơn La,Bán lẻ,CTV địa phương,2022-09-15,15000.0
Mồng tơi,Sơn La,Bán lẻ,CTV địa phương,2022-09-15,15000.0
Mướp hương,Sơn La,Bán lẻ,CTV địa phương,2022-09-15,18000.0
Na,Sơn La,Bán lẻ,CTV địa phương,2022-09-15,40000.0
Quả bí đỏ,Sơn La,Bán lẻ,CTV địa phương,2022-09-15,15000.0
Quả bí xanh,Sơn La,Bán lẻ,CTV địa phương,2022-09-15,20000.0
Rau cải,Sơn La,Bán lẻ,CTV địa phương,2022-09-15,15000.0
Su su quả,Sơn La,Bán lẻ,CTV địa phương,2022-09-15,25000.0
Bồn bồn,Cà Mau,Tại chợ,CTV địa phương,2022-09-14,40000.0
Cà rốt,Cà Mau,Tại chợ,CTV địa phương,2022-09-14,20000.0
Dừa,Cà Mau,Tại chợ,CTV địa phương,2022-09-14,100000.0
Dưa chuột/dưa chuội,Cà Mau,Tại chợ,CTV địa phương,2022-09-14,15000.0
Quả bí đỏ,Cà Mau,Tại chợ,CTV địa phương,2022-09-14,10000.0
Bưởi da xanh,Tiền Giang,Thương lái thu mua,CTV địa phương,2022-09-14,28000.0
Bưởi năm roi,Tiền Giang,Thương lái thu mua,CTV địa phương,2022-09-14,18500.0
Chuối sim,Tiền Giang,Thương lái thu mua,CTV địa phương,2022-09-14,10500.0
Đu đủ,Tiền Giang,Thương lái thu mua,CTV địa phương,2022-09-14,9000.0
Dưa chuột/dưa chuội,Tiền Giang,Thương lái thu mua,CTV địa phương,2022-09-14,10000.0
Cam sành (loại 1),Bến Tre,Thương lái thu mua,CTV địa phương,2022-09-13,20000.0
Bưởi da xanh,Hà Nội,Bán lẻ,CTV địa phương,2022-09-13,55000.0
Cà rốt,Hà Nội,Bán lẻ,CTV địa phương,2022-09-13,17000.0
Dưa chuột/dưa chuội,Hà Nội,Bán lẻ,CTV địa phương,2022-09-13,20000.0
Khoai tây,Hà Nội,Bán lẻ,CTV địa phương,2022-09-13,17000.0
Mồng tơi,Hà Nội,Bán lẻ,CTV địa phương,2022-09-13,7000.0
Mướp hương,Hà Nội,Bán lẻ,CTV địa phương,2022-09-13,18000.0
Na,Hà Nội,Bán lẻ,CTV địa phương,2022-09-13,40000.0
Quả bí đỏ,Hà Nội,Bán lẻ,CTV địa phương,2022-09-13,15000.0
Rau cải mơ,Hà Nội,Bán lẻ,CTV địa phương,2022-09-13,30000.0
Măng cụt,Hậu Giang,Thương lái thu mua,CTV địa phương,2022-09-13,40000.0
Quýt đường,Hậu Giang,Thương lái thu mua,CTV địa phương,2022-09-13,40000.0
Xoài cát Hòa Lộc,Hậu Giang,Thương lái thu mua,CTV địa phương,2022-09-13,30000.0
Bắp cải,Cần Thơ,Thương lái thu mua,CTV địa phương,2022-09-12,14000.0
Dưa chuột/dưa chuội,Cần Thơ,Thương lái thu mua,CTV địa phương,2022-09-12,8000.0
Mướp,Cần Thơ,Thương lái thu mua,CTV địa phương,2022-09-12,5000.0
Quả bí đỏ,Cần Thơ,Thương lái thu mua,CTV địa phương,2022-09-12,8500.0
Bắp cải,Sơn La,Bán lẻ,CTV địa phương,2022-09-12,18000.0
Cà rốt,Sơn La,Bán lẻ,CTV địa phương,2022-09-12,25000.0
Dưa chuột/dưa chuội,Sơn La,Bán lẻ,CTV địa phương,2022-09-12,25000.0
Khoai tây,Sơn La,Bán lẻ,CTV địa phương,2022-09-12,25000.0
Mồng tơi,Sơn La,Bán lẻ,CTV địa phương,2022-09-12,18000.0
Mướp hương,Sơn La,Bán lẻ,CTV địa phương,2022-09-12,16500.0
Na,Sơn La,Bán lẻ,CTV địa phương,2022-09-12,40000.0
Quả bí đỏ,Sơn La,Bán lẻ,CTV địa phương,2022-09-12,16500.0
Quả bí xanh,Sơn La,Bán lẻ,CTV địa phương,2022-09-12,20000.0
Rau cải,Sơn La,Bán lẻ,CTV địa phương,2022-09-12,18000.0
Su su quả,Sơn La,Bán lẻ,CTV địa phương,2022-09-12,20000.0
Quýt đường,Đồng Tháp,Thu mua tại vườn,CTV địa phương,2022-09-09,45000.0
Xoài cát Hòa Lộc,Đồng Tháp,Thu mua tại vườn,CTV địa phương,2022-09-09,70000.0
Bưởi da xanh,Hà Nội,Bán lẻ,CTV địa phương,2022-09-09,55000.0
Cà rốt,Hà Nội,Bán lẻ,CTV địa phương,2022-09-09,17000.0
Dưa chuột/dưa chuội,Hà Nội,Bán lẻ,CTV địa phương,2022-09-09,20000.0
Khoai tây,Hà Nội,Bán lẻ,CTV địa phương,2022-09-09,17000.0
Mồng tơi,Hà Nội,Bán lẻ,CTV địa phương,2022-09-09,7000.0
Mướp hương,Hà Nội,Bán lẻ,CTV địa phương,2022-09-09,20000.0
Na,Hà Nội,Bán lẻ,CTV địa phương,2022-09-09,40000.0
Quả bí đỏ,Hà Nội,Bán lẻ,CTV địa phương,2022-09-09,18000.0
Rau cải mơ,Hà Nội,Bán lẻ,CTV địa phương,2022-09-09,35000.0
Cam sành (loại 1),Vĩnh Long,Bán buôn,CTV địa phương,2022-09-09,20500.0
Cam sành (loại 2),Vĩnh Long,Bán buôn,CTV địa phương,2022-09-09,17500.0
Chôm chôm đường,Vĩnh Long,Bán buôn,CTV địa phương,2022-09-09,29500.0
Chôm chôm Java,Vĩnh Long,Bán buôn,CTV địa phương,2022-09-09,24500.0
Xoài cát Hòa Lộc,Vĩnh Long,Bán buôn,CTV địa phương,2022-09-09,59500.0
Xoài cát Hòa Lộc,An Giang,Thương lái thu mua,CTV địa phương,2022-09-08,30000.0
Bắp cải,Cần Thơ,Thương lái thu mua,CTV địa phương,2022-09-08,15000.0
Dưa chuột/dưa chuội,Cần Thơ,Thương lái thu mua,CTV địa phương,2022-09-08,7000.0
Mướp,Cần Thơ,Thương lái thu mua,CTV địa phương,2022-09-08,5000.0
Quả bí đỏ,Cần Thơ,Thương lái thu mua,CTV địa phương,2022-09-08,8500.0
Bắp cải,Sơn La,Bán lẻ,CTV địa phương,2022-09-08,15000.0
Cà rốt,Sơn La,Bán lẻ,CTV địa phương,2022-09-08,25000.0
Dưa chuột/dưa chuội,Sơn La,Bán lẻ,CTV địa phương,2022-09-08,25000.0
Khoai tây,Sơn La,Bán lẻ,CTV địa phương,2022-09-08,15000.0
Mồng tơi,Sơn La,Bán lẻ,CTV địa phương,2022-09-08,15000.0
Mướp hương,Sơn La,Bán lẻ,CTV địa phương,2022-09-08,18000.0
Na,Sơn La,Bán lẻ,CTV địa phương,2022-09-08,40000.0
Quả bí đỏ,Sơn La,Bán lẻ,CTV địa phương,2022-09-08,15000.0
Quả bí xanh,Sơn La,Bán lẻ,CTV địa phương,2022-09-08,20000.0
Rau cải,Sơn La,Bán lẻ,CTV địa phương,2022-09-08,15000.0
Su su quả,Sơn La,Bán lẻ,CTV địa phương,2022-09-08,25000.0
Bồn bồn,Cà Mau,Tại chợ,CTV địa phương,2022-09-07,45000.0
Cà rốt,Cà Mau,Tại chợ,CTV địa phương,2022-09-07,20000.0
Dừa,Cà Mau,Tại chợ,CTV địa phương,2022-09-07,100000.0
Dưa chuột/dưa chuội,Cà Mau,Tại chợ,CTV địa phương,2022-09-07,15000.0
Quả bí đỏ,Cà Mau,Tại chợ,CTV địa phương,2022-09-07,15000.0
Bưởi da xanh,Tiền Giang,Thương lái thu mua,CTV địa phương,2022-09-07,29000.0
Bưởi năm roi,Tiền Giang,Thương lái thu mua,CTV địa phương,2022-09-07,19000.0
Chuối sim,Tiền Giang,Thương lái thu mua,CTV địa phương,2022-09-07,10000.0
Đu đủ,Tiền Giang,Thương lái thu mua,CTV địa phương,2022-09-07,9000.0
Dưa chuột/dưa chuội,Tiền Giang,Thương lái thu mua,CTV địa phương,2022-09-07,10000.0
Cam sành (loại 1),Bến Tre,Thương lái thu mua,CTV địa phương,2022-09-06,20000.0
Bưởi da xanh,Hà Nội,Bán lẻ,CTV địa phương,2022-09-06,55000.0
Cà rốt,Hà Nội,Bán lẻ,CTV địa phương,2022-09-06,17000.0
Dưa chuột/dưa chuội,Hà Nội,Bán lẻ,CTV địa phương,2022-09-06,20000.0
Khoai tây,Hà Nội,Bán lẻ,CTV địa phương,2022-09-06,17000.0
Mồng tơi,Hà Nội,Bán lẻ,CTV địa phương,2022-09-06,7000.0
Mướp hương,Hà Nội,Bán lẻ,CTV địa phương,2022-09-06,18000.0
Na,Hà Nội,Bán lẻ,CTV địa phương,2022-09-06,40000.0
Quả bí đỏ,Hà Nội,Bán lẻ,CTV địa phương,2022-09-06,15000.0
Rau cải mơ,Hà Nội,Bán lẻ,CTV địa phương,2022-09-06,30000.0
Măng cụt,Hậu Giang,Thương lái thu mua,CTV địa phương,2022-09-06,40000.0
Quýt đường,Hậu Giang,Thương lái thu mua,CTV địa phương,2022-09-06,40000.0
Xoài cát Hòa Lộc,Hậu Giang,Thương lái thu mua,CTV địa phương,2022-09-06,25000.0
Bắp cải,Cần Thơ,Thương lái thu mua,CTV địa phương,2022-09-05,15000.0
Dưa chuột/dưa chuội,Cần Thơ,Thương lái thu mua,CTV địa phương,2022-09-05,7000.0
Mướp,Cần Thơ,Thương lái thu mua,CTV địa phương,2022-09-05,5000.0
Quả bí đỏ,Cần Thơ,Thương lái thu mua,CTV địa phương,2022-09-05,8500.0
Bắp cải,Sơn La,Bán lẻ,CTV địa phương,2022-09-05,15000.0
Cà rốt,Sơn La,Bán lẻ,CTV địa phương,2022-09-05,25000.0
Dưa chuột/dưa chuội,Sơn La,Bán lẻ,CTV địa phương,2022-09-05,25000.0
Khoai tây,Sơn La,Bán lẻ,CTV địa phương,2022-09-05,25000.0
Mồng tơi,Sơn La,Bán lẻ,CTV địa phương,2022-09-05,15000.0
Mướp hương,Sơn La,Bán lẻ,CTV địa phương,2022-09-05,16500.0
Na,Sơn La,Bán lẻ,CTV địa phương,2022-09-05,40000.0
Quả bí đỏ,Sơn La,Bán lẻ,CTV địa phương,2022-09-05,15000.0
Quả bí xanh,Sơn La,Bán lẻ,CTV địa phương,2022-09-05,20000.0
Rau cải,Sơn La,Bán lẻ,CTV địa phương,2022-09-05,15000.0
Su su quả,Sơn La,Bán lẻ,CTV địa phương,2022-09-05,25000.0
Quýt đường,Đồng Tháp,Thu mua tại vườn,CTV địa phương,2022-09-02,45000.0
Bưởi da xanh,Hà Nội,Bán lẻ,CTV địa phương,2022-09-02,50000.0
Cà rốt,Hà Nội,Bán lẻ,CTV địa phương,2022-09-02,16000.0
Dưa chuột/dưa chuội,Hà Nội,Bán lẻ,CTV địa phương,2022-09-02,20000.0
Dưa vàng,Hà Nội,Bán lẻ,CTV địa phương,2022-09-02,35000.0
Khoai tây,Hà Nội,Bán lẻ,CTV địa phương,2022-09-02,17000.0
Măng cụt,Hà Nội,Bán lẻ,CTV địa phương,2022-09-02,60000.0
Mồng tơi,Hà Nội,Bán lẻ,CTV địa phương,2022-09-02,7000.0
Mướp hương,Hà Nội,Bán lẻ,CTV địa phương,2022-09-02,18000.0
Na,Hà Nội,Bán lẻ,CTV địa phương,2022-09-02,35000.0
Quả bí đỏ,Hà Nội,Bán lẻ,CTV địa phương,2022-09-02,15000.0
Rau cải mơ,Hà Nội,Bán lẻ,CTV địa phương,2022-09-02,30000.0
Cam sành (loại 1),Vĩnh Long,Bán buôn,CTV địa phương,2022-09-02,20500.0
Cam sành (loại 2),Vĩnh Long,Bán buôn,CTV địa phương,2022-09-02,17500.0
Chôm chôm đường,Vĩnh Long,Bán buôn,CTV địa phương,2022-09-02,29500.0
Chôm chôm Java,Vĩnh Long,Bán buôn,CTV địa phương,2022-09-02,24500.0
Xoài cát Hòa Lộc,Vĩnh Long,Bán buôn,CTV địa phương,2022-09-02,59500.0
Xoài cát Hòa Lộc,An Giang,Thương lái thu mua,CTV địa phương,2022-09-01,30000.0
Bắp cải,Cần Thơ,Thương lái thu mua,CTV địa phương,2022-09-01,14000.0
Dưa chuột/dưa chuội,Cần Thơ,Thương lái thu mua,CTV địa phương,2022-09-01,8000.0
Mướp,Cần Thơ,Thương lái thu mua,CTV địa phương,2022-09-01,5000.0
Quả bí đỏ,Cần Thơ,Thương lái thu mua,CTV địa phương,2022-09-01,9250.0
Bắp cải,Sơn La,Bán lẻ,CTV địa phương,2022-09-01,15000.0
Cà rốt,Sơn La,Bán lẻ,CTV địa phương,2022-09-01,20000.0
Dưa chuột/dưa chuội,Sơn La,Bán lẻ,CTV địa phương,2022-09-01,20000.0
Khoai tây,Sơn La,Bán lẻ,CTV địa phương,2022-09-01,25000.0
Mồng tơi,Sơn La,Bán lẻ,CTV địa phương,2022-09-01,15000.0
Mướp hương,Sơn La,Bán lẻ,CTV địa phương,2022-09-01,16500.0
Quả bí đỏ,Sơn La,Bán lẻ,CTV địa phương,2022-09-01,15000.0
Quả bí xanh,Sơn La,Bán lẻ,CTV địa phương,2022-09-01,20000.0
Rau cải,Sơn La,Bán lẻ,CTV địa phương,2022-09-01,15000.0
Su su quả,Sơn La,Bán lẻ,CTV địa phương,2022-09-01,20000.0
Bồn bồn,Cà Mau,Tại chợ,CTV địa phương,2022-08-31,40000.0
Cà rốt,Cà Mau,Tại chợ,CTV địa phương,2022-08-31,20000.0
Dừa,Cà Mau,Tại chợ,CTV địa phương,2022-08-31,100000.0
Dưa chuột/dưa chuội,Cà Mau,Tại chợ,CTV địa phương,2022-08-31,15000.0
Quả bí đỏ,Cà Mau,Tại chợ,CTV địa phương,2022-08-31,15000.0
Bưởi da xanh,Tiền Giang,Thương lái thu mua,CTV địa phương,2022-08-31,30000.0
Bưởi năm roi,Tiền Giang,Thương lái thu mua,CTV địa phương,2022-08-31,19000.0
Chuối sim,Tiền Giang,Thương lái thu mua,CTV địa phương,2022-08-31,10000.0
Đu đủ,Tiền Giang,Thương lái thu mua,CTV địa phương,2022-08-31,9000.0
Dưa chuột/dưa chuội,Tiền Giang,Thương lái thu mua,CTV địa phương,2022-08-31,9000.0
Cam sành (loại 1),Bến Tre,Thương lái thu mua,CTV địa phương,2022-08-30,20000.0
Bưởi da xanh,Hà Nội,Bán lẻ,CTV địa phương,2022-08-30,50000.0
Cà rốt,Hà Nội,Bán lẻ,CTV địa phương,2022-08-30,17000.0
Dưa chuột/dưa chuội,Hà Nội,Bán lẻ,CTV địa phương,2022-08-30,20000.0
Khoai tây,Hà Nội,Bán lẻ,CTV địa phương,2022-08-30,18000.0
Mồng tơi,Hà Nội,Bán lẻ,CTV địa phương,2022-08-30,8000.0
Mướp hương,Hà Nội,Bán lẻ,CTV địa phương,2022-08-30,15000.0
Na,Hà Nội,Bán lẻ,CTV địa phương,2022-08-30,35000.0
Quả bí đỏ,Hà Nội,Bán lẻ,CTV địa phương,2022-08-30,15000.0
Rau cải mơ,Hà Nội,Bán lẻ,CTV địa phương,2022-08-30,30000.0
Măng cụt,Hậu Giang,Thương lái thu mua,CTV địa phương,2022-08-30,40000.0
Quýt đường,Hậu Giang,Thương lái thu mua,CTV địa phương,2022-08-30,45000.0
Xoài cát Hòa Lộc,Hậu Giang,Thương lái thu mua,CTV địa phương,2022-08-30,30000.0
Bắp cải,Cần Thơ,Thương lái thu mua,CTV địa phương,2022-08-29,14000.0
Dưa chuột/dưa chuội,Cần Thơ,Thương lái thu mua,CTV địa phương,2022-08-29,8000.0
Mướp,Cần Thơ,Thương lái thu mua,CTV địa phương,2022-08-29,5000.0
Bưởi năm roi,Sóc Trăng,Thương lái thu mua,CTV địa phương,2022-08-29,21500.0
Bắp cải,Sơn La,Bán lẻ,CTV địa phương,2022-08-29,15000.0
Cà rốt,Sơn La,Bán lẻ,CTV địa phương,2022-08-29,25000.0
Dưa chuột/dưa chuội,Sơn La,Bán lẻ,CTV địa phương,2022-08-29,25000.0
Khoai tây,Sơn La,Bán lẻ,CTV địa phương,2022-08-29,25000.0
Mồng tơi,Sơn La,Bán lẻ,CTV địa phương,2022-08-29,15000.0
Mướp hương,Sơn La,Bán lẻ,CTV địa phương,2022-08-29,16500.0
Na,Sơn La,Bán lẻ,CTV địa phương,2022-08-29,35000.0
Quả bí đỏ,Sơn La,Bán lẻ,CTV địa phương,2022-08-29,15000.0
Quả bí xanh,Sơn La,Bán lẻ,CTV địa phương,2022-08-29,20000.0
Rau cải,Sơn La,Bán lẻ,CTV địa phương,2022-08-29,15000.0
Su su quả,Sơn La,Bán lẻ,CTV địa phương,2022-08-29,25000.0
Quýt đường,Đồng Tháp,Thu mua tại vườn,CTV địa phương,2022-08-26,45000.0
Bưởi da xanh,Hà Nội,Bán lẻ,CTV địa phương,2022-08-26,50000.0
Cà rốt,Hà Nội,Bán lẻ,CTV địa phương,2022-08-26,16000.0
Dưa chuột/dưa chuội,Hà Nội,Bán lẻ,CTV địa phương,2022-08-26,20000.0
Dưa vàng,Hà Nội,Bán lẻ,CTV địa phương,2022-08-26,35000.0
Khoai tây,Hà Nội,Bán lẻ,CTV địa phương,2022-08-26,17000.0
Măng cụt,Hà Nội,Bán lẻ,CTV địa phương,2022-08-26,60000.0
Mồng tơi,Hà Nội,Bán lẻ,CTV địa phương,2022-08-26,7000.0
Mướp hương,Hà Nội,Bán lẻ,CTV địa phương,2022-08-26,18000.0
Na,Hà Nội,Bán lẻ,CTV địa phương,2022-08-26,35000.0
Quả bí đỏ,Hà Nội,Bán lẻ,CTV địa phương,2022-08-26,15000.0
Rau cải mơ,Hà Nội,Bán lẻ,CTV địa phương,2022-08-26,30000.0
Cam sành (loại 1),Vĩnh Long,Bán buôn,CTV địa phương,2022-08-26,20500.0
Cam sành (loại 2),Vĩnh Long,Bán buôn,CTV địa phương,2022-08-26,17500.0
Chôm chôm đường,Vĩnh Long,Bán buôn,CTV địa phương,2022-08-26,29500.0
Chôm chôm Java,Vĩnh Long,Bán buôn,CTV địa phương,2022-08-26,22500.0
Xoài cát Hòa Lộc,Vĩnh Long,Bán buôn,CTV địa phương,2022-08-26,59500.0
Xoài cát Hòa Lộc,An Giang,Thương lái thu mua,CTV địa phương,2022-08-25,30000.0
Bắp cải,Cần Thơ,Thương lái thu mua,CTV địa phương,2022-08-25,14000.0
Dưa chuột/dưa chuội,Cần Thơ,Thương lái thu mua,CTV địa phương,2022-08-25,8000.0
Mướp,Cần Thơ,Thương lái thu mua,CTV địa phương,2022-08-25,5000.0
Quả bí đỏ,Cần Thơ,Thương lái thu mua,CTV địa phương,2022-08-25,9000.0
Bắp cải,Sơn La,Bán lẻ,CTV địa phương,2022-08-25,15000.0
Cà rốt,Sơn La,Bán lẻ,CTV địa phương,2022-08-25,20000.0
Dưa chuột/dưa chuội,Sơn La,Bán lẻ,CTV địa phương,2022-08-25,20000.0
Khoai tây,Sơn La,Bán lẻ,CTV địa phương,2022-08-25,25000.0
Mồng tơi,Sơn La,Bán lẻ,CTV địa phương,2022-08-25,15000.0
Mướp hương,Sơn La,Bán lẻ,CTV địa phương,2022-08-25,16500.0
Quả bí đỏ,Sơn La,Bán lẻ,CTV địa phương,2022-08-25,15000.0
Quả bí xanh,Sơn La,Bán lẻ,CTV địa phương,2022-08-25,20000.0
Rau cải,Sơn La,Bán lẻ,CTV địa phương,2022-08-25,15000.0
Su su quả,Sơn La,Bán lẻ,CTV địa phương,2022-08-25,20000.0
Bồn bồn,Cà Mau,Tại chợ,CTV địa phương,2022-08-24,40000.0
Cà rốt,Cà Mau,Tại chợ,CTV địa phương,2022-08-24,20000.0
Dừa,Cà Mau,Tại chợ,CTV địa phương,2022-08-24,100000.0
Dưa chuột/dưa chuội,Cà Mau,Tại chợ,CTV địa phương,2022-08-24,20000.0
Quả bí đỏ,Cà Mau,Tại chợ,CTV địa phương,2022-08-24,15000.0
Bưởi năm roi,Sóc Trăng,Thương lái thu mua,CTV địa phương,2022-08-24,21500.0
Bưởi da xanh,Tiền Giang,Thương lái thu mua,CTV địa phương,2022-08-24,29000.0
Bưởi năm roi,Tiền Giang,Thương lái thu mua,CTV địa phương,2022-08-24,19000.0
Chuối sim,Tiền Giang,Thương lái thu mua,CTV địa phương,2022-08-24,11000.0
Đu đủ,Tiền Giang,Thương lái thu mua,CTV địa phương,2022-08-24,9000.0
Dưa chuột/dưa chuội,Tiền Giang,Thương lái thu mua,CTV địa phương,2022-08-24,9500.0
Cam sành (loại 1),Bến Tre,Thương lái thu mua,CTV địa phương,2022-08-23,20000.0
Bưởi da xanh,Hà Nội,Bán lẻ,CTV địa phương,2022-08-23,50000.0
Cà rốt,Hà Nội,Bán lẻ,CTV địa phương,2022-08-23,17000.0
Dưa chuột/dưa chuội,Hà Nội,Bán lẻ,CTV địa phương,2022-08-23,20000.0
Khoai tây,Hà Nội,Bán lẻ,CTV địa phương,2022-08-23,18000.0
Mồng tơi,Hà Nội,Bán lẻ,CTV địa phương,2022-08-23,8000.0
Mướp hương,Hà Nội,Bán lẻ,CTV địa phương,2022-08-23,15000.0
Na,Hà Nội,Bán lẻ,CTV địa phương,2022-08-23,35000.0
Quả bí đỏ,Hà Nội,Bán lẻ,CTV địa phương,2022-08-23,15000.0
Rau cải mơ,Hà Nội,Bán lẻ,CTV địa phương,2022-08-23,30000.0
Bưởi năm roi,Hậu Giang,Thương lái thu mua,CTV địa phương,2022-08-23,20000.0
Măng cụt,Hậu Giang,Thương lái thu mua,CTV địa phương,2022-08-23,40000.0
Quýt đường,Hậu Giang,Thương lái thu mua,CTV địa phương,2022-08-23,45000.0
Xoài cát Hòa Lộc,Hậu Giang,Thương lái thu mua,CTV địa phương,2022-08-23,30000.0
Bắp cải,Cần Thơ,Thương lái thu mua,CTV địa phương,2022-08-22,14000.0
Dưa chuột/dưa chuội,Cần Thơ,Thương lái thu mua,CTV địa phương,2022-08-22,8000.0
Mướp,Cần Thơ,Thương lái thu mua,CTV địa phương,2022-08-22,5000.0
Quả bí đỏ,Cần Thơ,Thương lái thu mua,CTV địa phương,2022-08-22,9000.0
Bưởi năm roi,Sóc Trăng,Thương lái thu mua,CTV địa phương,2022-08-22,21500.0
Bắp cải,Sơn La,Bán lẻ,CTV địa phương,2022-08-22,15000.0
Cà rốt,Sơn La,Bán lẻ,CTV địa phương,2022-08-22,25000.0
Dưa chuột/dưa chuội,Sơn La,Bán lẻ,CTV địa phương,2022-08-22,20000.0
Khoai tây,Sơn La,Bán lẻ,CTV địa phương,2022-08-22,25000.0
Mồng tơi,Sơn La,Bán lẻ,CTV địa phương,2022-08-22,15000.0
Mướp hương,Sơn La,Bán lẻ,CTV địa phương,2022-08-22,14000.0
Quả bí đỏ,Sơn La,Bán lẻ,CTV địa phương,2022-08-22,15000.0
Quả bí xanh,Sơn La,Bán lẻ,CTV địa phương,2022-08-22,20000.0
Rau cải,Sơn La,Bán lẻ,CTV địa phương,2022-08-22,15000.0
Su su quả,Sơn La,Bán lẻ,CTV địa phương,2022-08-22,22000.0
Quýt đường,Đồng Tháp,Thu mua tại vườn,CTV địa phương,2022-08-19,45000.0
Bưởi da xanh,Hà Nội,Bán lẻ,CTV địa phương,2022-08-19,55000.0
Cà rốt,Hà Nội,Bán lẻ,CTV địa phương,2022-08-19,17000.0
Dưa chuột/dưa chuội,Hà Nội,Bán lẻ,CTV địa phương,2022-08-19,20000.0
Khoai tây,Hà Nội,Bán lẻ,CTV địa phương,2022-08-19,18000.0
Mồng tơi,Hà Nội,Bán lẻ,CTV địa phương,2022-08-19,8000.0
Mướp hương,Hà Nội,Bán lẻ,CTV địa phương,2022-08-19,15000.0
Na,Hà Nội,Bán lẻ,CTV địa phương,2022-08-19,45000.0
Quả bí đỏ,Hà Nội,Bán lẻ,CTV địa phương,2022-08-19,15000.0
Rau cải mơ,Hà Nội,Bán lẻ,CTV địa phương,2022-08-19,35000.0
Cam sành (loại 1),Vĩnh Long,Bán buôn,CTV địa phương,2022-08-19,20500.0
Cam sành (loại 2),Vĩnh Long,Bán buôn,CTV địa phương,2022-08-19,17500.0
Chôm chôm đường,Vĩnh Long,Bán buôn,CTV địa phương,2022-08-19,31500.0
Chôm chôm Java,Vĩnh Long,Bán buôn,CTV địa phương,2022-08-19,22500.0
Xoài cát Hòa Lộc,Vĩnh Long,Bán buôn,CTV địa phương,2022-08-19,59500.0
Xoài cát Hòa Lộc,An Giang,Thương lái thu mua,CTV địa phương,2022-08-18,25000.0
Bắp cải,Cần Thơ,Thương lái thu mua,CTV địa phương,2022-08-18,14000.0
Dưa chuột/dưa chuội,Cần Thơ,Thương lái thu mua,CTV địa phương,2022-08-18,8000.0
Mướp,Cần Thơ,Thương lái thu mua,CTV địa phương,2022-08-18,5000.0
Quả bí đỏ,Cần Thơ,Thương lái thu mua,CTV địa phương,2022-08-18,9000.0
Bắp cải,Sơn La,Bán lẻ,CTV địa phương,2022-08-18,15000.0
Cà rốt,Sơn La,Bán lẻ,CTV địa phương,2022-08-18,20000.0
Dưa chuột/dưa chuội,Sơn La,Bán lẻ,CTV địa phương,2022-08-18,20000.0
Khoai tây,Sơn La,Bán lẻ,CTV địa phương,2022-08-18,25000.0
Mồng tơi,Sơn La,Bán lẻ,CTV địa phương,2022-08-18,15000.0
Mướp hương,Sơn La,Bán lẻ,CTV địa phương,2022-08-18,16500.0
Quả bí đỏ,Sơn La,Bán lẻ,CTV địa phương,2022-08-18,15000.0
Quả bí xanh,Sơn La,Bán lẻ,CTV địa phương,2022-08-18,20000.0
Rau cải,Sơn La,Bán lẻ,CTV địa phương,2022-08-18,15000.0
Su su quả,Sơn La,Bán lẻ,CTV địa phương,2022-08-18,20000.0
Bồn bồn,Cà Mau,Tại chợ,CTV địa phương,2022-08-17,40000.0
Cà rốt,Cà Mau,Tại chợ,CTV địa phương,2022-08-17,20000.0
Dừa,Cà Mau,Tại chợ,CTV địa phương,2022-08-17,100000.0
Dưa chuột/dưa chuội,Cà Mau,Tại chợ,CTV địa phương,2022-08-17,15000.0
Quả bí đỏ,Cà Mau,Tại chợ,CTV địa phương,2022-08-17,10000.0
Bưởi da xanh,Tiền Giang,Thương lái thu mua,CTV địa phương,2022-08-17,32000.0
Bưởi năm roi,Tiền Giang,Thương lái thu mua,CTV địa phương,2022-08-17,20000.0
Chuối sim,Tiền Giang,Thương lái thu mua,CTV địa phương,2022-08-17,11500.0
Đu đủ,Tiền Giang,Thương lái thu mua,CTV địa phương,2022-08-17,9000.0
Dưa chuột/dưa chuội,Tiền Giang,Thương lái thu mua,CTV địa phương,2022-08-17,10000.0
Cam sành (loại 1),Bến Tre,Thương lái thu mua,CTV địa phương,2022-08-16,20000.0
Bưởi da xanh,Hà Nội,Bán lẻ,CTV địa phương,2022-08-16,55000.0
Cà rốt,Hà Nội,Bán lẻ,CTV địa phương,2022-08-16,17000.0
Dưa chuột/dưa chuội,Hà Nội,Bán lẻ,CTV địa phương,2022-08-16,20000.0
Khoai tây,Hà Nội,Bán lẻ,CTV địa phương,2022-08-16,20000.0
Mồng tơi,Hà Nội,Bán lẻ,CTV địa phương,2022-08-16,8000.0
Mướp hương,Hà Nội,Bán lẻ,CTV địa phương,2022-08-16,15000.0
Na,Hà Nội,Bán lẻ,CTV địa phương,2022-08-16,50000.0
Quả bí đỏ,Hà Nội,Bán lẻ,CTV địa phương,2022-08-16,15000.0
Rau cải mơ,Hà Nội,Bán lẻ,CTV địa phương,2022-08-16,30000.0
Măng cụt,Hậu Giang,Thương lái thu mua,CTV địa phương,2022-08-16,40000.0
Quýt đường,Hậu Giang,Thương lái thu mua,CTV địa phương,2022-08-16,45000.0
Xoài cát Hòa Lộc,Hậu Giang,Thương lái thu mua,CTV địa phương,2022-08-16,30000.0
Bắp cải,Cần Thơ,Thương lái thu mua,CTV địa phương,2022-08-15,14000.0
Dưa chuột/dưa chuội,Cần Thơ,Thương lái thu mua,CTV địa phương,2022-08-15,8000.0
Mướp,Cần Thơ,Thương lái thu mua,CTV địa phương,2022-08-15,7000.0
Quả bí đỏ,Cần Thơ,Thương lái thu mua,CTV địa phương,2022-08-15,9000.0
Bắp cải,Sơn La,Bán lẻ,CTV địa phương,2022-08-15,15000.0
Cà rốt,Sơn La,Bán lẻ,CTV địa phương,2022-08-15,22000.0
Dưa chuột/dưa chuội,Sơn La,Bán lẻ,CTV địa phương,2022-08-15,22000.0
Khoai tây,Sơn La,Bán lẻ,CTV địa phương,2022-08-15,25000.0
Mồng tơi,Sơn La,Bán lẻ,CTV địa phương,2022-08-15,15000.0
Mướp hương,Sơn La,Bán lẻ,CTV địa phương,2022-08-15,15000.0
Quả bí đỏ,Sơn La,Bán lẻ,CTV địa phương,2022-08-15,15000.0
Quả bí xanh,Sơn La,Bán lẻ,CTV địa phương,2022-08-15,20000.0
Rau cải,Sơn La,Bán lẻ,CTV địa phương,2022-08-15,15000.0
Su su quả,Sơn La,Bán lẻ,CTV địa phương,2022-08-15,20000.0
Quýt đường,Đồng Tháp,Thu mua tại vườn,CTV địa phương,2022-08-12,45000.0
Bưởi da xanh,Hà Nội,Bán lẻ,CTV địa phương,2022-08-12,60000.0
Cà rốt,Hà Nội,Bán lẻ,CTV địa phương,2022-08-12,17000.0
Dưa chuột/dưa chuội,Hà Nội,Bán lẻ,CTV địa phương,2022-08-12,20000.0
Khoai tây,Hà Nội,Bán lẻ,CTV địa phương,2022-08-12,17000.0
Măng cụt,Hà Nội,Bán lẻ,CTV địa phương,2022-08-12,65000.0
Mồng tơi,Hà Nội,Bán lẻ,CTV địa phương,2022-08-12,7000.0
Mướp hương,Hà Nội,Bán lẻ,CTV địa phương,2022-08-12,15000.0
Na,Hà Nội,Bán lẻ,CTV địa phương,2022-08-12,55000.0
Quả bí đỏ,Hà Nội,Bán lẻ,CTV địa phương,2022-08-12,15000.0
Rau cải mơ,Hà Nội,Bán lẻ,CTV địa phương,2022-08-12,30000.0
Cam sành (loại 1),Vĩnh Long,Bán buôn,CTV địa phương,2022-08-12,21500.0
Cam sành (loại 2),Vĩnh Long,Bán buôn,CTV địa phương,2022-08-12,18500.0
Chôm chôm đường,Vĩnh Long,Bán buôn,CTV địa phương,2022-08-12,26500.0
Chôm chôm Java,Vĩnh Long,Bán buôn,CTV địa phương,2022-08-12,21000.0
Xoài cát Hòa Lộc,Vĩnh Long,Bán buôn,CTV địa phương,2022-08-12,59500.0
Xoài cát Hòa Lộc,An Giang,Thương lái thu mua,CTV địa phương,2022-08-11,30000.0
Bắp cải,Cần Thơ,Thương lái thu mua,CTV địa phương,2022-08-11,15000.0
Dưa chuột/dưa chuội,Cần Thơ,Thương lái thu mua,CTV địa phương,2022-08-11,8000.0
Mướp,Cần Thơ,Thương lái thu mua,CTV địa phương,2022-08-11,5000.0
Bắp cải,Sơn La,Bán lẻ,CTV địa phương,2022-08-11,15000.0
Cà rốt,Sơn La,Bán lẻ,CTV địa phương,2022-08-11,20000.0
Dưa chuột/dưa chuội,Sơn La,Bán lẻ,CTV địa phương,2022-08-11,20000.0
Khoai tây,Sơn La,Bán lẻ,CTV địa phương,2022-08-11,25000.0
Mồng tơi,Sơn La,Bán lẻ,CTV địa phương,2022-08-11,15000.0
Mướp hương,Sơn La,Bán lẻ,CTV địa phương,2022-08-11,16500.0
Quả bí đỏ,Sơn La,Bán lẻ,CTV địa phương,2022-08-11,15000.0
Quả bí xanh,Sơn La,Bán lẻ,CTV địa phương,2022-08-11,20000.0
Rau cải,Sơn La,Bán lẻ,CTV địa phương,2022-08-11,15000.0
Su su quả,Sơn La,Bán lẻ,CTV địa phương,2022-08-11,20000.0
Bồn bồn,Cà Mau,Bán buôn,CTV địa phương,2022-08-10,30000.0
Cà rốt,Cà Mau,Bán buôn,CTV địa phương,2022-08-10,20000.0
Dừa,Cà Mau,Bán buôn,CTV địa phương,2022-08-10,90000.0
Dưa chuột/dưa chuội,Cà Mau,Bán buôn,CTV địa phương,2022-08-10,10000.0
Bưởi da xanh,Tiền Giang,Vựa thu mua,CTV địa phương,2022-08-10,32000.0
Bưởi năm roi,Tiền Giang,Vựa thu mua,CTV địa phương,2022-08-10,19500.0
Chuối sim,Tiền Giang,Vựa thu mua,CTV địa phương,2022-08-10,11500.0
Đu đủ,Tiền Giang,Vựa thu mua,CTV địa phương,2022-08-10,9000.0
Dưa chuột/dưa chuội,Tiền Giang,Vựa thu mua,CTV địa phương,2022-08-10,10000.0
Bưởi da xanh,Hà Nội,Bán lẻ,CTV địa phương,2022-08-09,60000.0
Cà rốt,Hà Nội,Bán lẻ,CTV địa phương,2022-08-09,17000.0
Dưa chuột/dưa chuội,Hà Nội,Bán lẻ,CTV địa phương,2022-08-09,18000.0
Khoai tây,Hà Nội,Bán lẻ,CTV địa phương,2022-08-09,17000.0
Măng cụt,Hà Nội,Bán lẻ,CTV địa phương,2022-08-09,65000.0
Mồng tơi,Hà Nội,Bán lẻ,CTV địa phương,2022-08-09,7000.0
Mướp hương,Hà Nội,Bán lẻ,CTV địa phương,2022-08-09,15000.0
Na,Hà Nội,Bán lẻ,CTV địa phương,2022-08-09,55000.0
Quả bí đỏ,Hà Nội,Bán lẻ,CTV địa phương,2022-08-09,15000.0
Rau cải mơ,Hà Nội,Bán lẻ,CTV địa phương,2022-08-09,30000.0
Măng cụt,Hậu Giang,Tại chợ,CTV địa phương,2022-08-09,45000.0
Quýt đường,Hậu Giang,Tại chợ,CTV địa phương,2022-08-09,45000.0
Xoài cát Hòa Lộc,Hậu Giang,Tại chợ,CTV địa phương,2022-08-09,30000.0
Bắp cải,Cần Thơ,Thương lái thu mua,CTV địa phương,2022-08-08,14000.0
Dưa chuột/dưa chuội,Cần Thơ,Thương lái thu mua,CTV địa phương,2022-08-08,8000.0
Mướp,Cần Thơ,Thương lái thu mua,CTV địa phương,2022-08-08,5000.0
Bắp cải,Sơn La,Bán lẻ,CTV địa phương,2022-08-08,15000.0
Cà rốt,Sơn La,Bán lẻ,CTV địa phương,2022-08-08,20000.0
Dưa chuột/dưa chuội,Sơn La,Bán lẻ,CTV địa phương,2022-08-08,20000.0
Khoai tây,Sơn La,Bán lẻ,CTV địa phương,2022-08-08,25000.0
Mồng tơi,Sơn La,Bán lẻ,CTV địa phương,2022-08-08,15000.0
Mướp hương,Sơn La,Bán lẻ,CTV địa phương,2022-08-08,14000.0
Quả bí đỏ,Sơn La,Bán lẻ,CTV địa phương,2022-08-08,15000.0
Quả bí xanh,Sơn La,Bán lẻ,CTV địa phương,2022-08-08,20000.0
Rau cải,Sơn La,Bán lẻ,CTV địa phương,2022-08-08,15000.0
Su su quả,Sơn La,Bán lẻ,CTV địa phương,2022-08-08,15000.0
Quýt đường,Đồng Tháp,Vựa thu mua,CTV địa phương,2022-08-05,41000.0
Xoài cát Hòa Lộc,Đồng Tháp,Vựa thu mua,CTV địa phương,2022-08-05,100000.0
Bưởi da xanh,Hà Nội,Bán lẻ,CTV địa phương,2022-08-05,60000.0
Cà rốt,Hà Nội,Bán lẻ,CTV địa phương,2022-08-05,17000.0
Dưa chuột/dưa chuội,Hà Nội,Bán lẻ,CTV địa phương,2022-08-05,20000.0
Khoai tây,Hà Nội,Bán lẻ,CTV địa phương,2022-08-05,17000.0
Măng cụt,Hà Nội,Bán lẻ,CTV địa phương,2022-08-05,65000.0
Mồng tơi,Hà Nội,Bán lẻ,CTV địa phương,2022-08-05,7000.0
Mướp hương,Hà Nội,Bán lẻ,CTV địa phương,2022-08-05,15000.0
Na,Hà Nội,Bán lẻ,CTV địa phương,2022-08-05,55000.0
Quả bí đỏ,Hà Nội,Bán lẻ,CTV địa phương,2022-08-05,15000.0
Rau cải mơ,Hà Nội,Bán lẻ,CTV địa phương,2022-08-05,30000.0
Cam sành (loại 1),Vĩnh Long,Bán buôn,CTV địa phương,2022-08-05,21500.0
Cam sành (loại 2),Vĩnh Long,Bán buôn,CTV địa phương,2022-08-05,18500.0
Chôm chôm đường,Vĩnh Long,Bán buôn,CTV địa phương,2022-08-05,26500.0
Chôm chôm Java,Vĩnh Long,Bán buôn,CTV địa phương,2022-08-05,21000.0
Xoài cát Hòa Lộc,Vĩnh Long,Bán buôn,CTV địa phương,2022-08-05,59500.0
Xoài cát Hòa Lộc,An Giang,Thương lái thu mua,CTV địa phương,2022-08-04,30000.0
Bắp cải,Cần Thơ,Thương lái thu mua,CTV địa phương,2022-08-04,15000.0
Dưa chuột/dưa chuội,Cần Thơ,Thương lái thu mua,CTV địa phương,2022-08-04,8000.0
Mướp,Cần Thơ,Thương lái thu mua,CTV địa phương,2022-08-04,5000.0
Quả bí đỏ,Cần Thơ,Thương lái thu mua,CTV địa phương,2022-08-04,8500.0
Bắp cải,Sơn La,Bán lẻ,CTV địa phương,2022-08-04,15000.0
Cà rốt,Sơn La,Bán lẻ,CTV địa phương,2022-08-04,20000.0
Dưa chuột/dưa chuội,Sơn La,Bán lẻ,CTV địa phương,2022-08-04,20000.0
Khoai tây,Sơn La,Bán lẻ,CTV địa phương,2022-08-04,25000.0
Mồng tơi,Sơn La,Bán lẻ,CTV địa phương,2022-08-04,15000.0
Mướp hương,Sơn La,Bán lẻ,CTV địa phương,2022-08-04,19000.0
Quả bí đỏ,Sơn La,Bán lẻ,CTV địa phương,2022-08-04,15000.0
Quả bí xanh,Sơn La,Bán lẻ,CTV địa phương,2022-08-04,25000.0
Rau cải,Sơn La,Bán lẻ,CTV địa phương,2022-08-04,15000.0
Su su quả,Sơn La,Bán lẻ,CTV địa phương,2022-08-04,15000.0
Bồn bồn,Cà Mau,Bán buôn,CTV địa phương,2022-08-03,30000.0
Cà rốt,Cà Mau,Bán buôn,CTV địa phương,2022-08-03,20000.0
Dừa,Cà Mau,Bán buôn,CTV địa phương,2022-08-03,90000.0
Dưa chuột/dưa chuội,Cà Mau,Bán buôn,CTV địa phương,2022-08-03,10000.0
Bưởi da xanh,Tiền Giang,Vựa thu mua,CTV địa phương,2022-08-03,32000.0
Bưởi năm roi,Tiền Giang,Vựa thu mua,CTV địa phương,2022-08-03,19000.0
Chuối sim,Tiền Giang,Vựa thu mua,CTV địa phương,2022-08-03,11000.0
Đu đủ,Tiền Giang,Vựa thu mua,CTV địa phương,2022-08-03,9000.0
Dưa chuột/dưa chuội,Tiền Giang,Vựa thu mua,CTV địa phương,2022-08-03,9500.0
Bưởi da xanh,Hà Nội,Bán lẻ,CTV địa phương,2022-08-02,65000.0
Cà rốt,Hà Nội,Bán lẻ,CTV địa phương,2022-08-02,17000.0
Dưa chuột/dưa chuội,Hà Nội,Bán lẻ,CTV địa phương,2022-08-02,20000.0
Khoai tây,Hà Nội,Bán lẻ,CTV địa phương,2022-08-02,18000.0
Măng cụt,Hà Nội,Bán lẻ,CTV địa phương,2022-08-02,55000.0
Mồng tơi,Hà Nội,Bán lẻ,CTV địa phương,2022-08-02,7000.0
Mướp hương,Hà Nội,Bán lẻ,CTV địa phương,2022-08-02,17000.0
Rau cải mơ,Hà Nội,Bán lẻ,CTV địa phương,2022-08-02,30000.0
Măng cụt,Hậu Giang,Tại chợ,CTV địa phương,2022-08-02,40000.0
Quýt đường,Hậu Giang,Tại chợ,CTV địa phương,2022-08-02,45000.0
Xoài cát Hòa Lộc,Hậu Giang,Tại chợ,CTV địa phương,2022-08-02,30000.0
Bắp cải,Cần Thơ,Thương lái thu mua,CTV địa phương,2022-08-01,15000.0
Dưa chuột/dưa chuội,Cần Thơ,Thương lái thu mua,CTV địa phương,2022-08-01,8000.0
Mướp,Cần Thơ,Thương lái thu mua,CTV địa phương,2022-08-01,5000.0
Quả bí đỏ,Cần Thơ,Thương lái thu mua,CTV địa phương,2022-08-01,10500.0
Bắp cải,Sơn La,Bán lẻ,CTV địa phương,2022-08-01,15000.0
Cà rốt,Sơn La,Bán lẻ,CTV địa phương,2022-08-01,20000.0
Dưa chuột/dưa chuội,Sơn La,Bán lẻ,CTV địa phương,2022-08-01,20000.0
Khoai tây,Sơn La,Bán lẻ,CTV địa phương,2022-08-01,25000.0
Mồng tơi,Sơn La,Bán lẻ,CTV địa phương,2022-08-01,15000.0
Mướp hương,Sơn La,Bán lẻ,CTV địa phương,2022-08-01,14000.0
Quả bí đỏ,Sơn La,Bán lẻ,CTV địa phương,2022-08-01,15000.0
Quả bí xanh,Sơn La,Bán lẻ,CTV địa phương,2022-08-01,20000.0
Rau cải,Sơn La,Bán lẻ,CTV địa phương,2022-08-01,15000.0
Su su quả,Sơn La,Bán lẻ,CTV địa phương,2022-08-01,15000.0
Quýt đường,Đồng Tháp,Vựa thu mua,CTV địa phương,2022-07-29,41000.0
Xoài cát Hòa Lộc,Đồng Tháp,Vựa thu mua,CTV địa phương,2022-07-29,100000.0
Bưởi da xanh,Hà Nội,Bán lẻ,CTV địa phương,2022-07-29,60000.0
Cà rốt,Hà Nội,Bán lẻ,CTV địa phương,2022-07-29,17000.0
Dưa chuột/dưa chuội,Hà Nội,Bán lẻ,CTV địa phương,2022-07-29,18000.0
Dưa vàng,Hà Nội,Bán lẻ,CTV địa phương,2022-07-29,40000.0
Khoai tây,Hà Nội,Bán lẻ,CTV địa phương,2022-07-29,18000.0
Măng cụt,Hà Nội,Bán lẻ,CTV địa phương,2022-07-29,55000.0
Mồng tơi,Hà Nội,Bán lẻ,CTV địa phương,2022-07-29,8000.0
Mướp hương,Hà Nội,Bán lẻ,CTV địa phương,2022-07-29,18000.0
Rau cải mơ,Hà Nội,Bán lẻ,CTV địa phương,2022-07-29,30000.0
Cam sành (loại 1),Vĩnh Long,Bán buôn,CTV địa phương,2022-07-29,21500.0
Cam sành (loại 2),Vĩnh Long,Bán buôn,CTV địa phương,2022-07-29,18500.0
Chôm chôm đường,Vĩnh Long,Bán buôn,CTV địa phương,2022-07-29,26500.0
Chôm chôm Java,Vĩnh Long,Bán buôn,CTV địa phương,2022-07-29,21000.0
Xoài cát Hòa Lộc,Vĩnh Long,Bán buôn,CTV địa phương,2022-07-29,59500.0
Xoài cát Hòa Lộc,An Giang,Thương lái thu mua,CTV địa phương,2022-07-28,18000.0
Bắp cải,Cần Thơ,Thương lái thu mua,CTV địa phương,2022-07-28,15000.0
Dưa chuột/dưa chuội,Cần Thơ,Thương lái thu mua,CTV địa phương,2022-07-28,8000.0
Mướp,Cần Thơ,Thương lái thu mua,CTV địa phương,2022-07-28,5000.0
Quả bí đỏ,Cần Thơ,Thương lái thu mua,CTV địa phương,2022-07-28,10500.0
Bắp cải,Sơn La,Bán lẻ,CTV địa phương,2022-07-28,15000.0
Cà rốt,Sơn La,Bán lẻ,CTV địa phương,2022-07-28,20000.0
Dưa chuột/dưa chuội,Sơn La,Bán lẻ,CTV địa phương,2022-07-28,20000.0
Khoai tây,Sơn La,Bán lẻ,CTV địa phương,2022-07-28,25000.0
Mồng tơi,Sơn La,Bán lẻ,CTV địa phương,2022-07-28,15000.0
Mướp hương,Sơn La,Bán lẻ,CTV địa phương,2022-07-28,19000.0
Quả bí đỏ,Sơn La,Bán lẻ,CTV địa phương,2022-07-28,15000.0
Quả bí xanh,Sơn La,Bán lẻ,CTV địa phương,2022-07-28,25000.0
Rau cải,Sơn La,Bán lẻ,CTV địa phương,2022-07-28,15000.0
Su su quả,Sơn La,Bán lẻ,CTV địa phương,2022-07-28,15000.0
Bồn bồn,Cà Mau,Bán buôn,CTV địa phương,2022-07-27,40000.0
Cà rốt,Cà Mau,Bán buôn,CTV địa phương,2022-07-27,20000.0
Dừa,Cà Mau,Bán buôn,CTV địa phương,2022-07-27,100000.0
Dưa chuột/dưa chuội,Cà Mau,Bán buôn,CTV địa phương,2022-07-27,15000.0
Bưởi da xanh,Tiền Giang,Vựa thu mua,CTV địa phương,2022-07-27,34000.0
Bưởi năm roi,Tiền Giang,Vựa thu mua,CTV địa phương,2022-07-27,19000.0
Chuối sim,Tiền Giang,Vựa thu mua,CTV địa phương,2022-07-27,11000.0
Đu đủ,Tiền Giang,Vựa thu mua,CTV địa phương,2022-07-27,9000.0
Dưa chuột/dưa chuội,Tiền Giang,Vựa thu mua,CTV địa phương,2022-07-27,9500.0
Măng cụt,Tiền Giang,Vựa thu mua,CTV địa phương,2022-07-27,32000.0
Bưởi da xanh,Hà Nội,Bán lẻ,CTV địa phương,2022-07-26,65000.0
Cà rốt,Hà Nội,Bán lẻ,CTV địa phương,2022-07-26,17000.0
Dưa chuột/dưa chuội,Hà Nội,Bán lẻ,CTV địa phương,2022-07-26,20000.0
Khoai tây,Hà Nội,Bán lẻ,CTV địa phương,2022-07-26,18000.0
Măng cụt,Hà Nội,Bán lẻ,CTV địa phương,2022-07-26,55000.0
Mồng tơi,Hà Nội,Bán lẻ,CTV địa phương,2022-07-26,7000.0
Mướp hương,Hà Nội,Bán lẻ,CTV địa phương,2022-07-26,17000.0
Rau cải mơ,Hà Nội,Bán lẻ,CTV địa phương,2022-07-26,30000.0
Măng cụt,Hậu Giang,Tại chợ,CTV địa phương,2022-07-26,40000.0
Quýt đường,Hậu Giang,Tại chợ,CTV địa phương,2022-07-26,40000.0
Xoài cát Hòa Lộc,Hậu Giang,Tại chợ,CTV địa phương,2022-07-26,25000.0
Bắp cải,Cần Thơ,Thương lái thu mua,CTV địa phương,2022-07-25,15000.0
Dưa chuột/dưa chuội,Cần Thơ,Thương lái thu mua,CTV địa phương,2022-07-25,8000.0
Mướp,Cần Thơ,Thương lái thu mua,CTV địa phương,2022-07-25,5000.0
Quả bí đỏ,Cần Thơ,Thương lái thu mua,CTV địa phương,2022-07-25,10000.0
Bắp cải,Sơn La,Bán lẻ,CTV địa phương,2022-07-25,15000.0
Cà rốt,Sơn La,Bán lẻ,CTV địa phương,2022-07-25,20000.0
Dưa chuột/dưa chuội,Sơn La,Bán lẻ,CTV địa phương,2022-07-25,20000.0
Khoai tây,Sơn La,Bán lẻ,CTV địa phương,2022-07-25,25000.0
Mồng tơi,Sơn La,Bán lẻ,CTV địa phương,2022-07-25,15000.0
Mướp hương,Sơn La,Bán lẻ,CTV địa phương,2022-07-25,14000.0
Quả bí đỏ,Sơn La,Bán lẻ,CTV địa phương,2022-07-25,15000.0
Quả bí xanh,Sơn La,Bán lẻ,CTV địa phương,2022-07-25,20000.0
Rau cải,Sơn La,Bán lẻ,CTV địa phương,2022-07-25,15000.0
Su su quả,Sơn La,Bán lẻ,CTV địa phương,2022-07-25,15000.0
Quýt đường,Đồng Tháp,Vựa thu mua,CTV địa phương,2022-07-22,40000.0
Xoài cát Hòa Lộc,Đồng Tháp,Vựa thu mua,CTV địa phương,2022-07-22,75000.0
Bưởi da xanh,Hà Nội,Bán lẻ,CTV địa phương,2022-07-22,60000.0
Cà rốt,Hà Nội,Bán lẻ,CTV địa phương,2022-07-22,17000.0
Dưa chuột/dưa chuội,Hà Nội,Bán lẻ,CTV địa phương,2022-07-22,20000.0
Khoai tây,Hà Nội,Bán lẻ,CTV địa phương,2022-07-22,18000.0
Măng cụt,Hà Nội,Bán lẻ,CTV địa phương,2022-07-22,55000.0
Mồng tơi,Hà Nội,Bán lẻ,CTV địa phương,2022-07-22,8000.0
Mướp hương,Hà Nội,Bán lẻ,CTV địa phương,2022-07-22,15000.0
Rau cải mơ,Hà Nội,Bán lẻ,CTV địa phương,2022-07-22,30000.0
Cam sành (loại 1),Vĩnh Long,Bán buôn,CTV địa phương,2022-07-22,21500.0
Cam sành (loại 2),Vĩnh Long,Bán buôn,CTV địa phương,2022-07-22,18500.0
Chôm chôm đường,Vĩnh Long,Bán buôn,CTV địa phương,2022-07-22,24500.0
Chôm chôm Java,Vĩnh Long,Bán buôn,CTV địa phương,2022-07-22,19500.0
Xoài cát Hòa Lộc,Vĩnh Long,Bán buôn,CTV địa phương,2022-07-22,59500.0
Xoài cát Hòa Lộc,An Giang,Thương lái thu mua,CTV địa phương,2022-07-21,18000.0
Bắp cải,Cần Thơ,Thương lái thu mua,CTV địa phương,2022-07-21,16000.0
Dưa chuột/dưa chuội,Cần Thơ,Thương lái thu mua,CTV địa phương,2022-07-21,7000.0
Mướp,Cần Thơ,Thương lái thu mua,CTV địa phương,2022-07-21,5000.0
Quả bí đỏ,Cần Thơ,Thương lái thu mua,CTV địa phương,2022-07-21,11000.0
Bắp cải,Sơn La,Bán lẻ,CTV địa phương,2022-07-21,15000.0
Cà rốt,Sơn La,Bán lẻ,CTV địa phương,2022-07-21,20000.0
Dưa chuột/dưa chuội,Sơn La,Bán lẻ,CTV địa phương,2022-07-21,20000.0
Khoai tây,Sơn La,Bán lẻ,CTV địa phương,2022-07-21,25000.0
Mồng tơi,Sơn La,Bán lẻ,CTV địa phương,2022-07-21,15000.0
Mướp hương,Sơn La,Bán lẻ,CTV địa phương,2022-07-21,19000.0
Quả bí đỏ,Sơn La,Bán lẻ,CTV địa phương,2022-07-21,15000.0
Quả bí xanh,Sơn La,Bán lẻ,CTV địa phương,2022-07-21,25000.0
Rau cải,Sơn La,Bán lẻ,CTV địa phương,2022-07-21,15000.0
Su su quả,Sơn La,Bán lẻ,CTV địa phương,2022-07-21,15000.0
Bồn bồn,Cà Mau,Bán buôn,CTV địa phương,2022-07-20,35000.0
Cà rốt,Cà Mau,Bán buôn,CTV địa phương,2022-07-20,18000.0
Dừa,Cà Mau,Bán buôn,CTV địa phương,2022-07-20,100000.0
Dưa chuột/dưa chuội,Cà Mau,Bán buôn,CTV địa phương,2022-07-20,15000.0
Quả bí đỏ,Cà Mau,Bán buôn,CTV địa phương,2022-07-20,11000.0
Bưởi da xanh,Tiền Giang,Vựa thu mua,CTV địa phương,2022-07-20,32000.0
Bưởi năm roi,Tiền Giang,Vựa thu mua,CTV địa phương,2022-07-20,20000.0
Chuối sim,Tiền Giang,Vựa thu mua,CTV địa phương,2022-07-20,11000.0
Đu đủ,Tiền Giang,Vựa thu mua,CTV địa phương,2022-07-20,9000.0
Dưa chuột/dưa chuội,Tiền Giang,Vựa thu mua,CTV địa phương,2022-07-20,9500.0
Măng cụt,Tiền Giang,Vựa thu mua,CTV địa phương,2022-07-20,33000.0
Bưởi da xanh,Hà Nội,Bán lẻ,CTV địa phương,2022-07-19,65000.0
Cà rốt,Hà Nội,Bán lẻ,CTV địa phương,2022-07-19,17000.0
Dưa chuột/dưa chuội,Hà Nội,Bán lẻ,CTV địa phương,2022-07-19,20000.0
Khoai tây,Hà Nội,Bán lẻ,CTV địa phương,2022-07-19,18000.0
Măng cụt,Hà Nội,Bán lẻ,CTV địa phương,2022-07-19,55000.0
Mồng tơi,Hà Nội,Bán lẻ,CTV địa phương,2022-07-19,7000.0
Mướp hương,Hà Nội,Bán lẻ,CTV địa phương,2022-07-19,17000.0
Rau cải mơ,Hà Nội,Bán lẻ,CTV địa phương,2022-07-19,30000.0
Măng cụt,Hậu Giang,Tại chợ,CTV địa phương,2022-07-19,40000.0
Quýt đường,Hậu Giang,Tại chợ,CTV địa phương,2022-07-19,40000.0
Xoài cát Hòa Lộc,Hậu Giang,Tại chợ,CTV địa phương,2022-07-19,25000.0
Bắp cải,Cần Thơ,Thương lái thu mua,CTV địa phương,2022-07-18,15000.0
Dưa chuột/dưa chuội,Cần Thơ,Thương lái thu mua,CTV địa phương,2022-07-18,7000.0
Mướp,Cần Thơ,Thương lái thu mua,CTV địa phương,2022-07-18,5000.0
Quả bí đỏ,Cần Thơ,Thương lái thu mua,CTV địa phương,2022-07-18,11000.0
Bắp cải,Sơn La,Bán lẻ,CTV địa phương,2022-07-18,15000.0
Cà rốt,Sơn La,Bán lẻ,CTV địa phương,2022-07-18,20000.0
Dưa chuột/dưa chuội,Sơn La,Bán lẻ,CTV địa phương,2022-07-18,20000.0
Khoai tây,Sơn La,Bán lẻ,CTV địa phương,2022-07-18,25000.0
Mồng tơi,Sơn La,Bán lẻ,CTV địa phương,2022-07-18,15000.0
Mướp hương,Sơn La,Bán lẻ,CTV địa phương,2022-07-18,16500.0
Quả bí đỏ,Sơn La,Bán lẻ,CTV địa phương,2022-07-18,15000.0
Quả bí xanh,Sơn La,Bán lẻ,CTV địa phương,2022-07-18,20000.0
Rau cải,Sơn La,Bán lẻ,CTV địa phương,2022-07-18,15000.0
Su su quả,Sơn La,Bán lẻ,CTV địa phương,2022-07-18,15000.0
Quýt đường,Đồng Tháp,Vựa thu mua,CTV địa phương,2022-07-15,40000.0
Xoài cát Hòa Lộc,Đồng Tháp,Vựa thu mua,CTV địa phương,2022-07-15,57000.0
Bưởi da xanh,Hà Nội,Bán lẻ,CTV địa phương,2022-07-15,75000.0
Cà rốt,Hà Nội,Bán lẻ,CTV địa phương,2022-07-15,15000.0
Dưa chuột/dưa chuội,Hà Nội,Bán lẻ,CTV địa phương,2022-07-15,18000.0
Khoai tây,Hà Nội,Bán lẻ,CTV địa phương,2022-07-15,17000.0
Măng cụt,Hà Nội,Bán lẻ,CTV địa phương,2022-07-15,50000.0
Mồng tơi,Hà Nội,Bán lẻ,CTV địa phương,2022-07-15,8000.0
Mướp hương,Hà Nội,Bán lẻ,CTV địa phương,2022-07-15,18000.0
Rau cải mơ,Hà Nội,Bán lẻ,CTV địa phương,2022-07-15,30000.0
Cam sành (loại 1),Vĩnh Long,Bán buôn,CTV địa phương,2022-07-15,21500.0
Cam sành (loại 2),Vĩnh Long,Bán buôn,CTV địa phương,2022-07-15,18500.0
Chôm chôm đường,Vĩnh Long,Bán buôn,CTV địa phương,2022-07-15,20500.0
Chôm chôm Java,Vĩnh Long,Bán buôn,CTV địa phương,2022-07-15,16500.0
Xoài cát Hòa Lộc,Vĩnh Long,Bán buôn,CTV địa phương,2022-07-15,56000.0
Xoài cát Hòa Lộc,An Giang,Thương lái thu mua,CTV địa phương,2022-07-14,18000.0
Bắp cải,Cần Thơ,Thương lái thu mua,CTV địa phương,2022-07-14,18000.0
Dưa chuột/dưa chuội,Cần Thơ,Thương lái thu mua,CTV địa phương,2022-07-14,8000.0
Mướp,Cần Thơ,Thương lái thu mua,CTV địa phương,2022-07-14,9000.0
Quả bí đỏ,Cần Thơ,Thương lái thu mua,CTV địa phương,2022-07-14,11000.0
Bắp cải,Sơn La,Bán lẻ,CTV địa phương,2022-07-14,15000.0
Cà rốt,Sơn La,Bán lẻ,CTV địa phương,2022-07-14,20000.0
Dưa chuột/dưa chuội,Sơn La,Bán lẻ,CTV địa phương,2022-07-14,20000.0
Khoai tây,Sơn La,Bán lẻ,CTV địa phương,2022-07-14,25000.0
Mồng tơi,Sơn La,Bán lẻ,CTV địa phương,2022-07-14,15000.0
Mướp hương,Sơn La,Bán lẻ,CTV địa phương,2022-07-14,19000.0
Quả bí đỏ,Sơn La,Bán lẻ,CTV địa phương,2022-07-14,15000.0
Quả bí xanh,Sơn La,Bán lẻ,CTV địa phương,2022-07-14,25000.0
Rau cải,Sơn La,Bán lẻ,CTV địa phương,2022-07-14,15000.0
Su su quả,Sơn La,Bán lẻ,CTV địa phương,2022-07-14,15000.0
Bồn bồn,Cà Mau,Bán buôn,CTV địa phương,2022-07-13,35000.0
Cà rốt,Cà Mau,Bán buôn,CTV địa phương,2022-07-13,18000.0
Dừa,Cà Mau,Bán buôn,CTV địa phương,2022-07-13,95000.0
Dưa chuột/dưa chuội,Cà Mau,Bán buôn,CTV địa phương,2022-07-13,15000.0
Quả bí đỏ,Cà Mau,Bán buôn,CTV địa phương,2022-07-13,10000.0
Bưởi da xanh,Tiền Giang,Vựa thu mua,CTV địa phương,2022-07-13,30000.0
Bưởi năm roi,Tiền Giang,Vựa thu mua,CTV địa phương,2022-07-13,20000.0
Chuối sim,Tiền Giang,Vựa thu mua,CTV địa phương,2022-07-13,11000.0
Đu đủ,Tiền Giang,Vựa thu mua,CTV địa phương,2022-07-13,9000.0
Dưa chuột/dưa chuội,Tiền Giang,Vựa thu mua,CTV địa phương,2022-07-13,9000.0
Măng cụt,Tiền Giang,Vựa thu mua,CTV địa phương,2022-07-13,35000.0
Bưởi da xanh,Hà Nội,Bán lẻ,CTV địa phương,2022-07-12,70000.0
Cà rốt,Hà Nội,Bán lẻ,CTV địa phương,2022-07-12,17000.0
Dưa chuột/dưa chuội,Hà Nội,Bán lẻ,CTV địa phương,2022-07-12,18000.0
Khoai tây,Hà Nội,Bán lẻ,CTV địa phương,2022-07-12,18000.0
Măng cụt,Hà Nội,Bán lẻ,CTV địa phương,2022-07-12,55000.0
Mồng tơi,Hà Nội,Bán lẻ,CTV địa phương,2022-07-12,7000.0
Mướp hương,Hà Nội,Bán lẻ,CTV địa phương,2022-07-12,18000.0
Rau cải mơ,Hà Nội,Bán lẻ,CTV địa phương,2022-07-12,30000.0
Măng cụt,Hậu Giang,Tại chợ,CTV địa phương,2022-07-12,40000.0
Quýt đường,Hậu Giang,Tại chợ,CTV địa phương,2022-07-12,45000.0
Xoài cát Hòa Lộc,Hậu Giang,Tại chợ,CTV địa phương,2022-07-12,25000.0
Bắp cải,Cần Thơ,Thương lái thu mua,CTV địa phương,2022-07-11,15000.0
Dưa chuột/dưa chuội,Cần Thơ,Thương lái thu mua,CTV địa phương,2022-07-11,8000.0
Mướp,Cần Thơ,Thương lái thu mua,CTV địa phương,2022-07-11,9000.0
Quả bí đỏ,Cần Thơ,Thương lái thu mua,CTV địa phương,2022-07-11,11000.0
Bắp cải,Sơn La,Bán lẻ,CTV địa phương,2022-07-11,15000.0
Cà rốt,Sơn La,Bán lẻ,CTV địa phương,2022-07-11,20000.0
Dưa chuột/dưa chuội,Sơn La,Bán lẻ,CTV địa phương,2022-07-11,20000.0
Khoai tây,Sơn La,Bán lẻ,CTV địa phương,2022-07-11,25000.0
Mồng tơi,Sơn La,Bán lẻ,CTV địa phương,2022-07-11,15000.0
Mướp hương,Sơn La,Bán lẻ,CTV địa phương,2022-07-11,19000.0
Quả bí đỏ,Sơn La,Bán lẻ,CTV địa phương,2022-07-11,15000.0
Quả bí xanh,Sơn La,Bán lẻ,CTV địa phương,2022-07-11,25000.0
Rau cải,Sơn La,Bán lẻ,CTV địa phương,2022-07-11,15000.0
Su su quả,Sơn La,Bán lẻ,CTV địa phương,2022-07-11,15000.0
Quýt đường,Đồng Tháp,Vựa thu mua,CTV địa phương,2022-07-08,40000.0
Xoài cát Hòa Lộc,Đồng Tháp,Vựa thu mua,CTV địa phương,2022-07-08,54000.0
Bưởi da xanh,Hà Nội,Bán lẻ,CTV địa phương,2022-07-08,75000.0
Cà rốt,Hà Nội,Bán lẻ,CTV địa phương,2022-07-08,15000.0
Dưa chuột/dưa chuội,Hà Nội,Bán lẻ,CTV địa phương,2022-07-08,18000.0
Khoai tây,Hà Nội,Bán lẻ,CTV địa phương,2022-07-08,17000.0
Măng cụt,Hà Nội,Bán lẻ,CTV địa phương,2022-07-08,50000.0
Mồng tơi,Hà Nội,Bán lẻ,CTV địa phương,2022-07-08,8000.0
Mướp hương,Hà Nội,Bán lẻ,CTV địa phương,2022-07-08,18000.0
Rau cải mơ,Hà Nội,Bán lẻ,CTV địa phương,2022-07-08,30000.0
Cam sành (loại 1),Vĩnh Long,Bán buôn,CTV địa phương,2022-07-08,21500.0
Cam sành (loại 2),Vĩnh Long,Bán buôn,CTV địa phương,2022-07-08,18500.0
Chôm chôm đường,Vĩnh Long,Bán buôn,CTV địa phương,2022-07-08,18500.0
Chôm chôm Java,Vĩnh Long,Bán buôn,CTV địa phương,2022-07-08,14500.0
Xoài cát Hòa Lộc,Vĩnh Long,Bán buôn,CTV địa phương,2022-07-08,56000.0
Xoài cát Hòa Lộc,An Giang,Thương lái thu mua,CTV địa phương,2022-07-07,18000.0
Bắp cải,Cần Thơ,Thương lái thu mua,CTV địa phương,2022-07-07,16000.0
Dưa chuột/dưa chuội,Cần Thơ,Thương lái thu mua,CTV địa phương,2022-07-07,8000.0
Mướp,Cần Thơ,Thương lái thu mua,CTV địa phương,2022-07-07,9000.0
Quả bí đỏ,Cần Thơ,Thương lái thu mua,CTV địa phương,2022-07-07,11000.0
Bồn bồn,Cà Mau,Bán buôn,CTV địa phương,2022-07-06,35000.0
Cà rốt,Cà Mau,Bán buôn,CTV địa phương,2022-07-06,20000.0
Dừa,Cà Mau,Bán buôn,CTV địa phương,2022-07-06,100000.0
Dưa chuột/dưa chuội,Cà Mau,Bán buôn,CTV địa phương,2022-07-06,10000.0
Quả bí đỏ,Cà Mau,Bán buôn,CTV địa phương,2022-07-06,10000.0
Bưởi da xanh,Tiền Giang,Vựa thu mua,CTV địa phương,2022-07-06,32000.0
Bưởi năm roi,Tiền Giang,Vựa thu mua,CTV địa phương,2022-07-06,20000.0
Chuối sim,Tiền Giang,Vựa thu mua,CTV địa phương,2022-07-06,11000.0
Đu đủ,Tiền Giang,Vựa thu mua,CTV địa phương,2022-07-06,9000.0
Dưa chuột/dưa chuội,Tiền Giang,Vựa thu mua,CTV địa phương,2022-07-06,9000.0
Măng cụt,Tiền Giang,Vựa thu mua,CTV địa phương,2022-07-06,37000.0
Bưởi da xanh,Hà Nội,Bán lẻ,CTV địa phương,2022-07-05,70000.0
Cà rốt,Hà Nội,Bán lẻ,CTV địa phương,2022-07-05,15000.0
Dưa chuột/dưa chuội,Hà Nội,Bán lẻ,CTV địa phương,2022-07-05,17000.0
Khoai tây,Hà Nội,Bán lẻ,CTV địa phương,2022-07-05,18000.0
Măng cụt,Hà Nội,Bán lẻ,CTV địa phương,2022-07-05,55000.0
Mồng tơi,Hà Nội,Bán lẻ,CTV địa phương,2022-07-05,7000.0
Mướp hương,Hà Nội,Bán lẻ,CTV địa phương,2022-07-05,15000.0
Rau cải mơ,Hà Nội,Bán lẻ,CTV địa phương,2022-07-05,25000.0
Măng cụt,Hậu Giang,Tại chợ,CTV địa phương,2022-07-05,35000.0
Quýt đường,Hậu Giang,Tại chợ,CTV địa phương,2022-07-05,45000.0
Xoài cát Hòa Lộc,Hậu Giang,Tại chợ,CTV địa phương,2022-07-05,25000.0
Bắp cải,Cần Thơ,Thương lái thu mua,CTV địa phương,2022-07-04,18000.0
Dưa chuột/dưa chuội,Cần Thơ,Thương lái thu mua,CTV địa phương,2022-07-04,8000.0
Mướp,Cần Thơ,Thương lái thu mua,CTV địa phương,2022-07-04,5000.0
Quả bí đỏ,Cần Thơ,Thương lái thu mua,CTV địa phương,2022-07-04,11000.0
Bắp cải,Sơn La,Bán lẻ,CTV địa phương,2022-07-04,15000.0
Cà rốt,Sơn La,Bán lẻ,CTV địa phương,2022-07-04,25000.0
Dưa chuột/dưa chuội,Sơn La,Bán lẻ,CTV địa phương,2022-07-04,15000.0
Khoai tây,Sơn La,Bán lẻ,CTV địa phương,2022-07-04,25000.0
Mồng tơi,Sơn La,Bán lẻ,CTV địa phương,2022-07-04,15000.0
Mướp hương,Sơn La,Bán lẻ,CTV địa phương,2022-07-04,15000.0
Quả bí đỏ,Sơn La,Bán lẻ,CTV địa phương,2022-07-04,15000.0
Quả bí xanh,Sơn La,Bán lẻ,CTV địa phương,2022-07-04,25000.0
Rau cải,Sơn La,Bán lẻ,CTV địa phương,2022-07-04,15000.0
Su su quả,Sơn La,Bán lẻ,CTV địa phương,2022-07-04,25000.0
Quýt đường,Đồng Tháp,Vựa thu mua,CTV địa phương,2022-07-01,40000.0
Xoài cát Hòa Lộc,Đồng Tháp,Vựa thu mua,CTV địa phương,2022-07-01,54000.0
Bưởi da xanh,Hà Nội,Bán lẻ,CTV địa phương,2022-07-01,75000.0
Cà rốt,Hà Nội,Bán lẻ,CTV địa phương,2022-07-01,15000.0
Dưa chuột/dưa chuội,Hà Nội,Bán lẻ,CTV địa phương,2022-07-01,18000.0
Khoai tây,Hà Nội,Bán lẻ,CTV địa phương,2022-07-01,17000.0
Măng cụt,Hà Nội,Bán lẻ,CTV địa phương,2022-07-01,50000.0
Mồng tơi,Hà Nội,Bán lẻ,CTV địa phương,2022-07-01,8000.0
Mướp hương,Hà Nội,Bán lẻ,CTV địa phương,2022-07-01,18000.0
Rau cải mơ,Hà Nội,Bán lẻ,CTV địa phương,2022-07-01,30000.0
Cam sành (loại 1),Vĩnh Long,Bán buôn,CTV địa phương,2022-07-01,21500.0
Cam sành (loại 2),Vĩnh Long,Bán buôn,CTV địa phương,2022-07-01,18500.0
Chôm chôm đường,Vĩnh Long,Bán buôn,CTV địa phương,2022-07-01,18500.0
Chôm chôm Java,Vĩnh Long,Bán buôn,CTV địa phương,2022-07-01,14500.0
Xoài cát Hòa Lộc,Vĩnh Long,Bán buôn,CTV địa phương,2022-07-01,52500.0
Xoài cát Hòa Lộc,An Giang,Thương lái thu mua,CTV địa phương,2022-06-30,18000.0
Bắp cải,Cần Thơ,Thương lái thu mua,CTV địa phương,2022-06-30,16000.0
Dưa chuột/dưa chuội,Cần Thơ,Thương lái thu mua,CTV địa phương,2022-06-30,8000.0
Mướp,Cần Thơ,Thương lái thu mua,CTV địa phương,2022-06-30,9000.0
Quả bí đỏ,Cần Thơ,Thương lái thu mua,CTV địa phương,2022-06-30,11000.0
Bồn bồn,Cà Mau,Bán buôn,CTV địa phương,2022-06-29,40000.0
Cà rốt,Cà Mau,Bán buôn,CTV địa phương,2022-06-29,25000.0
Dừa,Cà Mau,Bán buôn,CTV địa phương,2022-06-29,110000.0
Dưa chuột/dưa chuội,Cà Mau,Bán buôn,CTV địa phương,2022-06-29,12000.0
Quả bí đỏ,Cà Mau,Bán buôn,CTV địa phương,2022-06-29,12000.0
Bưởi da xanh,Tiền Giang,Vựa thu mua,CTV địa phương,2022-06-29,32000.0
Bưởi năm roi,Tiền Giang,Vựa thu mua,CTV địa phương,2022-06-29,19500.0
Chuối sim,Tiền Giang,Vựa thu mua,CTV địa phương,2022-06-29,11500.0
Đu đủ,Tiền Giang,Vựa thu mua,CTV địa phương,2022-06-29,9000.0
Dưa chuột/dưa chuội,Tiền Giang,Vựa thu mua,CTV địa phương,2022-06-29,9000.0
Măng cụt,Tiền Giang,Vựa thu mua,CTV địa phương,2022-06-29,39000.0
Bưởi da xanh,Hà Nội,Bán lẻ,CTV địa phương,2022-06-28,75000.0
Cà rốt,Hà Nội,Bán lẻ,CTV địa phương,2022-06-28,15000.0
Dưa chuột/dưa chuội,Hà Nội,Bán lẻ,CTV địa phương,2022-06-28,20000.0
Khoai tây,Hà Nội,Bán lẻ,CTV địa phương,2022-06-28,17000.0
Măng cụt,Hà Nội,Bán lẻ,CTV địa phương,2022-06-28,55000.0
Mồng tơi,Hà Nội,Bán lẻ,CTV địa phương,2022-06-28,8000.0
Mướp hương,Hà Nội,Bán lẻ,CTV địa phương,2022-06-28,18000.0
Rau cải mơ,Hà Nội,Bán lẻ,CTV địa phương,2022-06-28,30000.0
Măng cụt,Hậu Giang,Tại chợ,CTV địa phương,2022-06-28,30000.0
Quýt đường,Hậu Giang,Tại chợ,CTV địa phương,2022-06-28,50000.0
Xoài cát Hòa Lộc,Hậu Giang,Tại chợ,CTV địa phương,2022-06-28,20000.0
Bắp cải,Cần Thơ,Thương lái thu mua,CTV địa phương,2022-06-27,18000.0
Dưa chuột/dưa chuội,Cần Thơ,Thương lái thu mua,CTV địa phương,2022-06-27,8000.0
Mướp,Cần Thơ,Thương lái thu mua,CTV địa phương,2022-06-27,5000.0
Quả bí đỏ,Cần Thơ,Thương lái thu mua,CTV địa phương,2022-06-27,11000.0
Bắp cải,Sơn La,Bán lẻ,CTV địa phương,2022-06-27,15000.0
Cà rốt,Sơn La,Bán lẻ,CTV địa phương,2022-06-27,25000.0
Dưa chuột/dưa chuội,Sơn La,Bán lẻ,CTV địa phương,2022-06-27,15000.0
Khoai tây,Sơn La,Bán lẻ,CTV địa phương,2022-06-27,25000.0
Mồng tơi,Sơn La,Bán lẻ,CTV địa phương,2022-06-27,15000.0
Mướp hương,Sơn La,Bán lẻ,CTV địa phương,2022-06-27,15000.0
Quả bí đỏ,Sơn La,Bán lẻ,CTV địa phương,2022-06-27,15000.0
Quả bí xanh,Sơn La,Bán lẻ,CTV địa phương,2022-06-27,25000.0
Rau cải,Sơn La,Bán lẻ,CTV địa phương,2022-06-27,15000.0
Su su quả,Sơn La,Bán lẻ,CTV địa phương,2022-06-27,15000.0
Quýt đường,Đồng Tháp,Vựa thu mua,CTV địa phương,2022-06-24,40000.0
Xoài cát Hòa Lộc,Đồng Tháp,Vựa thu mua,CTV địa phương,2022-06-24,55000.0
Bưởi da xanh,Hà Nội,Bán lẻ,CTV địa phương,2022-06-24,75000.0
Cà rốt,Hà Nội,Bán lẻ,CTV địa phương,2022-06-24,15000.0
Dưa chuột/dưa chuội,Hà Nội,Bán lẻ,CTV địa phương,2022-06-24,18000.0
Khoai tây,Hà Nội,Bán lẻ,CTV địa phương,2022-06-24,17000.0
Măng cụt,Hà Nội,Bán lẻ,CTV địa phương,2022-06-24,50000.0
Mồng tơi,Hà Nội,Bán lẻ,CTV địa phương,2022-06-24,8000.0
Mướp hương,Hà Nội,Bán lẻ,CTV địa phương,2022-06-24,18000.0
Rau cải mơ,Hà Nội,Bán lẻ,CTV địa phương,2022-06-24,30000.0
Cam sành (loại 1),Vĩnh Long,Bán buôn,CTV địa phương,2022-06-24,21500.0
Cam sành (loại 2),Vĩnh Long,Bán buôn,CTV địa phương,2022-06-24,18500.0
Chôm chôm đường,Vĩnh Long,Bán buôn,CTV địa phương,2022-06-24,18500.0
Chôm chôm Java,Vĩnh Long,Bán buôn,CTV địa phương,2022-06-24,14500.0
Xoài cát Hòa Lộc,Vĩnh Long,Bán buôn,CTV địa phương,2022-06-24,52500.0
Xoài cát Hòa Lộc,An Giang,Thương lái thu mua,CTV địa phương,2022-06-23,18000.0
Bắp cải,Cần Thơ,Thương lái thu mua,CTV địa phương,2022-06-23,18000.0
Dưa chuột/dưa chuội,Cần Thơ,Thương lái thu mua,CTV địa phương,2022-06-23,8000.0
Mướp,Cần Thơ,Thương lái thu mua,CTV địa phương,2022-06-23,5000.0
Quả bí đỏ,Cần Thơ,Thương lái thu mua,CTV địa phương,2022-06-23,11000.0
Bồn bồn,Cà Mau,Bán buôn,CTV địa phương,2022-06-22,40000.0
Cà rốt,Cà Mau,Bán buôn,CTV địa phương,2022-06-22,20000.0
Dừa,Cà Mau,Bán buôn,CTV địa phương,2022-06-22,100000.0
Dưa chuột/dưa chuội,Cà Mau,Bán buôn,CTV địa phương,2022-06-22,15000.0
Bưởi da xanh,Tiền Giang,Vựa thu mua,CTV địa phương,2022-06-22,31000.0
Bưởi năm roi,Tiền Giang,Vựa thu mua,CTV địa phương,2022-06-22,19000.0
Chuối sim,Tiền Giang,Vựa thu mua,CTV địa phương,2022-06-22,10000.0
Đu đủ,Tiền Giang,Vựa thu mua,CTV địa phương,2022-06-22,9000.0
Dưa chuột/dưa chuội,Tiền Giang,Vựa thu mua,CTV địa phương,2022-06-22,9000.0
Măng cụt,Tiền Giang,Vựa thu mua,CTV địa phương,2022-06-22,40000.0
Bưởi da xanh,Hà Nội,Bán lẻ,CTV địa phương,2022-06-21,70000.0
Cà rốt,Hà Nội,Bán lẻ,CTV địa phương,2022-06-21,15000.0
Dưa chuột/dưa chuội,Hà Nội,Bán lẻ,CTV địa phương,2022-06-21,20000.0
Khoai tây,Hà Nội,Bán lẻ,CTV địa phương,2022-06-21,18000.0
Măng cụt,Hà Nội,Bán lẻ,CTV địa phương,2022-06-21,55000.0
Mồng tơi,Hà Nội,Bán lẻ,CTV địa phương,2022-06-21,10000.0
Mướp hương,Hà Nội,Bán lẻ,CTV địa phương,2022-06-21,15000.0
Rau cải mơ,Hà Nội,Bán lẻ,CTV địa phương,2022-06-21,35000.0
Măng cụt,Hậu Giang,Tại chợ,CTV địa phương,2022-06-21,35000.0
Quýt đường,Hậu Giang,Tại chợ,CTV địa phương,2022-06-21,45000.0
Xoài cát Hòa Lộc,Hậu Giang,Tại chợ,CTV địa phương,2022-06-21,20000.0
Bắp cải,Cần Thơ,Thương lái thu mua,CTV địa phương,2022-06-20,15000.0
Dưa chuột/dưa chuội,Cần Thơ,Thương lái thu mua,CTV địa phương,2022-06-20,8000.0
Mướp,Cần Thơ,Thương lái thu mua,CTV địa phương,2022-06-20,5000.0
Quả bí đỏ,Cần Thơ,Thương lái thu mua,CTV địa phương,2022-06-20,11000.0
Bắp cải,Sơn La,Bán lẻ,CTV địa phương,2022-06-20,15000.0
Cà rốt,Sơn La,Bán lẻ,CTV địa phương,2022-06-20,25000.0
Dưa chuột/dưa chuội,Sơn La,Bán lẻ,CTV địa phương,2022-06-20,15000.0
Khoai tây,Sơn La,Bán lẻ,CTV địa phương,2022-06-20,25000.0
Mồng tơi,Sơn La,Bán lẻ,CTV địa phương,2022-06-20,12000.0
Mướp hương,Sơn La,Bán lẻ,CTV địa phương,2022-06-20,16500.0
Quả bí đỏ,Sơn La,Bán lẻ,CTV địa phương,2022-06-20,15000.0
Quả bí xanh,Sơn La,Bán lẻ,CTV địa phương,2022-06-20,25000.0
Rau cải,Sơn La,Bán lẻ,CTV địa phương,2022-06-20,12000.0
Su su quả,Sơn La,Bán lẻ,CTV địa phương,2022-06-20,15000.0
Quýt đường,Đồng Tháp,Vựa thu mua,CTV địa phương,2022-06-17,40000.0
Xoài cát Hòa Lộc,Đồng Tháp,Vựa thu mua,CTV địa phương,2022-06-17,55000.0
Bưởi da xanh,Hà Nội,Bán lẻ,CTV địa phương,2022-06-17,75000.0
Cà rốt,Hà Nội,Bán lẻ,CTV địa phương,2022-06-17,15000.0
Dưa chuột/dưa chuội,Hà Nội,Bán lẻ,CTV địa phương,2022-06-17,15000.0
Khoai tây,Hà Nội,Bán lẻ,CTV địa phương,2022-06-17,21000.0
Măng cụt,Hà Nội,Bán lẻ,CTV địa phương,2022-06-17,60000.0
Mồng tơi,Hà Nội,Bán lẻ,CTV địa phương,2022-06-17,8000.0
Mướp hương,Hà Nội,Bán lẻ,CTV địa phương,2022-06-17,20000.0
Rau cải mơ,Hà Nội,Bán lẻ,CTV địa phương,2022-06-17,30000.0
Cam sành (loại 1),Vĩnh Long,Bán buôn,CTV địa phương,2022-06-17,21500.0
Cam sành (loại 2),Vĩnh Long,Bán buôn,CTV địa phương,2022-06-17,18500.0
Chôm chôm đường,Vĩnh Long,Bán buôn,CTV địa phương,2022-06-17,21000.0
Chôm chôm Java,Vĩnh Long,Bán buôn,CTV địa phương,2022-06-17,14500.0
Xoài cát Hòa Lộc,Vĩnh Long,Bán buôn,CTV địa phương,2022-06-17,52500.0
Xoài cát Hòa Lộc,An Giang,Thương lái thu mua,CTV địa phương,2022-06-16,18000.0
Bắp cải,Cần Thơ,Thương lái thu mua,CTV địa phương,2022-06-16,15000.0
Dưa chuột/dưa chuội,Cần Thơ,Thương lái thu mua,CTV địa phương,2022-06-16,8000.0
Mướp,Cần Thơ,Thương lái thu mua,CTV địa phương,2022-06-16,5000.0
Quả bí đỏ,Cần Thơ,Thương lái thu mua,CTV địa phương,2022-06-16,10000.0
Bắp cải,Sơn La,Bán lẻ,CTV địa phương,2022-06-16,12000.0
Cà rốt,Sơn La,Bán lẻ,CTV địa phương,2022-06-16,15000.0
Dưa chuột/dưa chuội,Sơn La,Bán lẻ,CTV địa phương,2022-06-16,15000.0
Khoai tây,Sơn La,Bán lẻ,CTV địa phương,2022-06-16,15000.0
Mồng tơi,Sơn La,Bán lẻ,CTV địa phương,2022-06-16,12000.0
Mướp hương,Sơn La,Bán lẻ,CTV địa phương,2022-06-16,16500.0
Quả bí đỏ,Sơn La,Bán lẻ,CTV địa phương,2022-06-16,15000.0
Quả bí xanh,Sơn La,Bán lẻ,CTV địa phương,2022-06-16,25000.0
Rau cải,Sơn La,Bán lẻ,CTV địa phương,2022-06-16,12000.0
Su su quả,Sơn La,Bán lẻ,CTV địa phương,2022-06-16,15000.0
Bồn bồn,Cà Mau,Bán buôn,CTV địa phương,2022-06-15,40000.0
Cà rốt,Cà Mau,Bán buôn,CTV địa phương,2022-06-15,25000.0
Dừa,Cà Mau,Bán buôn,CTV địa phương,2022-06-15,100000.0
Dưa chuột/dưa chuội,Cà Mau,Bán buôn,CTV địa phương,2022-06-15,15000.0
Quả bí đỏ,Cà Mau,Bán buôn,CTV địa phương,2022-06-15,10000.0
Bưởi da xanh,Tiền Giang,Vựa thu mua,CTV địa phương,2022-06-15,31000.0
Bưởi năm roi,Tiền Giang,Vựa thu mua,CTV địa phương,2022-06-15,19000.0
Chuối sim,Tiền Giang,Vựa thu mua,CTV địa phương,2022-06-15,10000.0
Đu đủ,Tiền Giang,Vựa thu mua,CTV địa phương,2022-06-15,9500.0
Dưa chuột/dưa chuội,Tiền Giang,Vựa thu mua,CTV địa phương,2022-06-15,9000.0
Măng cụt,Tiền Giang,Vựa thu mua,CTV địa phương,2022-06-15,40000.0
Bưởi da xanh,Bến Tre,Thương lái thu mua,CTV địa phương,2022-06-14,30000.0
Bưởi da xanh,Hà Nội,Bán lẻ,CTV địa phương,2022-06-14,70000.0
Cà rốt,Hà Nội,Bán lẻ,CTV địa phương,2022-06-14,15000.0
Dưa chuột/dưa chuội,Hà Nội,Bán lẻ,CTV địa phương,2022-06-14,20000.0
Khoai tây,Hà Nội,Bán lẻ,CTV địa phương,2022-06-14,18000.0
Măng cụt,Hà Nội,Bán lẻ,CTV địa phương,2022-06-14,55000.0
Mồng tơi,Hà Nội,Bán lẻ,CTV địa phương,2022-06-14,10000.0
Mướp hương,Hà Nội,Bán lẻ,CTV địa phương,2022-06-14,15000.0
Rau cải mơ,Hà Nội,Bán lẻ,CTV địa phương,2022-06-14,35000.0
Măng cụt,Hậu Giang,Tại chợ,CTV địa phương,2022-06-14,40000.0
Quýt đường,Hậu Giang,Tại chợ,CTV địa phương,2022-06-14,40000.0
Xoài cát Hòa Lộc,Hậu Giang,Tại chợ,CTV địa phương,2022-06-14,25000.0
Bắp cải,Cần Thơ,Thương lái thu mua,CTV địa phương,2022-06-13,15000.0
Dưa chuột/dưa chuội,Cần Thơ,Thương lái thu mua,CTV địa phương,2022-06-13,8000.0
Mướp,Cần Thơ,Thương lái thu mua,CTV địa phương,2022-06-13,5000.0
Quả bí đỏ,Cần Thơ,Thương lái thu mua,CTV địa phương,2022-06-13,10000.0
Bắp cải,Sơn La,Bán lẻ,CTV địa phương,2022-06-13,12000.0
Cà rốt,Sơn La,Bán lẻ,CTV địa phương,2022-06-13,15000.0
Dưa chuột/dưa chuội,Sơn La,Bán lẻ,CTV địa phương,2022-06-13,15000.0
Khoai tây,Sơn La,Bán lẻ,CTV địa phương,2022-06-13,15000.0
Mồng tơi,Sơn La,Bán lẻ,CTV địa phương,2022-06-13,12000.0
Mướp hương,Sơn La,Bán lẻ,CTV địa phương,2022-06-13,16500.0
Quả bí đỏ,Sơn La,Bán lẻ,CTV địa phương,2022-06-13,15000.0
Quả bí xanh,Sơn La,Bán lẻ,CTV địa phương,2022-06-13,25000.0
Rau cải,Sơn La,Bán lẻ,CTV địa phương,2022-06-13,12000.0
Su su quả,Sơn La,Bán lẻ,CTV địa phương,2022-06-13,15000.0
Xoài cát Hòa Lộc,Đồng Tháp,Vựa thu mua,CTV địa phương,2022-06-10,25000.0
Bưởi da xanh,Hà Nội,Bán lẻ,CTV địa phương,2022-06-10,75000.0
Cà rốt,Hà Nội,Bán lẻ,CTV địa phương,2022-06-10,15000.0
Dưa chuột/dưa chuội,Hà Nội,Bán lẻ,CTV địa phương,2022-06-10,15000.0
Khoai tây,Hà Nội,Bán lẻ,CTV địa phương,2022-06-10,21000.0
Măng cụt,Hà Nội,Bán lẻ,CTV địa phương,2022-06-10,60000.0
Mồng tơi,Hà Nội,Bán lẻ,CTV địa phương,2022-06-10,8000.0
Mướp hương,Hà Nội,Bán lẻ,CTV địa phương,2022-06-10,20000.0
Rau cải mơ,Hà Nội,Bán lẻ,CTV địa phương,2022-06-10,30000.0
Cam sành (loại 1),Vĩnh Long,Bán buôn,CTV địa phương,2022-06-10,21500.0
Cam sành (loại 2),Vĩnh Long,Bán buôn,CTV địa phương,2022-06-10,18500.0
Chôm chôm đường,Vĩnh Long,Bán buôn,CTV địa phương,2022-06-10,23000.0
Chôm chôm Java,Vĩnh Long,Bán buôn,CTV địa phương,2022-06-10,14500.0
Xoài cát Hòa Lộc,Vĩnh Long,Bán buôn,CTV địa phương,2022-06-10,49000.0
Xoài cát Hòa Lộc,An Giang,Thương lái thu mua,CTV địa phương,2022-06-09,18000.0
Bắp cải,Cần Thơ,Thương lái thu mua,CTV địa phương,2022-06-09,16000.0
Dưa chuột/dưa chuội,Cần Thơ,Thương lái thu mua,CTV địa phương,2022-06-09,8000.0
Mướp,Cần Thơ,Thương lái thu mua,CTV địa phương,2022-06-09,5000.0
Quả bí đỏ,Cần Thơ,Thương lái thu mua,CTV địa phương,2022-06-09,10000.0
Bắp cải,Sơn La,Bán lẻ,CTV địa phương,2022-06-09,15000.0
Cà rốt,Sơn La,Bán lẻ,CTV địa phương,2022-06-09,15000.0
Dưa chuột/dưa chuội,Sơn La,Bán lẻ,CTV địa phương,2022-06-09,15000.0
Khoai tây,Sơn La,Bán lẻ,CTV địa phương,2022-06-09,15000.0
Mồng tơi,Sơn La,Bán lẻ,CTV địa phương,2022-06-09,12000.0
Mướp hương,Sơn La,Bán lẻ,CTV địa phương,2022-06-09,15000.0
Quả bí đỏ,Sơn La,Bán lẻ,CTV địa phương,2022-06-09,15000.0
Su su quả,Sơn La,Bán lẻ,CTV địa phương,2022-06-09,15000.0
Bồn bồn,Cà Mau,Tại chợ,CTV địa phương,2022-06-08,40000.0
Cà rốt,Cà Mau,Tại chợ,CTV địa phương,2022-06-08,25000.0
Dừa,Cà Mau,Tại chợ,CTV địa phương,2022-06-08,100000.0
Dưa chuột/dưa chuội,Cà Mau,Tại chợ,CTV địa phương,2022-06-08,15000.0
Quả bí đỏ,Cà Mau,Tại chợ,CTV địa phương,2022-06-08,10000.0
Bưởi da xanh,Tiền Giang,Thu mua tại vườn,CTV địa phương,2022-06-08,30000.0
Bưởi năm roi,Tiền Giang,Thu mua tại vườn,CTV địa phương,2022-06-08,19000.0
Chuối sim,Tiền Giang,Thu mua tại vườn,CTV địa phương,2022-06-08,10000.0
Đu đủ,Tiền Giang,Thu mua tại vườn,CTV địa phương,2022-06-08,9500.0
Dưa chuột/dưa chuội,Tiền Giang,Thu mua tại vườn,CTV địa phương,2022-06-08,9000.0
Măng cụt,Tiền Giang,Thu mua tại vườn,CTV địa phương,2022-06-08,42000.0
Bưởi da xanh,Hà Nội,Bán lẻ,CTV địa phương,2022-06-07,70000.0
Cà rốt,Hà Nội,Bán lẻ,CTV địa phương,2022-06-07,15000.0
Dưa chuột/dưa chuội,Hà Nội,Bán lẻ,CTV địa phương,2022-06-07,18000.0
Khoai tây,Hà Nội,Bán lẻ,CTV địa phương,2022-06-07,18000.0
Măng cụt,Hà Nội,Bán lẻ,CTV địa phương,2022-06-07,55000.0
Mồng tơi,Hà Nội,Bán lẻ,CTV địa phương,2022-06-07,8000.0
Mướp hương,Hà Nội,Bán lẻ,CTV địa phương,2022-06-07,15000.0
Bưởi da xanh,Hậu Giang,Thương lái thu mua,CTV địa phương,2022-06-07,30000.0
Bưởi năm roi,Hậu Giang,Thương lái thu mua,CTV địa phương,2022-06-07,20000.0
Măng cụt,Hậu Giang,Tại chợ,CTV địa phương,2022-06-07,50000.0
Quýt đường,Hậu Giang,Tại chợ,CTV địa phương,2022-06-07,45000.0
Xoài cát Hòa Lộc,Hậu Giang,Tại chợ,CTV địa phương,2022-06-07,25000.0
Bắp cải,Cần Thơ,Thương lái thu mua,CTV địa phương,2022-06-06,15000.0
Dưa chuột/dưa chuội,Cần Thơ,Thương lái thu mua,CTV địa phương,2022-06-06,9000.0
Mướp,Cần Thơ,Thương lái thu mua,CTV địa phương,2022-06-06,5000.0
Quả bí đỏ,Cần Thơ,Thương lái thu mua,CTV địa phương,2022-06-06,10500.0
Cà rốt,Sơn La,Bán lẻ,CTV địa phương,2022-06-06,15000.0
Dưa chuột/dưa chuội,Sơn La,Bán lẻ,CTV địa phương,2022-06-06,20000.0
Khoai tây,Sơn La,Bán lẻ,CTV địa phương,2022-06-06,15000.0
Mồng tơi,Sơn La,Bán lẻ,CTV địa phương,2022-06-06,15000.0
Mướp hương,Sơn La,Bán lẻ,CTV địa phương,2022-06-06,16500.0
Quả bí đỏ,Sơn La,Bán lẻ,CTV địa phương,2022-06-06,15000.0
Quả bí xanh,Sơn La,Bán lẻ,CTV địa phương,2022-06-06,15000.0
Su su quả,Sơn La,Bán lẻ,CTV địa phương,2022-06-06,15000.0
Xoài cát Hòa Lộc,Đồng Tháp,Thu mua tại vườn,CTV địa phương,2022-06-03,25000.0
Bưởi da xanh,Hà Nội,Bán lẻ,CTV địa phương,2022-06-03,75000.0
Cà rốt,Hà Nội,Bán lẻ,CTV địa phương,2022-06-03,15000.0
Dưa chuột/dưa chuội,Hà Nội,Bán lẻ,CTV địa phương,2022-06-03,15000.0
Khoai tây,Hà Nội,Bán lẻ,CTV địa phương,2022-06-03,20000.0
Măng cụt,Hà Nội,Bán lẻ,CTV địa phương,2022-06-03,60000.0
Mồng tơi,Hà Nội,Bán lẻ,CTV địa phương,2022-06-03,8000.0
Mướp hương,Hà Nội,Bán lẻ,CTV địa phương,2022-06-03,20000.0
Chôm chôm đường,Vĩnh Long,Bán buôn,CTV địa phương,2022-06-03,27500.0
Chôm chôm Java,Vĩnh Long,Bán buôn,CTV địa phương,2022-06-03,19500.0
Xoài cát Hòa Lộc,Vĩnh Long,Bán buôn,CTV địa phương,2022-06-03,49000.0
Xoài cát Hòa Lộc,An Giang,Thương lái thu mua,CTV địa phương,2022-06-02,18000.0
Bắp cải,Cần Thơ,Thương lái thu mua,CTV địa phương,2022-06-02,15000.0
Dưa chuột/dưa chuội,Cần Thơ,Thương lái thu mua,CTV địa phương,2022-06-02,9000.0
Mướp,Cần Thơ,Thương lái thu mua,CTV địa phương,2022-06-02,5000.0
Quả bí đỏ,Cần Thơ,Thương lái thu mua,CTV địa phương,2022-06-02,13250.0
Cà rốt,Sơn La,Bán lẻ,CTV địa phương,2022-06-02,15000.0
Dưa chuột/dưa chuội,Sơn La,Bán lẻ,CTV địa phương,2022-06-02,15000.0
Khoai tây,Sơn La,Bán lẻ,CTV địa phương,2022-06-02,15000.0
Mồng tơi,Sơn La,Bán lẻ,CTV địa phương,2022-06-02,15000.0
Mướp hương,Sơn La,Bán lẻ,CTV địa phương,2022-06-02,16500.0
Quả bí đỏ,Sơn La,Bán lẻ,CTV địa phương,2022-06-02,15000.0
Quả bí xanh,Sơn La,Bán lẻ,CTV địa phương,2022-06-02,15000.0
Su su quả,Sơn La,Bán lẻ,CTV địa phương,2022-06-02,15000.0
Bồn bồn,Cà Mau,Tại chợ,CTV địa phương,2022-06-01,40000.0
Cà rốt,Cà Mau,Tại chợ,CTV địa phương,2022-06-01,25000.0
Dừa,Cà Mau,Tại chợ,CTV địa phương,2022-06-01,100000.0
Dưa chuột/dưa chuội,Cà Mau,Tại chợ,CTV địa phương,2022-06-01,12000.0
Quả bí đỏ,Cà Mau,Tại chợ,CTV địa phương,2022-06-01,10000.0
Bưởi da xanh,Tiền Giang,Thu mua tại vườn,CTV địa phương,2022-06-01,32000.0
Bưởi năm roi,Tiền Giang,Thu mua tại vườn,CTV địa phương,2022-06-01,19000.0
Chuối sim,Tiền Giang,Thu mua tại vườn,CTV địa phương,2022-06-01,10000.0
Đu đủ,Tiền Giang,Thu mua tại vườn,CTV địa phương,2022-06-01,9000.0
Dưa chuột/dưa chuội,Tiền Giang,Thu mua tại vườn,CTV địa phương,2022-06-01,9000.0
Măng cụt,Tiền Giang,Thu mua tại vườn,CTV địa phương,2022-06-01,40000.0
Bưởi da xanh,Hà Nội,Bán lẻ,CTV địa phương,2022-05-31,75000.0
Cà rốt,Hà Nội,Bán lẻ,CTV địa phương,2022-05-31,15000.0
Dưa chuột/dưa chuội,Hà Nội,Bán lẻ,CTV địa phương,2022-05-31,20000.0
Khoai tây,Hà Nội,Bán lẻ,CTV địa phương,2022-05-31,17000.0
Măng cụt,Hà Nội,Bán lẻ,CTV địa phương,2022-05-31,60000.0
Mồng tơi,Hà Nội,Bán lẻ,CTV địa phương,2022-05-31,7000.0
Mướp hương,Hà Nội,Bán lẻ,CTV địa phương,2022-05-31,20000.0
Bưởi da xanh,Hậu Giang,Thương lái thu mua,CTV địa phương,2022-05-31,30000.0
Bưởi năm roi,Hậu Giang,Thương lái thu mua,CTV địa phương,2022-05-31,20000.0
Măng cụt,Hậu Giang,Tại chợ,CTV địa phương,2022-05-31,45000.0
Quýt đường,Hậu Giang,Tại chợ,CTV địa phương,2022-05-31,45000.0
Xoài cát Hòa Lộc,Hậu Giang,Tại chợ,CTV địa phương,2022-05-31,25000.0
Bắp cải,Cần Thơ,Thương lái thu mua,CTV địa phương,2022-05-30,15000.0
Dưa chuột/dưa chuội,Cần Thơ,Thương lái thu mua,CTV địa phương,2022-05-30,9000.0
Mướp,Cần Thơ,Thương lái thu mua,CTV địa phương,2022-05-30,5000.0
Quả bí đỏ,Cần Thơ,Thương lái thu mua,CTV địa phương,2022-05-30,10500.0
Cà rốt,Sơn La,Bán lẻ,CTV địa phương,2022-05-30,15000.0
Dưa chuột/dưa chuội,Sơn La,Bán lẻ,CTV địa phương,2022-05-30,20000.0
Khoai tây,Sơn La,Bán lẻ,CTV địa phương,2022-05-30,15000.0
Mồng tơi,Sơn La,Bán lẻ,CTV địa phương,2022-05-30,15000.0
Mướp hương,Sơn La,Bán lẻ,CTV địa phương,2022-05-30,16500.0
Quả bí đỏ,Sơn La,Bán lẻ,CTV địa phương,2022-05-30,15000.0
Quả bí xanh,Sơn La,Bán lẻ,CTV địa phương,2022-05-30,15000.0
Su su quả,Sơn La,Bán lẻ,CTV địa phương,2022-05-30,15000.0
Xoài cát Hòa Lộc,Đồng Tháp,Thu mua tại vườn,CTV địa phương,2022-05-27,25000.0
Bưởi da xanh,Hà Nội,Bán lẻ,CTV địa phương,2022-05-27,75000.0
Cà rốt,Hà Nội,Bán lẻ,CTV địa phương,2022-05-27,15000.0
Dưa chuột/dưa chuội,Hà Nội,Bán lẻ,CTV địa phương,2022-05-27,15000.0
Khoai tây,Hà Nội,Bán lẻ,CTV địa phương,2022-05-27,17000.0
Măng cụt,Hà Nội,Bán lẻ,CTV địa phương,2022-05-27,60000.0
Mồng tơi,Hà Nội,Bán lẻ,CTV địa phương,2022-05-27,8000.0
Mướp hương,Hà Nội,Bán lẻ,CTV địa phương,2022-05-27,20000.0
Chôm chôm đường,Vĩnh Long,Bán buôn,CTV địa phương,2022-05-27,27500.0
Chôm chôm Java,Vĩnh Long,Bán buôn,CTV địa phương,2022-05-27,19500.0
Xoài cát Hòa Lộc,Vĩnh Long,Bán buôn,CTV địa phương,2022-05-27,49000.0
Xoài cát Hòa Lộc,An Giang,Thương lái thu mua,CTV địa phương,2022-05-26,10000.0
Bắp cải,Cần Thơ,Thương lái thu mua,CTV địa phương,2022-05-26,14000.0
Dưa chuột/dưa chuội,Cần Thơ,Thương lái thu mua,CTV địa phương,2022-05-26,8000.0
Mướp,Cần Thơ,Thương lái thu mua,CTV địa phương,2022-05-26,5000.0
Quả bí đỏ,Cần Thơ,Thương lái thu mua,CTV địa phương,2022-05-26,10500.0
Cà rốt,Sơn La,Bán lẻ,CTV địa phương,2022-05-26,15000.0
Dưa chuột/dưa chuội,Sơn La,Bán lẻ,CTV địa phương,2022-05-26,15000.0
Khoai tây,Sơn La,Bán lẻ,CTV địa phương,2022-05-26,15000.0
Mồng tơi,Sơn La,Bán lẻ,CTV địa phương,2022-05-26,15000.0
Mướp hương,Sơn La,Bán lẻ,CTV địa phương,2022-05-26,14000.0
Quả bí đỏ,Sơn La,Bán lẻ,CTV địa phương,2022-05-26,15000.0
Quả bí xanh,Sơn La,Bán lẻ,CTV địa phương,2022-05-26,15000.0
Su su quả,Sơn La,Bán lẻ,CTV địa phương,2022-05-26,15000.0
Bồn bồn,Cà Mau,Tại chợ,CTV địa phương,2022-05-25,25000.0
Cà rốt,Cà Mau,Tại chợ,CTV địa phương,2022-05-25,20000.0
Dừa,Cà Mau,Tại chợ,CTV địa phương,2022-05-25,110000.0
Dưa chuột/dưa chuội,Cà Mau,Tại chợ,CTV địa phương,2022-05-25,10000.0
Quả bí đỏ,Cà Mau,Tại chợ,CTV địa phương,2022-05-25,10000.0
Bưởi da xanh,Tiền Giang,Thu mua tại vườn,CTV địa phương,2022-05-25,31000.0
Bưởi năm roi,Tiền Giang,Thu mua tại vườn,CTV địa phương,2022-05-25,18000.0
Chuối sim,Tiền Giang,Thu mua tại vườn,CTV địa phương,2022-05-25,10000.0
Đu đủ,Tiền Giang,Thu mua tại vườn,CTV địa phương,2022-05-25,9000.0
Dưa chuột/dưa chuội,Tiền Giang,Thu mua tại vườn,CTV địa phương,2022-05-25,8000.0
Bưởi da xanh,Hà Nội,Bán lẻ,CTV địa phương,2022-05-24,70000.0
Cà rốt,Hà Nội,Bán lẻ,CTV địa phương,2022-05-24,15000.0
Dưa chuột/dưa chuội,Hà Nội,Bán lẻ,CTV địa phương,2022-05-24,15000.0
Khoai tây,Hà Nội,Bán lẻ,CTV địa phương,2022-05-24,17000.0
Măng cụt,Hà Nội,Bán lẻ,CTV địa phương,2022-05-24,60000.0
Mồng tơi,Hà Nội,Bán lẻ,CTV địa phương,2022-05-24,7000.0
Mướp hương,Hà Nội,Bán lẻ,CTV địa phương,2022-05-24,18000.0
Bưởi da xanh,Hậu Giang,Thương lái thu mua,CTV địa phương,2022-05-24,30000.0
Bưởi năm roi,Hậu Giang,Thương lái thu mua,CTV địa phương,2022-05-24,18000.0
Măng cụt,Hậu Giang,Tại chợ,CTV địa phương,2022-05-24,50000.0
Quýt đường,Hậu Giang,Tại chợ,CTV địa phương,2022-05-24,40000.0
Xoài cát Hòa Lộc,Hậu Giang,Tại chợ,CTV địa phương,2022-05-24,20000.0
Bưởi da xanh,Thái Bình,Bán lẻ,CTV địa phương,2022-05-24,40000.0
Cà rốt,Thái Bình,Bán lẻ,CTV địa phương,2022-05-24,17000.0
Dưa chuột/dưa chuội,Thái Bình,Bán lẻ,CTV địa phương,2022-05-24,13000.0
Khoai tây,Thái Bình,Bán lẻ,CTV địa phương,2022-05-24,20000.0
Quả bí đỏ,Thái Bình,Bán lẻ,CTV địa phương,2022-05-24,17000.0
Xoài cát Hòa Lộc,Thái Bình,Bán lẻ,CTV địa phương,2022-05-24,35000.0
Bắp cải,Cần Thơ,Thương lái thu mua,CTV địa phương,2022-05-23,15000.0
Dưa chuột/dưa chuội,Cần Thơ,Thương lái thu mua,CTV địa phương,2022-05-23,8000.0
Mướp,Cần Thơ,Thương lái thu mua,CTV địa phương,2022-05-23,5000.0
Quả bí đỏ,Cần Thơ,Thương lái thu mua,CTV địa phương,2022-05-23,11000.0
Cà rốt,Sơn La,Bán lẻ,CTV địa phương,2022-05-23,15000.0
Dưa chuột/dưa chuội,Sơn La,Bán lẻ,CTV địa phương,2022-05-23,20000.0
Khoai tây,Sơn La,Bán lẻ,CTV địa phương,2022-05-23,15000.0
Mồng tơi,Sơn La,Bán lẻ,CTV địa phương,2022-05-23,15000.0
Mướp hương,Sơn La,Bán lẻ,CTV địa phương,2022-05-23,14000.0
Quả bí đỏ,Sơn La,Bán lẻ,CTV địa phương,2022-05-23,15000.0
Quả bí xanh,Sơn La,Bán lẻ,CTV địa phương,2022-05-23,15000.0
Su su quả,Sơn La,Bán lẻ,CTV địa phương,2022-05-23,15000.0
Xoài cát Hòa Lộc,Đồng Tháp,Thu mua tại vườn,CTV địa phương,2022-05-20,25000.0
Bưởi da xanh,Hà Nội,Bán lẻ,CTV địa phương,2022-05-20,70000.0
Cà rốt,Hà Nội,Bán lẻ,CTV địa phương,2022-05-20,15000.0
Dưa chuột/dưa chuội,Hà Nội,Bán lẻ,CTV địa phương,2022-05-20,15000.0
Khoai tây,Hà Nội,Bán lẻ,CTV địa phương,2022-05-20,17000.0
Măng cụt,Hà Nội,Bán lẻ,CTV địa phương,2022-05-20,65000.0
Mồng tơi,Hà Nội,Bán lẻ,CTV địa phương,2022-05-20,8000.0
Mướp hương,Hà Nội,Bán lẻ,CTV địa phương,2022-05-20,20000.0
Bưởi da xanh,Thái Bình,Bán lẻ,CTV địa phương,2022-05-20,40000.0
Cà rốt,Thái Bình,Bán lẻ,CTV địa phương,2022-05-20,17000.0
Dưa chuột/dưa chuội,Thái Bình,Bán lẻ,CTV địa phương,2022-05-20,13000.0
Khoai tây,Thái Bình,Bán lẻ,CTV địa phương,2022-05-20,21000.0
Quả bí đỏ,Thái Bình,Bán lẻ,CTV địa phương,2022-05-20,17000.0
Xoài cát Hòa Lộc,Thái Bình,Bán lẻ,CTV địa phương,2022-05-20,35000.0
Chôm chôm đường,Vĩnh Long,Bán buôn,CTV địa phương,2022-05-20,32500.0
Chôm chôm Java,Vĩnh Long,Bán buôn,CTV địa phương,2022-05-20,22500.0
Xoài cát Hòa Lộc,Vĩnh Long,Bán buôn,CTV địa phương,2022-05-20,49000.0
Xoài cát Hòa Lộc,An Giang,Thương lái thu mua,CTV địa phương,2022-05-19,10000.0
Bắp cải,Cần Thơ,Thương lái thu mua,CTV địa phương,2022-05-19,15000.0
Dưa chuột/dưa chuội,Cần Thơ,Thương lái thu mua,CTV địa phương,2022-05-19,8000.0
Mướp,Cần Thơ,Thương lái thu mua,CTV địa phương,2022-05-19,5000.0
Quả bí đỏ,Cần Thơ,Thương lái thu mua,CTV địa phương,2022-05-19,11000.0
Bắp cải,Sơn La,Bán lẻ,CTV địa phương,2022-05-19,15000.0
Cà rốt,Sơn La,Bán lẻ,CTV địa phương,2022-05-19,15000.0
Dưa chuột/dưa chuội,Sơn La,Bán lẻ,CTV địa phương,2022-05-19,20000.0
Khoai tây,Sơn La,Bán lẻ,CTV địa phương,2022-05-19,18000.0
Mồng tơi,Sơn La,Bán lẻ,CTV địa phương,2022-05-19,15000.0
Mướp hương,Sơn La,Bán lẻ,CTV địa phương,2022-05-19,19000.0
Quả bí đỏ,Sơn La,Bán lẻ,CTV địa phương,2022-05-19,15000.0
Quả bí xanh,Sơn La,Bán lẻ,CTV địa phương,2022-05-19,15000.0
Su su quả,Sơn La,Bán lẻ,CTV địa phương,2022-05-19,15000.0
Bồn bồn,Cà Mau,Tại chợ,CTV địa phương,2022-05-18,40000.0
Cà rốt,Cà Mau,Tại chợ,CTV địa phương,2022-05-18,25000.0
Dừa,Cà Mau,Tại chợ,CTV địa phương,2022-05-18,100000.0
Dưa chuột/dưa chuội,Cà Mau,Tại chợ,CTV địa phương,2022-05-18,12000.0
Quả bí đỏ,Cà Mau,Tại chợ,CTV địa phương,2022-05-18,12000.0
Bưởi da xanh,Tiền Giang,Thu mua tại vườn,CTV địa phương,2022-05-18,30000.0
Bưởi năm roi,Tiền Giang,Thu mua tại vườn,CTV địa phương,2022-05-18,18000.0
Chuối sim,Tiền Giang,Thu mua tại vườn,CTV địa phương,2022-05-18,9000.0
Đu đủ,Tiền Giang,Thu mua tại vườn,CTV địa phương,2022-05-18,10000.0
Dưa chuột/dưa chuội,Tiền Giang,Thu mua tại vườn,CTV địa phương,2022-05-18,8500.0
Bưởi da xanh,Hậu Giang,Thương lái thu mua,CTV địa phương,2022-05-17,30000.0
Bưởi năm roi,Hậu Giang,Thương lái thu mua,CTV địa phương,2022-05-17,20000.0
Măng cụt,Hậu Giang,Tại chợ,CTV địa phương,2022-05-17,53000.0
Quýt đường,Hậu Giang,Tại chợ,CTV địa phương,2022-05-17,45000.0
Xoài cát Hòa Lộc,Hậu Giang,Tại chợ,CTV địa phương,2022-05-17,25000.0
Bắp cải,Cần Thơ,Thương lái thu mua,CTV địa phương,2022-05-16,15000.0
Dưa chuột/dưa chuội,Cần Thơ,Thương lái thu mua,CTV địa phương,2022-05-16,8000.0
Mướp,Cần Thơ,Thương lái thu mua,CTV địa phương,2022-05-16,6000.0
Quả bí đỏ,Cần Thơ,Thương lái thu mua,CTV địa phương,2022-05-16,10500.0
Bưởi da xanh,Hà Nội,Bán lẻ,CTV địa phương,2022-05-16,80000.0
Cà rốt,Hà Nội,Bán lẻ,CTV địa phương,2022-05-16,15000.0
Dưa chuột/dưa chuội,Hà Nội,Bán lẻ,CTV địa phương,2022-05-16,20000.0
Khoai tây,Hà Nội,Bán lẻ,CTV địa phương,2022-05-16,17000.0
Măng cụt,Hà Nội,Bán lẻ,CTV địa phương,2022-05-16,65000.0
Mồng tơi,Hà Nội,Bán lẻ,CTV địa phương,2022-05-16,7000.0
Mướp hương,Hà Nội,Bán lẻ,CTV địa phương,2022-05-16,20000.0
Quả bí đỏ,Hà Nội,Bán lẻ,CTV địa phương,2022-05-16,15000.0
Bắp cải,Sơn La,Bán lẻ,CTV địa phương,2022-05-16,15000.0
Cà rốt,Sơn La,Bán lẻ,CTV địa phương,2022-05-16,15000.0
Dưa chuột/dưa chuội,Sơn La,Bán lẻ,CTV địa phương,2022-05-16,20000.0
Khoai tây,Sơn La,Bán lẻ,CTV địa phương,2022-05-16,18000.0
Mồng tơi,Sơn La,Bán lẻ,CTV địa phương,2022-05-16,15000.0
Mướp hương,Sơn La,Bán lẻ,CTV địa phương,2022-05-16,19000.0
Quả bí đỏ,Sơn La,Bán lẻ,CTV địa phương,2022-05-16,15000.0
Quả bí xanh,Sơn La,Bán lẻ,CTV địa phương,2022-05-16,15000.0
Su su quả,Sơn La,Bán lẻ,CTV địa phương,2022-05-16,15000.0
Xoài cát Hòa Lộc,Đồng Tháp,Thu mua tại vườn,CTV địa phương,2022-05-13,25000.0
Bưởi da xanh,Hà Nội,Bán lẻ,CTV địa phương,2022-05-13,80000.0
Cà rốt,Hà Nội,Bán lẻ,CTV địa phương,2022-05-13,15000.0
Dưa chuột/dưa chuội,Hà Nội,Bán lẻ,CTV địa phương,2022-05-13,20000.0
Khoai tây,Hà Nội,Bán lẻ,CTV địa phương,2022-05-13,17000.0
Măng cụt,Hà Nội,Bán lẻ,CTV địa phương,2022-05-13,55000.0
Mồng tơi,Hà Nội,Bán lẻ,CTV địa phương,2022-05-13,6000.0
Mướp hương,Hà Nội,Bán lẻ,CTV địa phương,2022-05-13,20000.0
Quả bí đỏ,Hà Nội,Bán lẻ,CTV địa phương,2022-05-13,18000.0
Chôm chôm đường,Vĩnh Long,Bán buôn,CTV địa phương,2022-05-13,35500.0
Chôm chôm Java,Vĩnh Long,Bán buôn,CTV địa phương,2022-05-13,24500.0
Xoài cát Hòa Lộc,Vĩnh Long,Bán buôn,CTV địa phương,2022-05-13,49000.0
Xoài cát Hòa Lộc,An Giang,Thương lái thu mua,CTV địa phương,2022-05-12,10000.0
Bắp cải,Cần Thơ,Thương lái thu mua,CTV địa phương,2022-05-12,15000.0
Dưa chuột/dưa chuội,Cần Thơ,Thương lái thu mua,CTV địa phương,2022-05-12,8000.0
Mướp,Cần Thơ,Thương lái thu mua,CTV địa phương,2022-05-12,6000.0
Quả bí đỏ,Cần Thơ,Thương lái thu mua,CTV địa phương,2022-05-12,10500.0
Bắp cải,Sơn La,Bán lẻ,CTV địa phương,2022-05-12,13000.0
Cà rốt,Sơn La,Bán lẻ,CTV địa phương,2022-05-12,20000.0
Dưa chuột/dưa chuội,Sơn La,Bán lẻ,CTV địa phương,2022-05-12,18000.0
Khoai tây,Sơn La,Bán lẻ,CTV địa phương,2022-05-12,16000.0
Mồng tơi,Sơn La,Bán lẻ,CTV địa phương,2022-05-12,20000.0
Mướp hương,Sơn La,Bán lẻ,CTV địa phương,2022-05-12,20000.0
Quả bí đỏ,Sơn La,Bán lẻ,CTV địa phương,2022-05-12,15000.0
Su su quả,Sơn La,Bán lẻ,CTV địa phương,2022-05-12,12000.0
Bồn bồn,Cà Mau,Tại chợ,CTV địa phương,2022-05-11,40000.0
Cà rốt,Cà Mau,Tại chợ,CTV địa phương,2022-05-11,25000.0
Dừa,Cà Mau,Tại chợ,CTV địa phương,2022-05-11,100000.0
Dưa chuột/dưa chuội,Cà Mau,Tại chợ,CTV địa phương,2022-05-11,15000.0
Quả bí đỏ,Cà Mau,Tại chợ,CTV địa phương,2022-05-11,10000.0
Bưởi da xanh,Tiền Giang,Thu mua tại vườn,CTV địa phương,2022-05-11,28000.0
Bưởi năm roi,Tiền Giang,Thu mua tại vườn,CTV địa phương,2022-05-11,18000.0
Chuối sim,Tiền Giang,Thu mua tại vườn,CTV địa phương,2022-05-11,9000.0
Đu đủ,Tiền Giang,Thu mua tại vườn,CTV địa phương,2022-05-11,9000.0
Dưa chuột/dưa chuội,Tiền Giang,Thu mua tại vườn,CTV địa phương,2022-05-11,8000.0
Bưởi da xanh,Hà Nội,Bán lẻ,CTV địa phương,2022-05-10,80000.0
Cà rốt,Hà Nội,Bán lẻ,CTV địa phương,2022-05-10,15000.0
Dưa chuột/dưa chuội,Hà Nội,Bán lẻ,CTV địa phương,2022-05-10,20000.0
Khoai tây,Hà Nội,Bán lẻ,CTV địa phương,2022-05-10,17000.0
Măng cụt,Hà Nội,Bán lẻ,CTV địa phương,2022-05-10,50000.0
Mồng tơi,Hà Nội,Bán lẻ,CTV địa phương,2022-05-10,6000.0
Quả bí đỏ,Hà Nội,Bán lẻ,CTV địa phương,2022-05-10,15000.0
Măng cụt,Hậu Giang,Tại chợ,CTV địa phương,2022-05-10,50000.0
Quýt đường,Hậu Giang,Tại chợ,CTV địa phương,2022-05-10,45000.0
Xoài cát Hòa Lộc,Hậu Giang,Tại chợ,CTV địa phương,2022-05-10,25000.0
Bắp cải,Cần Thơ,Thương lái thu mua,CTV địa phương,2022-05-09,15000.0
Dưa chuột/dưa chuội,Cần Thơ,Thương lái thu mua,CTV địa phương,2022-05-09,8000.0
Mướp,Cần Thơ,Thương lái thu mua,CTV địa phương,2022-05-09,6000.0
Quả bí đỏ,Cần Thơ,Thương lái thu mua,CTV địa phương,2022-05-09,10500.0
Bắp cải,Sơn La,Bán lẻ,CTV địa phương,2022-05-09,12000.0
Cà rốt,Sơn La,Bán lẻ,CTV địa phương,2022-05-09,20000.0
Dưa chuột/dưa chuội,Sơn La,Bán lẻ,CTV địa phương,2022-05-09,20000.0
Khoai tây,Sơn La,Bán lẻ,CTV địa phương,2022-05-09,18000.0
Mướp hương,Sơn La,Bán lẻ,CTV địa phương,2022-05-09,25000.0
Quả bí đỏ,Sơn La,Bán lẻ,CTV địa phương,2022-05-09,15000.0
Su su quả,Sơn La,Bán lẻ,CTV địa phương,2022-05-09,15000.0
Bưởi da xanh,Hà Nội,Bán lẻ,CTV địa phương,2022-05-06,80000.0
Cà rốt,Hà Nội,Bán lẻ,CTV địa phương,2022-05-06,15000.0
Dưa chuột/dưa chuội,Hà Nội,Bán lẻ,CTV địa phương,2022-05-06,15000.0
Khoai tây,Hà Nội,Bán lẻ,CTV địa phương,2022-05-06,17000.0
Quả bí đỏ,Hà Nội,Bán lẻ,CTV địa phương,2022-05-06,15000.0
Cam sành (loại 1),Vĩnh Long,Bán buôn,CTV địa phương,2022-05-06,28500.0
Cam sành (loại 2),Vĩnh Long,Bán buôn,CTV địa phương,2022-05-06,25500.0
Chôm chôm đường,Vĩnh Long,Bán buôn,CTV địa phương,2022-05-06,39500.0
Chôm chôm Java,Vĩnh Long,Bán buôn,CTV địa phương,2022-05-06,26500.0
Xoài cát Hòa Lộc,Vĩnh Long,Bán buôn,CTV địa phương,2022-05-06,49000.0
Bắp cải,Sơn La,Bán lẻ,CTV địa phương,2022-05-05,15000.0
Cà rốt,Sơn La,Bán lẻ,CTV địa phương,2022-05-05,20000.0
Dưa chuột/dưa chuội,Sơn La,Bán lẻ,CTV địa phương,2022-05-05,18000.0
Khoai tây,Sơn La,Bán lẻ,CTV địa phương,2022-05-05,18000.0
Mồng tơi,Sơn La,Bán lẻ,CTV địa phương,2022-05-05,20000.0
Mướp đắng,Sơn La,Bán lẻ,CTV địa phương,2022-05-05,30000.0
Mướp hương,Sơn La,Bán lẻ,CTV địa phương,2022-05-05,20000.0
Quả bí đỏ,Sơn La,Bán lẻ,CTV địa phương,2022-05-05,15000.0
Rau cải,Sơn La,Bán lẻ,CTV địa phương,2022-05-05,15000.0
Su su quả,Sơn La,Bán lẻ,CTV địa phương,2022-05-05,15000.0
Bưởi da xanh,Tiền Giang,Thu mua tại vườn,CTV địa phương,2022-05-04,27000.0
Bưởi năm roi,Tiền Giang,Thu mua tại vườn,CTV địa phương,2022-05-04,19000.0
Chuối sim,Tiền Giang,Thu mua tại vườn,CTV địa phương,2022-05-04,10000.0
Đu đủ,Tiền Giang,Thu mua tại vườn,CTV địa phương,2022-05-04,10000.0
Dưa chuột/dưa chuội,Tiền Giang,Thu mua tại vườn,CTV địa phương,2022-05-04,8000.0
Bưởi da xanh,Hà Nội,Bán lẻ,CTV địa phương,2022-04-29,75000.0
Cà rốt,Hà Nội,Bán lẻ,CTV địa phương,2022-04-29,14000.0
Dưa chuột/dưa chuội,Hà Nội,Bán lẻ,CTV địa phương,2022-04-29,15000.0
Khoai tây,Hà Nội,Bán lẻ,CTV địa phương,2022-04-29,17000.0
Quả bí đỏ,Hà Nội,Bán lẻ,CTV địa phương,2022-04-29,20000.0
Rau cải mơ,Hà Nội,Bán lẻ,CTV địa phương,2022-04-29,25000.0
Cam sành (loại 1),Vĩnh Long,Bán buôn,CTV địa phương,2022-04-29,28500.0
Cam sành (loại 2),Vĩnh Long,Bán buôn,CTV địa phương,2022-04-29,25500.0
Chôm chôm đường,Vĩnh Long,Bán buôn,CTV địa phương,2022-04-29,39500.0
Chôm chôm Java,Vĩnh Long,Bán buôn,CTV địa phương,2022-04-29,24500.0
Xoài cát Hòa Lộc,Vĩnh Long,Bán buôn,CTV địa phương,2022-04-29,49000.0
Bắp cải,Cần Thơ,Thương lái thu mua,CTV địa phương,2022-04-28,15000.0
Dưa chuột/dưa chuội,Cần Thơ,Thương lái thu mua,CTV địa phương,2022-04-28,12000.0
Mướp,Cần Thơ,Thương lái thu mua,CTV địa phương,2022-04-28,5000.0
Mướp đắng,Cần Thơ,Thương lái thu mua,CTV địa phương,2022-04-28,18000.0
Quả bí đỏ,Cần Thơ,Thương lái thu mua,CTV địa phương,2022-04-28,11000.0
Trái dứa/thơm (to),Cần Thơ,Thương lái thu mua,CTV địa phương,2022-04-28,12000.0
Bắp cải,Sơn La,Bán lẻ,CTV địa phương,2022-04-28,12000.0
Cà rốt,Sơn La,Bán lẻ,CTV địa phương,2022-04-28,20000.0
Dưa chuột/dưa chuội,Sơn La,Bán lẻ,CTV địa phương,2022-04-28,15000.0
Khoai tây,Sơn La,Bán lẻ,CTV địa phương,2022-04-28,25000.0
Mồng tơi,Sơn La,Bán lẻ,CTV địa phương,2022-04-28,20000.0
Mướp đắng,Sơn La,Bán lẻ,CTV địa phương,2022-04-28,30000.0
Mướp hương,Sơn La,Bán lẻ,CTV địa phương,2022-04-28,20000.0
Quả bí đỏ,Sơn La,Bán lẻ,CTV địa phương,2022-04-28,15000.0
Rau cải,Sơn La,Bán lẻ,CTV địa phương,2022-04-28,15000.0
Su su quả,Sơn La,Bán lẻ,CTV địa phương,2022-04-28,12000.0
Bưởi da xanh,Tiền Giang,Thu mua tại vườn,CTV địa phương,2022-04-27,27000.0
Bưởi năm roi,Tiền Giang,Thu mua tại vườn,CTV địa phương,2022-04-27,19000.0
Chuối sim,Tiền Giang,Thu mua tại vườn,CTV địa phương,2022-04-27,10000.0
Đu đủ,Tiền Giang,Thu mua tại vườn,CTV địa phương,2022-04-27,12000.0
Dưa chuột/dưa chuội,Tiền Giang,Thu mua tại vườn,CTV địa phương,2022-04-27,8000.0
Bưởi da xanh,Hà Nội,Bán lẻ,CTV địa phương,2022-04-26,70000.0
Cà rốt,Hà Nội,Bán lẻ,CTV địa phương,2022-04-26,15000.0
Dưa chuột/dưa chuội,Hà Nội,Bán lẻ,CTV địa phương,2022-04-26,20000.0
Khoai tây,Hà Nội,Bán lẻ,CTV địa phương,2022-04-26,17000.0
Rau cải mơ,Hà Nội,Bán lẻ,CTV địa phương,2022-04-26,30000.0
Dưa hấu (loại 2),Hậu Giang,Tại chợ,CTV địa phương,2022-04-26,4000.0
Măng cụt,Hậu Giang,Tại chợ,CTV địa phương,2022-04-26,50000.0
Quýt đường,Hậu Giang,Tại chợ,CTV địa phương,2022-04-26,45000.0
Xoài cát Hòa Lộc,Hậu Giang,Tại chợ,CTV địa phương,2022-04-26,30000.0
Bắp cải,Sơn La,Bán lẻ,CTV địa phương,2022-04-25,12000.0
Cà rốt,Sơn La,Bán lẻ,CTV địa phương,2022-04-25,20000.0
Dưa chuột/dưa chuội,Sơn La,Bán lẻ,CTV địa phương,2022-04-25,20000.0
Khoai tây,Sơn La,Bán lẻ,CTV địa phương,2022-04-25,18000.0
Mồng tơi,Sơn La,Bán lẻ,CTV địa phương,2022-04-25,20000.0
Mướp đắng,Sơn La,Bán lẻ,CTV địa phương,2022-04-25,30000.0
Mướp hương,Sơn La,Bán lẻ,CTV địa phương,2022-04-25,18000.0
Quả bí đỏ,Sơn La,Bán lẻ,CTV địa phương,2022-04-25,15000.0
Rau cải,Sơn La,Bán lẻ,CTV địa phương,2022-04-25,15000.0
Su su quả,Sơn La,Bán lẻ,CTV địa phương,2022-04-25,20000.0
Cam sành (loại 1),Vĩnh Long,Bán buôn,CTV địa phương,2022-04-22,29500.0
Cam sành (loại 2),Vĩnh Long,Bán buôn,CTV địa phương,2022-04-22,26500.0
Chôm chôm đường,Vĩnh Long,Bán buôn,CTV địa phương,2022-04-22,39500.0
Chôm chôm Java,Vĩnh Long,Bán buôn,CTV địa phương,2022-04-22,26500.0
Xoài cát Hòa Lộc,Vĩnh Long,Bán buôn,CTV địa phương,2022-04-22,52500.0
Dưa chuột/dưa chuội,Cần Thơ,Thương lái thu mua,CTV địa phương,2022-04-21,10000.0
Mướp,Cần Thơ,Thương lái thu mua,CTV địa phương,2022-04-21,5000.0
Mướp đắng,Cần Thơ,Thương lái thu mua,CTV địa phương,2022-04-21,18000.0
Quả bí đỏ,Cần Thơ,Thương lái thu mua,CTV địa phương,2022-04-21,11000.0
Trái dứa/thơm (to),Cần Thơ,Thương lái thu mua,CTV địa phương,2022-04-21,13000.0
Bắp cải,Sơn La,Bán lẻ,CTV địa phương,2022-04-21,12000.0
Cà rốt,Sơn La,Bán lẻ,CTV địa phương,2022-04-21,20000.0
Dưa chuột/dưa chuội,Sơn La,Bán lẻ,CTV địa phương,2022-04-21,20000.0
Khoai tây,Sơn La,Bán lẻ,CTV địa phương,2022-04-21,15000.0
Mồng tơi,Sơn La,Bán lẻ,CTV địa phương,2022-04-21,20000.0
Mướp đắng,Sơn La,Bán lẻ,CTV địa phương,2022-04-21,30000.0
Mướp hương,Sơn La,Bán lẻ,CTV địa phương,2022-04-21,20000.0
Quả bí đỏ,Sơn La,Bán lẻ,CTV địa phương,2022-04-21,15000.0
Rau cải,Sơn La,Bán lẻ,CTV địa phương,2022-04-21,15000.0
Su su quả,Sơn La,Bán lẻ,CTV địa phương,2022-04-21,20000.0
Bưởi da xanh,Tiền Giang,Thu mua tại vườn,CTV địa phương,2022-04-20,26000.0
Bưởi năm roi,Tiền Giang,Thu mua tại vườn,CTV địa phương,2022-04-20,18000.0
Chuối sim,Tiền Giang,Thu mua tại vườn,CTV địa phương,2022-04-20,10000.0
Đu đủ,Tiền Giang,Thu mua tại vườn,CTV địa phương,2022-04-20,12000.0
Dưa chuột/dưa chuội,Tiền Giang,Thu mua tại vườn,CTV địa phương,2022-04-20,8000.0
Cam sành (loại 1),Vĩnh Long,Bán buôn,CTV địa phương,2022-04-15,29500.0
Cam sành (loại 2),Vĩnh Long,Bán buôn,CTV địa phương,2022-04-15,26500.0
Chôm chôm đường,Vĩnh Long,Bán buôn,CTV địa phương,2022-04-15,44500.0
Chôm chôm Java,Vĩnh Long,Bán buôn,CTV địa phương,2022-04-15,29500.0
Xoài cát Hòa Lộc,Vĩnh Long,Bán buôn,CTV địa phương,2022-04-15,52500.0
Dưa chuột/dưa chuội,Cần Thơ,Thương lái thu mua,CTV địa phương,2022-04-14,8000.0
Mướp,Cần Thơ,Thương lái thu mua,CTV địa phương,2022-04-14,5000.0
Mướp đắng,Cần Thơ,Thương lái thu mua,CTV địa phương,2022-04-14,12000.0
Quả bí đỏ,Cần Thơ,Thương lái thu mua,CTV địa phương,2022-04-14,11000.0
Trái dứa/thơm (to),Cần Thơ,Thương lái thu mua,CTV địa phương,2022-04-14,13000.0
Bưởi da xanh,Tiền Giang,Thu mua tại vườn,CTV địa phương,2022-04-13,27000.0
Bưởi năm roi,Tiền Giang,Thu mua tại vườn,CTV địa phương,2022-04-13,18000.0
Chuối sim,Tiền Giang,Thu mua tại vườn,CTV địa phương,2022-04-13,12000.0
Dưa chuột/dưa chuội,Tiền Giang,Thu mua tại vườn,CTV địa phương,2022-04-13,8000.0
Cam sành (loại 1),Vĩnh Long,Bán buôn,CTV địa phương,2022-04-08,29500.0
Cam sành (loại 2),Vĩnh Long,Bán buôn,CTV địa phương,2022-04-08,26500.0
Chôm chôm đường,Vĩnh Long,Bán buôn,CTV địa phương,2022-04-08,39500.0
Xoài cát Hòa Lộc,Vĩnh Long,Bán buôn,CTV địa phương,2022-04-08,52500.0
Dưa chuột/dưa chuội,Cần Thơ,Thương lái thu mua,CTV địa phương,2022-04-07,12000.0
Mướp,Cần Thơ,Thương lái thu mua,CTV địa phương,2022-04-07,5000.0
Mướp đắng,Cần Thơ,Thương lái thu mua,CTV địa phương,2022-04-07,12000.0
Quả bí đỏ,Cần Thơ,Thương lái thu mua,CTV địa phương,2022-04-07,11500.0
Trái dứa/thơm (to),Cần Thơ,Thương lái thu mua,CTV địa phương,2022-04-07,14000.0
Bưởi da xanh,Tiền Giang,Thu mua tại vườn,CTV địa phương,2022-04-06,26000.0
Bưởi năm roi,Tiền Giang,Thu mua tại vườn,CTV địa phương,2022-04-06,18000.0
Chuối sim,Tiền Giang,Thu mua tại vườn,CTV địa phương,2022-04-06,12000.0
Dưa chuột/dưa chuội,Tiền Giang,Thu mua tại vườn,CTV địa phương,2022-04-06,8000.0
Dưa chuột/dưa chuội,Cần Thơ,Thương lái thu mua,CTV địa phương,2022-03-31,10000.0
Mướp,Cần Thơ,Thương lái thu mua,CTV địa phương,2022-03-31,5000.0
Mướp đắng,Cần Thơ,Thương lái thu mua,CTV địa phương,2022-03-31,12000.0
Quả bí đỏ,Cần Thơ,Thương lái thu mua,CTV địa phương,2022-03-31,9500.0
Trái dứa/thơm (to),Cần Thơ,Thương lái thu mua,CTV địa phương,2022-03-31,15000.0
Cam sành (loại 1),Vĩnh Long,Bán buôn,CTV địa phương,2022-03-31,29500.0
Cam sành (loại 2),Vĩnh Long,Bán buôn,CTV địa phương,2022-03-31,26500.0
Chôm chôm đường,Vĩnh Long,Bán buôn,CTV địa phương,2022-03-31,39500.0
Chôm chôm Java,Vĩnh Long,Bán buôn,CTV địa phương,2022-03-31,28500.0
Xoài cát Hòa Lộc,Vĩnh Long,Bán buôn,CTV địa phương,2022-03-31,52500.0
Bưởi da xanh,Tiền Giang,Thu mua tại vườn,CTV địa phương,2022-03-30,25000.0
Bưởi năm roi,Tiền Giang,Thu mua tại vườn,CTV địa phương,2022-03-30,18000.0
Chuối sim,Tiền Giang,Thu mua tại vườn,CTV địa phương,2022-03-30,12000.0
Dưa chuột/dưa chuội,Tiền Giang,Thu mua tại vườn,CTV địa phương,2022-03-30,8000.0
Dưa chuột/dưa chuội,Cần Thơ,Thương lái thu mua,CTV địa phương,2022-03-24,10000.0
Mướp,Cần Thơ,Thương lái thu mua,CTV địa phương,2022-03-24,5000.0
Mướp đắng,Cần Thơ,Thương lái thu mua,CTV địa phương,2022-03-24,12000.0
Quả bí đỏ,Cần Thơ,Thương lái thu mua,CTV địa phương,2022-03-24,9500.0
Trái dứa/thơm (to),Cần Thơ,Thương lái thu mua,CTV địa phương,2022-03-24,15000.0
Cam sành (loại 1),Vĩnh Long,Bán buôn,CTV địa phương,2022-03-24,29500.0
Cam sành (loại 2),Vĩnh Long,Bán buôn,CTV địa phương,2022-03-24,26500.0
Chôm chôm đường,Vĩnh Long,Bán buôn,CTV địa phương,2022-03-24,39500.0
Chôm chôm Java,Vĩnh Long,Bán buôn,CTV địa phương,2022-03-24,28500.0
Xoài cát Hòa Lộc,Vĩnh Long,Bán buôn,CTV địa phương,2022-03-24,52500.0
Bưởi da xanh,Tiền Giang,Thu mua tại vườn,CTV địa phương,2022-03-23,25000.0
Bưởi năm roi,Tiền Giang,Thu mua tại vườn,CTV địa phương,2022-03-23,18000.0
Chuối sim,Tiền Giang,Thu mua tại vườn,CTV địa phương,2022-03-23,12000.0
Dưa chuột/dưa chuội,Tiền Giang,Thu mua tại vườn,CTV địa phương,2022-03-23,8000.0
Dưa chuột/dưa chuội,Cần Thơ,Thương lái thu mua,CTV địa phương,2022-03-17,10000.0
Mướp,Cần Thơ,Thương lái thu mua,CTV địa phương,2022-03-17,6000.0
Mướp đắng,Cần Thơ,Thương lái thu mua,CTV địa phương,2022-03-17,12000.0
Quả bí đỏ,Cần Thơ,Thương lái thu mua,CTV địa phương,2022-03-17,9000.0
Trái dứa/thơm (to),Cần Thơ,Thương lái thu mua,CTV địa phương,2022-03-17,14000.0
Cam sành (loại 1),Vĩnh Long,Bán buôn,CTV địa phương,2022-03-17,29500.0
Cam sành (loại 2),Vĩnh Long,Bán buôn,CTV địa phương,2022-03-17,26500.0
Chôm chôm đường,Vĩnh Long,Bán buôn,CTV địa phương,2022-03-17,39500.0
Chôm chôm Java,Vĩnh Long,Bán buôn,CTV địa phương,2022-03-17,30500.0
Xoài cát Hòa Lộc,Vĩnh Long,Bán buôn,CTV địa phương,2022-03-17,49500.0
Bưởi da xanh,Tiền Giang,Thu mua tại vườn,CTV địa phương,2022-03-16,25000.0
Bưởi năm roi,Tiền Giang,Thu mua tại vườn,CTV địa phương,2022-03-16,18000.0
Chuối sim,Tiền Giang,Thu mua tại vườn,CTV địa phương,2022-03-16,12000.0
Dưa chuột/dưa chuội,Tiền Giang,Thu mua tại vườn,CTV địa phương,2022-03-16,8000.0
Dưa chuột/dưa chuội,Cần Thơ,Thương lái thu mua,CTV địa phương,2022-03-10,5000.0
Mướp,Cần Thơ,Thương lái thu mua,CTV địa phương,2022-03-10,6000.0
Mướp đắng,Cần Thơ,Thương lái thu mua,CTV địa phương,2022-03-10,5000.0
Quả bí đỏ,Cần Thơ,Thương lái thu mua,CTV địa phương,2022-03-10,12000.0
Trái dứa/thơm (to),Cần Thơ,Thương lái thu mua,CTV địa phương,2022-03-10,10000.0
Cam sành (loại 1),Vĩnh Long,Bán buôn,CTV địa phương,2022-03-10,24500.0
Cam sành (loại 2),Vĩnh Long,Bán buôn,CTV địa phương,2022-03-10,21500.0
Chôm chôm đường,Vĩnh Long,Bán buôn,CTV địa phương,2022-03-10,34500.0
Chôm chôm Java,Vĩnh Long,Bán buôn,CTV địa phương,2022-03-10,26500.0
Xoài cát Hòa Lộc,Vĩnh Long,Bán buôn,CTV địa phương,2022-03-10,42500.0
Bưởi da xanh,Tiền Giang,Thu mua tại vườn,CTV địa phương,2022-03-09,25000.0
Bưởi năm roi,Tiền Giang,Thu mua tại vườn,CTV địa phương,2022-03-09,18000.0
Chuối sim,Tiền Giang,Thu mua tại vườn,CTV địa phương,2022-03-09,12000.0
Dưa chuột/dưa chuội,Tiền Giang,Thu mua tại vườn,CTV địa phương,2022-03-09,8000.0
Dưa chuột/dưa chuội,Cần Thơ,Thương lái thu mua,CTV địa phương,2022-03-03,4000.0
Mướp,Cần Thơ,Thương lái thu mua,CTV địa phương,2022-03-03,6000.0
Mướp đắng,Cần Thơ,Thương lái thu mua,CTV địa phương,2022-03-03,5000.0
Quả bí đỏ,Cần Thơ,Thương lái thu mua,CTV địa phương,2022-03-03,14500.0
Trái dứa/thơm (to),Cần Thơ,Thương lái thu mua,CTV địa phương,2022-03-03,10000.0
Cam sành (loại 1),Vĩnh Long,Bán buôn,CTV địa phương,2022-03-03,22500.0
Cam sành (loại 2),Vĩnh Long,Bán buôn,CTV địa phương,2022-03-03,19500.0
Chôm chôm đường,Vĩnh Long,Bán buôn,CTV địa phương,2022-03-03,29500.0
Chôm chôm Java,Vĩnh Long,Bán buôn,CTV địa phương,2022-03-03,21500.0
Xoài cát Hòa Lộc,Vĩnh Long,Bán buôn,CTV địa phương,2022-03-03,42500.0
Bưởi da xanh,Tiền Giang,Thu mua tại vườn,CTV địa phương,2022-03-02,25000.0
Bưởi năm roi,Tiền Giang,Thu mua tại vườn,CTV địa phương,2022-03-02,18000.0
Chuối sim,Tiền Giang,Thu mua tại vườn,CTV địa phương,2022-03-02,12000.0
Dưa chuột/dưa chuội,Tiền Giang,Thu mua tại vườn,CTV địa phương,2022-03-02,8000.0
Dưa chuột/dưa chuội,Cần Thơ,Thương lái thu mua,CTV địa phương,2022-02-24,6000.0
Mướp,Cần Thơ,Thương lái thu mua,CTV địa phương,2022-02-24,4000.0
Mướp đắng,Cần Thơ,Thương lái thu mua,CTV địa phương,2022-02-24,5000.0
Quả bí đỏ,Cần Thơ,Thương lái thu mua,CTV địa phương,2022-02-24,16500.0
Trái dứa/thơm (to),Cần Thơ,Thương lái thu mua,CTV địa phương,2022-02-24,12000.0
Cam sành (loại 1),Vĩnh Long,Bán buôn,CTV địa phương,2022-02-24,20500.0
Cam sành (loại 2),Vĩnh Long,Bán buôn,CTV địa phương,2022-02-24,17500.0
Chôm chôm đường,Vĩnh Long,Bán buôn,CTV địa phương,2022-02-24,29500.0
Chôm chôm Java,Vĩnh Long,Bán buôn,CTV địa phương,2022-02-24,18500.0
Xoài cát Hòa Lộc,Vĩnh Long,Bán buôn,CTV địa phương,2022-02-24,42500.0
Bưởi da xanh,Tiền Giang,Thu mua tại vườn,CTV địa phương,2022-02-23,26000.0
Bưởi năm roi,Tiền Giang,Thu mua tại vườn,CTV địa phương,2022-02-23,19000.0
Chuối sim,Tiền Giang,Thu mua tại vườn,CTV địa phương,2022-02-23,12000.0
Dưa chuột/dưa chuội,Tiền Giang,Thu mua tại vườn,CTV địa phương,2022-02-23,9000.0
Dưa chuột/dưa chuội,Cần Thơ,Thương lái thu mua,CTV địa phương,2022-02-17,4000.0
Mướp đắng,Cần Thơ,Thương lái thu mua,CTV địa phương,2022-02-17,8000.0
Quả bí đỏ,Cần Thơ,Thương lái thu mua,CTV địa phương,2022-02-17,9000.0
Cam sành (loại 1),Vĩnh Long,Bán buôn,CTV địa phương,2022-02-17,21000.0
Cam sành (loại 2),Vĩnh Long,Bán buôn,CTV địa phương,2022-02-17,18000.0
Chôm chôm đường,Vĩnh Long,Bán buôn,CTV địa phương,2022-02-17,29000.0
Chôm chôm Java,Vĩnh Long,Bán buôn,CTV địa phương,2022-02-17,20000.0
Xoài cát Hòa Lộc,Vĩnh Long,Bán buôn,CTV địa phương,2022-02-17,45000.0
Bưởi da xanh,Tiền Giang,Thu mua tại vườn,CTV địa phương,2022-02-16,27000.0
Bưởi năm roi,Tiền Giang,Thu mua tại vườn,CTV địa phương,2022-02-16,20000.0
Chuối sim,Tiền Giang,Thu mua tại vườn,CTV địa phương,2022-02-16,11000.0
Dưa chuột/dưa chuội,Tiền Giang,Thu mua tại vườn,CTV địa phương,2022-02-16,9000.0
Dưa chuột/dưa chuội,Cần Thơ,Thương lái thu mua,CTV địa phương,2022-02-10,12500.0
Mướp,Cần Thơ,Thương lái thu mua,CTV địa phương,2022-02-10,7000.0
Mướp đắng,Cần Thơ,Thương lái thu mua,CTV địa phương,2022-02-10,25000.0
Quả bí đỏ,Cần Thơ,Thương lái thu mua,CTV địa phương,2022-02-10,12500.0
Cam sành (loại 1),Vĩnh Long,Bán buôn,CTV địa phương,2022-02-10,18500.0
Cam sành (loại 2),Vĩnh Long,Bán buôn,CTV địa phương,2022-02-10,15500.0
Chôm chôm đường,Vĩnh Long,Bán buôn,CTV địa phương,2022-02-10,28500.0
Chôm chôm Java,Vĩnh Long,Bán buôn,CTV địa phương,2022-02-10,21500.0
Xoài cát Hòa Lộc,Vĩnh Long,Bán buôn,CTV địa phương,2022-02-10,42500.0
Bưởi da xanh,Tiền Giang,Thu mua tại vườn,CTV địa phương,2022-02-09,27000.0
Bưởi năm roi,Tiền Giang,Thu mua tại vườn,CTV địa phương,2022-02-09,19000.0
Chuối sim,Tiền Giang,Thu mua tại vườn,CTV địa phương,2022-02-09,11000.0
Dưa chuột/dưa chuội,Tiền Giang,Thu mua tại vườn,CTV địa phương,2022-02-09,9000.0
Dưa chuột/dưa chuội,Cần Thơ,Thương lái thu mua,CTV địa phương,2022-01-27,12500.0
Mướp,Cần Thơ,Thương lái thu mua,CTV địa phương,2022-01-27,7000.0
Mướp đắng,Cần Thơ,Thương lái thu mua,CTV địa phương,2022-01-27,25000.0
Quả bí đỏ,Cần Thơ,Thương lái thu mua,CTV địa phương,2022-01-27,12500.0
Cam sành (loại 1),Vĩnh Long,Bán buôn,CTV địa phương,2022-01-27,18500.0
Cam sành (loại 2),Vĩnh Long,Bán buôn,CTV địa phương,2022-01-27,15500.0
Chôm chôm đường,Vĩnh Long,Bán buôn,CTV địa phương,2022-01-27,26500.0
Chôm chôm Java,Vĩnh Long,Bán buôn,CTV địa phương,2022-01-27,18500.0
Xoài cát Hòa Lộc,Vĩnh Long,Bán buôn,CTV địa phương,2022-01-27,42500.0
Bưởi da xanh,Tiền Giang,Thu mua tại vườn,CTV địa phương,2022-01-26,28000.0
Bưởi năm roi,Tiền Giang,Thu mua tại vườn,CTV địa phương,2022-01-26,20000.0
Chuối sim,Tiền Giang,Thu mua tại vườn,CTV địa phương,2022-01-26,11000.0
Dưa chuột/dưa chuội,Tiền Giang,Thu mua tại vườn,CTV địa phương,2022-01-26,8000.0
Dưa chuột/dưa chuội,Cần Thơ,Thương lái thu mua,CTV địa phương,2022-01-20,12000.0
Mướp,Cần Thơ,Thương lái thu mua,CTV địa phương,2022-01-20,7000.0
Mướp đắng,Cần Thơ,Thương lái thu mua,CTV địa phương,2022-01-20,22000.0
Quả bí đỏ,Cần Thơ,Thương lái thu mua,CTV địa phương,2022-01-20,11500.0
Cam sành (loại 1),Vĩnh Long,Bán buôn,CTV địa phương,2022-01-20,17500.0
Cam sành (loại 2),Vĩnh Long,Bán buôn,CTV địa phương,2022-01-20,14500.0
Chôm chôm đường,Vĩnh Long,Bán buôn,CTV địa phương,2022-01-20,25500.0
Chôm chôm Java,Vĩnh Long,Bán buôn,CTV địa phương,2022-01-20,18500.0
Xoài cát Hòa Lộc,Vĩnh Long,Bán buôn,CTV địa phương,2022-01-20,42500.0
Bưởi da xanh,Tiền Giang,Thu mua tại vườn,CTV địa phương,2022-01-19,27000.0
Bưởi năm roi,Tiền Giang,Thu mua tại vườn,CTV địa phương,2022-01-19,18000.0
Dưa chuột/dưa chuội,Cần Thơ,Thương lái thu mua,CTV địa phương,2022-01-13,12000.0
Mướp,Cần Thơ,Thương lái thu mua,CTV địa phương,2022-01-13,7000.0
Mướp đắng,Cần Thơ,Thương lái thu mua,CTV địa phương,2022-01-13,20000.0
Quả bí đỏ,Cần Thơ,Thương lái thu mua,CTV địa phương,2022-01-13,11500.0
Cam sành (loại 1),Vĩnh Long,Bán buôn,CTV địa phương,2022-01-13,18500.0
Cam sành (loại 2),Vĩnh Long,Bán buôn,CTV địa phương,2022-01-13,15500.0
Chôm chôm đường,Vĩnh Long,Bán buôn,CTV địa phương,2022-01-13,24500.0
Chôm chôm Java,Vĩnh Long,Bán buôn,CTV địa phương,2022-01-13,17500.0
Xoài cát Hòa Lộc,Vĩnh Long,Bán buôn,CTV địa phương,2022-01-13,42500.0
Bưởi da xanh,Tiền Giang,Thu mua tại vườn,CTV địa phương,2022-01-12,9000.0
Bưởi năm roi,Tiền Giang,Thu mua tại vườn,CTV địa phương,2022-01-12,20000.0
Chôm chôm Java,Tiền Giang,Thu mua tại vườn,CTV địa phương,2022-01-12,20000.0
Măng cụt,Tiền Giang,Thu mua tại vườn,CTV địa phương,2022-01-12,48000.0
Dưa chuột/dưa chuội,Cần Thơ,Thương lái thu mua,CTV địa phương,2022-01-06,13000.0
Mướp,Cần Thơ,Thương lái thu mua,CTV địa phương,2022-01-06,8000.0
Mướp đắng,Cần Thơ,Thương lái thu mua,CTV địa phương,2022-01-06,23000.0
Quả bí đỏ,Cần Thơ,Thương lái thu mua,CTV địa phương,2022-01-06,13500.0
Cam sành (loại 1),Vĩnh Long,Bán buôn,CTV địa phương,2022-01-06,18500.0
Cam sành (loại 2),Vĩnh Long,Bán buôn,CTV địa phương,2022-01-06,15500.0
Chôm chôm đường,Vĩnh Long,Bán buôn,CTV địa phương,2022-01-06,25500.0
Chôm chôm Java,Vĩnh Long,Bán buôn,CTV địa phương,2022-01-06,14500.0
Xoài cát Hòa Lộc,Vĩnh Long,Bán buôn,CTV địa phương,2022-01-06,42500.0
Bắp cải,Hà Nội,Bán lẻ,CTV địa phương,2021-12-31,10000.0
Bưởi da xanh,Hà Nội,Bán lẻ,CTV địa phương,2021-12-31,60000.0
Cà rốt,Hà Nội,Bán lẻ,CTV địa phương,2021-12-31,16000.0
Dưa chuột/dưa chuội,Hà Nội,Bán lẻ,CTV địa phương,2021-12-31,20000.0
Khoai tây,Hà Nội,Bán lẻ,CTV địa phương,2021-12-31,17000.0
Mồng tơi,Hà Nội,Bán lẻ,CTV địa phương,2021-12-31,6000.0
Quả bí đỏ,Hà Nội,Bán lẻ,CTV địa phương,2021-12-31,17000.0
Cam sành (loại 1),Vĩnh Long,Bán buôn,CTV địa phương,2021-12-31,18500.0
Cam sành (loại 2),Vĩnh Long,Bán buôn,CTV địa phương,2021-12-31,15500.0
Chôm chôm đường,Vĩnh Long,Bán buôn,CTV địa phương,2021-12-31,24500.0
Chôm chôm Java,Vĩnh Long,Bán buôn,CTV địa phương,2021-12-31,14500.0
Xoài cát Hòa Lộc,Vĩnh Long,Bán buôn,CTV địa phương,2021-12-31,42500.0
Bắp cải,Hà Nội,Bán lẻ,CTV địa phương,2021-12-30,15000.0
Bưởi da xanh,Hà Nội,Bán lẻ,CTV địa phương,2021-12-30,50000.0
Cà rốt,Hà Nội,Bán lẻ,CTV địa phương,2021-12-30,15000.0
Dưa chuột/dưa chuội,Hà Nội,Bán lẻ,CTV địa phương,2021-12-30,20000.0
Khoai tây,Hà Nội,Bán lẻ,CTV địa phương,2021-12-30,16000.0
Mồng tơi,Hà Nội,Bán lẻ,CTV địa phương,2021-12-30,7000.0
Quả bí đỏ,Hà Nội,Bán lẻ,CTV địa phương,2021-12-30,17000.0
Bắp cải,Sơn La,Bán lẻ,CTV địa phương,2021-12-30,15000.0
Bưởi da xanh,Sơn La,Bán lẻ,CTV địa phương,2021-12-30,30000.0
Cà rốt,Sơn La,Bán lẻ,CTV địa phương,2021-12-30,15000.0
Dưa chuột/dưa chuội,Sơn La,Bán lẻ,CTV địa phương,2021-12-30,18000.0
Khoai tây,Sơn La,Bán lẻ,CTV địa phương,2021-12-30,18000.0
Mồng tơi,Sơn La,Bán lẻ,CTV địa phương,2021-12-30,15000.0
Mướp đắng,Sơn La,Bán lẻ,CTV địa phương,2021-12-30,25000.0
Mướp hương,Sơn La,Bán lẻ,CTV địa phương,2021-12-30,18000.0
Quả bí đỏ,Sơn La,Bán lẻ,CTV địa phương,2021-12-30,14000.0
Rau cải,Sơn La,Bán lẻ,CTV địa phương,2021-12-30,10000.0
Su su quả,Sơn La,Bán lẻ,CTV địa phương,2021-12-30,18000.0
Bưởi da xanh,Tiền Giang,Thu mua tại vườn,CTV địa phương,2021-12-29,23000.0
Bưởi năm roi,Tiền Giang,Thu mua tại vườn,CTV địa phương,2021-12-29,15000.0
Chuối sim,Tiền Giang,Thu mua tại vườn,CTV địa phương,2021-12-29,10000.0
Dưa chuột/dưa chuội,Tiền Giang,Thu mua tại vườn,CTV địa phương,2021-12-29,9000.0
Bắp cải,Hà Nội,Bán lẻ,CTV địa phương,2021-12-28,15000.0
Bưởi da xanh,Hà Nội,Bán lẻ,CTV địa phương,2021-12-28,50000.0
Cà rốt,Hà Nội,Bán lẻ,CTV địa phương,2021-12-28,15000.0
Dưa chuột/dưa chuội,Hà Nội,Bán lẻ,CTV địa phương,2021-12-28,20000.0
Khoai tây,Hà Nội,Bán lẻ,CTV địa phương,2021-12-28,16000.0
Mồng tơi,Hà Nội,Bán lẻ,CTV địa phương,2021-12-28,7000.0
Quả bí đỏ,Hà Nội,Bán lẻ,CTV địa phương,2021-12-28,17000.0
Bắp cải,Sơn La,Bán lẻ,CTV địa phương,2021-12-28,15000.0
Bưởi da xanh,Sơn La,Bán lẻ,CTV địa phương,2021-12-28,30000.0
Cà rốt,Sơn La,Bán lẻ,CTV địa phương,2021-12-28,15000.0
Dưa chuột/dưa chuội,Sơn La,Bán lẻ,CTV địa phương,2021-12-28,18000.0
Khoai tây,Sơn La,Bán lẻ,CTV địa phương,2021-12-28,18000.0
Mồng tơi,Sơn La,Bán lẻ,CTV địa phương,2021-12-28,15000.0
Mướp đắng,Sơn La,Bán lẻ,CTV địa phương,2021-12-28,25000.0
Mướp hương,Sơn La,Bán lẻ,CTV địa phương,2021-12-28,18000.0
Quả bí đỏ,Sơn La,Bán lẻ,CTV địa phương,2021-12-28,15000.0
Rau cải,Sơn La,Bán lẻ,CTV địa phương,2021-12-28,12000.0
Su su quả,Sơn La,Bán lẻ,CTV địa phương,2021-12-28,18000.0
Dưa chuột/dưa chuội,Cần Thơ,Thương lái thu mua,CTV địa phương,2021-12-27,8000.0
Mướp,Cần Thơ,Thương lái thu mua,CTV địa phương,2021-12-27,16000.0
Mướp đắng,Cần Thơ,Thương lái thu mua,CTV địa phương,2021-12-27,18000.0
Quả bí đỏ,Cần Thơ,Thương lái thu mua,CTV địa phương,2021-12-27,14000.0
Trái dứa/thơm (to),Cần Thơ,Thương lái thu mua,CTV địa phương,2021-12-27,13000.0
Bắp cải,Sơn La,Bán lẻ,CTV địa phương,2021-12-27,15000.0
Bưởi da xanh,Sơn La,Bán lẻ,CTV địa phương,2021-12-27,30000.0
Cà rốt,Sơn La,Bán lẻ,CTV địa phương,2021-12-27,15000.0
Dưa chuột/dưa chuội,Sơn La,Bán lẻ,CTV địa phương,2021-12-27,18000.0
Khoai tây,Sơn La,Bán lẻ,CTV địa phương,2021-12-27,18000.0
Mồng tơi,Sơn La,Bán lẻ,CTV địa phương,2021-12-27,15000.0
Mướp đắng,Sơn La,Bán lẻ,CTV địa phương,2021-12-27,25000.0
Mướp hương,Sơn La,Bán lẻ,CTV địa phương,2021-12-27,18000.0
Quả bí đỏ,Sơn La,Bán lẻ,CTV địa phương,2021-12-27,15000.0
Rau cải,Sơn La,Bán lẻ,CTV địa phương,2021-12-27,12000.0
Su su quả,Sơn La,Bán lẻ,CTV địa phương,2021-12-27,18000.0
Bắp cải,Hà Nội,Bán lẻ,CTV địa phương,2021-12-24,15000.0
Bưởi da xanh,Hà Nội,Bán lẻ,CTV địa phương,2021-12-24,60000.0
Cà rốt,Hà Nội,Bán lẻ,CTV địa phương,2021-12-24,15000.0
Dưa chuột/dưa chuội,Hà Nội,Bán lẻ,CTV địa phương,2021-12-24,20000.0
Khoai tây,Hà Nội,Bán lẻ,CTV địa phương,2021-12-24,18000.0
Mồng tơi,Hà Nội,Bán lẻ,CTV địa phương,2021-12-24,7000.0
Quả bí đỏ,Hà Nội,Bán lẻ,CTV địa phương,2021-12-24,16000.0
Cam sành (loại 1),Vĩnh Long,Bán buôn,CTV địa phương,2021-12-24,18500.0
Cam sành (loại 2),Vĩnh Long,Bán buôn,CTV địa phương,2021-12-24,15500.0
Chôm chôm đường,Vĩnh Long,Bán buôn,CTV địa phương,2021-12-24,29500.0
Chôm chôm Java,Vĩnh Long,Bán buôn,CTV địa phương,2021-12-24,16500.0
Xoài cát Hòa Lộc,Vĩnh Long,Bán buôn,CTV địa phương,2021-12-24,42500.0
Bắp cải,Hà Nội,Bán lẻ,CTV địa phương,2021-12-23,16000.0
Bưởi da xanh,Hà Nội,Bán lẻ,CTV địa phương,2021-12-23,55000.0
Cà rốt,Hà Nội,Bán lẻ,CTV địa phương,2021-12-23,15000.0
Dưa chuột/dưa chuội,Hà Nội,Bán lẻ,CTV địa phương,2021-12-23,25000.0
Khoai tây,Hà Nội,Bán lẻ,CTV địa phương,2021-12-23,17000.0
Mồng tơi,Hà Nội,Bán lẻ,CTV địa phương,2021-12-23,7000.0
Quả bí đỏ,Hà Nội,Bán lẻ,CTV địa phương,2021-12-23,16000.0
Bắp cải,Sơn La,Bán lẻ,CTV địa phương,2021-12-23,18000.0
Cà rốt,Sơn La,Bán lẻ,CTV địa phương,2021-12-23,20000.0
Dưa chuột/dưa chuội,Sơn La,Bán lẻ,CTV địa phương,2021-12-23,20000.0
Khoai tây,Sơn La,Bán lẻ,CTV địa phương,2021-12-23,15000.0
Mồng tơi,Sơn La,Bán lẻ,CTV địa phương,2021-12-23,15000.0
Mướp đắng,Sơn La,Bán lẻ,CTV địa phương,2021-12-23,30000.0
Mướp hương,Sơn La,Bán lẻ,CTV địa phương,2021-12-23,18000.0
Quả bí đỏ,Sơn La,Bán lẻ,CTV địa phương,2021-12-23,16500.0
Rau cải,Sơn La,Bán lẻ,CTV địa phương,2021-12-23,15000.0
Su su quả,Sơn La,Bán lẻ,CTV địa phương,2021-12-23,15000.0
Bưởi da xanh,Tiền Giang,Thu mua tại vườn,CTV địa phương,2021-12-22,22000.0
Chuối sim,Tiền Giang,Thu mua tại vườn,CTV địa phương,2021-12-22,10000.0
Dưa chuột/dưa chuội,Tiền Giang,Thu mua tại vườn,CTV địa phương,2021-12-22,9000.0
Bắp cải,Hà Nội,Bán lẻ,CTV địa phương,2021-12-21,15000.0
Bưởi da xanh,Hà Nội,Bán lẻ,CTV địa phương,2021-12-21,50000.0
Cà rốt,Hà Nội,Bán lẻ,CTV địa phương,2021-12-21,15000.0
Dưa chuột/dưa chuội,Hà Nội,Bán lẻ,CTV địa phương,2021-12-21,20000.0
Khoai tây,Hà Nội,Bán lẻ,CTV địa phương,2021-12-21,17000.0
Mồng tơi,Hà Nội,Bán lẻ,CTV địa phương,2021-12-21,7000.0
Quả bí đỏ,Hà Nội,Bán lẻ,CTV địa phương,2021-12-21,17000.0
Bắp cải,Sơn La,Bán lẻ,CTV địa phương,2021-12-21,18000.0
Cà rốt,Sơn La,Bán lẻ,CTV địa phương,2021-12-21,20000.0
Dưa chuột/dưa chuội,Sơn La,Bán lẻ,CTV địa phương,2021-12-21,20000.0
Khoai tây,Sơn La,Bán lẻ,CTV địa phương,2021-12-21,15000.0
Mồng tơi,Sơn La,Bán lẻ,CTV địa phương,2021-12-21,15000.0
Mướp đắng,Sơn La,Bán lẻ,CTV địa phương,2021-12-21,30000.0
Mướp hương,Sơn La,Bán lẻ,CTV địa phương,2021-12-21,18000.0
Quả bí đỏ,Sơn La,Bán lẻ,CTV địa phương,2021-12-21,16500.0
Rau cải,Sơn La,Bán lẻ,CTV địa phương,2021-12-21,15000.0
Su su quả,Sơn La,Bán lẻ,CTV địa phương,2021-12-21,15000.0
Dưa chuột/dưa chuội,Cần Thơ,Thương lái thu mua,CTV địa phương,2021-12-20,13000.0
Mướp,Cần Thơ,Thương lái thu mua,CTV địa phương,2021-12-20,15000.0
Mướp đắng,Cần Thơ,Thương lái thu mua,CTV địa phương,2021-12-20,16000.0
Quả bí đỏ,Cần Thơ,Thương lái thu mua,CTV địa phương,2021-12-20,16000.0
Trái dứa/thơm (to),Cần Thơ,Thương lái thu mua,CTV địa phương,2021-12-20,14000.0
Dưa chuột/dưa chuội,Sơn La,Bán lẻ,CTV địa phương,2021-12-20,20000.0
Khoai tây,Sơn La,Bán lẻ,CTV địa phương,2021-12-20,20000.0
Mồng tơi,Sơn La,Bán lẻ,CTV địa phương,2021-12-20,15000.0
Mướp đắng,Sơn La,Bán lẻ,CTV địa phương,2021-12-20,30000.0
Mướp hương,Sơn La,Bán lẻ,CTV địa phương,2021-12-20,18000.0
Quả bí đỏ,Sơn La,Bán lẻ,CTV địa phương,2021-12-20,16500.0
Rau cải,Sơn La,Bán lẻ,CTV địa phương,2021-12-20,15000.0
Su su quả,Sơn La,Bán lẻ,CTV địa phương,2021-12-20,20000.0
Bắp cải,Hà Nội,Bán lẻ,CTV địa phương,2021-12-17,15000.0
Bưởi da xanh,Hà Nội,Bán lẻ,CTV địa phương,2021-12-17,50000.0
Cà rốt,Hà Nội,Bán lẻ,CTV địa phương,2021-12-17,15000.0
Dưa chuột/dưa chuội,Hà Nội,Bán lẻ,CTV địa phương,2021-12-17,22000.0
Khoai tây,Hà Nội,Bán lẻ,CTV địa phương,2021-12-17,15000.0
Mồng tơi,Hà Nội,Bán lẻ,CTV địa phương,2021-12-17,7000.0
Quả bí đỏ,Hà Nội,Bán lẻ,CTV địa phương,2021-12-17,18000.0
Cam sành (loại 1),Vĩnh Long,Bán buôn,CTV địa phương,2021-12-17,18500.0
Cam sành (loại 2),Vĩnh Long,Bán buôn,CTV địa phương,2021-12-17,15500.0
Chôm chôm đường,Vĩnh Long,Bán buôn,CTV địa phương,2021-12-17,29500.0
Chôm chôm Java,Vĩnh Long,Bán buôn,CTV địa phương,2021-12-17,16500.0
Xoài cát Hòa Lộc,Vĩnh Long,Bán buôn,CTV địa phương,2021-12-17,42500.0
Bắp cải,Hà Nội,Bán lẻ,CTV địa phương,2021-12-16,16000.0
Bưởi da xanh,Hà Nội,Bán lẻ,CTV địa phương,2021-12-16,60000.0
Cà rốt,Hà Nội,Bán lẻ,CTV địa phương,2021-12-16,15000.0
Dưa chuột/dưa chuội,Hà Nội,Bán lẻ,CTV địa phương,2021-12-16,20000.0
Khoai tây,Hà Nội,Bán lẻ,CTV địa phương,2021-12-16,20000.0
Mồng tơi,Hà Nội,Bán lẻ,CTV địa phương,2021-12-16,7000.0
Quả bí đỏ,Hà Nội,Bán lẻ,CTV địa phương,2021-12-16,17000.0
Dưa chuột/dưa chuội,Sơn La,Bán lẻ,CTV địa phương,2021-12-16,20000.0
Khoai tây,Sơn La,Bán lẻ,CTV địa phương,2021-12-16,20000.0
Mồng tơi,Sơn La,Bán lẻ,CTV địa phương,2021-12-16,15000.0
Mướp đắng,Sơn La,Bán lẻ,CTV địa phương,2021-12-16,30000.0
Mướp hương,Sơn La,Bán lẻ,CTV địa phương,2021-12-16,18000.0
Quả bí đỏ,Sơn La,Bán lẻ,CTV địa phương,2021-12-16,16500.0
Rau cải,Sơn La,Bán lẻ,CTV địa phương,2021-12-16,15000.0
Su su quả,Sơn La,Bán lẻ,CTV địa phương,2021-12-16,20000.0
Bưởi da xanh,Tiền Giang,Thu mua tại vườn,CTV địa phương,2021-12-15,23000.0
Chuối sim,Tiền Giang,Thu mua tại vườn,CTV địa phương,2021-12-15,9500.0
Dưa chuột/dưa chuội,Tiền Giang,Thu mua tại vườn,CTV địa phương,2021-12-15,14000.0
Bắp cải,Hà Nội,Bán lẻ,CTV địa phương,2021-12-14,16000.0
Bưởi da xanh,Hà Nội,Bán lẻ,CTV địa phương,2021-12-14,45000.0
Cà rốt,Hà Nội,Bán lẻ,CTV địa phương,2021-12-14,15000.0
Dưa chuột/dưa chuội,Hà Nội,Bán lẻ,CTV địa phương,2021-12-14,20000.0
Khoai tây,Hà Nội,Bán lẻ,CTV địa phương,2021-12-14,15000.0
Mồng tơi,Hà Nội,Bán lẻ,CTV địa phương,2021-12-14,8000.0
Quả bí đỏ,Hà Nội,Bán lẻ,CTV địa phương,2021-12-14,15000.0
Dưa chuột/dưa chuội,Sơn La,Bán lẻ,CTV địa phương,2021-12-14,20000.0
Khoai tây,Sơn La,Bán lẻ,CTV địa phương,2021-12-14,20000.0
Mồng tơi,Sơn La,Bán lẻ,CTV địa phương,2021-12-14,15000.0
Mướp đắng,Sơn La,Bán lẻ,CTV địa phương,2021-12-14,30000.0
Mướp hương,Sơn La,Bán lẻ,CTV địa phương,2021-12-14,18000.0
Quả bí đỏ,Sơn La,Bán lẻ,CTV địa phương,2021-12-14,16500.0
Rau cải,Sơn La,Bán lẻ,CTV địa phương,2021-12-14,15000.0
Su su quả,Sơn La,Bán lẻ,CTV địa phương,2021-12-14,20000.0
Dưa chuột/dưa chuội,Cần Thơ,Thương lái thu mua,CTV địa phương,2021-12-13,13000.0
Mướp,Cần Thơ,Thương lái thu mua,CTV địa phương,2021-12-13,15000.0
Quả bí đỏ,Cần Thơ,Thương lái thu mua,CTV địa phương,2021-12-13,16000.0
Trái dứa/thơm (to),Cần Thơ,Thương lái thu mua,CTV địa phương,2021-12-13,13000.0
Dưa chuột/dưa chuội,Sơn La,Bán lẻ,CTV địa phương,2021-12-13,20000.0
Khoai tây,Sơn La,Bán lẻ,CTV địa phương,2021-12-13,20000.0
Mồng tơi,Sơn La,Bán lẻ,CTV địa phương,2021-12-13,15000.0
Mướp đắng,Sơn La,Bán lẻ,CTV địa phương,2021-12-13,30000.0
Mướp hương,Sơn La,Bán lẻ,CTV địa phương,2021-12-13,18000.0
Quả bí đỏ,Sơn La,Bán lẻ,CTV địa phương,2021-12-13,16500.0
Rau cải,Sơn La,Bán lẻ,CTV địa phương,2021-12-13,15000.0
Su su quả,Sơn La,Bán lẻ,CTV địa phương,2021-12-13,20000.0
Bắp cải,Hà Nội,Bán lẻ,CTV địa phương,2021-12-10,15000.0
Bưởi da xanh,Hà Nội,Bán lẻ,CTV địa phương,2021-12-10,45000.0
Cà rốt,Hà Nội,Bán lẻ,CTV địa phương,2021-12-10,15000.0
Dưa chuột/dưa chuội,Hà Nội,Bán lẻ,CTV địa phương,2021-12-10,20000.0
Khoai tây,Hà Nội,Bán lẻ,CTV địa phương,2021-12-10,15000.0
Quả bí đỏ,Hà Nội,Bán lẻ,CTV địa phương,2021-12-10,17000.0
Cam sành (loại 1),Vĩnh Long,Bán buôn,CTV địa phương,2021-12-10,18500.0
Cam sành (loại 2),Vĩnh Long,Bán buôn,CTV địa phương,2021-12-10,15500.0
Chôm chôm đường,Vĩnh Long,Bán buôn,CTV địa phương,2021-12-10,29500.0
Chôm chôm Java,Vĩnh Long,Bán buôn,CTV địa phương,2021-12-10,16500.0
Xoài cát Hòa Lộc,Vĩnh Long,Bán buôn,CTV địa phương,2021-12-10,42500.0
Bắp cải,Hà Nội,Bán lẻ,CTV địa phương,2021-12-09,15000.0
Bưởi da xanh,Hà Nội,Bán lẻ,CTV địa phương,2021-12-09,45000.0
Cà rốt,Hà Nội,Bán lẻ,CTV địa phương,2021-12-09,15000.0
Dưa chuột/dưa chuội,Hà Nội,Bán lẻ,CTV địa phương,2021-12-09,20000.0
Khoai tây,Hà Nội,Bán lẻ,CTV địa phương,2021-12-09,15000.0
Quả bí đỏ,Hà Nội,Bán lẻ,CTV địa phương,2021-12-09,17000.0
Dưa chuột/dưa chuội,Sơn La,Bán lẻ,CTV địa phương,2021-12-09,20000.0
Khoai tây,Sơn La,Bán lẻ,CTV địa phương,2021-12-09,20000.0
Mồng tơi,Sơn La,Bán lẻ,CTV địa phương,2021-12-09,15000.0
Mướp đắng,Sơn La,Bán lẻ,CTV địa phương,2021-12-09,30000.0
Mướp hương,Sơn La,Bán lẻ,CTV địa phương,2021-12-09,18000.0
Quả bí đỏ,Sơn La,Bán lẻ,CTV địa phương,2021-12-09,16500.0
Rau cải,Sơn La,Bán lẻ,CTV địa phương,2021-12-09,15000.0
Su su quả,Sơn La,Bán lẻ,CTV địa phương,2021-12-09,20000.0
Bưởi da xanh,Tiền Giang,Thu mua tại vườn,CTV địa phương,2021-12-08,23000.0
Chuối sim,Tiền Giang,Thu mua tại vườn,CTV địa phương,2021-12-08,9000.0
Dưa chuột/dưa chuội,Tiền Giang,Thu mua tại vườn,CTV địa phương,2021-12-08,9000.0
Bắp cải,Hà Nội,Bán lẻ,CTV địa phương,2021-12-07,15000.0
Bưởi da xanh,Hà Nội,Bán lẻ,CTV địa phương,2021-12-07,50000.0
Cà rốt,Hà Nội,Bán lẻ,CTV địa phương,2021-12-07,15000.0
Dưa chuột/dưa chuội,Hà Nội,Bán lẻ,CTV địa phương,2021-12-07,20000.0
Khoai tây,Hà Nội,Bán lẻ,CTV địa phương,2021-12-07,18000.0
Quả bí đỏ,Hà Nội,Bán lẻ,CTV địa phương,2021-12-07,17000.0
Dưa chuột/dưa chuội,Sơn La,Bán lẻ,CTV địa phương,2021-12-07,20000.0
Khoai tây,Sơn La,Bán lẻ,CTV địa phương,2021-12-07,20000.0
Mồng tơi,Sơn La,Bán lẻ,CTV địa phương,2021-12-07,15000.0
Mướp đắng,Sơn La,Bán lẻ,CTV địa phương,2021-12-07,30000.0
Mướp hương,Sơn La,Bán lẻ,CTV địa phương,2021-12-07,18000.0
Quả bí đỏ,Sơn La,Bán lẻ,CTV địa phương,2021-12-07,16500.0
Rau cải,Sơn La,Bán lẻ,CTV địa phương,2021-12-07,15000.0
Su su quả,Sơn La,Bán lẻ,CTV địa phương,2021-12-07,20000.0
Bắp cải,Cần Thơ,Thương lái thu mua,CTV địa phương,2021-12-06,18000.0
Dưa chuột/dưa chuội,Cần Thơ,Thương lái thu mua,CTV địa phương,2021-12-06,15000.0
Mướp,Cần Thơ,Thương lái thu mua,CTV địa phương,2021-12-06,14000.0
Mướp đắng,Cần Thơ,Thương lái thu mua,CTV địa phương,2021-12-06,13000.0
Quả bí đỏ,Cần Thơ,Thương lái thu mua,CTV địa phương,2021-12-06,15000.0
Trái dứa/thơm (to),Cần Thơ,Thương lái thu mua,CTV địa phương,2021-12-06,13000.0
Dưa chuột/dưa chuội,Sơn La,Bán lẻ,CTV địa phương,2021-12-06,20000.0
Khoai tây,Sơn La,Bán lẻ,CTV địa phương,2021-12-06,20000.0
Mồng tơi,Sơn La,Bán lẻ,CTV địa phương,2021-12-06,15000.0
Mướp đắng,Sơn La,Bán lẻ,CTV địa phương,2021-12-06,30000.0
Mướp hương,Sơn La,Bán lẻ,CTV địa phương,2021-12-06,18000.0
Quả bí đỏ,Sơn La,Bán lẻ,CTV địa phương,2021-12-06,16500.0
Rau cải,Sơn La,Bán lẻ,CTV địa phương,2021-12-06,15000.0
Su su quả,Sơn La,Bán lẻ,CTV địa phương,2021-12-06,20000.0
Bắp cải,Hà Nội,Bán lẻ,CTV địa phương,2021-12-03,15000.0
Cà rốt,Hà Nội,Bán lẻ,CTV địa phương,2021-12-03,16000.0
Dưa chuột/dưa chuội,Hà Nội,Bán lẻ,CTV địa phương,2021-12-03,20000.0
Dưa vàng,Hà Nội,Bán lẻ,CTV địa phương,2021-12-03,40000.0
Khoai tây,Hà Nội,Bán lẻ,CTV địa phương,2021-12-03,18000.0
Quả bí đỏ,Hà Nội,Bán lẻ,CTV địa phương,2021-12-03,17000.0
Cam sành (loại 1),Vĩnh Long,Bán buôn,CTV địa phương,2021-12-03,18500.0
Cam sành (loại 2),Vĩnh Long,Bán buôn,CTV địa phương,2021-12-03,15500.0
Chôm chôm đường,Vĩnh Long,Bán buôn,CTV địa phương,2021-12-03,27500.0
Chôm chôm Java,Vĩnh Long,Bán buôn,CTV địa phương,2021-12-03,16500.0
Xoài cát Hòa Lộc,Vĩnh Long,Bán buôn,CTV địa phương,2021-12-03,42500.0
Bắp cải,Hà Nội,Bán lẻ,CTV địa phương,2021-12-02,15000.0
Cà rốt,Hà Nội,Bán lẻ,CTV địa phương,2021-12-02,16000.0
Dưa chuột/dưa chuội,Hà Nội,Bán lẻ,CTV địa phương,2021-12-02,20000.0
Dưa vàng,Hà Nội,Bán lẻ,CTV địa phương,2021-12-02,40000.0
Khoai tây,Hà Nội,Bán lẻ,CTV địa phương,2021-12-02,18000.0
Quả bí đỏ,Hà Nội,Bán lẻ,CTV địa phương,2021-12-02,17000.0
Cà rốt,Sơn La,Bán lẻ,CTV địa phương,2021-12-02,25000.0
Dưa chuột/dưa chuội,Sơn La,Bán lẻ,CTV địa phương,2021-12-02,20000.0
Khoai tây,Sơn La,Bán lẻ,CTV địa phương,2021-12-02,25000.0
Mồng tơi,Sơn La,Bán lẻ,CTV địa phương,2021-12-02,15000.0
Mướp đắng,Sơn La,Bán lẻ,CTV địa phương,2021-12-02,30000.0
Mướp hương,Sơn La,Bán lẻ,CTV địa phương,2021-12-02,18000.0
Quả bí đỏ,Sơn La,Bán lẻ,CTV địa phương,2021-12-02,19000.0
Rau cải,Sơn La,Bán lẻ,CTV địa phương,2021-12-02,15000.0
Su su quả,Sơn La,Bán lẻ,CTV địa phương,2021-12-02,18000.0
Bưởi da xanh,Tiền Giang,Thu mua tại vườn,CTV địa phương,2021-12-01,23000.0
Chuối sim,Tiền Giang,Thu mua tại vườn,CTV địa phương,2021-12-01,9000.0
Dưa chuột/dưa chuội,Tiền Giang,Thu mua tại vườn,CTV địa phương,2021-12-01,8500.0
Bưởi da xanh,Hà Nội,Bán lẻ,CTV địa phương,2021-11-30,60000.0
Cà rốt,Hà Nội,Bán lẻ,CTV địa phương,2021-11-30,15000.0
Dưa chuột/dưa chuội,Hà Nội,Bán lẻ,CTV địa phương,2021-11-30,22000.0
Dưa vàng,Hà Nội,Bán lẻ,CTV địa phương,2021-11-30,40000.0
Khoai tây,Hà Nội,Bán lẻ,CTV địa phương,2021-11-30,18000.0
Quả bí đỏ,Hà Nội,Bán lẻ,CTV địa phương,2021-11-30,15000.0
Cà rốt,Sơn La,Bán lẻ,CTV địa phương,2021-11-30,25000.0
Dưa chuột/dưa chuội,Sơn La,Bán lẻ,CTV địa phương,2021-11-30,20000.0
Khoai tây,Sơn La,Bán lẻ,CTV địa phương,2021-11-30,25000.0
Mồng tơi,Sơn La,Bán lẻ,CTV địa phương,2021-11-30,15000.0
Mướp đắng,Sơn La,Bán lẻ,CTV địa phương,2021-11-30,30000.0
Mướp hương,Sơn La,Bán lẻ,CTV địa phương,2021-11-30,18000.0
Quả bí đỏ,Sơn La,Bán lẻ,CTV địa phương,2021-11-30,19000.0
Rau cải,Sơn La,Bán lẻ,CTV địa phương,2021-11-30,15000.0
Su su quả,Sơn La,Bán lẻ,CTV địa phương,2021-11-30,18000.0
Dưa chuột/dưa chuội,Cần Thơ,Thương lái thu mua,CTV địa phương,2021-11-29,8000.0
Mướp,Cần Thơ,Thương lái thu mua,CTV địa phương,2021-11-29,14000.0
Mướp đắng,Cần Thơ,Thương lái thu mua,CTV địa phương,2021-11-29,12000.0
Quả bí đỏ,Cần Thơ,Thương lái thu mua,CTV địa phương,2021-11-29,15000.0
Trái dứa/thơm (to),Cần Thơ,Thương lái thu mua,CTV địa phương,2021-11-29,13000.0
Cà rốt,Sơn La,Bán lẻ,CTV địa phương,2021-11-29,25000.0
Dưa chuột/dưa chuội,Sơn La,Bán lẻ,CTV địa phương,2021-11-29,20000.0
Khoai tây,Sơn La,Bán lẻ,CTV địa phương,2021-11-29,25000.0
Mồng tơi,Sơn La,Bán lẻ,CTV địa phương,2021-11-29,15000.0
Mướp đắng,Sơn La,Bán lẻ,CTV địa phương,2021-11-29,30000.0
Mướp hương,Sơn La,Bán lẻ,CTV địa phương,2021-11-29,18000.0
Quả bí đỏ,Sơn La,Bán lẻ,CTV địa phương,2021-11-29,19000.0
Rau cải,Sơn La,Bán lẻ,CTV địa phương,2021-11-29,15000.0
Su su quả,Sơn La,Bán lẻ,CTV địa phương,2021-11-29,18000.0
Bưởi da xanh,Hà Nội,Bán lẻ,CTV địa phương,2021-11-26,55000.0
Cà rốt,Hà Nội,Bán lẻ,CTV địa phương,2021-11-26,15000.0
Dưa chuột/dưa chuội,Hà Nội,Bán lẻ,CTV địa phương,2021-11-26,20000.0
Dưa vàng,Hà Nội,Bán lẻ,CTV địa phương,2021-11-26,40000.0
Khoai tây,Hà Nội,Bán lẻ,CTV địa phương,2021-11-26,20000.0
Quả bí đỏ,Hà Nội,Bán lẻ,CTV địa phương,2021-11-26,18000.0
Cam sành (loại 1),Vĩnh Long,Bán buôn,CTV địa phương,2021-11-26,18500.0
Cam sành (loại 2),Vĩnh Long,Bán buôn,CTV địa phương,2021-11-26,15500.0
Chôm chôm đường,Vĩnh Long,Bán buôn,CTV địa phương,2021-11-26,29500.0
Chôm chôm Java,Vĩnh Long,Bán buôn,CTV địa phương,2021-11-26,17500.0
Xoài cát Hòa Lộc,Vĩnh Long,Bán buôn,CTV địa phương,2021-11-26,42500.0
Bưởi da xanh,Hà Nội,Bán lẻ,CTV địa phương,2021-11-25,55000.0
Cà rốt,Hà Nội,Bán lẻ,CTV địa phương,2021-11-25,15000.0
Dưa chuột/dưa chuội,Hà Nội,Bán lẻ,CTV địa phương,2021-11-25,20000.0
Dưa vàng,Hà Nội,Bán lẻ,CTV địa phương,2021-11-25,40000.0
Khoai tây,Hà Nội,Bán lẻ,CTV địa phương,2021-11-25,20000.0
Quả bí đỏ,Hà Nội,Bán lẻ,CTV địa phương,2021-11-25,18000.0
Cà rốt,Sơn La,Bán lẻ,CTV địa phương,2021-11-25,20000.0
Dưa chuột/dưa chuội,Sơn La,Bán lẻ,CTV địa phương,2021-11-25,20000.0
Khoai tây,Sơn La,Bán lẻ,CTV địa phương,2021-11-25,25000.0
Mồng tơi,Sơn La,Bán lẻ,CTV địa phương,2021-11-25,15000.0
Mướp đắng,Sơn La,Bán lẻ,CTV địa phương,2021-11-25,30000.0
Mướp hương,Sơn La,Bán lẻ,CTV địa phương,2021-11-25,18000.0
Quả bí đỏ,Sơn La,Bán lẻ,CTV địa phương,2021-11-25,19000.0
Rau cải,Sơn La,Bán lẻ,CTV địa phương,2021-11-25,15000.0
Su su quả,Sơn La,Bán lẻ,CTV địa phương,2021-11-25,18000.0
Bưởi da xanh,Tiền Giang,Thu mua tại vườn,CTV địa phương,2021-11-24,23000.0
Chuối sim,Tiền Giang,Thu mua tại vườn,CTV địa phương,2021-11-24,10000.0
Dưa chuột/dưa chuội,Tiền Giang,Thu mua tại vườn,CTV địa phương,2021-11-24,9000.0
Bưởi da xanh,Hà Nội,Bán lẻ,CTV địa phương,2021-11-23,65000.0
Cà rốt,Hà Nội,Bán lẻ,CTV địa phương,2021-11-23,15000.0
Dưa chuột/dưa chuội,Hà Nội,Bán lẻ,CTV địa phương,2021-11-23,20000.0
Dưa vàng,Hà Nội,Bán lẻ,CTV địa phương,2021-11-23,40000.0
Khoai tây,Hà Nội,Bán lẻ,CTV địa phương,2021-11-23,17000.0
Quả bí đỏ,Hà Nội,Bán lẻ,CTV địa phương,2021-11-23,20000.0
Cà rốt,Sơn La,Bán lẻ,CTV địa phương,2021-11-23,20000.0
Dưa chuột/dưa chuội,Sơn La,Bán lẻ,CTV địa phương,2021-11-23,20000.0
Khoai tây,Sơn La,Bán lẻ,CTV địa phương,2021-11-23,25000.0
Mồng tơi,Sơn La,Bán lẻ,CTV địa phương,2021-11-23,15000.0
Mướp đắng,Sơn La,Bán lẻ,CTV địa phương,2021-11-23,30000.0
Mướp hương,Sơn La,Bán lẻ,CTV địa phương,2021-11-23,18000.0
Quả bí đỏ,Sơn La,Bán lẻ,CTV địa phương,2021-11-23,19000.0
Rau cải,Sơn La,Bán lẻ,CTV địa phương,2021-11-23,15000.0
Su su quả,Sơn La,Bán lẻ,CTV địa phương,2021-11-23,18000.0
Dưa chuột/dưa chuội,Cần Thơ,Thương lái thu mua,CTV địa phương,2021-11-22,10000.0
Mướp,Cần Thơ,Thương lái thu mua,CTV địa phương,2021-11-22,14000.0
Mướp đắng,Cần Thơ,Thương lái thu mua,CTV địa phương,2021-11-22,12000.0
Quả bí đỏ,Cần Thơ,Thương lái thu mua,CTV địa phương,2021-11-22,16000.0
Trái dứa/thơm (to),Cần Thơ,Thương lái thu mua,CTV địa phương,2021-11-22,13000.0
Cà rốt,Sơn La,Bán lẻ,CTV địa phương,2021-11-22,20000.0
Dưa chuột/dưa chuội,Sơn La,Bán lẻ,CTV địa phương,2021-11-22,20000.0
Khoai tây,Sơn La,Bán lẻ,CTV địa phương,2021-11-22,25000.0
Mồng tơi,Sơn La,Bán lẻ,CTV địa phương,2021-11-22,15000.0
Mướp đắng,Sơn La,Bán lẻ,CTV địa phương,2021-11-22,30000.0
Mướp hương,Sơn La,Bán lẻ,CTV địa phương,2021-11-22,18000.0
Quả bí đỏ,Sơn La,Bán lẻ,CTV địa phương,2021-11-22,19000.0
Rau cải,Sơn La,Bán lẻ,CTV địa phương,2021-11-22,15000.0
Su su quả,Sơn La,Bán lẻ,CTV địa phương,2021-11-22,18000.0
Bưởi da xanh,Hà Nội,Bán lẻ,CTV địa phương,2021-11-19,65000.0
Cà rốt,Hà Nội,Bán lẻ,CTV địa phương,2021-11-19,15000.0
Dưa chuột/dưa chuội,Hà Nội,Bán lẻ,CTV địa phương,2021-11-19,20000.0
Dưa vàng,Hà Nội,Bán lẻ,CTV địa phương,2021-11-19,40000.0
Khoai tây,Hà Nội,Bán lẻ,CTV địa phương,2021-11-19,18000.0
Quả bí đỏ,Hà Nội,Bán lẻ,CTV địa phương,2021-11-19,17000.0
Cam sành (loại 1),Vĩnh Long,Bán buôn,CTV địa phương,2021-11-19,18500.0
Cam sành (loại 2),Vĩnh Long,Bán buôn,CTV địa phương,2021-11-19,15500.0
Chôm chôm đường,Vĩnh Long,Bán buôn,CTV địa phương,2021-11-19,31500.0
Chôm chôm Java,Vĩnh Long,Bán buôn,CTV địa phương,2021-11-19,20500.0
Xoài cát Hòa Lộc,Vĩnh Long,Bán buôn,CTV địa phương,2021-11-19,42500.0
Bưởi da xanh,Hà Nội,Bán lẻ,CTV địa phương,2021-11-18,55000.0
Cà rốt,Hà Nội,Bán lẻ,CTV địa phương,2021-11-18,16000.0
Dưa chuột/dưa chuội,Hà Nội,Bán lẻ,CTV địa phương,2021-11-18,20000.0
Dưa vàng,Hà Nội,Bán lẻ,CTV địa phương,2021-11-18,42000.0
Khoai tây,Hà Nội,Bán lẻ,CTV địa phương,2021-11-18,20000.0
Quả bí đỏ,Hà Nội,Bán lẻ,CTV địa phương,2021-11-18,20000.0
Cà rốt,Sơn La,Bán lẻ,CTV địa phương,2021-11-18,20000.0
Dưa chuột/dưa chuội,Sơn La,Bán lẻ,CTV địa phương,2021-11-18,20000.0
Khoai tây,Sơn La,Bán lẻ,CTV địa phương,2021-11-18,25000.0
Mồng tơi,Sơn La,Bán lẻ,CTV địa phương,2021-11-18,15000.0
Mướp đắng,Sơn La,Bán lẻ,CTV địa phương,2021-11-18,30000.0
Mướp hương,Sơn La,Bán lẻ,CTV địa phương,2021-11-18,18000.0
Quả bí đỏ,Sơn La,Bán lẻ,CTV địa phương,2021-11-18,19000.0
Rau cải,Sơn La,Bán lẻ,CTV địa phương,2021-11-18,15000.0
Su su quả,Sơn La,Bán lẻ,CTV địa phương,2021-11-18,20000.0
Bưởi da xanh,Tiền Giang,Thu mua tại vườn,CTV địa phương,2021-11-17,24000.0
Chuối sim,Tiền Giang,Thu mua tại vườn,CTV địa phương,2021-11-17,10000.0
Dưa chuột/dưa chuội,Tiền Giang,Thu mua tại vườn,CTV địa phương,2021-11-17,9000.0
Bưởi da xanh,Hà Nội,Bán lẻ,CTV địa phương,2021-11-16,50000.0
Cà rốt,Hà Nội,Bán lẻ,CTV địa phương,2021-11-16,16000.0
Dưa chuột/dưa chuội,Hà Nội,Bán lẻ,CTV địa phương,2021-11-16,25000.0
Dưa vàng,Hà Nội,Bán lẻ,CTV địa phương,2021-11-16,40000.0
Khoai tây,Hà Nội,Bán lẻ,CTV địa phương,2021-11-16,18000.0
Quả bí đỏ,Hà Nội,Bán lẻ,CTV địa phương,2021-11-16,16000.0
Cà rốt,Sơn La,Bán lẻ,CTV địa phương,2021-11-16,20000.0
Dưa chuột/dưa chuội,Sơn La,Bán lẻ,CTV địa phương,2021-11-16,20000.0
Khoai tây,Sơn La,Bán lẻ,CTV địa phương,2021-11-16,25000.0
Mồng tơi,Sơn La,Bán lẻ,CTV địa phương,2021-11-16,15000.0
Mướp đắng,Sơn La,Bán lẻ,CTV địa phương,2021-11-16,30000.0
Mướp hương,Sơn La,Bán lẻ,CTV địa phương,2021-11-16,18000.0
Quả bí đỏ,Sơn La,Bán lẻ,CTV địa phương,2021-11-16,19000.0
Rau cải,Sơn La,Bán lẻ,CTV địa phương,2021-11-16,15000.0
Su su quả,Sơn La,Bán lẻ,CTV địa phương,2021-11-16,20000.0
Dưa chuột/dưa chuội,Cần Thơ,Thương lái thu mua,CTV địa phương,2021-11-15,10000.0
Mướp,Cần Thơ,Thương lái thu mua,CTV địa phương,2021-11-15,14000.0
Mướp đắng,Cần Thơ,Thương lái thu mua,CTV địa phương,2021-11-15,12000.0
Quả bí đỏ,Cần Thơ,Thương lái thu mua,CTV địa phương,2021-11-15,16000.0
Trái dứa/thơm (to),Cần Thơ,Thương lái thu mua,CTV địa phương,2021-11-15,14000.0
Cà rốt,Sơn La,Bán lẻ,CTV địa phương,2021-11-15,20000.0
Dưa chuột/dưa chuội,Sơn La,Bán lẻ,CTV địa phương,2021-11-15,20000.0
Khoai tây,Sơn La,Bán lẻ,CTV địa phương,2021-11-15,20000.0
Mồng tơi,Sơn La,Bán lẻ,CTV địa phương,2021-11-15,15000.0
Mướp đắng,Sơn La,Bán lẻ,CTV địa phương,2021-11-15,25000.0
Mướp hương,Sơn La,Bán lẻ,CTV địa phương,2021-11-15,18000.0
Quả bí đỏ,Sơn La,Bán lẻ,CTV địa phương,2021-11-15,19000.0
Rau cải,Sơn La,Bán lẻ,CTV địa phương,2021-11-15,15000.0
Su su quả,Sơn La,Bán lẻ,CTV địa phương,2021-11-15,20000.0
Bưởi da xanh,Hà Nội,Bán lẻ,CTV địa phương,2021-11-12,60000.0
Cà rốt,Hà Nội,Bán lẻ,CTV địa phương,2021-11-12,18000.0
Dưa chuột/dưa chuội,Hà Nội,Bán lẻ,CTV địa phương,2021-11-12,25000.0
Dưa vàng,Hà Nội,Bán lẻ,CTV địa phương,2021-11-12,40000.0
Khoai tây,Hà Nội,Bán lẻ,CTV địa phương,2021-11-12,18000.0
Mướp,Hà Nội,Bán lẻ,CTV địa phương,2021-11-12,22000.0
Quả bí đỏ,Hà Nội,Bán lẻ,CTV địa phương,2021-11-12,20000.0
Cam sành (loại 1),Vĩnh Long,Bán buôn,CTV địa phương,2021-11-12,18500.0
Cam sành (loại 2),Vĩnh Long,Bán buôn,CTV địa phương,2021-11-12,15500.0
Chôm chôm đường,Vĩnh Long,Bán buôn,CTV địa phương,2021-11-12,28500.0
Chôm chôm Java,Vĩnh Long,Bán buôn,CTV địa phương,2021-11-12,16000.0
Xoài cát Hòa Lộc,Vĩnh Long,Bán buôn,CTV địa phương,2021-11-12,42500.0
Bưởi da xanh,Hà Nội,Bán lẻ,CTV địa phương,2021-11-11,70000.0
Cà rốt,Hà Nội,Bán lẻ,CTV địa phương,2021-11-11,20000.0
Dưa chuột/dưa chuội,Hà Nội,Bán lẻ,CTV địa phương,2021-11-11,25000.0
Dưa vàng,Hà Nội,Bán lẻ,CTV địa phương,2021-11-11,40000.0
Khoai tây,Hà Nội,Bán lẻ,CTV địa phương,2021-11-11,18000.0
Mướp,Hà Nội,Bán lẻ,CTV địa phương,2021-11-11,20000.0
Quả bí đỏ,Hà Nội,Bán lẻ,CTV địa phương,2021-11-11,18000.0
Cà rốt,Sơn La,Bán lẻ,CTV địa phương,2021-11-11,20000.0
Dưa chuột/dưa chuội,Sơn La,Bán lẻ,CTV địa phương,2021-11-11,20000.0
Khoai tây,Sơn La,Bán lẻ,CTV địa phương,2021-11-11,20000.0
Mồng tơi,Sơn La,Bán lẻ,CTV địa phương,2021-11-11,15000.0
Mướp đắng,Sơn La,Bán lẻ,CTV địa phương,2021-11-11,25000.0
Mướp hương,Sơn La,Bán lẻ,CTV địa phương,2021-11-11,18000.0
Quả bí đỏ,Sơn La,Bán lẻ,CTV địa phương,2021-11-11,19000.0
Rau cải,Sơn La,Bán lẻ,CTV địa phương,2021-11-11,15000.0
Su su quả,Sơn La,Bán lẻ,CTV địa phương,2021-11-11,18000.0
Bưởi da xanh,Tiền Giang,Thu mua tại vườn,CTV địa phương,2021-11-10,23000.0
Chuối sim,Tiền Giang,Thu mua tại vườn,CTV địa phương,2021-11-10,10000.0
Dưa chuột/dưa chuội,Tiền Giang,Thu mua tại vườn,CTV địa phương,2021-11-10,10000.0
Bưởi da xanh,Hà Nội,Bán lẻ,CTV địa phương,2021-11-09,65000.0
Cà rốt,Hà Nội,Bán lẻ,CTV địa phương,2021-11-09,18000.0
Dưa chuột/dưa chuội,Hà Nội,Bán lẻ,CTV địa phương,2021-11-09,25000.0
Dưa vàng,Hà Nội,Bán lẻ,CTV địa phương,2021-11-09,40000.0
Khoai tây,Hà Nội,Bán lẻ,CTV địa phương,2021-11-09,17000.0
Mướp,Hà Nội,Bán lẻ,CTV địa phương,2021-11-09,20000.0
Quả bí đỏ,Hà Nội,Bán lẻ,CTV địa phương,2021-11-09,20000.0
Cà rốt,Sơn La,Bán lẻ,CTV địa phương,2021-11-09,20000.0
Dưa chuột/dưa chuội,Sơn La,Bán lẻ,CTV địa phương,2021-11-09,20000.0
Khoai tây,Sơn La,Bán lẻ,CTV địa phương,2021-11-09,20000.0
Mồng tơi,Sơn La,Bán lẻ,CTV địa phương,2021-11-09,15000.0
Mướp đắng,Sơn La,Bán lẻ,CTV địa phương,2021-11-09,25000.0
Mướp hương,Sơn La,Bán lẻ,CTV địa phương,2021-11-09,18000.0
Quả bí đỏ,Sơn La,Bán lẻ,CTV địa phương,2021-11-09,19000.0
Rau cải,Sơn La,Bán lẻ,CTV địa phương,2021-11-09,15000.0
Su su quả,Sơn La,Bán lẻ,CTV địa phương,2021-11-09,15000.0
Dưa chuột/dưa chuội,Cần Thơ,Thương lái thu mua,CTV địa phương,2021-11-08,14000.0
Mướp,Cần Thơ,Thương lái thu mua,CTV địa phương,2021-11-08,14000.0
Mướp đắng,Cần Thơ,Thương lái thu mua,CTV địa phương,2021-11-08,13000.0
Quả bí đỏ,Cần Thơ,Thương lái thu mua,CTV địa phương,2021-11-08,16000.0
Trái dứa/thơm (to),Cần Thơ,Thương lái thu mua,CTV địa phương,2021-11-08,13000.0
Cà rốt,Sơn La,Bán lẻ,CTV địa phương,2021-11-08,22000.0
Dưa chuột/dưa chuội,Sơn La,Bán lẻ,CTV địa phương,2021-11-08,20000.0
Khoai tây,Sơn La,Bán lẻ,CTV địa phương,2021-11-08,20000.0
Mồng tơi,Sơn La,Bán lẻ,CTV địa phương,2021-11-08,18000.0
Mướp đắng,Sơn La,Bán lẻ,CTV địa phương,2021-11-08,25000.0
Mướp hương,Sơn La,Bán lẻ,CTV địa phương,2021-11-08,20000.0
Quả bí đỏ,Sơn La,Bán lẻ,CTV địa phương,2021-11-08,19000.0
Rau cải,Sơn La,Bán lẻ,CTV địa phương,2021-11-08,18000.0
Su su quả,Sơn La,Bán lẻ,CTV địa phương,2021-11-08,15000.0
Bưởi da xanh,Hà Nội,Bán lẻ,CTV địa phương,2021-11-05,65000.0
Cà rốt,Hà Nội,Bán lẻ,CTV địa phương,2021-11-05,16000.0
Dưa chuột/dưa chuội,Hà Nội,Bán lẻ,CTV địa phương,2021-11-05,25000.0
Dưa vàng,Hà Nội,Bán lẻ,CTV địa phương,2021-11-05,40000.0
Khoai tây,Hà Nội,Bán lẻ,CTV địa phương,2021-11-05,17000.0
Mướp,Hà Nội,Bán lẻ,CTV địa phương,2021-11-05,16000.0
Quả bí đỏ,Hà Nội,Bán lẻ,CTV địa phương,2021-11-05,18000.0
Cam sành (loại 1),Vĩnh Long,Bán buôn,CTV địa phương,2021-11-05,18500.0
Cam sành (loại 2),Vĩnh Long,Bán buôn,CTV địa phương,2021-11-05,15500.0
Chôm chôm đường,Vĩnh Long,Bán buôn,CTV địa phương,2021-11-05,33500.0
Chôm chôm Java,Vĩnh Long,Bán buôn,CTV địa phương,2021-11-05,18500.0
Xoài cát Hòa Lộc,Vĩnh Long,Bán buôn,CTV địa phương,2021-11-05,32500.0
Bưởi da xanh,Hà Nội,Bán lẻ,CTV địa phương,2021-11-04,75000.0
Cà rốt,Hà Nội,Bán lẻ,CTV địa phương,2021-11-04,15000.0
Dưa chuột/dưa chuội,Hà Nội,Bán lẻ,CTV địa phương,2021-11-04,25000.0
Dưa vàng,Hà Nội,Bán lẻ,CTV địa phương,2021-11-04,30000.0
Khoai tây,Hà Nội,Bán lẻ,CTV địa phương,2021-11-04,20000.0
Mướp,Hà Nội,Bán lẻ,CTV địa phương,2021-11-04,16000.0
Quả bí đỏ,Hà Nội,Bán lẻ,CTV địa phương,2021-11-04,18000.0
Cà rốt,Sơn La,Bán lẻ,CTV địa phương,2021-11-04,22000.0
Dưa chuột/dưa chuội,Sơn La,Bán lẻ,CTV địa phương,2021-11-04,20000.0
Khoai tây,Sơn La,Bán lẻ,CTV địa phương,2021-11-04,20000.0
Mồng tơi,Sơn La,Bán lẻ,CTV địa phương,2021-11-04,18000.0
Mướp đắng,Sơn La,Bán lẻ,CTV địa phương,2021-11-04,25000.0
Mướp hương,Sơn La,Bán lẻ,CTV địa phương,2021-11-04,20000.0
Quả bí đỏ,Sơn La,Bán lẻ,CTV địa phương,2021-11-04,19000.0
Rau cải,Sơn La,Bán lẻ,CTV địa phương,2021-11-04,18000.0
Su su quả,Sơn La,Bán lẻ,CTV địa phương,2021-11-04,15000.0
Bưởi da xanh,Tiền Giang,Thu mua tại vườn,CTV địa phương,2021-11-03,23000.0
Chuối sim,Tiền Giang,Thu mua tại vườn,CTV địa phương,2021-11-03,11000.0
Dưa chuột/dưa chuội,Tiền Giang,Thu mua tại vườn,CTV địa phương,2021-11-03,9000.0
Bưởi da xanh,Hà Nội,Bán lẻ,CTV địa phương,2021-11-02,65000.0
Cà rốt,Hà Nội,Bán lẻ,CTV địa phương,2021-11-02,16000.0
Dưa chuột/dưa chuội,Hà Nội,Bán lẻ,CTV địa phương,2021-11-02,30000.0
Dưa vàng,Hà Nội,Bán lẻ,CTV địa phương,2021-11-02,30000.0
Khoai tây,Hà Nội,Bán lẻ,CTV địa phương,2021-11-02,17000.0
Mướp,Hà Nội,Bán lẻ,CTV địa phương,2021-11-02,17000.0
Quả bí đỏ,Hà Nội,Bán lẻ,CTV địa phương,2021-11-02,18000.0
Bắp cải,Sơn La,Bán lẻ,CTV địa phương,2021-11-02,12000.0
Cà rốt,Sơn La,Bán lẻ,CTV địa phương,2021-11-02,18000.0
Dưa chuột/dưa chuội,Sơn La,Bán lẻ,CTV địa phương,2021-11-02,15000.0
Khoai tây,Sơn La,Bán lẻ,CTV địa phương,2021-11-02,20000.0
Mồng tơi,Sơn La,Bán lẻ,CTV địa phương,2021-11-02,15000.0
Mướp đắng,Sơn La,Bán lẻ,CTV địa phương,2021-11-02,25000.0
Mướp hương,Sơn La,Bán lẻ,CTV địa phương,2021-11-02,15000.0
Quả bí đỏ,Sơn La,Bán lẻ,CTV địa phương,2021-11-02,16500.0
Rau cải,Sơn La,Bán lẻ,CTV địa phương,2021-11-02,12000.0
Su su quả,Sơn La,Bán lẻ,CTV địa phương,2021-11-02,15000.0
Dưa chuột/dưa chuội,Cần Thơ,Thương lái thu mua,CTV địa phương,2021-11-01,15000.0
Mướp,Cần Thơ,Thương lái thu mua,CTV địa phương,2021-11-01,15000.0
Mướp đắng,Cần Thơ,Thương lái thu mua,CTV địa phương,2021-11-01,12000.0
Quả bí đỏ,Cần Thơ,Thương lái thu mua,CTV địa phương,2021-11-01,17000.0
Trái dứa/thơm (to),Cần Thơ,Thương lái thu mua,CTV địa phương,2021-11-01,14000.0
Bắp cải,Sơn La,Bán lẻ,CTV địa phương,2021-11-01,12000.0
Cà rốt,Sơn La,Bán lẻ,CTV địa phương,2021-11-01,18000.0
Dưa chuột/dưa chuội,Sơn La,Bán lẻ,CTV địa phương,2021-11-01,15000.0
Khoai tây,Sơn La,Bán lẻ,CTV địa phương,2021-11-01,20000.0
Mồng tơi,Sơn La,Bán lẻ,CTV địa phương,2021-11-01,15000.0
Mướp đắng,Sơn La,Bán lẻ,CTV địa phương,2021-11-01,25000.0
Mướp hương,Sơn La,Bán lẻ,CTV địa phương,2021-11-01,15000.0
Na,Sơn La,Bán lẻ,CTV địa phương,2021-11-01,35000.0
Quả bí đỏ,Sơn La,Bán lẻ,CTV địa phương,2021-11-01,16500.0
Rau cải,Sơn La,Bán lẻ,CTV địa phương,2021-11-01,12000.0
Su su quả,Sơn La,Bán lẻ,CTV địa phương,2021-11-01,18000.0
Bưởi da xanh,Hà Nội,Bán lẻ,CTV địa phương,2021-10-29,65000.0
Cà rốt,Hà Nội,Bán lẻ,CTV địa phương,2021-10-29,16000.0
Dưa chuột/dưa chuội,Hà Nội,Bán lẻ,CTV địa phương,2021-10-29,30000.0
Dưa vàng,Hà Nội,Bán lẻ,CTV địa phương,2021-10-29,30000.0
Khoai tây,Hà Nội,Bán lẻ,CTV địa phương,2021-10-29,17000.0
Mướp,Hà Nội,Bán lẻ,CTV địa phương,2021-10-29,17000.0
Quả bí đỏ,Hà Nội,Bán lẻ,CTV địa phương,2021-10-29,18000.0
Cam sành (loại 1),Vĩnh Long,Bán buôn,CTV địa phương,2021-10-29,18500.0
Cam sành (loại 2),Vĩnh Long,Bán buôn,CTV địa phương,2021-10-29,15500.0
Chôm chôm đường,Vĩnh Long,Bán buôn,CTV địa phương,2021-10-29,33500.0
Chôm chôm Java,Vĩnh Long,Bán buôn,CTV địa phương,2021-10-29,18500.0
Xoài cát Hòa Lộc,Vĩnh Long,Bán buôn,CTV địa phương,2021-10-29,39000.0
Bưởi da xanh,Hà Nội,Bán lẻ,CTV địa phương,2021-10-28,70000.0
Cà rốt,Hà Nội,Bán lẻ,CTV địa phương,2021-10-28,15000.0
Dưa chuột/dưa chuội,Hà Nội,Bán lẻ,CTV địa phương,2021-10-28,20000.0
Dưa vàng,Hà Nội,Bán lẻ,CTV địa phương,2021-10-28,35000.0
Khoai tây,Hà Nội,Bán lẻ,CTV địa phương,2021-10-28,16000.0
Mướp,Hà Nội,Bán lẻ,CTV địa phương,2021-10-28,17000.0
Quả bí đỏ,Hà Nội,Bán lẻ,CTV địa phương,2021-10-28,20000.0
Bắp cải,Sơn La,Bán lẻ,CTV địa phương,2021-10-28,12000.0
Cà rốt,Sơn La,Bán lẻ,CTV địa phương,2021-10-28,18000.0
Dưa chuột/dưa chuội,Sơn La,Bán lẻ,CTV địa phương,2021-10-28,15000.0
Khoai tây,Sơn La,Bán lẻ,CTV địa phương,2021-10-28,20000.0
Mồng tơi,Sơn La,Bán lẻ,CTV địa phương,2021-10-28,15000.0
Mướp đắng,Sơn La,Bán lẻ,CTV địa phương,2021-10-28,25000.0
Mướp hương,Sơn La,Bán lẻ,CTV địa phương,2021-10-28,15000.0
Na,Sơn La,Bán lẻ,CTV địa phương,2021-10-28,35000.0
Quả bí đỏ,Sơn La,Bán lẻ,CTV địa phương,2021-10-28,16500.0
Rau cải,Sơn La,Bán lẻ,CTV địa phương,2021-10-28,12000.0
Su su quả,Sơn La,Bán lẻ,CTV địa phương,2021-10-28,18000.0
Bưởi da xanh,Tiền Giang,Thu mua tại vườn,CTV địa phương,2021-10-27,22000.0
Chuối sim,Tiền Giang,Thu mua tại vườn,CTV địa phương,2021-10-27,11000.0
Dưa chuột/dưa chuội,Tiền Giang,Thu mua tại vườn,CTV địa phương,2021-10-27,9000.0
Bưởi da xanh,Hà Nội,Bán lẻ,CTV địa phương,2021-10-26,70000.0
Cà rốt,Hà Nội,Bán lẻ,CTV địa phương,2021-10-26,15000.0
Dưa chuột/dưa chuội,Hà Nội,Bán lẻ,CTV địa phương,2021-10-26,22000.0
Dưa vàng,Hà Nội,Bán lẻ,CTV địa phương,2021-10-26,40000.0
Khoai tây,Hà Nội,Bán lẻ,CTV địa phương,2021-10-26,17000.0
Mướp,Hà Nội,Bán lẻ,CTV địa phương,2021-10-26,16000.0
Quả bí đỏ,Hà Nội,Bán lẻ,CTV địa phương,2021-10-26,20000.0
Bắp cải,Sơn La,Bán lẻ,CTV địa phương,2021-10-26,12000.0
Cà rốt,Sơn La,Bán lẻ,CTV địa phương,2021-10-26,18000.0
Dưa chuột/dưa chuội,Sơn La,Bán lẻ,CTV địa phương,2021-10-26,15000.0
Khoai tây,Sơn La,Bán lẻ,CTV địa phương,2021-10-26,20000.0
Mồng tơi,Sơn La,Bán lẻ,CTV địa phương,2021-10-26,15000.0
Mướp đắng,Sơn La,Bán lẻ,CTV địa phương,2021-10-26,25000.0
Mướp hương,Sơn La,Bán lẻ,CTV địa phương,2021-10-26,15000.0
Na,Sơn La,Bán lẻ,CTV địa phương,2021-10-26,35000.0
Quả bí đỏ,Sơn La,Bán lẻ,CTV địa phương,2021-10-26,16500.0
Rau cải,Sơn La,Bán lẻ,CTV địa phương,2021-10-26,12000.0
Su su quả,Sơn La,Bán lẻ,CTV địa phương,2021-10-26,18000.0
Dưa chuột/dưa chuội,Cần Thơ,Thương lái thu mua,CTV địa phương,2021-10-25,12000.0
Mướp,Cần Thơ,Thương lái thu mua,CTV địa phương,2021-10-25,13000.0
Mướp đắng,Cần Thơ,Thương lái thu mua,CTV địa phương,2021-10-25,12000.0
Quả bí đỏ,Cần Thơ,Thương lái thu mua,CTV địa phương,2021-10-25,17500.0
Trái dứa/thơm (to),Cần Thơ,Thương lái thu mua,CTV địa phương,2021-10-25,14000.0
Bắp cải,Sơn La,Bán lẻ,CTV địa phương,2021-10-25,12000.0
Cà rốt,Sơn La,Bán lẻ,CTV địa phương,2021-10-25,18000.0
Dưa chuột/dưa chuội,Sơn La,Bán lẻ,CTV địa phương,2021-10-25,15000.0
Khoai tây,Sơn La,Bán lẻ,CTV địa phương,2021-10-25,20000.0
Mồng tơi,Sơn La,Bán lẻ,CTV địa phương,2021-10-25,15000.0
Mướp đắng,Sơn La,Bán lẻ,CTV địa phương,2021-10-25,25000.0
Mướp hương,Sơn La,Bán lẻ,CTV địa phương,2021-10-25,15000.0
Na,Sơn La,Bán lẻ,CTV địa phương,2021-10-25,35000.0
Quả bí đỏ,Sơn La,Bán lẻ,CTV địa phương,2021-10-25,16500.0
Rau cải,Sơn La,Bán lẻ,CTV địa phương,2021-10-25,12000.0
Su su quả,Sơn La,Bán lẻ,CTV địa phương,2021-10-25,18000.0
Bưởi da xanh,Hà Nội,Bán lẻ,CTV địa phương,2021-10-22,60000.0
Cà rốt,Hà Nội,Bán lẻ,CTV địa phương,2021-10-22,14000.0
Dưa chuột/dưa chuội,Hà Nội,Bán lẻ,CTV địa phương,2021-10-22,18000.0
Dưa vàng,Hà Nội,Bán lẻ,CTV địa phương,2021-10-22,40000.0
Khoai tây,Hà Nội,Bán lẻ,CTV địa phương,2021-10-22,17000.0
Mướp,Hà Nội,Bán lẻ,CTV địa phương,2021-10-22,16000.0
Quả bí đỏ,Hà Nội,Bán lẻ,CTV địa phương,2021-10-22,17000.0
Cam sành (loại 1),Vĩnh Long,Bán buôn,CTV địa phương,2021-10-22,18500.0
Cam sành (loại 2),Vĩnh Long,Bán buôn,CTV địa phương,2021-10-22,15500.0
Chôm chôm đường,Vĩnh Long,Bán buôn,CTV địa phương,2021-10-22,33500.0
Chôm chôm Java,Vĩnh Long,Bán buôn,CTV địa phương,2021-10-22,18500.0
Xoài cát Hòa Lộc,Vĩnh Long,Bán buôn,CTV địa phương,2021-10-22,32500.0
Bưởi da xanh,Hà Nội,Bán lẻ,CTV địa phương,2021-10-21,50000.0
Cà rốt,Hà Nội,Bán lẻ,CTV địa phương,2021-10-21,16000.0
Dưa chuột/dưa chuội,Hà Nội,Bán lẻ,CTV địa phương,2021-10-21,20000.0
Dưa vàng,Hà Nội,Bán lẻ,CTV địa phương,2021-10-21,40000.0
Khoai tây,Hà Nội,Bán lẻ,CTV địa phương,2021-10-21,17000.0
Mướp,Hà Nội,Bán lẻ,CTV địa phương,2021-10-21,18000.0
Quả bí đỏ,Hà Nội,Bán lẻ,CTV địa phương,2021-10-21,17000.0
Bắp cải,Sơn La,Bán lẻ,CTV địa phương,2021-10-21,12000.0
Cà rốt,Sơn La,Bán lẻ,CTV địa phương,2021-10-21,18000.0
Dưa chuột/dưa chuội,Sơn La,Bán lẻ,CTV địa phương,2021-10-21,18000.0
Khoai tây,Sơn La,Bán lẻ,CTV địa phương,2021-10-21,20000.0
Mồng tơi,Sơn La,Bán lẻ,CTV địa phương,2021-10-21,15000.0
Mướp đắng,Sơn La,Bán lẻ,CTV địa phương,2021-10-21,25000.0
Mướp hương,Sơn La,Bán lẻ,CTV địa phương,2021-10-21,15000.0
Quả bí đỏ,Sơn La,Bán lẻ,CTV địa phương,2021-10-21,16500.0
Rau cải,Sơn La,Bán lẻ,CTV địa phương,2021-10-21,12000.0
Su su quả,Sơn La,Bán lẻ,CTV địa phương,2021-10-21,20000.0
Bưởi da xanh,Tiền Giang,Thu mua tại vườn,CTV địa phương,2021-10-20,22000.0
Chuối sim,Tiền Giang,Thu mua tại vườn,CTV địa phương,2021-10-20,12000.0
Dưa chuột/dưa chuội,Tiền Giang,Thu mua tại vườn,CTV địa phương,2021-10-20,9000.0
Bắp cải,Hà Nội,Bán lẻ,CTV địa phương,2021-10-19,13000.0
Bưởi da xanh,Hà Nội,Bán lẻ,CTV địa phương,2021-10-19,40000.0
Cà rốt,Hà Nội,Bán lẻ,CTV địa phương,2021-10-19,15000.0
Dưa chuột/dưa chuội,Hà Nội,Bán lẻ,CTV địa phương,2021-10-19,17000.0
Dưa vàng,Hà Nội,Bán lẻ,CTV địa phương,2021-10-19,35000.0
Khoai tây,Hà Nội,Bán lẻ,CTV địa phương,2021-10-19,16000.0
Mướp,Hà Nội,Bán lẻ,CTV địa phương,2021-10-19,16000.0
Quả bí đỏ,Hà Nội,Bán lẻ,CTV địa phương,2021-10-19,17000.0
Bắp cải,Sơn La,Bán lẻ,CTV địa phương,2021-10-19,12000.0
Cà rốt,Sơn La,Bán lẻ,CTV địa phương,2021-10-19,15000.0
Dưa chuột/dưa chuội,Sơn La,Bán lẻ,CTV địa phương,2021-10-19,15000.0
Khoai tây,Sơn La,Bán lẻ,CTV địa phương,2021-10-19,20000.0
Mồng tơi,Sơn La,Bán lẻ,CTV địa phương,2021-10-19,12000.0
Mướp đắng,Sơn La,Bán lẻ,CTV địa phương,2021-10-19,25000.0
Mướp hương,Sơn La,Bán lẻ,CTV địa phương,2021-10-19,15000.0
Na,Sơn La,Bán lẻ,CTV địa phương,2021-10-19,30000.0
Quả bí đỏ,Sơn La,Bán lẻ,CTV địa phương,2021-10-19,16500.0
Rau cải,Sơn La,Bán lẻ,CTV địa phương,2021-10-19,10000.0
Su su quả,Sơn La,Bán lẻ,CTV địa phương,2021-10-19,18000.0
Dưa chuột/dưa chuội,Cần Thơ,Thương lái thu mua,CTV địa phương,2021-10-18,13000.0
Mướp,Cần Thơ,Thương lái thu mua,CTV địa phương,2021-10-18,13000.0
Mướp đắng,Cần Thơ,Thương lái thu mua,CTV địa phương,2021-10-18,10000.0
Quả bí đỏ,Cần Thơ,Thương lái thu mua,CTV địa phương,2021-10-18,16500.0
Trái dứa/thơm (to),Cần Thơ,Thương lái thu mua,CTV địa phương,2021-10-18,10000.0
Bắp cải,Sơn La,Bán lẻ,CTV địa phương,2021-10-18,12000.0
Cà rốt,Sơn La,Bán lẻ,CTV địa phương,2021-10-18,15000.0
Dưa chuột/dưa chuội,Sơn La,Bán lẻ,CTV địa phương,2021-10-18,15000.0
Khoai tây,Sơn La,Bán lẻ,CTV địa phương,2021-10-18,20000.0
Mồng tơi,Sơn La,Bán lẻ,CTV địa phương,2021-10-18,12000.0
Mướp đắng,Sơn La,Bán lẻ,CTV địa phương,2021-10-18,25000.0
Mướp hương,Sơn La,Bán lẻ,CTV địa phương,2021-10-18,15000.0
Na,Sơn La,Bán lẻ,CTV địa phương,2021-10-18,30000.0
Quả bí đỏ,Sơn La,Bán lẻ,CTV địa phương,2021-10-18,16500.0
Rau cải,Sơn La,Bán lẻ,CTV địa phương,2021-10-18,10000.0
Su su quả,Sơn La,Bán lẻ,CTV địa phương,2021-10-18,18000.0
Bắp cải,Hà Nội,Bán lẻ,CTV địa phương,2021-10-15,13000.0
Bưởi da xanh,Hà Nội,Bán lẻ,CTV địa phương,2021-10-15,70000.0
Cà rốt,Hà Nội,Bán lẻ,CTV địa phương,2021-10-15,15000.0
Dưa chuột/dưa chuội,Hà Nội,Bán lẻ,CTV địa phương,2021-10-15,17000.0
Dưa vàng,Hà Nội,Bán lẻ,CTV địa phương,2021-10-15,35000.0
Khoai tây,Hà Nội,Bán lẻ,CTV địa phương,2021-10-15,18000.0
Mướp,Hà Nội,Bán lẻ,CTV địa phương,2021-10-15,15000.0
Quả bí đỏ,Hà Nội,Bán lẻ,CTV địa phương,2021-10-15,20000.0
Cam sành (loại 1),Vĩnh Long,Bán buôn,CTV địa phương,2021-10-15,19500.0
Cam sành (loại 2),Vĩnh Long,Bán buôn,CTV địa phương,2021-10-15,16500.0
Chôm chôm đường,Vĩnh Long,Bán buôn,CTV địa phương,2021-10-15,37500.0
Chôm chôm Java,Vĩnh Long,Bán buôn,CTV địa phương,2021-10-15,20500.0
Xoài cát Hòa Lộc,Vĩnh Long,Bán buôn,CTV địa phương,2021-10-15,32500.0
Bắp cải,Hà Nội,Bán lẻ,CTV địa phương,2021-10-14,12000.0
Bưởi da xanh,Hà Nội,Bán lẻ,CTV địa phương,2021-10-14,65000.0
Cà rốt,Hà Nội,Bán lẻ,CTV địa phương,2021-10-14,15000.0
Dưa chuột/dưa chuội,Hà Nội,Bán lẻ,CTV địa phương,2021-10-14,16000.0
Dưa vàng,Hà Nội,Bán lẻ,CTV địa phương,2021-10-14,40000.0
Khoai tây,Hà Nội,Bán lẻ,CTV địa phương,2021-10-14,17000.0
Mướp,Hà Nội,Bán lẻ,CTV địa phương,2021-10-14,15000.0
Quả bí đỏ,Hà Nội,Bán lẻ,CTV địa phương,2021-10-14,20000.0
Bắp cải,Sơn La,Bán lẻ,CTV địa phương,2021-10-14,12000.0
Cà rốt,Sơn La,Bán lẻ,CTV địa phương,2021-10-14,15000.0
Dưa chuột/dưa chuội,Sơn La,Bán lẻ,CTV địa phương,2021-10-14,15000.0
Khoai tây,Sơn La,Bán lẻ,CTV địa phương,2021-10-14,20000.0
Mồng tơi,Sơn La,Bán lẻ,CTV địa phương,2021-10-14,12000.0
Mướp đắng,Sơn La,Bán lẻ,CTV địa phương,2021-10-14,25000.0
Mướp hương,Sơn La,Bán lẻ,CTV địa phương,2021-10-14,15000.0
Na,Sơn La,Bán lẻ,CTV địa phương,2021-10-14,30000.0
Quả bí đỏ,Sơn La,Bán lẻ,CTV địa phương,2021-10-14,16500.0
Rau cải,Sơn La,Bán lẻ,CTV địa phương,2021-10-14,10000.0
Su su quả,Sơn La,Bán lẻ,CTV địa phương,2021-10-14,18000.0
Bưởi da xanh,Tiền Giang,Thu mua tại vườn,CTV địa phương,2021-10-13,22000.0
Chuối sim,Tiền Giang,Thu mua tại vườn,CTV địa phương,2021-10-13,12000.0
Dưa chuột/dưa chuội,Tiền Giang,Thu mua tại vườn,CTV địa phương,2021-10-13,9000.0
Bắp cải,Hà Nội,Bán lẻ,CTV địa phương,2021-10-12,10000.0
Bưởi da xanh,Hà Nội,Bán lẻ,CTV địa phương,2021-10-12,70000.0
Cà rốt,Hà Nội,Bán lẻ,CTV địa phương,2021-10-12,15000.0
Dưa chuột/dưa chuội,Hà Nội,Bán lẻ,CTV địa phương,2021-10-12,20000.0
Dưa vàng,Hà Nội,Bán lẻ,CTV địa phương,2021-10-12,40000.0
Khoai tây,Hà Nội,Bán lẻ,CTV địa phương,2021-10-12,15000.0
Mướp,Hà Nội,Bán lẻ,CTV địa phương,2021-10-12,14000.0
Na,Hà Nội,Bán lẻ,CTV địa phương,2021-10-12,50000.0
Quả bí đỏ,Hà Nội,Bán lẻ,CTV địa phương,2021-10-12,18000.0
Bắp cải,Sơn La,Bán lẻ,CTV địa phương,2021-10-12,12000.0
Cà rốt,Sơn La,Bán lẻ,CTV địa phương,2021-10-12,15000.0
Dưa chuột/dưa chuội,Sơn La,Bán lẻ,CTV địa phương,2021-10-12,15000.0
Khoai tây,Sơn La,Bán lẻ,CTV địa phương,2021-10-12,18000.0
Mồng tơi,Sơn La,Bán lẻ,CTV địa phương,2021-10-12,12000.0
Mướp đắng,Sơn La,Bán lẻ,CTV địa phương,2021-10-12,25000.0
Mướp hương,Sơn La,Bán lẻ,CTV địa phương,2021-10-12,16000.0
Na,Sơn La,Bán lẻ,CTV địa phương,2021-10-12,30000.0
Quả bí đỏ,Sơn La,Bán lẻ,CTV địa phương,2021-10-12,16500.0
Rau cải,Sơn La,Bán lẻ,CTV địa phương,2021-10-12,12000.0
Su su quả,Sơn La,Bán lẻ,CTV địa phương,2021-10-12,15000.0
Dưa chuột/dưa chuội,Cần Thơ,Thương lái thu mua,CTV địa phương,2021-10-11,15000.0
Mướp,Cần Thơ,Thương lái thu mua,CTV địa phương,2021-10-11,18000.0
Mướp đắng,Cần Thơ,Thương lái thu mua,CTV địa phương,2021-10-11,15000.0
Quả bí đỏ,Cần Thơ,Thương lái thu mua,CTV địa phương,2021-10-11,16500.0
Trái dứa/thơm (to),Cần Thơ,Thương lái thu mua,CTV địa phương,2021-10-11,13000.0
Bắp cải,Sơn La,Bán lẻ,CTV địa phương,2021-10-11,12000.0
Cà rốt,Sơn La,Bán lẻ,CTV địa phương,2021-10-11,15000.0
Dưa chuột/dưa chuội,Sơn La,Bán lẻ,CTV địa phương,2021-10-11,15000.0
Khoai tây,Sơn La,Bán lẻ,CTV địa phương,2021-10-11,18000.0
Mồng tơi,Sơn La,Bán lẻ,CTV địa phương,2021-10-11,12000.0
Mướp đắng,Sơn La,Bán lẻ,CTV địa phương,2021-10-11,20000.0
Mướp hương,Sơn La,Bán lẻ,CTV địa phương,2021-10-11,16000.0
Na,Sơn La,Bán lẻ,CTV địa phương,2021-10-11,30000.0
Quả bí đỏ,Sơn La,Bán lẻ,CTV địa phương,2021-10-11,16500.0
Rau cải,Sơn La,Bán lẻ,CTV địa phương,2021-10-11,12000.0
Su su quả,Sơn La,Bán lẻ,CTV địa phương,2021-10-11,15000.0
Bắp cải,Hà Nội,Bán lẻ,CTV địa phương,2021-10-08,10000.0
Bưởi da xanh,Hà Nội,Bán lẻ,CTV địa phương,2021-10-08,70000.0
Cà rốt,Hà Nội,Bán lẻ,CTV địa phương,2021-10-08,15000.0
Dưa chuột/dưa chuội,Hà Nội,Bán lẻ,CTV địa phương,2021-10-08,20000.0
Dưa vàng,Hà Nội,Bán lẻ,CTV địa phương,2021-10-08,40000.0
Khoai tây,Hà Nội,Bán lẻ,CTV địa phương,2021-10-08,15000.0
Mướp,Hà Nội,Bán lẻ,CTV địa phương,2021-10-08,14000.0
Na,Hà Nội,Bán lẻ,CTV địa phương,2021-10-08,50000.0
Quả bí đỏ,Hà Nội,Bán lẻ,CTV địa phương,2021-10-08,18000.0
Cam sành (loại 1),Vĩnh Long,Bán buôn,CTV địa phương,2021-10-08,21000.0
Cam sành (loại 2),Vĩnh Long,Bán buôn,CTV địa phương,2021-10-08,18000.0
Chôm chôm đường,Vĩnh Long,Bán buôn,CTV địa phương,2021-10-08,34500.0
Chôm chôm Java,Vĩnh Long,Bán buôn,CTV địa phương,2021-10-08,18500.0
Xoài cát Hòa Lộc,Vĩnh Long,Bán buôn,CTV địa phương,2021-10-08,32500.0
Bắp cải,Hà Nội,Bán lẻ,CTV địa phương,2021-10-07,13000.0
Bưởi da xanh,Hà Nội,Bán lẻ,CTV địa phương,2021-10-07,65000.0
Cà rốt,Hà Nội,Bán lẻ,CTV địa phương,2021-10-07,14000.0
Dưa chuột/dưa chuội,Hà Nội,Bán lẻ,CTV địa phương,2021-10-07,15000.0
Dưa vàng,Hà Nội,Bán lẻ,CTV địa phương,2021-10-07,40000.0
Khoai tây,Hà Nội,Bán lẻ,CTV địa phương,2021-10-07,15000.0
Mướp,Hà Nội,Bán lẻ,CTV địa phương,2021-10-07,15000.0
Na,Hà Nội,Bán lẻ,CTV địa phương,2021-10-07,45000.0
Quả bí đỏ,Hà Nội,Bán lẻ,CTV địa phương,2021-10-07,15000.0
Bắp cải,Sơn La,Bán lẻ,CTV địa phương,2021-10-07,12000.0
Cà rốt,Sơn La,Bán lẻ,CTV địa phương,2021-10-07,18000.0
Dưa chuột/dưa chuội,Sơn La,Bán lẻ,CTV địa phương,2021-10-07,15000.0
Khoai tây,Sơn La,Bán lẻ,CTV địa phương,2021-10-07,18000.0
Mồng tơi,Sơn La,Bán lẻ,CTV địa phương,2021-10-07,12000.0
Mướp đắng,Sơn La,Bán lẻ,CTV địa phương,2021-10-07,20000.0
Mướp hương,Sơn La,Bán lẻ,CTV địa phương,2021-10-07,16000.0
Na,Sơn La,Bán lẻ,CTV địa phương,2021-10-07,30000.0
Quả bí đỏ,Sơn La,Bán lẻ,CTV địa phương,2021-10-07,16500.0
Rau cải,Sơn La,Bán lẻ,CTV địa phương,2021-10-07,12000.0
Su su quả,Sơn La,Bán lẻ,CTV địa phương,2021-10-07,17000.0
Bưởi da xanh,Tiền Giang,Thu mua tại vườn,CTV địa phương,2021-10-06,22000.0
Chuối sim,Tiền Giang,Thu mua tại vườn,CTV địa phương,2021-10-06,11000.0
Dưa chuột/dưa chuội,Tiền Giang,Thu mua tại vườn,CTV địa phương,2021-10-06,9500.0
Bắp cải,Hà Nội,Bán lẻ,CTV địa phương,2021-10-05,10000.0
Bưởi da xanh,Hà Nội,Bán lẻ,CTV địa phương,2021-10-05,60000.0
Cà rốt,Hà Nội,Bán lẻ,CTV địa phương,2021-10-05,15000.0
Dưa chuột/dưa chuội,Hà Nội,Bán lẻ,CTV địa phương,2021-10-05,15000.0
Dưa vàng,Hà Nội,Bán lẻ,CTV địa phương,2021-10-05,40000.0
Khoai tây,Hà Nội,Bán lẻ,CTV địa phương,2021-10-05,16000.0
Mướp,Hà Nội,Bán lẻ,CTV địa phương,2021-10-05,8000.0
Na,Hà Nội,Bán lẻ,CTV địa phương,2021-10-05,50000.0
Quả bí đỏ,Hà Nội,Bán lẻ,CTV địa phương,2021-10-05,15000.0
Bắp cải,Sơn La,Bán lẻ,CTV địa phương,2021-10-05,13000.0
Cà rốt,Sơn La,Bán lẻ,CTV địa phương,2021-10-05,18000.0
Dưa chuột/dưa chuội,Sơn La,Bán lẻ,CTV địa phương,2021-10-05,15000.0
Khoai tây,Sơn La,Bán lẻ,CTV địa phương,2021-10-05,20000.0
Mồng tơi,Sơn La,Bán lẻ,CTV địa phương,2021-10-05,12000.0
Mướp,Sơn La,Bán lẻ,CTV địa phương,2021-10-05,18000.0
Mướp đắng,Sơn La,Bán lẻ,CTV địa phương,2021-10-05,20000.0
Na,Sơn La,Bán lẻ,CTV địa phương,2021-10-05,30000.0
Quả bí đỏ,Sơn La,Bán lẻ,CTV địa phương,2021-10-05,16500.0
Rau cải,Sơn La,Bán lẻ,CTV địa phương,2021-10-05,12000.0
Su su quả,Sơn La,Bán lẻ,CTV địa phương,2021-10-05,17000.0
Dưa chuột/dưa chuội,Cần Thơ,Thương lái thu mua,CTV địa phương,2021-10-04,8000.0
Mướp,Cần Thơ,Thương lái thu mua,CTV địa phương,2021-10-04,15000.0
Mướp đắng,Cần Thơ,Thương lái thu mua,CTV địa phương,2021-10-04,12000.0
Quả bí đỏ,Cần Thơ,Thương lái thu mua,CTV địa phương,2021-10-04,20500.0
Trái dứa/thơm (to),Cần Thơ,Thương lái thu mua,CTV địa phương,2021-10-04,11000.0
Bắp cải,Sơn La,Bán lẻ,CTV địa phương,2021-10-04,13000.0
Cà rốt,Sơn La,Bán lẻ,CTV địa phương,2021-10-04,18000.0
Dưa chuột/dưa chuội,Sơn La,Bán lẻ,CTV địa phương,2021-10-04,15000.0
Khoai tây,Sơn La,Bán lẻ,CTV địa phương,2021-10-04,20000.0
Mồng tơi,Sơn La,Bán lẻ,CTV địa phương,2021-10-04,12000.0
Mướp đắng,Sơn La,Bán lẻ,CTV địa phương,2021-10-04,20000.0
Mướp hương,Sơn La,Bán lẻ,CTV địa phương,2021-10-04,18000.0
Quả bí đỏ,Sơn La,Bán lẻ,CTV địa phương,2021-10-04,16500.0
Rau cải,Sơn La,Bán lẻ,CTV địa phương,2021-10-04,12000.0
Su su quả,Sơn La,Bán lẻ,CTV địa phương,2021-10-04,17000.0
Bắp cải,Hà Nội,Bán lẻ,CTV địa phương,2021-10-01,12000.0
Bưởi da xanh,Hà Nội,Bán lẻ,CTV địa phương,2021-10-01,40000.0
Cà rốt,Hà Nội,Bán lẻ,CTV địa phương,2021-10-01,14000.0
Dưa chuột/dưa chuội,Hà Nội,Bán lẻ,CTV địa phương,2021-10-01,17000.0
Dưa vàng,Hà Nội,Bán lẻ,CTV địa phương,2021-10-01,40000.0
Khoai tây,Hà Nội,Bán lẻ,CTV địa phương,2021-10-01,17000.0
Mướp,Hà Nội,Bán lẻ,CTV địa phương,2021-10-01,8000.0
Na,Hà Nội,Bán lẻ,CTV địa phương,2021-10-01,45000.0
Quả bí đỏ,Hà Nội,Bán lẻ,CTV địa phương,2021-10-01,18000.0
Cam sành (loại 1),Vĩnh Long,Bán buôn,CTV địa phương,2021-10-01,23500.0
Cam sành (loại 2),Vĩnh Long,Bán buôn,CTV địa phương,2021-10-01,20000.0
Chôm chôm đường,Vĩnh Long,Bán buôn,CTV địa phương,2021-10-01,26500.0
Chôm chôm Java,Vĩnh Long,Bán buôn,CTV địa phương,2021-10-01,16500.0
Xoài cát Hòa Lộc,Vĩnh Long,Bán buôn,CTV địa phương,2021-10-01,32500.0
Bắp cải,Hà Nội,Bán lẻ,CTV địa phương,2021-09-30,15000.0
Bưởi da xanh,Hà Nội,Bán lẻ,CTV địa phương,2021-09-30,55000.0
Cà rốt,Hà Nội,Bán lẻ,CTV địa phương,2021-09-30,15000.0
Dưa chuột/dưa chuội,Hà Nội,Bán lẻ,CTV địa phương,2021-09-30,15000.0
Dưa vàng,Hà Nội,Bán lẻ,CTV địa phương,2021-09-30,45000.0
Khoai tây,Hà Nội,Bán lẻ,CTV địa phương,2021-09-30,16000.0
Mướp,Hà Nội,Bán lẻ,CTV địa phương,2021-09-30,12000.0
Na,Hà Nội,Bán lẻ,CTV địa phương,2021-09-30,55000.0
Quả bí đỏ,Hà Nội,Bán lẻ,CTV địa phương,2021-09-30,20000.0
Bắp cải,Sơn La,Bán lẻ,CTV địa phương,2021-09-30,12000.0
Cà rốt,Sơn La,Bán lẻ,CTV địa phương,2021-09-30,17000.0
Dưa chuột/dưa chuội,Sơn La,Bán lẻ,CTV địa phương,2021-09-30,15000.0
Khoai tây,Sơn La,Bán lẻ,CTV địa phương,2021-09-30,20000.0
Mồng tơi,Sơn La,Bán lẻ,CTV địa phương,2021-09-30,15000.0
Mướp đắng,Sơn La,Bán lẻ,CTV địa phương,2021-09-30,20000.0
Mướp hương,Sơn La,Bán lẻ,CTV địa phương,2021-09-30,15000.0
Na,Sơn La,Bán lẻ,CTV địa phương,2021-09-30,35000.0
Quả bí đỏ,Sơn La,Bán lẻ,CTV địa phương,2021-09-30,13500.0
Rau cải,Sơn La,Bán lẻ,CTV địa phương,2021-09-30,12000.0
Su su quả,Sơn La,Bán lẻ,CTV địa phương,2021-09-30,15000.0
Bưởi da xanh,Tiền Giang,Thu mua tại vườn,CTV địa phương,2021-09-29,23000.0
Chuối sim,Tiền Giang,Thu mua tại vườn,CTV địa phương,2021-09-29,12000.0
Dưa chuột/dưa chuội,Tiền Giang,Thu mua tại vườn,CTV địa phương,2021-09-29,9000.0
Bắp cải,Hà Nội,Bán lẻ,CTV địa phương,2021-09-28,15000.0
Bưởi da xanh,Hà Nội,Bán lẻ,CTV địa phương,2021-09-28,40000.0
Cà rốt,Hà Nội,Bán lẻ,CTV địa phương,2021-09-28,14000.0
Dưa chuột/dưa chuội,Hà Nội,Bán lẻ,CTV địa phương,2021-09-28,17000.0
Dưa vàng,Hà Nội,Bán lẻ,CTV địa phương,2021-09-28,35000.0
Khoai tây,Hà Nội,Bán lẻ,CTV địa phương,2021-09-28,14000.0
Mướp,Hà Nội,Bán lẻ,CTV địa phương,2021-09-28,12000.0
Na,Hà Nội,Bán lẻ,CTV địa phương,2021-09-28,40000.0
Quả bí đỏ,Hà Nội,Bán lẻ,CTV địa phương,2021-09-28,20000.0
Bắp cải,Sơn La,Bán lẻ,CTV địa phương,2021-09-28,12000.0
Cà rốt,Sơn La,Bán lẻ,CTV địa phương,2021-09-28,15000.0
Dưa chuột/dưa chuội,Sơn La,Bán lẻ,CTV địa phương,2021-09-28,15000.0
Khoai tây,Sơn La,Bán lẻ,CTV địa phương,2021-09-28,20000.0
Mồng tơi,Sơn La,Bán lẻ,CTV địa phương,2021-09-28,15000.0
Mướp đắng,Sơn La,Bán lẻ,CTV địa phương,2021-09-28,20000.0
Mướp hương,Sơn La,Bán lẻ,CTV địa phương,2021-09-28,15000.0
Na,Sơn La,Bán lẻ,CTV địa phương,2021-09-28,35000.0
Quả bí đỏ,Sơn La,Bán lẻ,CTV địa phương,2021-09-28,14000.0
Rau cải,Sơn La,Bán lẻ,CTV địa phương,2021-09-28,12000.0
Su su quả,Sơn La,Bán lẻ,CTV địa phương,2021-09-28,15000.0
Dưa chuột/dưa chuội,Cần Thơ,Thương lái thu mua,CTV địa phương,2021-09-27,8000.0
Mướp,Cần Thơ,Thương lái thu mua,CTV địa phương,2021-09-27,16000.0
Mướp đắng,Cần Thơ,Thương lái thu mua,CTV địa phương,2021-09-27,12000.0
Trái dứa/thơm (to),Cần Thơ,Thương lái thu mua,CTV địa phương,2021-09-27,11000.0
Bắp cải,Sơn La,Bán lẻ,CTV địa phương,2021-09-27,12000.0
Cà rốt,Sơn La,Bán lẻ,CTV địa phương,2021-09-27,15000.0
Dưa chuột/dưa chuội,Sơn La,Bán lẻ,CTV địa phương,2021-09-27,15000.0
Khoai tây,Sơn La,Bán lẻ,CTV địa phương,2021-09-27,20000.0
Mồng tơi,Sơn La,Bán lẻ,CTV địa phương,2021-09-27,15000.0
Mướp đắng,Sơn La,Bán lẻ,CTV địa phương,2021-09-27,20000.0
Mướp hương,Sơn La,Bán lẻ,CTV địa phương,2021-09-27,15000.0
Na,Sơn La,Bán lẻ,CTV địa phương,2021-09-27,35000.0
Quả bí đỏ,Sơn La,Bán lẻ,CTV địa phương,2021-09-27,14000.0
Rau cải,Sơn La,Bán lẻ,CTV địa phương,2021-09-27,12000.0
Su su quả,Sơn La,Bán lẻ,CTV địa phương,2021-09-27,15000.0
Bắp cải,Hà Nội,Bán lẻ,CTV địa phương,2021-09-24,14000.0
Bưởi da xanh,Hà Nội,Bán lẻ,CTV địa phương,2021-09-24,50000.0
Cà rốt,Hà Nội,Bán lẻ,CTV địa phương,2021-09-24,17000.0
Dưa chuột/dưa chuội,Hà Nội,Bán lẻ,CTV địa phương,2021-09-24,20000.0
Dưa vàng,Hà Nội,Bán lẻ,CTV địa phương,2021-09-24,40000.0
Khoai tây,Hà Nội,Bán lẻ,CTV địa phương,2021-09-24,15000.0
Măng cụt,Hà Nội,Bán lẻ,CTV địa phương,2021-09-24,40000.0
Mướp,Hà Nội,Bán lẻ,CTV địa phương,2021-09-24,8000.0
Na,Hà Nội,Bán lẻ,CTV địa phương,2021-09-24,45000.0
Quả bí đỏ,Hà Nội,Bán lẻ,CTV địa phương,2021-09-24,20000.0
Cam sành (loại 1),Vĩnh Long,Bán buôn,CTV địa phương,2021-09-24,23500.0
Cam sành (loại 2),Vĩnh Long,Bán buôn,CTV địa phương,2021-09-24,20000.0
Chôm chôm đường,Vĩnh Long,Bán buôn,CTV địa phương,2021-09-24,24500.0
Chôm chôm Java,Vĩnh Long,Bán buôn,CTV địa phương,2021-09-24,19500.0
Xoài cát Hòa Lộc,Vĩnh Long,Bán buôn,CTV địa phương,2021-09-24,32500.0
Bắp cải,Hà Nội,Bán lẻ,CTV địa phương,2021-09-23,15000.0
Bưởi da xanh,Hà Nội,Bán lẻ,CTV địa phương,2021-09-23,55000.0
Cà rốt,Hà Nội,Bán lẻ,CTV địa phương,2021-09-23,18000.0
Dưa chuột/dưa chuội,Hà Nội,Bán lẻ,CTV địa phương,2021-09-23,18000.0
Khoai tây,Hà Nội,Bán lẻ,CTV địa phương,2021-09-23,15000.0
Măng cụt,Hà Nội,Bán lẻ,CTV địa phương,2021-09-23,45000.0
Mướp,Hà Nội,Bán lẻ,CTV địa phương,2021-09-23,10000.0
Na,Hà Nội,Bán lẻ,CTV địa phương,2021-09-23,45000.0
Quả bí đỏ,Hà Nội,Bán lẻ,CTV địa phương,2021-09-23,18000.0
Bắp cải,Sơn La,Bán lẻ,CTV địa phương,2021-09-23,13000.0
Cà rốt,Sơn La,Bán lẻ,CTV địa phương,2021-09-23,15000.0
Dưa chuột/dưa chuội,Sơn La,Bán lẻ,CTV địa phương,2021-09-23,15000.0
Khoai tây,Sơn La,Bán lẻ,CTV địa phương,2021-09-23,20000.0
Mồng tơi,Sơn La,Bán lẻ,CTV địa phương,2021-09-23,15000.0
Mướp đắng,Sơn La,Bán lẻ,CTV địa phương,2021-09-23,20000.0
Mướp hương,Sơn La,Bán lẻ,CTV địa phương,2021-09-23,17000.0
Na,Sơn La,Bán lẻ,CTV địa phương,2021-09-23,35000.0
Quả bí đỏ,Sơn La,Bán lẻ,CTV địa phương,2021-09-23,14000.0
Rau cải,Sơn La,Bán lẻ,CTV địa phương,2021-09-23,12000.0
Su su quả,Sơn La,Bán lẻ,CTV địa phương,2021-09-23,15000.0
Bưởi da xanh,Tiền Giang,Thu mua tại vườn,CTV địa phương,2021-09-22,24000.0
Chuối sim,Tiền Giang,Thu mua tại vườn,CTV địa phương,2021-09-22,11000.0
Dưa chuột/dưa chuội,Tiền Giang,Thu mua tại vườn,CTV địa phương,2021-09-22,9000.0
Bắp cải,Hà Nội,Bán lẻ,CTV địa phương,2021-09-21,15000.0
Bưởi da xanh,Hà Nội,Bán lẻ,CTV địa phương,2021-09-21,50000.0
Cà rốt,Hà Nội,Bán lẻ,CTV địa phương,2021-09-21,20000.0
Dưa chuột/dưa chuội,Hà Nội,Bán lẻ,CTV địa phương,2021-09-21,20000.0
Khoai tây,Hà Nội,Bán lẻ,CTV địa phương,2021-09-21,17000.0
Măng cụt,Hà Nội,Bán lẻ,CTV địa phương,2021-09-21,40000.0
Mướp,Hà Nội,Bán lẻ,CTV địa phương,2021-09-21,15000.0
Na,Hà Nội,Bán lẻ,CTV địa phương,2021-09-21,40000.0
Quả bí đỏ,Hà Nội,Bán lẻ,CTV địa phương,2021-09-21,20000.0
Bắp cải,Sơn La,Bán lẻ,CTV địa phương,2021-09-21,12000.0
Cà rốt,Sơn La,Bán lẻ,CTV địa phương,2021-09-21,15000.0
Dưa chuột/dưa chuội,Sơn La,Bán lẻ,CTV địa phương,2021-09-21,16000.0
Khoai tây,Sơn La,Bán lẻ,CTV địa phương,2021-09-21,18000.0
Mồng tơi,Sơn La,Bán lẻ,CTV địa phương,2021-09-21,12000.0
Mướp đắng,Sơn La,Bán lẻ,CTV địa phương,2021-09-21,25000.0
Mướp hương,Sơn La,Bán lẻ,CTV địa phương,2021-09-21,15000.0
Na,Sơn La,Bán lẻ,CTV địa phương,2021-09-21,35000.0
Quả bí đỏ,Sơn La,Bán lẻ,CTV địa phương,2021-09-21,13500.0
Rau cải,Sơn La,Bán lẻ,CTV địa phương,2021-09-21,12000.0
Su su quả,Sơn La,Bán lẻ,CTV địa phương,2021-09-21,15000.0
Dưa chuột/dưa chuội,Cần Thơ,Thương lái thu mua,CTV địa phương,2021-09-20,10000.0
Mướp,Cần Thơ,Thương lái thu mua,CTV địa phương,2021-09-20,16000.0
Mướp đắng,Cần Thơ,Thương lái thu mua,CTV địa phương,2021-09-20,14000.0
Trái dứa/thơm (to),Cần Thơ,Thương lái thu mua,CTV địa phương,2021-09-20,13000.0
Bắp cải,Sơn La,Bán lẻ,CTV địa phương,2021-09-20,12000.0
Cà rốt,Sơn La,Bán lẻ,CTV địa phương,2021-09-20,15000.0
Dưa chuột/dưa chuội,Sơn La,Bán lẻ,CTV địa phương,2021-09-20,16000.0
Khoai tây,Sơn La,Bán lẻ,CTV địa phương,2021-09-20,18000.0
Mồng tơi,Sơn La,Bán lẻ,CTV địa phương,2021-09-20,12000.0
Mướp đắng,Sơn La,Bán lẻ,CTV địa phương,2021-09-20,25000.0
Mướp hương,Sơn La,Bán lẻ,CTV địa phương,2021-09-20,15000.0
Na,Sơn La,Bán lẻ,CTV địa phương,2021-09-20,35000.0
Quả bí đỏ,Sơn La,Bán lẻ,CTV địa phương,2021-09-20,13500.0
Rau cải,Sơn La,Bán lẻ,CTV địa phương,2021-09-20,12000.0
Su su quả,Sơn La,Bán lẻ,CTV địa phương,2021-09-20,15000.0
Bắp cải,Hà Nội,Bán lẻ,CTV địa phương,2021-09-17,15000.0
Bưởi da xanh,Hà Nội,Bán lẻ,CTV địa phương,2021-09-17,50000.0
Cà rốt,Hà Nội,Bán lẻ,CTV địa phương,2021-09-17,17000.0
Dưa chuột/dưa chuội,Hà Nội,Bán lẻ,CTV địa phương,2021-09-17,20000.0
Khoai tây,Hà Nội,Bán lẻ,CTV địa phương,2021-09-17,17000.0
Măng cụt,Hà Nội,Bán lẻ,CTV địa phương,2021-09-17,40000.0
Mướp,Hà Nội,Bán lẻ,CTV địa phương,2021-09-17,15000.0
Na,Hà Nội,Bán lẻ,CTV địa phương,2021-09-17,35000.0
Quả bí đỏ,Hà Nội,Bán lẻ,CTV địa phương,2021-09-17,20000.0
Cam sành (loại 1),Vĩnh Long,Bán buôn,CTV địa phương,2021-09-17,24500.0
Cam sành (loại 2),Vĩnh Long,Bán buôn,CTV địa phương,2021-09-17,21500.0
Chôm chôm đường,Vĩnh Long,Bán buôn,CTV địa phương,2021-09-17,22500.0
Chôm chôm Java,Vĩnh Long,Bán buôn,CTV địa phương,2021-09-17,15500.0
Xoài cát Hòa Lộc,Vĩnh Long,Bán buôn,CTV địa phương,2021-09-17,32500.0
Bắp cải,Hà Nội,Bán lẻ,CTV địa phương,2021-09-16,13000.0
Bưởi da xanh,Hà Nội,Bán lẻ,CTV địa phương,2021-09-16,50000.0
Cà rốt,Hà Nội,Bán lẻ,CTV địa phương,2021-09-16,15000.0
Dưa chuột/dưa chuội,Hà Nội,Bán lẻ,CTV địa phương,2021-09-16,17000.0
Khoai tây,Hà Nội,Bán lẻ,CTV địa phương,2021-09-16,17000.0
Măng cụt,Hà Nội,Bán lẻ,CTV địa phương,2021-09-16,30000.0
Mướp,Hà Nội,Bán lẻ,CTV địa phương,2021-09-16,7000.0
Na,Hà Nội,Bán lẻ,CTV địa phương,2021-09-16,30000.0
Quả bí đỏ,Hà Nội,Bán lẻ,CTV địa phương,2021-09-16,20000.0
Bắp cải,Sơn La,Bán lẻ,CTV địa phương,2021-09-16,12000.0
Cà rốt,Sơn La,Bán lẻ,CTV địa phương,2021-09-16,15000.0
Dưa chuột/dưa chuội,Sơn La,Bán lẻ,CTV địa phương,2021-09-16,15000.0
Khoai tây,Sơn La,Bán lẻ,CTV địa phương,2021-09-16,18000.0
Mồng tơi,Sơn La,Bán lẻ,CTV địa phương,2021-09-16,12000.0
Mướp đắng,Sơn La,Bán lẻ,CTV địa phương,2021-09-16,25000.0
Mướp hương,Sơn La,Bán lẻ,CTV địa phương,2021-09-16,15000.0
Na,Sơn La,Bán lẻ,CTV địa phương,2021-09-16,35000.0
Quả bí đỏ,Sơn La,Bán lẻ,CTV địa phương,2021-09-16,13500.0
Rau cải,Sơn La,Bán lẻ,CTV địa phương,2021-09-16,12000.0
Su su quả,Sơn La,Bán lẻ,CTV địa phương,2021-09-16,15000.0
Bưởi da xanh,Tiền Giang,Thu mua tại vườn,CTV địa phương,2021-09-15,24000.0
Chuối sim,Tiền Giang,Thu mua tại vườn,CTV địa phương,2021-09-15,11000.0
Dưa chuột/dưa chuội,Tiền Giang,Thu mua tại vườn,CTV địa phương,2021-09-15,9000.0
Bắp cải,Hà Nội,Bán lẻ,CTV địa phương,2021-09-14,15000.0
Bưởi da xanh,Hà Nội,Bán lẻ,CTV địa phương,2021-09-14,40000.0
Cà rốt,Hà Nội,Bán lẻ,CTV địa phương,2021-09-14,12000.0
Dưa chuột/dưa chuội,Hà Nội,Bán lẻ,CTV địa phương,2021-09-14,15000.0
Khoai tây,Hà Nội,Bán lẻ,CTV địa phương,2021-09-14,15000.0
Măng cụt,Hà Nội,Bán lẻ,CTV địa phương,2021-09-14,35000.0
Mướp,Hà Nội,Bán lẻ,CTV địa phương,2021-09-14,8000.0
Na,Hà Nội,Bán lẻ,CTV địa phương,2021-09-14,35000.0
Quả bí đỏ,Hà Nội,Bán lẻ,CTV địa phương,2021-09-14,15000.0
Bắp cải,Sơn La,Bán lẻ,CTV địa phương,2021-09-14,12000.0
Cà rốt,Sơn La,Bán lẻ,CTV địa phương,2021-09-14,15000.0
Dưa chuột/dưa chuội,Sơn La,Bán lẻ,CTV địa phương,2021-09-14,15000.0
Khoai tây,Sơn La,Bán lẻ,CTV địa phương,2021-09-14,18000.0
Mồng tơi,Sơn La,Bán lẻ,CTV địa phương,2021-09-14,12000.0
Mướp đắng,Sơn La,Bán lẻ,CTV địa phương,2021-09-14,25000.0
Mướp hương,Sơn La,Bán lẻ,CTV địa phương,2021-09-14,15000.0
Na,Sơn La,Bán lẻ,CTV địa phương,2021-09-14,35000.0
Quả bí đỏ,Sơn La,Bán lẻ,CTV địa phương,2021-09-14,13500.0
Rau cải,Sơn La,Bán lẻ,CTV địa phương,2021-09-14,12000.0
Su su quả,Sơn La,Bán lẻ,CTV địa phương,2021-09-14,15000.0
Dưa chuột/dưa chuội,Cần Thơ,Thương lái thu mua,CTV địa phương,2021-09-13,12000.0
Mướp,Cần Thơ,Thương lái thu mua,CTV địa phương,2021-09-13,1700.0
Mướp đắng,Cần Thơ,Thương lái thu mua,CTV địa phương,2021-09-13,18000.0
Trái dứa/thơm (to),Cần Thơ,Thương lái thu mua,CTV địa phương,2021-09-13,14000.0
Bắp cải,Sơn La,Bán lẻ,CTV địa phương,2021-09-13,12000.0
Cà rốt,Sơn La,Bán lẻ,CTV địa phương,2021-09-13,15000.0
Dưa chuột/dưa chuội,Sơn La,Bán lẻ,CTV địa phương,2021-09-13,15000.0
Khoai tây,Sơn La,Bán lẻ,CTV địa phương,2021-09-13,18000.0
Mồng tơi,Sơn La,Bán lẻ,CTV địa phương,2021-09-13,12000.0
Mướp đắng,Sơn La,Bán lẻ,CTV địa phương,2021-09-13,25000.0
Mướp hương,Sơn La,Bán lẻ,CTV địa phương,2021-09-13,15000.0
Na,Sơn La,Bán lẻ,CTV địa phương,2021-09-13,35000.0
Quả bí đỏ,Sơn La,Bán lẻ,CTV địa phương,2021-09-13,13500.0
Rau cải,Sơn La,Bán lẻ,CTV địa phương,2021-09-13,12000.0
Su su quả,Sơn La,Bán lẻ,CTV địa phương,2021-09-13,15000.0
Bắp cải,Hà Nội,Bán lẻ,CTV địa phương,2021-09-10,15000.0
Bưởi da xanh,Hà Nội,Bán lẻ,CTV địa phương,2021-09-10,65000.0
Cà rốt,Hà Nội,Bán lẻ,CTV địa phương,2021-09-10,15000.0
Dưa chuột/dưa chuội,Hà Nội,Bán lẻ,CTV địa phương,2021-09-10,17000.0
Khoai tây,Hà Nội,Bán lẻ,CTV địa phương,2021-09-10,20000.0
Măng cụt,Hà Nội,Bán lẻ,CTV địa phương,2021-09-10,40000.0
Mướp,Hà Nội,Bán lẻ,CTV địa phương,2021-09-10,12000.0
Na,Hà Nội,Bán lẻ,CTV địa phương,2021-09-10,35000.0
Quả bí đỏ,Hà Nội,Bán lẻ,CTV địa phương,2021-09-10,20000.0
Cam sành (loại 1),Vĩnh Long,Bán buôn,CTV địa phương,2021-09-10,24500.0
Cam sành (loại 2),Vĩnh Long,Bán buôn,CTV địa phương,2021-09-10,21500.0
Chôm chôm đường,Vĩnh Long,Bán buôn,CTV địa phương,2021-09-10,19500.0
Chôm chôm Java,Vĩnh Long,Bán buôn,CTV địa phương,2021-09-10,13500.0
Xoài cát Hòa Lộc,Vĩnh Long,Bán buôn,CTV địa phương,2021-09-10,32500.0
Bắp cải,Hà Nội,Bán lẻ,CTV địa phương,2021-09-09,12000.0
Bưởi da xanh,Hà Nội,Bán lẻ,CTV địa phương,2021-09-09,70000.0
Cà rốt,Hà Nội,Bán lẻ,CTV địa phương,2021-09-09,20000.0
Dưa chuột/dưa chuội,Hà Nội,Bán lẻ,CTV địa phương,2021-09-09,15000.0
Khoai tây,Hà Nội,Bán lẻ,CTV địa phương,2021-09-09,17000.0
Măng cụt,Hà Nội,Bán lẻ,CTV địa phương,2021-09-09,45000.0
Mướp,Hà Nội,Bán lẻ,CTV địa phương,2021-09-09,8000.0
Na,Hà Nội,Bán lẻ,CTV địa phương,2021-09-09,35000.0
Quả bí đỏ,Hà Nội,Bán lẻ,CTV địa phương,2021-09-09,18000.0
Bắp cải,Sơn La,Bán lẻ,CTV địa phương,2021-09-09,15000.0
Cà rốt,Sơn La,Bán lẻ,CTV địa phương,2021-09-09,18000.0
Dưa chuột/dưa chuội,Sơn La,Bán lẻ,CTV địa phương,2021-09-09,16000.0
Khoai tây,Sơn La,Bán lẻ,CTV địa phương,2021-09-09,18000.0
Mồng tơi,Sơn La,Bán lẻ,CTV địa phương,2021-09-09,12000.0
Mướp đắng,Sơn La,Bán lẻ,CTV địa phương,2021-09-09,25000.0
Mướp hương,Sơn La,Bán lẻ,CTV địa phương,2021-09-09,15000.0
Quả bí đỏ,Sơn La,Bán lẻ,CTV địa phương,2021-09-09,13500.0
Rau cải,Sơn La,Bán lẻ,CTV địa phương,2021-09-09,12000.0
Su su quả,Sơn La,Bán lẻ,CTV địa phương,2021-09-09,15000.0
Bưởi da xanh,Tiền Giang,Thu mua tại vườn,CTV địa phương,2021-09-08,23000.0
Chuối sim,Tiền Giang,Thu mua tại vườn,CTV địa phương,2021-09-08,11000.0
Dưa chuột/dưa chuội,Tiền Giang,Thu mua tại vườn,CTV địa phương,2021-09-08,9000.0
Bắp cải,Hà Nội,Bán lẻ,CTV địa phương,2021-09-07,15000.0
Bưởi da xanh,Hà Nội,Bán lẻ,CTV địa phương,2021-09-07,65000.0
Cà rốt,Hà Nội,Bán lẻ,CTV địa phương,2021-09-07,15000.0
Dưa chuột/dưa chuội,Hà Nội,Bán lẻ,CTV địa phương,2021-09-07,17000.0
Khoai tây,Hà Nội,Bán lẻ,CTV địa phương,2021-09-07,20000.0
Măng cụt,Hà Nội,Bán lẻ,CTV địa phương,2021-09-07,40000.0
Mướp,Hà Nội,Bán lẻ,CTV địa phương,2021-09-07,10000.0
Na,Hà Nội,Bán lẻ,CTV địa phương,2021-09-07,35000.0
Quả bí đỏ,Hà Nội,Bán lẻ,CTV địa phương,2021-09-07,20000.0
Bắp cải,Sơn La,Bán lẻ,CTV địa phương,2021-09-07,15000.0
Cà rốt,Sơn La,Bán lẻ,CTV địa phương,2021-09-07,18000.0
Dưa chuột/dưa chuội,Sơn La,Bán lẻ,CTV địa phương,2021-09-07,16000.0
Khoai tây,Sơn La,Bán lẻ,CTV địa phương,2021-09-07,18000.0
Mồng tơi,Sơn La,Bán lẻ,CTV địa phương,2021-09-07,12000.0
Mướp đắng,Sơn La,Bán lẻ,CTV địa phương,2021-09-07,25000.0
Mướp hương,Sơn La,Bán lẻ,CTV địa phương,2021-09-07,15000.0
Quả bí đỏ,Sơn La,Bán lẻ,CTV địa phương,2021-09-07,13500.0
Rau cải,Sơn La,Bán lẻ,CTV địa phương,2021-09-07,12000.0
Su su quả,Sơn La,Bán lẻ,CTV địa phương,2021-09-07,18000.0
Dưa chuột/dưa chuội,Cần Thơ,Thương lái thu mua,CTV địa phương,2021-09-06,12000.0
Mướp,Cần Thơ,Thương lái thu mua,CTV địa phương,2021-09-06,16000.0
Mướp đắng,Cần Thơ,Thương lái thu mua,CTV địa phương,2021-09-06,15000.0
Trái dứa/thơm (to),Cần Thơ,Thương lái thu mua,CTV địa phương,2021-09-06,14000.0
Bắp cải,Sơn La,Bán lẻ,CTV địa phương,2021-09-06,15000.0
Cà rốt,Sơn La,Bán lẻ,CTV địa phương,2021-09-06,18000.0
Dưa chuột/dưa chuội,Sơn La,Bán lẻ,CTV địa phương,2021-09-06,15000.0
Khoai tây,Sơn La,Bán lẻ,CTV địa phương,2021-09-06,18000.0
Mồng tơi,Sơn La,Bán lẻ,CTV địa phương,2021-09-06,12000.0
Mướp đắng,Sơn La,Bán lẻ,CTV địa phương,2021-09-06,28000.0
Mướp hương,Sơn La,Bán lẻ,CTV địa phương,2021-09-06,15000.0
Quả bí đỏ,Sơn La,Bán lẻ,CTV địa phương,2021-09-06,13500.0
Rau cải,Sơn La,Bán lẻ,CTV địa phương,2021-09-06,12000.0
Su su quả,Sơn La,Bán lẻ,CTV địa phương,2021-09-06,18000.0
Bưởi da xanh,Tiền Giang,Thu mua tại vườn,CTV địa phương,2021-09-01,22000.0
Chuối sim,Tiền Giang,Thu mua tại vườn,CTV địa phương,2021-09-01,7000.0
Dưa chuột/dưa chuội,Tiền Giang,Thu mua tại vườn,CTV địa phương,2021-09-01,8500.0
Bắp cải,Hà Nội,Bán lẻ,CTV địa phương,2021-08-31,15000.0
Bưởi da xanh,Hà Nội,Bán lẻ,CTV địa phương,2021-08-31,55000.0
Cà rốt,Hà Nội,Bán lẻ,CTV địa phương,2021-08-31,15000.0
Dưa chuột/dưa chuội,Hà Nội,Bán lẻ,CTV địa phương,2021-08-31,20000.0
Khoai tây,Hà Nội,Bán lẻ,CTV địa phương,2021-08-31,20000.0
Măng cụt,Hà Nội,Bán lẻ,CTV địa phương,2021-08-31,40000.0
Mướp,Hà Nội,Bán lẻ,CTV địa phương,2021-08-31,12000.0
Na,Hà Nội,Bán lẻ,CTV địa phương,2021-08-31,30000.0
Quả bí đỏ,Hà Nội,Bán lẻ,CTV địa phương,2021-08-31,20000.0
Bắp cải,Sơn La,Bán lẻ,CTV địa phương,2021-08-31,17000.0
Cà rốt,Sơn La,Bán lẻ,CTV địa phương,2021-08-31,18000.0
Dưa chuột/dưa chuội,Sơn La,Bán lẻ,CTV địa phương,2021-08-31,20000.0
Khoai tây,Sơn La,Bán lẻ,CTV địa phương,2021-08-31,18000.0
Mồng tơi,Sơn La,Bán lẻ,CTV địa phương,2021-08-31,12000.0
Mướp đắng,Sơn La,Bán lẻ,CTV địa phương,2021-08-31,30000.0
Mướp hương,Sơn La,Bán lẻ,CTV địa phương,2021-08-31,18000.0
Na,Sơn La,Bán lẻ,CTV địa phương,2021-08-31,35000.0
Quả bí đỏ,Sơn La,Bán lẻ,CTV địa phương,2021-08-31,13500.0
Rau cải,Sơn La,Bán lẻ,CTV địa phương,2021-08-31,12000.0
Su su quả,Sơn La,Bán lẻ,CTV địa phương,2021-08-31,20000.0
Dưa chuột/dưa chuội,Cần Thơ,Thương lái thu mua,CTV địa phương,2021-08-30,14000.0
Mướp,Cần Thơ,Thương lái thu mua,CTV địa phương,2021-08-30,16000.0
Mướp đắng,Cần Thơ,Thương lái thu mua,CTV địa phương,2021-08-30,15000.0
Trái dứa/thơm (to),Cần Thơ,Thương lái thu mua,CTV địa phương,2021-08-30,11000.0
Bắp cải,Sơn La,Bán lẻ,CTV địa phương,2021-08-30,17000.0
Cà rốt,Sơn La,Bán lẻ,CTV địa phương,2021-08-30,18000.0
Dưa chuột/dưa chuội,Sơn La,Bán lẻ,CTV địa phương,2021-08-30,20000.0
Khoai tây,Sơn La,Bán lẻ,CTV địa phương,2021-08-30,18000.0
Mồng tơi,Sơn La,Bán lẻ,CTV địa phương,2021-08-30,12000.0
Mướp đắng,Sơn La,Bán lẻ,CTV địa phương,2021-08-30,30000.0
Mướp hương,Sơn La,Bán lẻ,CTV địa phương,2021-08-30,18000.0
Na,Sơn La,Bán lẻ,CTV địa phương,2021-08-30,35000.0
Quả bí đỏ,Sơn La,Bán lẻ,CTV địa phương,2021-08-30,13500.0
Rau cải,Sơn La,Bán lẻ,CTV địa phương,2021-08-30,12000.0
Su su quả,Sơn La,Bán lẻ,CTV địa phương,2021-08-30,20000.0
Bắp cải,Hà Nội,Bán lẻ,CTV địa phương,2021-08-27,17000.0
Bưởi da xanh,Hà Nội,Bán lẻ,CTV địa phương,2021-08-27,55000.0
Cà rốt,Hà Nội,Bán lẻ,CTV địa phương,2021-08-27,15000.0
Dưa chuột/dưa chuội,Hà Nội,Bán lẻ,CTV địa phương,2021-08-27,17000.0
Khoai tây,Hà Nội,Bán lẻ,CTV địa phương,2021-08-27,19000.0
Măng cụt,Hà Nội,Bán lẻ,CTV địa phương,2021-08-27,40000.0
Mướp,Hà Nội,Bán lẻ,CTV địa phương,2021-08-27,14000.0
Na,Hà Nội,Bán lẻ,CTV địa phương,2021-08-27,30000.0
Quả bí đỏ,Hà Nội,Bán lẻ,CTV địa phương,2021-08-27,20000.0
Cam sành (loại 1),Vĩnh Long,Bán buôn,CTV địa phương,2021-08-27,24500.0
Cam sành (loại 2),Vĩnh Long,Bán buôn,CTV địa phương,2021-08-27,21500.0
Chôm chôm đường,Vĩnh Long,Bán buôn,CTV địa phương,2021-08-27,18500.0
Xoài cát Hòa Lộc,Vĩnh Long,Bán buôn,CTV địa phương,2021-08-27,32500.0
Bắp cải,Hà Nội,Bán lẻ,CTV địa phương,2021-08-26,18000.0
Bưởi da xanh,Hà Nội,Bán lẻ,CTV địa phương,2021-08-26,60000.0
Cà rốt,Hà Nội,Bán lẻ,CTV địa phương,2021-08-26,17000.0
Dưa chuột/dưa chuội,Hà Nội,Bán lẻ,CTV địa phương,2021-08-26,20000.0
Khoai tây,Hà Nội,Bán lẻ,CTV địa phương,2021-08-26,20000.0
Măng cụt,Hà Nội,Bán lẻ,CTV địa phương,2021-08-26,40000.0
Mướp,Hà Nội,Bán lẻ,CTV địa phương,2021-08-26,15000.0
Na,Hà Nội,Bán lẻ,CTV địa phương,2021-08-26,40000.0
Quả bí đỏ,Hà Nội,Bán lẻ,CTV địa phương,2021-08-26,20000.0
Bắp cải,Sơn La,Bán lẻ,CTV địa phương,2021-08-26,17000.0
Cà rốt,Sơn La,Bán lẻ,CTV địa phương,2021-08-26,18000.0
Dưa chuột/dưa chuội,Sơn La,Bán lẻ,CTV địa phương,2021-08-26,20000.0
Khoai tây,Sơn La,Bán lẻ,CTV địa phương,2021-08-26,18000.0
Mồng tơi,Sơn La,Bán lẻ,CTV địa phương,2021-08-26,12000.0
Mướp đắng,Sơn La,Bán lẻ,CTV địa phương,2021-08-26,30000.0
Mướp hương,Sơn La,Bán lẻ,CTV địa phương,2021-08-26,18000.0
Quả bí đỏ,Sơn La,Bán lẻ,CTV địa phương,2021-08-26,13500.0
Rau cải,Sơn La,Bán lẻ,CTV địa phương,2021-08-26,12000.0
Su su quả,Sơn La,Bán lẻ,CTV địa phương,2021-08-26,20000.0
Bưởi da xanh,Tiền Giang,Thu mua tại vườn,CTV địa phương,2021-08-25,23000.0
Chuối sim,Tiền Giang,Thu mua tại vườn,CTV địa phương,2021-08-25,11000.0
Dưa chuột/dưa chuội,Tiền Giang,Thu mua tại vườn,CTV địa phương,2021-08-25,8000.0
Bắp cải,Hà Nội,Bán lẻ,CTV địa phương,2021-08-24,15000.0
Bưởi da xanh,Hà Nội,Bán lẻ,CTV địa phương,2021-08-24,55000.0
Cà rốt,Hà Nội,Bán lẻ,CTV địa phương,2021-08-24,15000.0
Dưa chuột/dưa chuội,Hà Nội,Bán lẻ,CTV địa phương,2021-08-24,15000.0
Khoai tây,Hà Nội,Bán lẻ,CTV địa phương,2021-08-24,18000.0
Măng cụt,Hà Nội,Bán lẻ,CTV địa phương,2021-08-24,35000.0
Mướp,Hà Nội,Bán lẻ,CTV địa phương,2021-08-24,12000.0
Na,Hà Nội,Bán lẻ,CTV địa phương,2021-08-24,40000.0
Quả bí đỏ,Hà Nội,Bán lẻ,CTV địa phương,2021-08-24,18000.0
Bắp cải,Sơn La,Bán lẻ,CTV địa phương,2021-08-24,18000.0
Cà rốt,Sơn La,Bán lẻ,CTV địa phương,2021-08-24,18000.0
Dưa chuột/dưa chuội,Sơn La,Bán lẻ,CTV địa phương,2021-08-24,18000.0
Khoai tây,Sơn La,Bán lẻ,CTV địa phương,2021-08-24,18000.0
Mồng tơi,Sơn La,Bán lẻ,CTV địa phương,2021-08-24,13000.0
Mướp đắng,Sơn La,Bán lẻ,CTV địa phương,2021-08-24,27000.0
Mướp hương,Sơn La,Bán lẻ,CTV địa phương,2021-08-24,18000.0
Quả bí đỏ,Sơn La,Bán lẻ,CTV địa phương,2021-08-24,12000.0
Rau cải,Sơn La,Bán lẻ,CTV địa phương,2021-08-24,12000.0
Su su quả,Sơn La,Bán lẻ,CTV địa phương,2021-08-24,20000.0
Dưa chuột/dưa chuội,Cần Thơ,Thương lái thu mua,CTV địa phương,2021-08-23,14000.0
Mướp,Cần Thơ,Thương lái thu mua,CTV địa phương,2021-08-23,18000.0
Mướp đắng,Cần Thơ,Thương lái thu mua,CTV địa phương,2021-08-23,20000.0
Trái dứa/thơm (to),Cần Thơ,Thương lái thu mua,CTV địa phương,2021-08-23,10000.0
Bắp cải,Sơn La,Bán lẻ,CTV địa phương,2021-08-23,17000.0
Cà rốt,Sơn La,Bán lẻ,CTV địa phương,2021-08-23,18000.0
Dưa chuột/dưa chuội,Sơn La,Bán lẻ,CTV địa phương,2021-08-23,18000.0
Khoai tây,Sơn La,Bán lẻ,CTV địa phương,2021-08-23,18000.0
Mồng tơi,Sơn La,Bán lẻ,CTV địa phương,2021-08-23,12000.0
Mướp đắng,Sơn La,Bán lẻ,CTV địa phương,2021-08-23,27000.0
Mướp hương,Sơn La,Bán lẻ,CTV địa phương,2021-08-23,18000.0
Na,Sơn La,Bán lẻ,CTV địa phương,2021-08-23,45000.0
Quả bí đỏ,Sơn La,Bán lẻ,CTV địa phương,2021-08-23,12000.0
Rau cải,Sơn La,Bán lẻ,CTV địa phương,2021-08-23,12000.0
Su su quả,Sơn La,Bán lẻ,CTV địa phương,2021-08-23,20000.0
Bưởi da xanh,Hà Nội,Bán lẻ,CTV địa phương,2021-08-20,60000.0
Cà rốt,Hà Nội,Bán lẻ,CTV địa phương,2021-08-20,20000.0
Dưa chuột/dưa chuội,Hà Nội,Bán lẻ,CTV địa phương,2021-08-20,20000.0
Khoai tây,Hà Nội,Bán lẻ,CTV địa phương,2021-08-20,18000.0
Măng cụt,Hà Nội,Bán lẻ,CTV địa phương,2021-08-20,40000.0
Mướp,Hà Nội,Bán lẻ,CTV địa phương,2021-08-20,12000.0
Na,Hà Nội,Bán lẻ,CTV địa phương,2021-08-20,35000.0
Quả bí đỏ,Hà Nội,Bán lẻ,CTV địa phương,2021-08-20,20000.0
Cam sành (loại 1),Vĩnh Long,Bán buôn,CTV địa phương,2021-08-20,24500.0
Cam sành (loại 2),Vĩnh Long,Bán buôn,CTV địa phương,2021-08-20,21500.0
Chôm chôm đường,Vĩnh Long,Bán buôn,CTV địa phương,2021-08-20,19500.0
Chôm chôm Java,Vĩnh Long,Bán buôn,CTV địa phương,2021-08-20,12500.0
Xoài cát Hòa Lộc,Vĩnh Long,Bán buôn,CTV địa phương,2021-08-20,32500.0
Bưởi da xanh,Hà Nội,Bán lẻ,CTV địa phương,2021-08-19,55000.0
Cà rốt,Hà Nội,Bán lẻ,CTV địa phương,2021-08-19,15000.0
Dưa chuột/dưa chuội,Hà Nội,Bán lẻ,CTV địa phương,2021-08-19,20000.0
Khoai tây,Hà Nội,Bán lẻ,CTV địa phương,2021-08-19,20000.0
Măng cụt,Hà Nội,Bán lẻ,CTV địa phương,2021-08-19,40000.0
Mướp,Hà Nội,Bán lẻ,CTV địa phương,2021-08-19,12000.0
Na,Hà Nội,Bán lẻ,CTV địa phương,2021-08-19,35000.0
Quả bí đỏ,Hà Nội,Bán lẻ,CTV địa phương,2021-08-19,15000.0
Bắp cải,Sơn La,Bán lẻ,CTV địa phương,2021-08-19,15000.0
Cà rốt,Sơn La,Bán lẻ,CTV địa phương,2021-08-19,18000.0
Dưa chuột/dưa chuội,Sơn La,Bán lẻ,CTV địa phương,2021-08-19,20000.0
Khoai tây,Sơn La,Bán lẻ,CTV địa phương,2021-08-19,18000.0
Mồng tơi,Sơn La,Bán lẻ,CTV địa phương,2021-08-19,12000.0
Mướp đắng,Sơn La,Bán lẻ,CTV địa phương,2021-08-19,27000.0
Mướp hương,Sơn La,Bán lẻ,CTV địa phương,2021-08-19,18000.0
Na,Sơn La,Bán lẻ,CTV địa phương,2021-08-19,45000.0
Quả bí đỏ,Sơn La,Bán lẻ,CTV địa phương,2021-08-19,12000.0
Rau cải,Sơn La,Bán lẻ,CTV địa phương,2021-08-19,12000.0
Su su quả,Sơn La,Bán lẻ,CTV địa phương,2021-08-19,20000.0
Bưởi da xanh,Tiền Giang,Thu mua tại vườn,CTV địa phương,2021-08-18,23000.0
Chuối sim,Tiền Giang,Thu mua tại vườn,CTV địa phương,2021-08-18,10000.0
Dưa chuột/dưa chuội,Tiền Giang,Thu mua tại vườn,CTV địa phương,2021-08-18,7500.0
Bắp cải,Hà Nội,Bán lẻ,CTV địa phương,2021-08-17,18000.0
Bưởi da xanh,Hà Nội,Bán lẻ,CTV địa phương,2021-08-17,65000.0
Cà rốt,Hà Nội,Bán lẻ,CTV địa phương,2021-08-17,18000.0
Dưa chuột/dưa chuội,Hà Nội,Bán lẻ,CTV địa phương,2021-08-17,18000.0
Khoai tây,Hà Nội,Bán lẻ,CTV địa phương,2021-08-17,18000.0
Măng cụt,Hà Nội,Bán lẻ,CTV địa phương,2021-08-17,40000.0
Mướp,Hà Nội,Bán lẻ,CTV địa phương,2021-08-17,12000.0
Na,Hà Nội,Bán lẻ,CTV địa phương,2021-08-17,35000.0
Quả bí đỏ,Hà Nội,Bán lẻ,CTV địa phương,2021-08-17,20000.0
Bắp cải,Sơn La,Bán lẻ,CTV địa phương,2021-08-17,15000.0
Cà rốt,Sơn La,Bán lẻ,CTV địa phương,2021-08-17,18000.0
Dưa chuột/dưa chuội,Sơn La,Bán lẻ,CTV địa phương,2021-08-17,20000.0
Khoai tây,Sơn La,Bán lẻ,CTV địa phương,2021-08-17,18000.0
Mồng tơi,Sơn La,Bán lẻ,CTV địa phương,2021-08-17,12000.0
Mướp đắng,Sơn La,Bán lẻ,CTV địa phương,2021-08-17,27000.0
Mướp hương,Sơn La,Bán lẻ,CTV địa phương,2021-08-17,18000.0
Na,Sơn La,Bán lẻ,CTV địa phương,2021-08-17,45000.0
Quả bí đỏ,Sơn La,Bán lẻ,CTV địa phương,2021-08-17,12000.0
Rau cải,Sơn La,Bán lẻ,CTV địa phương,2021-08-17,12000.0
Su su quả,Sơn La,Bán lẻ,CTV địa phương,2021-08-17,20000.0
Dưa chuột/dưa chuội,Cần Thơ,Thương lái thu mua,CTV địa phương,2021-08-16,13000.0
Mướp,Cần Thơ,Thương lái thu mua,CTV địa phương,2021-08-16,16000.0
Mướp đắng,Cần Thơ,Thương lái thu mua,CTV địa phương,2021-08-16,15000.0
Trái dứa/thơm (to),Cần Thơ,Thương lái thu mua,CTV địa phương,2021-08-16,12000.0
Bắp cải,Sơn La,Bán lẻ,CTV địa phương,2021-08-16,15000.0
Cà rốt,Sơn La,Bán lẻ,CTV địa phương,2021-08-16,18000.0
Dưa chuột/dưa chuội,Sơn La,Bán lẻ,CTV địa phương,2021-08-16,20000.0
Khoai tây,Sơn La,Bán lẻ,CTV địa phương,2021-08-16,18000.0
Mồng tơi,Sơn La,Bán lẻ,CTV địa phương,2021-08-16,12000.0
Mướp đắng,Sơn La,Bán lẻ,CTV địa phương,2021-08-16,27000.0
Mướp hương,Sơn La,Bán lẻ,CTV địa phương,2021-08-16,18000.0
Na,Sơn La,Bán lẻ,CTV địa phương,2021-08-16,45000.0
Quả bí đỏ,Sơn La,Bán lẻ,CTV địa phương,2021-08-16,12000.0
Rau cải,Sơn La,Bán lẻ,CTV địa phương,2021-08-16,12000.0
Su su quả,Sơn La,Bán lẻ,CTV địa phương,2021-08-16,20000.0
Bắp cải,Hà Nội,Bán lẻ,CTV địa phương,2021-08-13,18000.0
Bưởi da xanh,Hà Nội,Bán lẻ,CTV địa phương,2021-08-13,65000.0
Cà rốt,Hà Nội,Bán lẻ,CTV địa phương,2021-08-13,20000.0
Dưa chuột/dưa chuội,Hà Nội,Bán lẻ,CTV địa phương,2021-08-13,18000.0
Khoai tây,Hà Nội,Bán lẻ,CTV địa phương,2021-08-13,20000.0
Măng cụt,Hà Nội,Bán lẻ,CTV địa phương,2021-08-13,40000.0
Mướp,Hà Nội,Bán lẻ,CTV địa phương,2021-08-13,15000.0
Na,Hà Nội,Bán lẻ,CTV địa phương,2021-08-13,35000.0
Quả bí đỏ,Hà Nội,Bán lẻ,CTV địa phương,2021-08-13,20000.0
Cam sành (loại 1),Vĩnh Long,Bán buôn,CTV địa phương,2021-08-13,24500.0
Cam sành (loại 2),Vĩnh Long,Bán buôn,CTV địa phương,2021-08-13,21500.0
Chôm chôm đường,Vĩnh Long,Bán buôn,CTV địa phương,2021-08-13,16000.0
Chôm chôm Java,Vĩnh Long,Bán buôn,CTV địa phương,2021-08-13,10500.0
Xoài cát Hòa Lộc,Vĩnh Long,Bán buôn,CTV địa phương,2021-08-13,32500.0
Bắp cải,Hà Nội,Bán lẻ,CTV địa phương,2021-08-12,18000.0
Bưởi da xanh,Hà Nội,Bán lẻ,CTV địa phương,2021-08-12,60000.0
Cà rốt,Hà Nội,Bán lẻ,CTV địa phương,2021-08-12,20000.0
Dưa chuột/dưa chuội,Hà Nội,Bán lẻ,CTV địa phương,2021-08-12,20000.0
Khoai tây,Hà Nội,Bán lẻ,CTV địa phương,2021-08-12,25000.0
Măng cụt,Hà Nội,Bán lẻ,CTV địa phương,2021-08-12,45000.0
Mướp,Hà Nội,Bán lẻ,CTV địa phương,2021-08-12,25000.0
Na,Hà Nội,Bán lẻ,CTV địa phương,2021-08-12,40000.0
Bắp cải,Sơn La,Bán lẻ,CTV địa phương,2021-08-12,12000.0
Cà rốt,Sơn La,Bán lẻ,CTV địa phương,2021-08-12,18000.0
Dưa chuột/dưa chuội,Sơn La,Bán lẻ,CTV địa phương,2021-08-12,20000.0
Khoai tây,Sơn La,Bán lẻ,CTV địa phương,2021-08-12,18000.0
Mồng tơi,Sơn La,Bán lẻ,CTV địa phương,2021-08-12,12000.0
Mướp đắng,Sơn La,Bán lẻ,CTV địa phương,2021-08-12,27000.0
Mướp hương,Sơn La,Bán lẻ,CTV địa phương,2021-08-12,18000.0
Quả bí đỏ,Sơn La,Bán lẻ,CTV địa phương,2021-08-12,12000.0
Rau cải,Sơn La,Bán lẻ,CTV địa phương,2021-08-12,12000.0
Su su quả,Sơn La,Bán lẻ,CTV địa phương,2021-08-12,20000.0
Bưởi da xanh,Tiền Giang,Thu mua tại vườn,CTV địa phương,2021-08-11,22000.0
Chuối sim,Tiền Giang,Thu mua tại vườn,CTV địa phương,2021-08-11,7000.0
Dưa chuột/dưa chuội,Tiền Giang,Thu mua tại vườn,CTV địa phương,2021-08-11,8500.0
Bắp cải,Hà Nội,Bán lẻ,CTV địa phương,2021-08-10,18000.0
Bưởi da xanh,Hà Nội,Bán lẻ,CTV địa phương,2021-08-10,60000.0
Cà rốt,Hà Nội,Bán lẻ,CTV địa phương,2021-08-10,20000.0
Dưa chuột/dưa chuội,Hà Nội,Bán lẻ,CTV địa phương,2021-08-10,20000.0
Khoai tây,Hà Nội,Bán lẻ,CTV địa phương,2021-08-10,25000.0
Măng cụt,Hà Nội,Bán lẻ,CTV địa phương,2021-08-10,45000.0
Mướp,Hà Nội,Bán lẻ,CTV địa phương,2021-08-10,25000.0
Na,Hà Nội,Bán lẻ,CTV địa phương,2021-08-10,40000.0
Bắp cải,Sơn La,Bán lẻ,CTV địa phương,2021-08-10,10000.0
Cà rốt,Sơn La,Bán lẻ,CTV địa phương,2021-08-10,18000.0
Dưa chuột/dưa chuội,Sơn La,Bán lẻ,CTV địa phương,2021-08-10,20000.0
Khoai tây,Sơn La,Bán lẻ,CTV địa phương,2021-08-10,18000.0
Mồng tơi,Sơn La,Bán lẻ,CTV địa phương,2021-08-10,12000.0
Mướp đắng,Sơn La,Bán lẻ,CTV địa phương,2021-08-10,25000.0
Mướp hương,Sơn La,Bán lẻ,CTV địa phương,2021-08-10,18000.0
Quả bí đỏ,Sơn La,Bán lẻ,CTV địa phương,2021-08-10,12000.0
Rau cải,Sơn La,Bán lẻ,CTV địa phương,2021-08-10,12000.0
Su su quả,Sơn La,Bán lẻ,CTV địa phương,2021-08-10,18000.0
Dưa chuột/dưa chuội,Cần Thơ,Thương lái thu mua,CTV địa phương,2021-08-09,15000.0
Mướp,Cần Thơ,Thương lái thu mua,CTV địa phương,2021-08-09,16000.0
Mướp đắng,Cần Thơ,Thương lái thu mua,CTV địa phương,2021-08-09,14000.0
Trái dứa/thơm (to),Cần Thơ,Thương lái thu mua,CTV địa phương,2021-08-09,12000.0
Bắp cải,Sơn La,Bán lẻ,CTV địa phương,2021-08-09,12000.0
Cà rốt,Sơn La,Bán lẻ,CTV địa phương,2021-08-09,18000.0
Dưa chuột/dưa chuội,Sơn La,Bán lẻ,CTV địa phương,2021-08-09,20000.0
Khoai tây,Sơn La,Bán lẻ,CTV địa phương,2021-08-09,18000.0
Mồng tơi,Sơn La,Bán lẻ,CTV địa phương,2021-08-09,12000.0
Mướp đắng,Sơn La,Bán lẻ,CTV địa phương,2021-08-09,25000.0
Mướp hương,Sơn La,Bán lẻ,CTV địa phương,2021-08-09,18000.0
Na,Sơn La,Bán lẻ,CTV địa phương,2021-08-09,45000.0
Quả bí đỏ,Sơn La,Bán lẻ,CTV địa phương,2021-08-09,12000.0
Rau cải,Sơn La,Bán lẻ,CTV địa phương,2021-08-09,12000.0
Su su quả,Sơn La,Bán lẻ,CTV địa phương,2021-08-09,18000.0
Bắp cải,Hà Nội,Bán lẻ,CTV địa phương,2021-08-06,18000.0
Bưởi da xanh,Hà Nội,Bán lẻ,CTV địa phương,2021-08-06,60000.0
Cà rốt,Hà Nội,Bán lẻ,CTV địa phương,2021-08-06,25000.0
Dưa chuột/dưa chuội,Hà Nội,Bán lẻ,CTV địa phương,2021-08-06,20000.0
Khoai tây,Hà Nội,Bán lẻ,CTV địa phương,2021-08-06,20000.0
Mướp,Hà Nội,Bán lẻ,CTV địa phương,2021-08-06,17000.0
Na,Hà Nội,Bán lẻ,CTV địa phương,2021-08-06,40000.0
Quả bí đỏ,Hà Nội,Bán lẻ,CTV địa phương,2021-08-06,20000.0
Cam sành (loại 1),Vĩnh Long,Bán buôn,CTV địa phương,2021-08-06,24500.0
Cam sành (loại 2),Vĩnh Long,Bán buôn,CTV địa phương,2021-08-06,21500.0
Chôm chôm đường,Vĩnh Long,Bán buôn,CTV địa phương,2021-08-06,14500.0
Chôm chôm Java,Vĩnh Long,Bán buôn,CTV địa phương,2021-08-06,10500.0
Xoài cát Hòa Lộc,Vĩnh Long,Bán buôn,CTV địa phương,2021-08-06,32500.0
Bưởi da xanh,Hà Nội,Bán lẻ,CTV địa phương,2021-08-05,55000.0
Cà rốt,Hà Nội,Bán lẻ,CTV địa phương,2021-08-05,25000.0
Dưa chuột/dưa chuội,Hà Nội,Bán lẻ,CTV địa phương,2021-08-05,25000.0
Khoai tây,Hà Nội,Bán lẻ,CTV địa phương,2021-08-05,25000.0
Mướp,Hà Nội,Bán lẻ,CTV địa phương,2021-08-05,16000.0
Na,Hà Nội,Bán lẻ,CTV địa phương,2021-08-05,40000.0
Bắp cải,Sơn La,Bán lẻ,CTV địa phương,2021-08-05,15000.0
Cà rốt,Sơn La,Bán lẻ,CTV địa phương,2021-08-05,18000.0
Dưa chuột/dưa chuội,Sơn La,Bán lẻ,CTV địa phương,2021-08-05,20000.0
Khoai tây,Sơn La,Bán lẻ,CTV địa phương,2021-08-05,18000.0
Mồng tơi,Sơn La,Bán lẻ,CTV địa phương,2021-08-05,12000.0
Mướp đắng,Sơn La,Bán lẻ,CTV địa phương,2021-08-05,25000.0
Mướp hương,Sơn La,Bán lẻ,CTV địa phương,2021-08-05,15000.0
Na,Sơn La,Bán lẻ,CTV địa phương,2021-08-05,45000.0
Quả bí đỏ,Sơn La,Bán lẻ,CTV địa phương,2021-08-05,12000.0
Rau cải,Sơn La,Bán lẻ,CTV địa phương,2021-08-05,12000.0
Su su quả,Sơn La,Bán lẻ,CTV địa phương,2021-08-05,20000.0
Bưởi da xanh,Tiền Giang,Thu mua tại vườn,CTV địa phương,2021-08-04,22000.0
Chuối sim,Tiền Giang,Thu mua tại vườn,CTV địa phương,2021-08-04,7000.0
Dưa chuột/dưa chuội,Tiền Giang,Thu mua tại vườn,CTV địa phương,2021-08-04,8000.0
Bưởi da xanh,Hà Nội,Bán lẻ,CTV địa phương,2021-08-03,50000.0
Cà rốt,Hà Nội,Bán lẻ,CTV địa phương,2021-08-03,20000.0
Dưa chuột/dưa chuội,Hà Nội,Bán lẻ,CTV địa phương,2021-08-03,17000.0
Khoai tây,Hà Nội,Bán lẻ,CTV địa phương,2021-08-03,17000.0
Măng cụt,Hà Nội,Bán lẻ,CTV địa phương,2021-08-03,40000.0
Mướp,Hà Nội,Bán lẻ,CTV địa phương,2021-08-03,12000.0
Na,Hà Nội,Bán lẻ,CTV địa phương,2021-08-03,40000.0
Quả bí đỏ,Hà Nội,Bán lẻ,CTV địa phương,2021-08-03,15000.0
Bắp cải,Sơn La,Bán lẻ,CTV địa phương,2021-08-03,15000.0
Cà rốt,Sơn La,Bán lẻ,CTV địa phương,2021-08-03,18000.0
Dưa chuột/dưa chuội,Sơn La,Bán lẻ,CTV địa phương,2021-08-03,20000.0
Khoai tây,Sơn La,Bán lẻ,CTV địa phương,2021-08-03,18000.0
Mồng tơi,Sơn La,Bán lẻ,CTV địa phương,2021-08-03,12000.0
Mướp đắng,Sơn La,Bán lẻ,CTV địa phương,2021-08-03,25000.0
Mướp hương,Sơn La,Bán lẻ,CTV địa phương,2021-08-03,15000.0
Na,Sơn La,Bán lẻ,CTV địa phương,2021-08-03,50000.0
Quả bí đỏ,Sơn La,Bán lẻ,CTV địa phương,2021-08-03,12000.0
Rau cải,Sơn La,Bán lẻ,CTV địa phương,2021-08-03,12000.0
Su su quả,Sơn La,Bán lẻ,CTV địa phương,2021-08-03,20000.0
Dưa chuột/dưa chuội,Cần Thơ,Thương lái thu mua,CTV địa phương,2021-08-02,15000.0
Mướp,Cần Thơ,Thương lái thu mua,CTV địa phương,2021-08-02,16000.0
Mướp đắng,Cần Thơ,Thương lái thu mua,CTV địa phương,2021-08-02,19000.0
Trái dứa/thơm (to),Cần Thơ,Thương lái thu mua,CTV địa phương,2021-08-02,10000.0
Bắp cải,Sơn La,Bán lẻ,CTV địa phương,2021-08-02,15000.0
Cà rốt,Sơn La,Bán lẻ,CTV địa phương,2021-08-02,18000.0
Dưa chuột/dưa chuội,Sơn La,Bán lẻ,CTV địa phương,2021-08-02,20000.0
Khoai tây,Sơn La,Bán lẻ,CTV địa phương,2021-08-02,18000.0
Mồng tơi,Sơn La,Bán lẻ,CTV địa phương,2021-08-02,12000.0
Mướp đắng,Sơn La,Bán lẻ,CTV địa phương,2021-08-02,25000.0
Mướp hương,Sơn La,Bán lẻ,CTV địa phương,2021-08-02,15000.0
Na,Sơn La,Bán lẻ,CTV địa phương,2021-08-02,45000.0
Quả bí đỏ,Sơn La,Bán lẻ,CTV địa phương,2021-08-02,12000.0
Rau cải,Sơn La,Bán lẻ,CTV địa phương,2021-08-02,12000.0
Su su quả,Sơn La,Bán lẻ,CTV địa phương,2021-08-02,20000.0
Bưởi da xanh,Hà Nội,Bán lẻ,CTV địa phương,2021-07-30,45000.0
Cà rốt,Hà Nội,Bán lẻ,CTV địa phương,2021-07-30,18000.0
Dưa chuột/dưa chuội,Hà Nội,Bán lẻ,CTV địa phương,2021-07-30,17000.0
Khoai tây,Hà Nội,Bán lẻ,CTV địa phương,2021-07-30,16000.0
Măng cụt,Hà Nội,Bán lẻ,CTV địa phương,2021-07-30,40000.0
Mướp,Hà Nội,Bán lẻ,CTV địa phương,2021-07-30,10000.0
Na,Hà Nội,Bán lẻ,CTV địa phương,2021-07-30,55000.0
Quả bí đỏ,Hà Nội,Bán lẻ,CTV địa phương,2021-07-30,13000.0
Cam sành (loại 1),Vĩnh Long,Bán buôn,CTV địa phương,2021-07-30,19500.0
Cam sành (loại 2),Vĩnh Long,Bán buôn,CTV địa phương,2021-07-30,16500.0
Chôm chôm đường,Vĩnh Long,Bán buôn,CTV địa phương,2021-07-30,14500.0
Xoài cát Hòa Lộc,Vĩnh Long,Bán buôn,CTV địa phương,2021-07-30,32500.0
Bưởi da xanh,Hà Nội,Bán lẻ,CTV địa phương,2021-07-29,45000.0
Cà rốt,Hà Nội,Bán lẻ,CTV địa phương,2021-07-29,20000.0
Dưa chuột/dưa chuội,Hà Nội,Bán lẻ,CTV địa phương,2021-07-29,20000.0
Khoai tây,Hà Nội,Bán lẻ,CTV địa phương,2021-07-29,20000.0
Măng cụt,Hà Nội,Bán lẻ,CTV địa phương,2021-07-29,40000.0
Mướp,Hà Nội,Bán lẻ,CTV địa phương,2021-07-29,12000.0
Na,Hà Nội,Bán lẻ,CTV địa phương,2021-07-29,50000.0
Quả bí đỏ,Hà Nội,Bán lẻ,CTV địa phương,2021-07-29,13000.0
Bắp cải,Sơn La,Bán lẻ,CTV địa phương,2021-07-29,12000.0
Cà rốt,Sơn La,Bán lẻ,CTV địa phương,2021-07-29,18000.0
Dưa chuột/dưa chuội,Sơn La,Bán lẻ,CTV địa phương,2021-07-29,12000.0
Khoai tây,Sơn La,Bán lẻ,CTV địa phương,2021-07-29,18000.0
Mồng tơi,Sơn La,Bán lẻ,CTV địa phương,2021-07-29,12000.0
Mướp đắng,Sơn La,Bán lẻ,CTV địa phương,2021-07-29,20000.0
Mướp hương,Sơn La,Bán lẻ,CTV địa phương,2021-07-29,15000.0
Na,Sơn La,Bán lẻ,CTV địa phương,2021-07-29,45000.0
Quả bí đỏ,Sơn La,Bán lẻ,CTV địa phương,2021-07-29,12000.0
Rau cải,Sơn La,Bán lẻ,CTV địa phương,2021-07-29,12000.0
Su su quả,Sơn La,Bán lẻ,CTV địa phương,2021-07-29,20000.0
Bưởi da xanh,Tiền Giang,Thu mua tại vườn,CTV địa phương,2021-07-28,22000.0
Chuối sim,Tiền Giang,Thu mua tại vườn,CTV địa phương,2021-07-28,7000.0
Dưa chuột/dưa chuội,Tiền Giang,Thu mua tại vườn,CTV địa phương,2021-07-28,10000.0
Bưởi da xanh,Hà Nội,Bán lẻ,CTV địa phương,2021-07-27,50000.0
Cà rốt,Hà Nội,Bán lẻ,CTV địa phương,2021-07-27,17000.0
Dưa chuột/dưa chuội,Hà Nội,Bán lẻ,CTV địa phương,2021-07-27,16000.0
Khoai tây,Hà Nội,Bán lẻ,CTV địa phương,2021-07-27,15000.0
Mướp,Hà Nội,Bán lẻ,CTV địa phương,2021-07-27,13000.0
Na,Hà Nội,Bán lẻ,CTV địa phương,2021-07-27,55000.0
Quả bí đỏ,Hà Nội,Bán lẻ,CTV địa phương,2021-07-27,12000.0
Bắp cải,Sơn La,Bán lẻ,CTV địa phương,2021-07-27,10000.0
Cà rốt,Sơn La,Bán lẻ,CTV địa phương,2021-07-27,15000.0
Dưa chuột/dưa chuội,Sơn La,Bán lẻ,CTV địa phương,2021-07-27,12000.0
Khoai tây,Sơn La,Bán lẻ,CTV địa phương,2021-07-27,18000.0
Mồng tơi,Sơn La,Bán lẻ,CTV địa phương,2021-07-27,10000.0
Mướp đắng,Sơn La,Bán lẻ,CTV địa phương,2021-07-27,20000.0
Mướp hương,Sơn La,Bán lẻ,CTV địa phương,2021-07-27,15000.0
Quả bí đỏ,Sơn La,Bán lẻ,CTV địa phương,2021-07-27,12000.0
Rau cải,Sơn La,Bán lẻ,CTV địa phương,2021-07-27,10000.0
Su su quả,Sơn La,Bán lẻ,CTV địa phương,2021-07-27,20000.0
Dưa chuột/dưa chuội,Cần Thơ,Thương lái thu mua,CTV địa phương,2021-07-26,13000.0
Mướp,Cần Thơ,Thương lái thu mua,CTV địa phương,2021-07-26,15000.0
Mướp đắng,Cần Thơ,Thương lái thu mua,CTV địa phương,2021-07-26,18000.0
Trái dứa/thơm (to),Cần Thơ,Thương lái thu mua,CTV địa phương,2021-07-26,7000.0
Bắp cải,Sơn La,Bán lẻ,CTV địa phương,2021-07-26,10000.0
Cà rốt,Sơn La,Bán lẻ,CTV địa phương,2021-07-26,18000.0
Dưa chuột/dưa chuội,Sơn La,Bán lẻ,CTV địa phương,2021-07-26,12000.0
Khoai tây,Sơn La,Bán lẻ,CTV địa phương,2021-07-26,17000.0
Mồng tơi,Sơn La,Bán lẻ,CTV địa phương,2021-07-26,10000.0
Mướp đắng,Sơn La,Bán lẻ,CTV địa phương,2021-07-26,20000.0
Mướp hương,Sơn La,Bán lẻ,CTV địa phương,2021-07-26,15000.0
Quả bí đỏ,Sơn La,Bán lẻ,CTV địa phương,2021-07-26,13500.0
Rau cải,Sơn La,Bán lẻ,CTV địa phương,2021-07-26,10000.0
Su su quả,Sơn La,Bán lẻ,CTV địa phương,2021-07-26,20000.0
Bưởi da xanh,Hà Nội,Bán lẻ,CTV địa phương,2021-07-23,50000.0
Cà rốt,Hà Nội,Bán lẻ,CTV địa phương,2021-07-23,16000.0
Dưa chuột/dưa chuội,Hà Nội,Bán lẻ,CTV địa phương,2021-07-23,16000.0
Khoai tây,Hà Nội,Bán lẻ,CTV địa phương,2021-07-23,15000.0
Mướp,Hà Nội,Bán lẻ,CTV địa phương,2021-07-23,12000.0
Na,Hà Nội,Bán lẻ,CTV địa phương,2021-07-23,50000.0
Quả bí đỏ,Hà Nội,Bán lẻ,CTV địa phương,2021-07-23,13500.0
Cam sành (loại 1),Vĩnh Long,Bán buôn,CTV địa phương,2021-07-23,17500.0
Cam sành (loại 2),Vĩnh Long,Bán buôn,CTV địa phương,2021-07-23,14500.0
Chôm chôm đường,Vĩnh Long,Bán buôn,CTV địa phương,2021-07-23,14500.0
Xoài cát Hòa Lộc,Vĩnh Long,Bán buôn,CTV địa phương,2021-07-23,32500.0
Bưởi da xanh,Hà Nội,Bán lẻ,CTV địa phương,2021-07-22,55000.0
Cà rốt,Hà Nội,Bán lẻ,CTV địa phương,2021-07-22,16000.0
Dưa chuột/dưa chuội,Hà Nội,Bán lẻ,CTV địa phương,2021-07-22,17000.0
Khoai tây,Hà Nội,Bán lẻ,CTV địa phương,2021-07-22,15000.0
Mướp,Hà Nội,Bán lẻ,CTV địa phương,2021-07-22,13000.0
Quả bí đỏ,Hà Nội,Bán lẻ,CTV địa phương,2021-07-22,13000.0
Bắp cải,Sơn La,Bán lẻ,CTV địa phương,2021-07-22,12000.0
Cà rốt,Sơn La,Bán lẻ,CTV địa phương,2021-07-22,18000.0
Mồng tơi,Sơn La,Bán lẻ,CTV địa phương,2021-07-22,10000.0
Mướp hương,Sơn La,Bán lẻ,CTV địa phương,2021-07-22,15000.0
Quả bí đỏ,Sơn La,Bán lẻ,CTV địa phương,2021-07-22,13500.0
Rau cải,Sơn La,Bán lẻ,CTV địa phương,2021-07-22,10000.0
Su su quả,Sơn La,Bán lẻ,CTV địa phương,2021-07-22,15000.0
Bưởi da xanh,Tiền Giang,Thu mua tại vườn,CTV địa phương,2021-07-21,22000.0
Chuối sim,Tiền Giang,Thu mua tại vườn,CTV địa phương,2021-07-21,7000.0
Dưa chuột/dưa chuội,Tiền Giang,Thu mua tại vườn,CTV địa phương,2021-07-21,22000.0
Bưởi da xanh,Hà Nội,Bán lẻ,CTV địa phương,2021-07-20,55000.0
Cà rốt,Hà Nội,Bán lẻ,CTV địa phương,2021-07-20,15000.0
Dưa chuột/dưa chuội,Hà Nội,Bán lẻ,CTV địa phương,2021-07-20,15000.0
Khoai tây,Hà Nội,Bán lẻ,CTV địa phương,2021-07-20,15000.0
Mướp,Hà Nội,Bán lẻ,CTV địa phương,2021-07-20,12000.0
Quả bí đỏ,Hà Nội,Bán lẻ,CTV địa phương,2021-07-20,13000.0
Bắp cải,Sơn La,Bán lẻ,CTV địa phương,2021-07-20,12000.0
Cà rốt,Sơn La,Bán lẻ,CTV địa phương,2021-07-20,18000.0
Mồng tơi,Sơn La,Bán lẻ,CTV địa phương,2021-07-20,12000.0
Mướp hương,Sơn La,Bán lẻ,CTV địa phương,2021-07-20,15000.0
Quả bí đỏ,Sơn La,Bán lẻ,CTV địa phương,2021-07-20,13500.0
Rau cải,Sơn La,Bán lẻ,CTV địa phương,2021-07-20,12000.0
Su su quả,Sơn La,Bán lẻ,CTV địa phương,2021-07-20,15000.0
Trái dứa/thơm (to),Cần Thơ,Thương lái thu mua,CTV địa phương,2021-07-19,11000.0
Bắp cải,Sơn La,Bán lẻ,CTV địa phương,2021-07-19,12000.0
Cà rốt,Sơn La,Bán lẻ,CTV địa phương,2021-07-19,18000.0
Mồng tơi,Sơn La,Bán lẻ,CTV địa phương,2021-07-19,12000.0
Mướp hương,Sơn La,Bán lẻ,CTV địa phương,2021-07-19,15000.0
Quả bí đỏ,Sơn La,Bán lẻ,CTV địa phương,2021-07-19,13500.0
Rau cải,Sơn La,Bán lẻ,CTV địa phương,2021-07-19,12000.0
Su su quả,Sơn La,Bán lẻ,CTV địa phương,2021-07-19,15000.0
Cà rốt,Hà Nội,Bán lẻ,CTV địa phương,2021-07-16,15000.0
Dưa chuột/dưa chuội,Hà Nội,Bán lẻ,CTV địa phương,2021-07-16,15000.0
Khoai tây,Hà Nội,Bán lẻ,CTV địa phương,2021-07-16,15000.0
Mướp,Hà Nội,Bán lẻ,CTV địa phương,2021-07-16,12000.0
Na,Hà Nội,Bán lẻ,CTV địa phương,2021-07-16,55000.0
Quả bí đỏ,Hà Nội,Bán lẻ,CTV địa phương,2021-07-16,10000.0
Cam sành (loại 1),Vĩnh Long,Bán buôn,CTV địa phương,2021-07-16,19500.0
Cam sành (loại 2),Vĩnh Long,Bán buôn,CTV địa phương,2021-07-16,16500.0
Chôm chôm đường,Vĩnh Long,Bán buôn,CTV địa phương,2021-07-16,21000.0
Chôm chôm Java,Vĩnh Long,Bán buôn,CTV địa phương,2021-07-16,12500.0
Xoài cát Hòa Lộc,Vĩnh Long,Bán buôn,CTV địa phương,2021-07-16,37500.0
Bưởi da xanh,Hà Nội,Bán lẻ,CTV địa phương,2021-07-15,50000.0
Cà rốt,Hà Nội,Bán lẻ,CTV địa phương,2021-07-15,15000.0
Dưa chuột/dưa chuội,Hà Nội,Bán lẻ,CTV địa phương,2021-07-15,15000.0
Khoai tây,Hà Nội,Bán lẻ,CTV địa phương,2021-07-15,14000.0
Mướp,Hà Nội,Bán lẻ,CTV địa phương,2021-07-15,13000.0
Quả bí đỏ,Hà Nội,Bán lẻ,CTV địa phương,2021-07-15,15000.0
Bắp cải,Sơn La,Bán lẻ,CTV địa phương,2021-07-15,12000.0
Cà rốt,Sơn La,Bán lẻ,CTV địa phương,2021-07-15,18000.0
Mồng tơi,Sơn La,Bán lẻ,CTV địa phương,2021-07-15,12000.0
Mướp hương,Sơn La,Bán lẻ,CTV địa phương,2021-07-15,15000.0
Quả bí đỏ,Sơn La,Bán lẻ,CTV địa phương,2021-07-15,13500.0
Rau cải,Sơn La,Bán lẻ,CTV địa phương,2021-07-15,12000.0
Su su quả,Sơn La,Bán lẻ,CTV địa phương,2021-07-15,18000.0
Bưởi da xanh,Tiền Giang,Thu mua tại vườn,CTV địa phương,2021-07-14,22000.0
Bưởi năm roi,Tiền Giang,Thu mua tại vườn,CTV địa phương,2021-07-14,19000.0
Chuối sim,Tiền Giang,Thu mua tại vườn,CTV địa phương,2021-07-14,9000.0
Dưa chuột/dưa chuội,Tiền Giang,Thu mua tại vườn,CTV địa phương,2021-07-14,15000.0
Bưởi da xanh,Hà Nội,Bán lẻ,CTV địa phương,2021-07-13,50000.0
Cà rốt,Hà Nội,Bán lẻ,CTV địa phương,2021-07-13,15000.0
Dưa chuột/dưa chuội,Hà Nội,Bán lẻ,CTV địa phương,2021-07-13,15000.0
Khoai tây,Hà Nội,Bán lẻ,CTV địa phương,2021-07-13,15000.0
Mướp,Hà Nội,Bán lẻ,CTV địa phương,2021-07-13,12000.0
Cà rốt,Sơn La,Bán lẻ,CTV địa phương,2021-07-13,18000.0
Mồng tơi,Sơn La,Bán lẻ,CTV địa phương,2021-07-13,12000.0
Mướp hương,Sơn La,Bán lẻ,CTV địa phương,2021-07-13,15000.0
Quả bí đỏ,Sơn La,Bán lẻ,CTV địa phương,2021-07-13,13500.0
Rau cải,Sơn La,Bán lẻ,CTV địa phương,2021-07-13,12000.0
Su su quả,Sơn La,Bán lẻ,CTV địa phương,2021-07-13,18000.0
Trái dứa/thơm (to),Cần Thơ,Thương lái thu mua,CTV địa phương,2021-07-12,9000.0
Cà rốt,Sơn La,Bán lẻ,CTV địa phương,2021-07-12,18000.0
Mồng tơi,Sơn La,Bán lẻ,CTV địa phương,2021-07-12,12000.0
Mướp hương,Sơn La,Bán lẻ,CTV địa phương,2021-07-12,15000.0
Quả bí đỏ,Sơn La,Bán lẻ,CTV địa phương,2021-07-12,13500.0
Rau cải,Sơn La,Bán lẻ,CTV địa phương,2021-07-12,12000.0
Su su quả,Sơn La,Bán lẻ,CTV địa phương,2021-07-12,18000.0
Bưởi da xanh,Hà Nội,Bán lẻ,CTV địa phương,2021-07-09,70000.0
Cà rốt,Hà Nội,Bán lẻ,CTV địa phương,2021-07-09,15000.0
Dưa chuột/dưa chuội,Hà Nội,Bán lẻ,CTV địa phương,2021-07-09,16000.0
Khoai tây,Hà Nội,Bán lẻ,CTV địa phương,2021-07-09,15000.0
Mướp,Hà Nội,Bán lẻ,CTV địa phương,2021-07-09,12000.0
Quả bí đỏ,Hà Nội,Bán lẻ,CTV địa phương,2021-07-09,14000.0
Cam sành (loại 1),Vĩnh Long,Bán buôn,CTV địa phương,2021-07-09,19000.0
Cam sành (loại 2),Vĩnh Long,Bán buôn,CTV địa phương,2021-07-09,16000.0
Chôm chôm đường,Vĩnh Long,Bán buôn,CTV địa phương,2021-07-09,21000.0
Chôm chôm Java,Vĩnh Long,Bán buôn,CTV địa phương,2021-07-09,12500.0
Xoài cát Hòa Lộc,Vĩnh Long,Bán buôn,CTV địa phương,2021-07-09,37500.0
Bưởi da xanh,Hà Nội,Bán lẻ,CTV địa phương,2021-07-08,75000.0
Cà rốt,Hà Nội,Bán lẻ,CTV địa phương,2021-07-08,15000.0
Dưa chuột/dưa chuội,Hà Nội,Bán lẻ,CTV địa phương,2021-07-08,15000.0
Khoai tây,Hà Nội,Bán lẻ,CTV địa phương,2021-07-08,15000.0
Mướp,Hà Nội,Bán lẻ,CTV địa phương,2021-07-08,12000.0
Quả bí đỏ,Hà Nội,Bán lẻ,CTV địa phương,2021-07-08,14000.0
Cà rốt,Sơn La,Bán lẻ,CTV địa phương,2021-07-08,18000.0
Mồng tơi,Sơn La,Bán lẻ,CTV địa phương,2021-07-08,12000.0
Mướp hương,Sơn La,Bán lẻ,CTV địa phương,2021-07-08,15000.0
Quả bí đỏ,Sơn La,Bán lẻ,CTV địa phương,2021-07-08,15000.0
Quả bí xanh,Sơn La,Bán lẻ,CTV địa phương,2021-07-08,15000.0
Rau cải,Sơn La,Bán lẻ,CTV địa phương,2021-07-08,12000.0
Su su quả,Sơn La,Bán lẻ,CTV địa phương,2021-07-08,18000.0
Bưởi da xanh,Tiền Giang,Thu mua tại vườn,CTV địa phương,2021-07-07,23000.0
Bưởi năm roi,Tiền Giang,Thu mua tại vườn,CTV địa phương,2021-07-07,19000.0
Chuối sim,Tiền Giang,Thu mua tại vườn,CTV địa phương,2021-07-07,9000.0
Dừa,Tiền Giang,Thương lái thu mua,CTV địa phương,2021-07-07,90000.0
Dưa chuột/dưa chuội,Tiền Giang,Thu mua tại vườn,CTV địa phương,2021-07-07,10000.0
Bưởi da xanh,Hà Nội,Bán lẻ,CTV địa phương,2021-07-06,85000.0
Cà rốt,Hà Nội,Bán lẻ,CTV địa phương,2021-07-06,16000.0
Dưa chuột/dưa chuội,Hà Nội,Bán lẻ,CTV địa phương,2021-07-06,15000.0
Mướp,Hà Nội,Bán lẻ,CTV địa phương,2021-07-06,13000.0
Cà rốt,Sơn La,Bán lẻ,CTV địa phương,2021-07-06,18000.0
Mít Thái,Sơn La,Bán lẻ,CTV địa phương,2021-07-06,20000.0
Mồng tơi,Sơn La,Bán lẻ,CTV địa phương,2021-07-06,12000.0
Mướp hương,Sơn La,Bán lẻ,CTV địa phương,2021-07-06,15000.0
Quả bí đỏ,Sơn La,Bán lẻ,CTV địa phương,2021-07-06,15000.0
Quả bí xanh,Sơn La,Bán lẻ,CTV địa phương,2021-07-06,15000.0
Rau cải,Sơn La,Bán lẻ,CTV địa phương,2021-07-06,12000.0
Su su quả,Sơn La,Bán lẻ,CTV địa phương,2021-07-06,20000.0
Trái dứa/thơm (to),Cần Thơ,Thương lái thu mua,CTV địa phương,2021-07-05,7000.0
Cà rốt,Sơn La,Bán lẻ,CTV địa phương,2021-07-05,18000.0
Mít Thái,Sơn La,Bán lẻ,CTV địa phương,2021-07-05,20000.0
Mồng tơi,Sơn La,Bán lẻ,CTV địa phương,2021-07-05,12000.0
Mướp hương,Sơn La,Bán lẻ,CTV địa phương,2021-07-05,15000.0
Quả bí đỏ,Sơn La,Bán lẻ,CTV địa phương,2021-07-05,15000.0
Quả bí xanh,Sơn La,Bán lẻ,CTV địa phương,2021-07-05,15000.0
Rau cải,Sơn La,Bán lẻ,CTV địa phương,2021-07-05,12000.0
Su su quả,Sơn La,Bán lẻ,CTV địa phương,2021-07-05,20000.0
Bưởi da xanh,Hà Nội,Bán lẻ,CTV địa phương,2021-07-02,80000.0
Cà rốt,Hà Nội,Bán lẻ,CTV địa phương,2021-07-02,15000.0
Dưa chuột/dưa chuội,Hà Nội,Bán lẻ,CTV địa phương,2021-07-02,20000.0
Khoai tây,Hà Nội,Bán lẻ,CTV địa phương,2021-07-02,15000.0
Mướp,Hà Nội,Bán lẻ,CTV địa phương,2021-07-02,13000.0
Quả bí đỏ,Hà Nội,Bán lẻ,CTV địa phương,2021-07-02,12000.0
Cam sành (loại 1),Vĩnh Long,Bán buôn,CTV địa phương,2021-07-02,19500.0
Cam sành (loại 2),Vĩnh Long,Bán buôn,CTV địa phương,2021-07-02,16500.0
Chôm chôm đường,Vĩnh Long,Bán buôn,CTV địa phương,2021-07-02,19500.0
Chôm chôm Java,Vĩnh Long,Bán buôn,CTV địa phương,2021-07-02,12500.0
Xoài cát Hòa Lộc,Vĩnh Long,Bán buôn,CTV địa phương,2021-07-02,37500.0
Bưởi da xanh,Hà Nội,Bán lẻ,CTV địa phương,2021-07-01,85000.0
Cà rốt,Hà Nội,Bán lẻ,CTV địa phương,2021-07-01,15000.0
Dưa chuột/dưa chuội,Hà Nội,Bán lẻ,CTV địa phương,2021-07-01,16000.0
Khoai tây,Hà Nội,Bán lẻ,CTV địa phương,2021-07-01,15000.0
Mướp,Hà Nội,Bán lẻ,CTV địa phương,2021-07-01,15000.0
Quả bí đỏ,Hà Nội,Bán lẻ,CTV địa phương,2021-07-01,15000.0
Cà rốt,Sơn La,Bán lẻ,CTV địa phương,2021-07-01,18000.0
Mồng tơi,Sơn La,Bán lẻ,CTV địa phương,2021-07-01,12000.0
Mướp hương,Sơn La,Bán lẻ,CTV địa phương,2021-07-01,20000.0
Quả bí đỏ,Sơn La,Bán lẻ,CTV địa phương,2021-07-01,15000.0
Quả bí xanh,Sơn La,Bán lẻ,CTV địa phương,2021-07-01,15000.0
Rau cải,Sơn La,Bán lẻ,CTV địa phương,2021-07-01,12000.0
Su su quả,Sơn La,Bán lẻ,CTV địa phương,2021-07-01,20000.0
Bưởi da xanh,Tiền Giang,Thu mua tại vườn,CTV địa phương,2021-06-30,25000.0
Bưởi năm roi,Tiền Giang,Thu mua tại vườn,CTV địa phương,2021-06-30,19000.0
Chuối sim,Tiền Giang,Thu mua tại vườn,CTV địa phương,2021-06-30,8500.0
Dưa chuột/dưa chuội,Tiền Giang,Thu mua tại vườn,CTV địa phương,2021-06-30,11000.0
Bưởi da xanh,Hà Nội,Bán lẻ,CTV địa phương,2021-06-29,80000.0
Cà rốt,Hà Nội,Bán lẻ,CTV địa phương,2021-06-29,15000.0
Dưa chuột/dưa chuội,Hà Nội,Bán lẻ,CTV địa phương,2021-06-29,15000.0
Khoai tây,Hà Nội,Bán lẻ,CTV địa phương,2021-06-29,15000.0
Mướp,Hà Nội,Bán lẻ,CTV địa phương,2021-06-29,12000.0
Quả bí đỏ,Hà Nội,Bán lẻ,CTV địa phương,2021-06-29,12000.0
Cà rốt,Sơn La,Bán lẻ,CTV địa phương,2021-06-29,18000.0
Mồng tơi,Sơn La,Bán lẻ,CTV địa phương,2021-06-29,12000.0
Mướp hương,Sơn La,Bán lẻ,CTV địa phương,2021-06-29,20000.0
Quả bí đỏ,Sơn La,Bán lẻ,CTV địa phương,2021-06-29,15000.0
Quả bí xanh,Sơn La,Bán lẻ,CTV địa phương,2021-06-29,15000.0
Rau cải,Sơn La,Bán lẻ,CTV địa phương,2021-06-29,12000.0
Su su quả,Sơn La,Bán lẻ,CTV địa phương,2021-06-29,20000.0
Trái dứa/thơm (to),Cần Thơ,Thương lái thu mua,CTV địa phương,2021-06-28,8000.0
Cà rốt,Sơn La,Bán lẻ,CTV địa phương,2021-06-28,18000.0
Mồng tơi,Sơn La,Bán lẻ,CTV địa phương,2021-06-28,12000.0
Mướp hương,Sơn La,Bán lẻ,CTV địa phương,2021-06-28,20000.0
Quả bí đỏ,Sơn La,Bán lẻ,CTV địa phương,2021-06-28,15000.0
Quả bí xanh,Sơn La,Bán lẻ,CTV địa phương,2021-06-28,15000.0
Rau cải,Sơn La,Bán lẻ,CTV địa phương,2021-06-28,12000.0
Su su quả,Sơn La,Bán lẻ,CTV địa phương,2021-06-28,20000.0
Bưởi da xanh,Hà Nội,Bán lẻ,CTV địa phương,2021-06-25,70000.0
Cà rốt,Hà Nội,Bán lẻ,CTV địa phương,2021-06-25,15000.0
Dưa chuột/dưa chuội,Hà Nội,Bán lẻ,CTV địa phương,2021-06-25,16000.0
Khoai tây,Hà Nội,Bán lẻ,CTV địa phương,2021-06-25,15000.0
Mướp,Hà Nội,Bán lẻ,CTV địa phương,2021-06-25,12000.0
Quả bí đỏ,Hà Nội,Bán lẻ,CTV địa phương,2021-06-25,14000.0
Cam sành (loại 1),Vĩnh Long,Bán buôn,CTV địa phương,2021-06-25,19500.0
Cam sành (loại 2),Vĩnh Long,Bán buôn,CTV địa phương,2021-06-25,16500.0
Chôm chôm đường,Vĩnh Long,Bán buôn,CTV địa phương,2021-06-25,21000.0
Chôm chôm Java,Vĩnh Long,Bán buôn,CTV địa phương,2021-06-25,14500.0
Xoài cát Hòa Lộc,Vĩnh Long,Bán buôn,CTV địa phương,2021-06-25,37500.0
Bưởi da xanh,Hà Nội,Bán lẻ,CTV địa phương,2021-06-22,85000.0
Cà rốt,Hà Nội,Bán lẻ,CTV địa phương,2021-06-22,16000.0
Dưa chuột/dưa chuội,Hà Nội,Bán lẻ,CTV địa phương,2021-06-22,15000.0
Khoai tây,Hà Nội,Bán lẻ,CTV địa phương,2021-06-22,15000.0
Mướp,Hà Nội,Bán lẻ,CTV địa phương,2021-06-22,14000.0
Quả bí đỏ,Hà Nội,Bán lẻ,CTV địa phương,2021-06-22,15000.0
Cà rốt,Sơn La,Bán lẻ,CTV địa phương,2021-06-22,15000.0
Mồng tơi,Sơn La,Bán lẻ,CTV địa phương,2021-06-22,10000.0
Mướp hương,Sơn La,Bán lẻ,CTV địa phương,2021-06-22,15000.0
Quả bí đỏ,Sơn La,Bán lẻ,CTV địa phương,2021-06-22,12000.0
Rau cải,Sơn La,Bán lẻ,CTV địa phương,2021-06-22,12000.0
Su su quả,Sơn La,Bán lẻ,CTV địa phương,2021-06-22,15000.0
Trái dứa/thơm (to),Cần Thơ,Thương lái thu mua,CTV địa phương,2021-06-21,9000.0
Cà rốt,Sơn La,Bán lẻ,CTV địa phương,2021-06-21,15000.0
Mồng tơi,Sơn La,Bán lẻ,CTV địa phương,2021-06-21,10000.0
Mướp hương,Sơn La,Bán lẻ,CTV địa phương,2021-06-21,15000.0
Quả bí đỏ,Sơn La,Bán lẻ,CTV địa phương,2021-06-21,12000.0
Rau cải,Sơn La,Bán lẻ,CTV địa phương,2021-06-21,12000.0
Su su quả,Sơn La,Bán lẻ,CTV địa phương,2021-06-21,15000.0
Bưởi da xanh,Hà Nội,Bán lẻ,CTV địa phương,2021-06-18,85000.0
Cà rốt,Hà Nội,Bán lẻ,CTV địa phương,2021-06-18,15000.0
Dưa chuột/dưa chuội,Hà Nội,Bán lẻ,CTV địa phương,2021-06-18,15000.0
Khoai tây,Hà Nội,Bán lẻ,CTV địa phương,2021-06-18,10000.0
Mướp,Hà Nội,Bán lẻ,CTV địa phương,2021-06-18,12000.0
Quả bí đỏ,Hà Nội,Bán lẻ,CTV địa phương,2021-06-18,15000.0
Cam sành (loại 1),Vĩnh Long,Bán buôn,CTV địa phương,2021-06-18,19500.0
Cam sành (loại 2),Vĩnh Long,Bán buôn,CTV địa phương,2021-06-18,16500.0
Chôm chôm đường,Vĩnh Long,Bán buôn,CTV địa phương,2021-06-18,28500.0
Chôm chôm Java,Vĩnh Long,Bán buôn,CTV địa phương,2021-06-18,22500.0
Xoài cát Hòa Lộc,Vĩnh Long,Bán buôn,CTV địa phương,2021-06-18,37500.0
Bưởi da xanh,Hà Nội,Bán lẻ,CTV địa phương,2021-06-17,60000.0
Cà rốt,Hà Nội,Bán lẻ,CTV địa phương,2021-06-17,15000.0
Dưa chuột/dưa chuội,Hà Nội,Bán lẻ,CTV địa phương,2021-06-17,15000.0
Khoai tây,Hà Nội,Bán lẻ,CTV địa phương,2021-06-17,14000.0
Mướp,Hà Nội,Bán lẻ,CTV địa phương,2021-06-17,15000.0
Quả bí đỏ,Hà Nội,Bán lẻ,CTV địa phương,2021-06-17,15000.0
Cà rốt,Sơn La,Bán lẻ,CTV địa phương,2021-06-17,15000.0
Mồng tơi,Sơn La,Bán lẻ,CTV địa phương,2021-06-17,12000.0
Mướp hương,Sơn La,Bán lẻ,CTV địa phương,2021-06-17,15000.0
Quả bí đỏ,Sơn La,Bán lẻ,CTV địa phương,2021-06-17,12000.0
Rau cải,Sơn La,Bán lẻ,CTV địa phương,2021-06-17,12000.0
Su su quả,Sơn La,Bán lẻ,CTV địa phương,2021-06-17,15000.0
Bưởi da xanh,Tiền Giang,Thu mua tại vườn,CTV địa phương,2021-06-16,26000.0
Bưởi năm roi,Tiền Giang,Thu mua tại vườn,CTV địa phương,2021-06-16,18000.0
Chuối sim,Tiền Giang,Thu mua tại vườn,CTV địa phương,2021-06-16,8500.0
Dưa chuột/dưa chuội,Tiền Giang,Thu mua tại vườn,CTV địa phương,2021-06-16,9000.0
Bưởi da xanh,Hà Nội,Bán lẻ,CTV địa phương,2021-06-15,50000.0
Cà rốt,Hà Nội,Bán lẻ,CTV địa phương,2021-06-15,15000.0
Dưa chuột/dưa chuội,Hà Nội,Bán lẻ,CTV địa phương,2021-06-15,15000.0
Khoai tây,Hà Nội,Bán lẻ,CTV địa phương,2021-06-15,15000.0
Quả bí đỏ,Hà Nội,Bán lẻ,CTV địa phương,2021-06-15,10000.0
Cà rốt,Sơn La,Bán lẻ,CTV địa phương,2021-06-15,15000.0
Mồng tơi,Sơn La,Bán lẻ,CTV địa phương,2021-06-15,12000.0
Mướp hương,Sơn La,Bán lẻ,CTV địa phương,2021-06-15,15000.0
Quả bí đỏ,Sơn La,Bán lẻ,CTV địa phương,2021-06-15,12000.0
Rau cải,Sơn La,Bán lẻ,CTV địa phương,2021-06-15,12000.0
Su su quả,Sơn La,Bán lẻ,CTV địa phương,2021-06-15,15000.0
Trái dứa/thơm (to),Cần Thơ,Thương lái thu mua,CTV địa phương,2021-06-14,9000.0
Cà rốt,Sơn La,Bán lẻ,CTV địa phương,2021-06-14,15000.0
Mồng tơi,Sơn La,Bán lẻ,CTV địa phương,2021-06-14,12000.0
Mướp hương,Sơn La,Bán lẻ,CTV địa phương,2021-06-14,15000.0
Quả bí đỏ,Sơn La,Bán lẻ,CTV địa phương,2021-06-14,12000.0
Rau cải,Sơn La,Bán lẻ,CTV địa phương,2021-06-14,10000.0
Su su quả,Sơn La,Bán lẻ,CTV địa phương,2021-06-14,15000.0
Bưởi da xanh,Hà Nội,Bán lẻ,CTV địa phương,2021-06-11,70000.0
Cà rốt,Hà Nội,Bán lẻ,CTV địa phương,2021-06-11,16000.0
Dưa chuột/dưa chuội,Hà Nội,Bán lẻ,CTV địa phương,2021-06-11,15000.0
Khoai tây,Hà Nội,Bán lẻ,CTV địa phương,2021-06-11,15000.0
Mướp,Hà Nội,Bán lẻ,CTV địa phương,2021-06-11,15000.0
Quả bí đỏ,Hà Nội,Bán lẻ,CTV địa phương,2021-06-11,12000.0
Cam sành (loại 1),Vĩnh Long,Bán buôn,CTV địa phương,2021-06-11,19500.0
Cam sành (loại 2),Vĩnh Long,Bán buôn,CTV địa phương,2021-06-11,16500.0
Chôm chôm đường,Vĩnh Long,Bán buôn,CTV địa phương,2021-06-11,22500.0
Chôm chôm Java,Vĩnh Long,Bán buôn,CTV địa phương,2021-06-11,16500.0
Xoài cát Hòa Lộc,Vĩnh Long,Bán buôn,CTV địa phương,2021-06-11,37500.0
Bưởi da xanh,Hà Nội,Bán lẻ,CTV địa phương,2021-06-10,75000.0
Cà rốt,Hà Nội,Bán lẻ,CTV địa phương,2021-06-10,15000.0
Dưa chuột/dưa chuội,Hà Nội,Bán lẻ,CTV địa phương,2021-06-10,15000.0
Khoai tây,Hà Nội,Bán lẻ,CTV địa phương,2021-06-10,15000.0
Mướp,Hà Nội,Bán lẻ,CTV địa phương,2021-06-10,15000.0
Quả bí đỏ,Hà Nội,Bán lẻ,CTV địa phương,2021-06-10,13000.0
Cà rốt,Sơn La,Bán lẻ,CTV địa phương,2021-06-08,15000.0
Mồng tơi,Sơn La,Bán lẻ,CTV địa phương,2021-06-08,12000.0
Quả bí đỏ,Sơn La,Bán lẻ,CTV địa phương,2021-06-08,12250.0
Rau cải,Sơn La,Bán lẻ,CTV địa phương,2021-06-08,9000.0
Su su quả,Sơn La,Bán lẻ,CTV địa phương,2021-06-08,15000.0
Trái dứa/thơm (to),Cần Thơ,Thương lái thu mua,CTV địa phương,2021-06-07,10000.0
Cà rốt,Sơn La,Bán lẻ,CTV địa phương,2021-06-07,15000.0
Mồng tơi,Sơn La,Bán lẻ,CTV địa phương,2021-06-07,12000.0
Quả bí đỏ,Sơn La,Bán lẻ,CTV địa phương,2021-06-07,12000.0
Rau cải,Sơn La,Bán lẻ,CTV địa phương,2021-06-07,10000.0
Su su quả,Sơn La,Bán lẻ,CTV địa phương,2021-06-07,15000.0
Trái dứa/thơm (to),Cần Thơ,Thương lái thu mua,CTV địa phương,2021-05-31,6000.0
Bưởi da xanh,Hà Nội,Bán lẻ,CTV địa phương,2021-05-28,50000.0
Cà rốt,Hà Nội,Bán lẻ,CTV địa phương,2021-05-28,14000.0
Dưa chuột/dưa chuội,Hà Nội,Bán lẻ,CTV địa phương,2021-05-28,10000.0
Khoai tây,Hà Nội,Bán lẻ,CTV địa phương,2021-05-28,15000.0
Cam sành (loại 1),Vĩnh Long,Bán buôn,CTV địa phương,2021-05-28,19500.0
Cam sành (loại 2),Vĩnh Long,Bán buôn,CTV địa phương,2021-05-28,16500.0
Chôm chôm đường,Vĩnh Long,Bán buôn,CTV địa phương,2021-05-28,27500.0
Chôm chôm Java,Vĩnh Long,Bán buôn,CTV địa phương,2021-05-28,19500.0
Xoài cát Hòa Lộc,Vĩnh Long,Bán buôn,CTV địa phương,2021-05-28,37500.0
Bưởi da xanh,Hà Nội,Bán lẻ,CTV địa phương,2021-05-27,50000.0
Cà rốt,Hà Nội,Bán lẻ,CTV địa phương,2021-05-27,15000.0
Dưa chuột/dưa chuội,Hà Nội,Bán lẻ,CTV địa phương,2021-05-27,15000.0
Khoai tây,Hà Nội,Bán lẻ,CTV địa phương,2021-05-27,16000.0
Cà rốt,Sơn La,Bán lẻ,CTV địa phương,2021-05-27,15000.0
Mồng tơi,Sơn La,Bán lẻ,CTV địa phương,2021-05-27,13000.0
Quả bí đỏ,Sơn La,Bán lẻ,CTV địa phương,2021-05-27,12000.0
Quả bí xanh,Sơn La,Bán lẻ,CTV địa phương,2021-05-27,15000.0
Rau cải,Sơn La,Bán lẻ,CTV địa phương,2021-05-27,12000.0
Su su quả,Sơn La,Bán lẻ,CTV địa phương,2021-05-27,12000.0
Bưởi da xanh,Tiền Giang,Thu mua tại vườn,CTV địa phương,2021-05-26,29000.0
Bưởi năm roi,Tiền Giang,Thu mua tại vườn,CTV địa phương,2021-05-26,19000.0
Chuối sim,Tiền Giang,Thu mua tại vườn,CTV địa phương,2021-05-26,9000.0
Đu đủ,Tiền Giang,Thu mua tại vườn,CTV địa phương,2021-05-26,8500.0
Dưa chuột/dưa chuội,Tiền Giang,Thu mua tại vườn,CTV địa phương,2021-05-26,9000.0
Bưởi da xanh,Hà Nội,Bán lẻ,CTV địa phương,2021-05-25,45000.0
Cà rốt,Hà Nội,Bán lẻ,CTV địa phương,2021-05-25,13000.0
Dưa chuột/dưa chuội,Hà Nội,Bán lẻ,CTV địa phương,2021-05-25,8000.0
Khoai tây,Hà Nội,Bán lẻ,CTV địa phương,2021-05-25,15000.0
Quả bí đỏ,Hà Nội,Bán lẻ,CTV địa phương,2021-05-25,12000.0
Cà rốt,Sơn La,Bán lẻ,CTV địa phương,2021-05-25,10000.0
Mồng tơi,Sơn La,Bán lẻ,CTV địa phương,2021-05-25,12000.0
Quả bí đỏ,Sơn La,Bán lẻ,CTV địa phương,2021-05-25,12000.0
Quả bí xanh,Sơn La,Bán lẻ,CTV địa phương,2021-05-25,15000.0
Rau cải,Sơn La,Bán lẻ,CTV địa phương,2021-05-25,10000.0
Su su quả,Sơn La,Bán lẻ,CTV địa phương,2021-05-25,12000.0
Trái dứa/thơm (to),Cần Thơ,Thương lái thu mua,CTV địa phương,2021-05-24,6000.0
Cà rốt,Sơn La,Bán lẻ,CTV địa phương,2021-05-24,10000.0
Mồng tơi,Sơn La,Bán lẻ,CTV địa phương,2021-05-24,12000.0
Quả bí đỏ,Sơn La,Bán lẻ,CTV địa phương,2021-05-24,12000.0
Quả bí xanh,Sơn La,Bán lẻ,CTV địa phương,2021-05-24,15000.0
Rau cải,Sơn La,Bán lẻ,CTV địa phương,2021-05-24,10000.0
Su su quả,Sơn La,Bán lẻ,CTV địa phương,2021-05-24,10000.0
Bưởi da xanh,Hà Nội,Bán lẻ,CTV địa phương,2021-05-21,45000.0
Cà rốt,Hà Nội,Bán lẻ,CTV địa phương,2021-05-21,12000.0
Dưa chuột/dưa chuội,Hà Nội,Bán lẻ,CTV địa phương,2021-05-21,15000.0
Khoai tây,Hà Nội,Bán lẻ,CTV địa phương,2021-05-21,15000.0
Quả bí đỏ,Hà Nội,Bán lẻ,CTV địa phương,2021-05-21,12000.0
Cam sành (loại 1),Vĩnh Long,Bán buôn,CTV địa phương,2021-05-21,19500.0
Cam sành (loại 2),Vĩnh Long,Bán buôn,CTV địa phương,2021-05-21,16500.0
Chôm chôm đường,Vĩnh Long,Bán buôn,CTV địa phương,2021-05-21,25500.0
Chôm chôm Java,Vĩnh Long,Bán buôn,CTV địa phương,2021-05-21,20500.0
Xoài cát Hòa Lộc,Vĩnh Long,Bán buôn,CTV địa phương,2021-05-21,46500.0
Bưởi da xanh,Hà Nội,Bán lẻ,CTV địa phương,2021-05-20,50000.0
Cà rốt,Hà Nội,Bán lẻ,CTV địa phương,2021-05-20,13000.0
Dưa chuột/dưa chuội,Hà Nội,Bán lẻ,CTV địa phương,2021-05-20,15000.0
Khoai tây,Hà Nội,Bán lẻ,CTV địa phương,2021-05-20,14000.0
Quả bí đỏ,Hà Nội,Bán lẻ,CTV địa phương,2021-05-20,14000.0
Cà rốt,Sơn La,Bán lẻ,CTV địa phương,2021-05-20,12000.0
Mồng tơi,Sơn La,Bán lẻ,CTV địa phương,2021-05-20,13000.0
Quả bí đỏ,Sơn La,Bán lẻ,CTV địa phương,2021-05-20,12000.0
Quả bí xanh,Sơn La,Bán lẻ,CTV địa phương,2021-05-20,15000.0
Rau cải,Sơn La,Bán lẻ,CTV địa phương,2021-05-20,10000.0
Su su quả,Sơn La,Bán lẻ,CTV địa phương,2021-05-20,10000.0
Bưởi da xanh,Tiền Giang,Thu mua tại vườn,CTV địa phương,2021-05-19,29000.0
Bưởi năm roi,Tiền Giang,Thu mua tại vườn,CTV địa phương,2021-05-19,19000.0
Chuối sim,Tiền Giang,Thu mua tại vườn,CTV địa phương,2021-05-19,9500.0
Đu đủ,Tiền Giang,Thu mua tại vườn,CTV địa phương,2021-05-19,8500.0
Dưa chuột/dưa chuội,Tiền Giang,Thu mua tại vườn,CTV địa phương,2021-05-19,9000.0
Bưởi da xanh,Hà Nội,Bán lẻ,CTV địa phương,2021-05-18,45000.0
Cà rốt,Hà Nội,Bán lẻ,CTV địa phương,2021-05-18,11000.0
Dưa chuột/dưa chuội,Hà Nội,Bán lẻ,CTV địa phương,2021-05-18,15000.0
Khoai tây,Hà Nội,Bán lẻ,CTV địa phương,2021-05-18,13000.0
Cà rốt,Sơn La,Bán lẻ,CTV địa phương,2021-05-18,12000.0
Mồng tơi,Sơn La,Bán lẻ,CTV địa phương,2021-05-18,12000.0
Quả bí đỏ,Sơn La,Bán lẻ,CTV địa phương,2021-05-18,12000.0
Quả bí xanh,Sơn La,Bán lẻ,CTV địa phương,2021-05-18,15000.0
Rau cải,Sơn La,Bán lẻ,CTV địa phương,2021-05-18,10000.0
Su su quả,Sơn La,Bán lẻ,CTV địa phương,2021-05-18,10000.0
Trái dứa/thơm (to),Cần Thơ,Thương lái thu mua,CTV địa phương,2021-05-17,7000.0
Cà rốt,Sơn La,Bán lẻ,CTV địa phương,2021-05-17,12000.0
Mồng tơi,Sơn La,Bán lẻ,CTV địa phương,2021-05-17,12000.0
Quả bí đỏ,Sơn La,Bán lẻ,CTV địa phương,2021-05-17,12000.0
Quả bí xanh,Sơn La,Bán lẻ,CTV địa phương,2021-05-17,15000.0
Rau cải,Sơn La,Bán lẻ,CTV địa phương,2021-05-17,10000.0
Su su quả,Sơn La,Bán lẻ,CTV địa phương,2021-05-17,10000.0
Bưởi da xanh,Hà Nội,Bán lẻ,CTV địa phương,2021-05-14,50000.0
Cà rốt,Hà Nội,Bán lẻ,CTV địa phương,2021-05-14,12000.0
Dưa chuột/dưa chuội,Hà Nội,Bán lẻ,CTV địa phương,2021-05-14,16000.0
Khoai tây,Hà Nội,Bán lẻ,CTV địa phương,2021-05-14,13000.0
Quả bí đỏ,Hà Nội,Bán lẻ,CTV địa phương,2021-05-14,10000.0
Cam sành (loại 1),Vĩnh Long,Bán buôn,CTV địa phương,2021-05-14,22500.0
Cam sành (loại 2),Vĩnh Long,Bán buôn,CTV địa phương,2021-05-14,19500.0
Chôm chôm đường,Vĩnh Long,Bán buôn,CTV địa phương,2021-05-14,41000.0
Xoài cát Hòa Lộc,Vĩnh Long,Bán buôn,CTV địa phương,2021-05-14,42500.0
Bưởi da xanh,Hà Nội,Bán lẻ,CTV địa phương,2021-05-13,60000.0
Cà rốt,Hà Nội,Bán lẻ,CTV địa phương,2021-05-13,12000.0
Dưa chuột/dưa chuội,Hà Nội,Bán lẻ,CTV địa phương,2021-05-13,12000.0
Khoai tây,Hà Nội,Bán lẻ,CTV địa phương,2021-05-13,14000.0
Quả bí đỏ,Hà Nội,Bán lẻ,CTV địa phương,2021-05-13,10000.0
Cà rốt,Sơn La,Bán lẻ,CTV địa phương,2021-05-13,12000.0
Mồng tơi,Sơn La,Bán lẻ,CTV địa phương,2021-05-13,12000.0
Quả bí đỏ,Sơn La,Bán lẻ,CTV địa phương,2021-05-13,12000.0
Quả bí xanh,Sơn La,Bán lẻ,CTV địa phương,2021-05-13,15000.0
Rau cải,Sơn La,Bán lẻ,CTV địa phương,2021-05-13,10000.0
Su su quả,Sơn La,Bán lẻ,CTV địa phương,2021-05-13,10000.0
Bưởi da xanh,Tiền Giang,Thu mua tại vườn,CTV địa phương,2021-05-12,27000.0
Bưởi năm roi,Tiền Giang,Thu mua tại vườn,CTV địa phương,2021-05-12,19000.0
Chuối sim,Tiền Giang,Thu mua tại vườn,CTV địa phương,2021-05-12,9500.0
Đu đủ,Tiền Giang,Thu mua tại vườn,CTV địa phương,2021-05-12,9000.0
Dưa chuột/dưa chuội,Tiền Giang,Thu mua tại vườn,CTV địa phương,2021-05-12,9500.0
Bưởi da xanh,Hà Nội,Bán lẻ,CTV địa phương,2021-05-11,60000.0
Cà rốt,Hà Nội,Bán lẻ,CTV địa phương,2021-05-11,10000.0
Dưa chuột/dưa chuội,Hà Nội,Bán lẻ,CTV địa phương,2021-05-11,15000.0
Khoai tây,Hà Nội,Bán lẻ,CTV địa phương,2021-05-11,15000.0
Quả bí đỏ,Hà Nội,Bán lẻ,CTV địa phương,2021-05-11,12000.0
Cà rốt,Sơn La,Bán lẻ,CTV địa phương,2021-05-11,15000.0
Mồng tơi,Sơn La,Bán lẻ,CTV địa phương,2021-05-11,12000.0
Quả bí đỏ,Sơn La,Bán lẻ,CTV địa phương,2021-05-11,12000.0
Quả bí xanh,Sơn La,Bán lẻ,CTV địa phương,2021-05-11,15000.0
Rau cải,Sơn La,Bán lẻ,CTV địa phương,2021-05-11,10000.0
Su su quả,Sơn La,Bán lẻ,CTV địa phương,2021-05-11,10000.0
Trái dứa/thơm (to),Cần Thơ,Thương lái thu mua,CTV địa phương,2021-05-10,12000.0
Cà rốt,Sơn La,Bán lẻ,CTV địa phương,2021-05-10,15000.0
Mồng tơi,Sơn La,Bán lẻ,CTV địa phương,2021-05-10,10000.0
Quả bí đỏ,Sơn La,Bán lẻ,CTV địa phương,2021-05-10,12000.0
Quả bí xanh,Sơn La,Bán lẻ,CTV địa phương,2021-05-10,15000.0
Rau cải,Sơn La,Bán lẻ,CTV địa phương,2021-05-10,10000.0
Su su quả,Sơn La,Bán lẻ,CTV địa phương,2021-05-10,10000.0
Bưởi da xanh,Hà Nội,Bán lẻ,CTV địa phương,2021-05-07,55000.0
Cà rốt,Hà Nội,Bán lẻ,CTV địa phương,2021-05-07,11000.0
Dưa chuột/dưa chuội,Hà Nội,Bán lẻ,CTV địa phương,2021-05-07,15000.0
Khoai tây,Hà Nội,Bán lẻ,CTV địa phương,2021-05-07,14000.0
Quả bí đỏ,Hà Nội,Bán lẻ,CTV địa phương,2021-05-07,10000.0
Xoài cát Hòa Lộc,Hà Nội,Bán lẻ,CTV địa phương,2021-05-07,55000.0
Cam sành (loại 1),Vĩnh Long,Bán buôn,CTV địa phương,2021-05-07,22500.0
Cam sành (loại 2),Vĩnh Long,Bán buôn,CTV địa phương,2021-05-07,19500.0
Chôm chôm đường,Vĩnh Long,Bán buôn,CTV địa phương,2021-05-07,34000.0
Chôm chôm Java,Vĩnh Long,Bán buôn,CTV địa phương,2021-05-07,26000.0
Xoài cát Hòa Lộc,Vĩnh Long,Bán buôn,CTV địa phương,2021-05-07,46500.0
Bưởi da xanh,Hà Nội,Bán lẻ,CTV địa phương,2021-05-06,60000.0
Cà rốt,Hà Nội,Bán lẻ,CTV địa phương,2021-05-06,10000.0
Dưa chuột/dưa chuội,Hà Nội,Bán lẻ,CTV địa phương,2021-05-06,10000.0
Khoai tây,Hà Nội,Bán lẻ,CTV địa phương,2021-05-06,14000.0
Quả bí đỏ,Hà Nội,Bán lẻ,CTV địa phương,2021-05-06,10000.0
Xoài cát Hòa Lộc,Hà Nội,Bán lẻ,CTV địa phương,2021-05-06,70000.0
Cà rốt,Sơn La,Bán lẻ,CTV địa phương,2021-05-06,10000.0
Mồng tơi,Sơn La,Bán lẻ,CTV địa phương,2021-05-06,12000.0
Quả bí đỏ,Sơn La,Bán lẻ,CTV địa phương,2021-05-06,12000.0
Quả bí xanh,Sơn La,Bán lẻ,CTV địa phương,2021-05-06,15000.0
Rau cải,Sơn La,Bán lẻ,CTV địa phương,2021-05-06,10000.0
Su su quả,Sơn La,Bán lẻ,CTV địa phương,2021-05-06,10000.0
Bưởi năm roi,Sóc Trăng,Thương lái thu mua,CTV địa phương,2021-05-05,15000.0
Bưởi da xanh,Tiền Giang,Thu mua tại vườn,CTV địa phương,2021-05-05,27000.0
Bưởi năm roi,Tiền Giang,Thu mua tại vườn,CTV địa phương,2021-05-05,20000.0
Chuối sim,Tiền Giang,Thu mua tại vườn,CTV địa phương,2021-05-05,10000.0
Đu đủ,Tiền Giang,Thu mua tại vườn,CTV địa phương,2021-05-05,9000.0
Dưa chuột/dưa chuội,Tiền Giang,Thu mua tại vườn,CTV địa phương,2021-05-05,10000.0
Bưởi da xanh,Hà Nội,Bán lẻ,CTV địa phương,2021-05-04,65000.0
Dưa chuột/dưa chuội,Hà Nội,Bán lẻ,CTV địa phương,2021-05-04,12000.0
Khoai tây,Hà Nội,Bán lẻ,CTV địa phương,2021-05-04,13000.0
Quả bí đỏ,Hà Nội,Bán lẻ,CTV địa phương,2021-05-04,10000.0
Xoài cát Hòa Lộc,Hà Nội,Bán lẻ,CTV địa phương,2021-05-04,65000.0
Cà rốt,Sơn La,Bán lẻ,CTV địa phương,2021-05-04,10000.0
Mồng tơi,Sơn La,Bán lẻ,CTV địa phương,2021-05-04,12000.0
Quả bí đỏ,Sơn La,Bán lẻ,CTV địa phương,2021-05-04,12000.0
Quả bí xanh,Sơn La,Bán lẻ,CTV địa phương,2021-05-04,15000.0
Rau cải,Sơn La,Bán lẻ,CTV địa phương,2021-05-04,10000.0
Su su quả,Sơn La,Bán lẻ,CTV địa phương,2021-05-04,10000.0
Bưởi da xanh,Hà Nội,Bán lẻ,CTV địa phương,2021-04-30,70000.0
Cà rốt,Hà Nội,Bán lẻ,CTV địa phương,2021-04-30,12000.0
Dưa chuột/dưa chuội,Hà Nội,Bán lẻ,CTV địa phương,2021-04-30,20000.0
Khoai tây,Hà Nội,Bán lẻ,CTV địa phương,2021-04-30,15000.0
Quả bí đỏ,Hà Nội,Bán lẻ,CTV địa phương,2021-04-30,17000.0
Xoài cát Hòa Lộc,Hà Nội,Bán lẻ,CTV địa phương,2021-04-30,85000.0
Xoài cát Hòa Lộc,An Giang,Thương lái thu mua,CTV địa phương,2021-04-29,15000.0
Bưởi năm roi,Sóc Trăng,Thương lái thu mua,CTV địa phương,2021-04-28,15000.0
Bưởi da xanh,Tiền Giang,Thu mua tại vườn,CTV địa phương,2021-04-28,28000.0
Bưởi năm roi,Tiền Giang,Thu mua tại vườn,CTV địa phương,2021-04-28,22000.0
Chuối sim,Tiền Giang,Thu mua tại vườn,CTV địa phương,2021-04-28,10000.0
Đu đủ,Tiền Giang,Thu mua tại vườn,CTV địa phương,2021-04-28,9000.0
Dưa chuột/dưa chuội,Tiền Giang,Thu mua tại vườn,CTV địa phương,2021-04-28,10000.0
Bưởi da xanh,Hà Nội,Bán lẻ,CTV địa phương,2021-04-27,70000.0
Cà rốt,Hà Nội,Bán lẻ,CTV địa phương,2021-04-27,10000.0
Dưa chuột/dưa chuội,Hà Nội,Bán lẻ,CTV địa phương,2021-04-27,12000.0
Khoai tây,Hà Nội,Bán lẻ,CTV địa phương,2021-04-27,15000.0
Quả bí đỏ,Hà Nội,Bán lẻ,CTV địa phương,2021-04-27,15000.0
Xoài cát Hòa Lộc,Hà Nội,Bán lẻ,CTV địa phương,2021-04-27,85000.0
Cà rốt,Sơn La,Bán lẻ,CTV địa phương,2021-04-27,15000.0
Mồng tơi,Sơn La,Bán lẻ,CTV địa phương,2021-04-27,13000.0
Quả bí đỏ,Sơn La,Bán lẻ,CTV địa phương,2021-04-27,15000.0
Quả bí xanh,Sơn La,Bán lẻ,CTV địa phương,2021-04-27,15000.0
Rau cải,Sơn La,Bán lẻ,CTV địa phương,2021-04-27,13000.0
Su su quả,Sơn La,Bán lẻ,CTV địa phương,2021-04-27,15000.0
Trái dứa/thơm (to),Cần Thơ,Thương lái thu mua,CTV địa phương,2021-04-26,12000.0
Cà rốt,Sơn La,Bán lẻ,CTV địa phương,2021-04-26,15000.0
Mồng tơi,Sơn La,Bán lẻ,CTV địa phương,2021-04-26,12000.0
Quả bí đỏ,Sơn La,Bán lẻ,CTV địa phương,2021-04-26,15000.0
Quả bí xanh,Sơn La,Bán lẻ,CTV địa phương,2021-04-26,15000.0
Rau cải,Sơn La,Bán lẻ,CTV địa phương,2021-04-26,13000.0
Su su quả,Sơn La,Bán lẻ,CTV địa phương,2021-04-26,15000.0
Xoài cát Hòa Lộc,Đồng Tháp,Vựa thu mua,CTV địa phương,2021-04-23,65000.0
Cam sành (loại 1),Vĩnh Long,Bán buôn,CTV địa phương,2021-04-23,23500.0
Cam sành (loại 2),Vĩnh Long,Bán buôn,CTV địa phương,2021-04-23,20500.0
Chôm chôm đường,Vĩnh Long,Bán buôn,CTV địa phương,2021-04-23,48000.0
Chôm chôm Java,Vĩnh Long,Bán buôn,CTV địa phương,2021-04-23,29500.0
Xoài cát Hòa Lộc,Vĩnh Long,Bán buôn,CTV địa phương,2021-04-23,42500.0
Trái dứa/thơm (to),Cần Thơ,Thương lái thu mua,CTV địa phương,2021-04-22,14000.0
Cà rốt,Sơn La,Bán lẻ,CTV địa phương,2021-04-22,15000.0
Mồng tơi,Sơn La,Bán lẻ,CTV địa phương,2021-04-22,16000.0
Quả bí đỏ,Sơn La,Bán lẻ,CTV địa phương,2021-04-22,15000.0
Quả bí xanh,Sơn La,Bán lẻ,CTV địa phương,2021-04-22,15000.0
Rau cải,Sơn La,Bán lẻ,CTV địa phương,2021-04-22,12000.0
Su su quả,Sơn La,Bán lẻ,CTV địa phương,2021-04-22,15000.0
Bưởi da xanh,Hà Nội,Bán lẻ,CTV địa phương,2021-04-20,75000.0
Cà rốt,Hà Nội,Bán lẻ,CTV địa phương,2021-04-20,15000.0
Dưa chuột/dưa chuội,Hà Nội,Bán lẻ,CTV địa phương,2021-04-20,15000.0
Khoai tây,Hà Nội,Bán lẻ,CTV địa phương,2021-04-20,15000.0
Quả bí đỏ,Hà Nội,Bán lẻ,CTV địa phương,2021-04-20,15000.0
Cà rốt,Sơn La,Bán lẻ,CTV địa phương,2021-04-20,15000.0
Mồng tơi,Sơn La,Bán lẻ,CTV địa phương,2021-04-20,18000.0
Quả bí đỏ,Sơn La,Bán lẻ,CTV địa phương,2021-04-20,15000.0
Quả bí xanh,Sơn La,Bán lẻ,CTV địa phương,2021-04-20,15000.0
Rau cải,Sơn La,Bán lẻ,CTV địa phương,2021-04-20,12000.0
Su su quả,Sơn La,Bán lẻ,CTV địa phương,2021-04-20,15000.0
Trái dứa/thơm (to),Cần Thơ,Thương lái thu mua,CTV địa phương,2021-04-19,14000.0
Cà rốt,Sơn La,Bán lẻ,CTV địa phương,2021-04-19,15000.0
Mồng tơi,Sơn La,Bán lẻ,CTV địa phương,2021-04-19,18000.0
Quả bí đỏ,Sơn La,Bán lẻ,CTV địa phương,2021-04-19,15000.0
Quả bí xanh,Sơn La,Bán lẻ,CTV địa phương,2021-04-19,15000.0
Rau cải,Sơn La,Bán lẻ,CTV địa phương,2021-04-19,12000.0
Su su quả,Sơn La,Bán lẻ,CTV địa phương,2021-04-19,15000.0
Bưởi da xanh,Hà Nội,Bán lẻ,CTV địa phương,2021-04-15,90000.0
Cà rốt,Hà Nội,Bán lẻ,CTV địa phương,2021-04-15,15000.0
Dưa chuột/dưa chuội,Hà Nội,Bán lẻ,CTV địa phương,2021-04-15,10000.0
Khoai tây,Hà Nội,Bán lẻ,CTV địa phương,2021-04-15,15000.0
Quả bí đỏ,Hà Nội,Bán lẻ,CTV địa phương,2021-04-15,10000.0
Cà rốt,Sơn La,Bán lẻ,CTV địa phương,2021-04-15,15000.0
Mồng tơi,Sơn La,Bán lẻ,CTV địa phương,2021-04-15,16000.0
Quả bí đỏ,Sơn La,Bán lẻ,CTV địa phương,2021-04-15,15000.0
Quả bí xanh,Sơn La,Bán lẻ,CTV địa phương,2021-04-15,15000.0
Rau cải,Sơn La,Bán lẻ,CTV địa phương,2021-04-15,10000.0
Su su quả,Sơn La,Bán lẻ,CTV địa phương,2021-04-15,14000.0
Bưởi da xanh,Tiền Giang,Thu mua tại vườn,CTV địa phương,2021-04-14,29000.0
Bưởi năm roi,Tiền Giang,Thu mua tại vườn,CTV địa phương,2021-04-14,20000.0
Chuối sim,Tiền Giang,Thu mua tại vườn,CTV địa phương,2021-04-14,11000.0
Đu đủ,Tiền Giang,Thu mua tại vườn,CTV địa phương,2021-04-14,9000.0
Cam sành (loại 1),Bến Tre,Thương lái thu mua,CTV địa phương,2021-04-13,23000.0
Cam sành (loại 2),Bến Tre,Thương lái thu mua,CTV địa phương,2021-04-13,20000.0
Dưa hấu (loại 2),Bến Tre,Thương lái thu mua,CTV địa phương,2021-04-13,10000.0
Cà rốt,Sơn La,Bán lẻ,CTV địa phương,2021-04-13,15000.0
Mồng tơi,Sơn La,Bán lẻ,CTV địa phương,2021-04-13,18000.0
Quả bí đỏ,Sơn La,Bán lẻ,CTV địa phương,2021-04-13,15000.0
Quả bí xanh,Sơn La,Bán lẻ,CTV địa phương,2021-04-13,15000.0
Rau cải,Sơn La,Bán lẻ,CTV địa phương,2021-04-13,12000.0
Su su quả,Sơn La,Bán lẻ,CTV địa phương,2021-04-13,12000.0
Trái dứa/thơm (to),Cần Thơ,Thương lái thu mua,CTV địa phương,2021-04-12,14000.0
Cà rốt,Sơn La,Bán lẻ,CTV địa phương,2021-04-12,15000.0
Mồng tơi,Sơn La,Bán lẻ,CTV địa phương,2021-04-12,18000.0
Quả bí đỏ,Sơn La,Bán lẻ,CTV địa phương,2021-04-12,15000.0
Quả bí xanh,Sơn La,Bán lẻ,CTV địa phương,2021-04-12,15000.0
Rau cải,Sơn La,Bán lẻ,CTV địa phương,2021-04-12,12000.0
Su su quả,Sơn La,Bán lẻ,CTV địa phương,2021-04-12,15000.0
Bưởi da xanh,Tiền Giang,Thu mua tại vườn,CTV địa phương,2021-01-05,23000.0
Bưởi năm roi,Tiền Giang,Thu mua tại vườn,CTV địa phương,2021-01-05,15000.0
Chuối sim,Tiền Giang,Thu mua tại vườn,CTV địa phương,2021-01-05,10000.0
Dưa chuột/dưa chuội,Tiền Giang,Thu mua tại vườn,CTV địa phương,2021-01-05,9000.0
Bắp cải,Sơn La,Bán lẻ,CTV địa phương,2021-01-04,10000.0
Bưởi da xanh,Sơn La,Bán lẻ,CTV địa phương,2021-01-04,30000.0
Cà rốt,Sơn La,Bán lẻ,CTV địa phương,2021-01-04,12000.0
Khoai tây,Sơn La,Bán lẻ,CTV địa phương,2021-01-04,15000.0
Mướp đắng,Sơn La,Bán lẻ,CTV địa phương,2021-01-04,25000.0
Mướp hương,Sơn La,Bán lẻ,CTV địa phương,2021-01-04,18000.0
Quả bí đỏ,Sơn La,Bán lẻ,CTV địa phương,2021-01-04,15000.0
Rau cải,Sơn La,Bán lẻ,CTV địa phương,2021-01-04,12000.0
Su su quả,Sơn La,Bán lẻ,CTV địa phương,2021-01-04,12000.0
